1 X,1 Y,2 X,2 Y
0,1,0,0
9.765625e-16,0.7341777678333916,9.765625e-16,0.3565363694274672
1.052492746752149e-15,0.7568568540145089,1.052492746752149e-15,0.3677858983134066
1.175635138647445e-15,0.7848893134484352,1.175635138647445e-15,0.3805369970903248
1.29368561264386e-15,0.7963355065418501,1.29368561264386e-15,0.3853203126017142
1.411144163012681e-15,0.801857242670854,1.411144163012681e-15,0.3877168924674418
1.507727309727771e-15,0.8047513333558833,1.507727309727771e-15,0.3890975113830734
1.632279244550315e-15,0.8069784259911008,1.632279244550315e-15,0.3902701530003069
1.797311460523439e-15,0.8089378232379763,1.797311460523439e-15,0.3913787664148388
1.996824632864516e-15,0.8101322377425538,1.996824632864516e-15,0.3921294510076954
2.2586976085203e-15,0.8110923810594181,2.2586976085203e-15,0.3927037561117514
2.551924436658721e-15,0.8114972181506618,2.551924436658721e-15,0.3929386045184061
2.90347352432964e-15,0.8118446765664745,2.90347352432964e-15,0.3930589107048812
3.330837690275322e-15,0.8119409716262528,3.330837690275322e-15,0.39301989246588
3.896299605901249e-15,0.8121361116197381,3.896299605901249e-15,0.3929532321655791
4.680351498453082e-15,0.8122092753737029,4.680351498453082e-15,0.392776934565421
5.892984542395889e-15,0.8124797689192385,5.892984542395889e-15,0.3925530740376811
7.701234689089255e-15,0.8127529312503787,7.701234689089255e-15,0.3921758934800288
1.082988079259214e-14,0.8132782099338113,1.082988079259214e-14,0.3915406174749089
1.650222565982996e-14,0.8142227908496956,1.650222565982996e-14,0.3903865666836433
2.784691539430561e-14,0.8160773859499507,2.784691539430561e-14,0.3880670257186962
5.053629486325689e-14,0.81965606926698,5.053629486325689e-14,0.383388102621151
9.591505380115946e-14,0.8263042137107391,9.591505380115946e-14,0.3738879049361475
1.866725716769646e-13,0.8376905042462928,1.866725716769646e-13,0.354472641487711
3.681876074285749e-13,0.8536070330666135,3.681876074285749e-13,0.3150577485176864
6.628657021160264e-13,0.863758862237021,6.628657021160264e-13,0.2536049554795539
9.760853226002435e-13,0.860058285077792,9.760853226002435e-13,0.1966124290781968
1.293897622225386e-12,0.8486499093222687,1.293897622225386e-12,0.1504128084589339
1.625060300586236e-12,0.8336963637954513,1.625060300586236e-12,0.1142455993055163
1.973801426801769e-12,0.8172763748842068,1.973801426801769e-12,0.08702715812435392
2.358526845817768e-12,0.7996896728293766,2.358526845817768e-12,0.06667720276799774
2.818849017575632e-12,0.7799998736262954,2.818849017575632e-12,0.05174600780429664
3.282586499008049e-12,0.7617787176515304,3.282586499008049e-12,0.04412164416856434
3.723568760385141e-12,0.7458406230067453,3.723568760385141e-12,0.04171108759637027
4.191690809069256e-12,0.7301832716875053,4.191690809069256e-12,0.04255806712616677
4.709898840070474e-12,0.7141421528932158,4.709898840070474e-12,0.04605828067440251
5.273927140118733e-12,0.6980356812735292,5.273927140118733e-12,0.05172521091237509
5.746597807851017e-12,0.6855293803567862,5.746597807851017e-12,0.05741086554672838
6.276286128477094e-12,0.6725043131607783,6.276286128477094e-12,0.06442260723112997
6.830702372823515e-12,0.6599189460073499,6.830702372823515e-12,0.0722787074405605
7.316141341496618e-12,0.6497204160638539,7.316141341496618e-12,0.0794921531373543
7.83995384609387e-12,0.6395165114654323,7.83995384609387e-12,0.08757290630258284
8.40932745310756e-12,0.6292991441050497,8.40932745310756e-12,0.09668154959216903
8.895652618957995e-12,0.6212440740594077,8.895652618957995e-12,0.1047282823565292
9.444567095118473e-12,0.6128429979679328,9.444567095118473e-12,0.1141660599774744
1.000290718051425e-11,0.6049798326214602,1.000290718051425e-11,0.1240755133425683
1.04960919091005e-11,0.5985548594622734,1.04960919091005e-11,0.1330805083770712
1.107778341271202e-11,0.5915189225779375,1.107778341271202e-11,0.1440139847336018
1.158679398751818e-11,0.5857048896892741,1.158679398751818e-11,0.1538465039179068
1.210600677198077e-11,0.5797657943799109,1.210600677198077e-11,0.1641549945332518
1.269236213243708e-11,0.5719477295377982,1.269236213243708e-11,0.1763981805649477
1.318444591883647e-11,0.5627589098435599,1.318444591883647e-11,0.1877597102267035
1.37647564165619e-11,0.544525465555208,1.37647564165619e-11,0.2045281052680775
1.428469126692348e-11,0.5164179348337955,1.428469126692348e-11,0.2257512031838056
1.450786097371247e-11,0.4996797758188401,1.450786097371247e-11,0.2376250965887326
1.495420038729045e-11,0.4558163926375365,1.495420038729045e-11,0.2688977625184937
1.541746028264195e-11,0.3953447790500259,1.541746028264195e-11,0.3135515691691888
1.592657639986214e-11,0.314975742952652,1.592657639986214e-11,0.3776167017963595
1.641385072770316e-11,0.2345736060618286,1.641385072770316e-11,0.4531390408815559
1.668265590775193e-11,0.1938465653980246,1.668265590775193e-11,0.5001091968293064
1.717833560232663e-11,0.1334396313024823,1.717833560232663e-11,0.5905511326570877
1.770235063325112e-11,0.08937234937909304,1.770235063325112e-11,0.6811024519473123
1.824351915816257e-11,0.05978756067347675,1.824351915816257e-11,0.75916257984817
1.880945683355945e-11,0.03987984844979041,1.880945683355945e-11,0.8213017599241321
1.946658620560032e-11,0.02529269576727332,1.946658620560032e-11,0.8722335249302404
2.003739058565927e-11,0.01757586668068245,2.003739058565927e-11,0.9046344476984
2.052542383342145e-11,0.01329156103395195,2.052542383342145e-11,0.9269208442348228
2.10474555121687e-11,0.01008895897088713,2.10474555121687e-11,0.946134746132127
2.156603380692341e-11,0.007729982355970289,2.156603380692341e-11,0.9607681407032382
2.21193660148073e-11,0.005776486820258695,2.21193660148073e-11,0.972123308432272
2.266197296585638e-11,0.004309648514719003,2.266197296585638e-11,0.9800493521951837
2.318986039858843e-11,0.003230605840249458,2.318986039858843e-11,0.9855603149750153
2.385928029344521e-11,0.002245760733575557,2.385928029344521e-11,0.9904363770964398
2.438394990941957e-11,0.001709045715401992,2.438394990941957e-11,0.9931034297589646
2.488416567419907e-11,0.00132764094005364,2.488416567419907e-11,0.994964761354169
2.538680563764895e-11,0.001038121358470128,2.538680563764895e-11,0.9963145667620384
2.592390728933557e-11,0.0008053778065929064,2.592390728933557e-11,0.9973250081183709
2.645299692503592e-11,0.0006395373744596001,2.645299692503592e-11,0.9980153836929143
2.697004674874297e-11,0.0005230499452372141,2.697004674874297e-11,0.998496525128154
2.751476409465415e-11,0.0004376920224776193,2.751476409465415e-11,0.9988647534462712
2.822244745786161e-11,0.0003629268769568356,2.822244745786161e-11,0.9992007244652075
2.873065005286977e-11,0.0003281435077089043,2.873065005286977e-11,0.9993708901372493
2.924997601789313e-11,0.0003012157354115632,2.924997601789313e-11,0.9995002372253565
2.974719315375466e-11,0.0002831693646051662,2.974719315375466e-11,0.9995929179395825
3.03127486506358e-11,0.0002672105716010079,3.03127486506358e-11,0.9996707835498883
3.081953656593183e-11,0.0002578481334208339,3.081953656593183e-11,0.9997231079835215
3.132166972374885e-11,0.0002500470510512554,3.132166972374885e-11,0.9997623346466731
3.190041959488802e-11,0.0002444629343931242,3.190041959488802e-11,0.9997964976547891
3.238893017357516e-11,0.0002400817318567854,3.238893017357516e-11,0.9998174655635734
3.289239227360192e-11,0.000237624373049775,3.289239227360192e-11,0.999834073217565
3.338115114067161e-11,0.0002348435997131272,3.338115114067161e-11,0.9998457126077372
3.387867110718159e-11,0.000233672875819689,3.387867110718159e-11,0.9998549037395793
3.441748856209371e-11,0.0002317309260641026,3.441748856209371e-11,0.9998618477176311
3.495040108838186e-11,0.0002312786440278331,3.495040108838186e-11,0.9998672032800302
3.547111191452365e-11,0.0002300051960824681,3.547111191452365e-11,0.9998706680301069
3.601120839961855e-11,0.0002300084169047976,3.601120839961855e-11,0.9998736489854428
3.671173073982958e-11,0.0002289578289736972,3.671173073982958e-11,0.999875930611811
3.72228044904786e-11,0.0002292597118590792,3.72228044904786e-11,0.999877386652166
3.773797932275067e-11,0.0002285220580773191,3.773797932275067e-11,0.9998781053078774
3.823608258843072e-11,0.000228944141111944,3.823608258843072e-11,0.9998789811773661
3.879475122599031e-11,0.0002282863991291505,3.879475122599031e-11,0.9998793270453664
3.930514409455746e-11,0.0002287696915304443,3.930514409455746e-11,0.9998799077785314
3.980947146858261e-11,0.0002281610390136015,3.980947146858261e-11,0.9998799739173957
4.038266042925403e-11,0.0002286552673411063,4.038266042925403e-11,0.9998804097379083
4.08691329759692e-11,0.0002280715634548211,4.08691329759692e-11,0.9998803459472341
4.137779323954856e-11,0.0002285941472307233,4.137779323954856e-11,0.9998806662816696
4.186152879437099e-11,0.0002280242396101096,4.186152879437099e-11,0.9998805405802845
4.236054539456552e-11,0.0002285944609463172,4.236054539456552e-11,0.9998808174970222
4.289274971747393e-11,0.0002281313112926343,4.289274971747393e-11,0.9998806769662164
4.343492657563706e-11,0.000228872484971998,4.343492657563706e-11,0.9998809491272619
4.396217842044216e-11,0.000228408097833036,4.396217842044216e-11,0.9998807678414232
4.449533399449311e-11,0.0002286432135629871,4.449533399449311e-11,0.9998809198498052
4.518146438373658e-11,0.0002273556882935478,4.518146438373658e-11,0.9998806181920583
4.569866775786256e-11,0.0002269037454577522,4.569866775786256e-11,0.9998807029901908
4.620640351000536e-11,0.0002252116027707934,4.620640351000536e-11,0.9998803935842374
4.670645770096053e-11,0.000225911845206788,4.670645770096053e-11,0.9998807686140092
4.725381375036836e-11,0.0002296495174564115,4.725381375036836e-11,0.9998814242161277
4.777256335366815e-11,0.0002413730102396522,4.777256335366815e-11,0.9998834320521209
4.828237173402553e-11,0.0002543443991117241,4.828237173402553e-11,0.9998848118659288
4.88418233371252e-11,0.0002560096431720038,4.88418233371252e-11,0.9998836409808797
4.933687588239257e-11,0.0002405514824885214,4.933687588239257e-11,0.999879764937092
4.985428467283182e-11,0.0001939345703795179,4.985428467283182e-11,0.9998717553214984
5.033314636642141e-11,0.0001110671503176312,5.033314636642141e-11,0.9998595313581622
5.083522359804318e-11,8.612233006252647e-06,5.083522359804318e-11,0.9998484931615018
5.135945365719606e-11,-1.289770452334768e-05,5.135945365719606e-11,0.999856568149415
5.191481185499524e-11,0.0003238628647028595,5.191481185499524e-11,0.9999266744306051
5.245132857881328e-11,0.001121934602951819,5.245132857881328e-11,1.000059766796147
5.297791426563045e-11,0.002091567910466442,5.297791426563045e-11,1.000181629400255
5.364870866077403e-11,0.00286003037443044,5.364870866077403e-11,1.000178374589098
5.417316755132984e-11,0.001810011974854666,5.417316755132984e-11,0.9998608345869369
5.467392188630912e-11,-0.00241925371296033,5.467392188630912e-11,0.9990927972278
5.517657360222357e-11,-0.01019226138879119,5.517657360222357e-11,0.9979538504439399
5.571388275521534e-11,-0.01852896094886815,5.571388275521534e-11,0.9971835478263456
5.624322050044798e-11,-0.01369393421592252,5.624322050044798e-11,0.999078017879512
5.676023925463219e-11,0.01580941997051149,5.676023925463219e-11,1.005291167783291
5.73053737880165e-11,0.07988011917112493,5.73053737880165e-11,1.015849758009512
5.801336943734189e-11,0.2118682371406912,5.801336943734189e-11,1.030184056906432
5.852153844135928e-11,0.3309314717478763,5.852153844135928e-11,1.029203671868543
5.904136503361761e-11,0.4567237053020283,5.904136503361761e-11,0.999755362658872
5.92192224484703e-11,0.5002667919034628,5.92192224484703e-11,0.98109467275849
5.957493727817568e-11,0.5825158132627715,5.957493727817568e-11,0.927663998403559
6.002046803944576e-11,0.671322781457372,6.002046803944576e-11,0.8370513573717294
6.052860202870696e-11,0.7509225905266932,6.052860202870696e-11,0.7152443154079793
6.101472299510809e-11,0.8085018629837862,6.101472299510809e-11,0.5894375973236751
6.158849881566466e-11,0.8574119765083356,6.158849881566466e-11,0.4346553507760814
6.208914267165747e-11,0.8881400607551511,6.208914267165747e-11,0.3085221716103345
6.26129732297062e-11,0.9138831522690701,6.26129732297062e-11,0.2050081527700711
6.309029384372087e-11,0.9334110496095729,6.309029384372087e-11,0.1398707049424112
6.359404265313861e-11,0.9502694487167809,6.359404265313861e-11,0.09553889112821656
6.411600509971056e-11,0.9637837883929664,6.411600509971056e-11,0.06682760079605275
6.467428816806705e-11,0.9742829266202159,6.467428816806705e-11,0.04647475697872103
6.521276400583856e-11,0.9814987769315403,6.521276400583856e-11,0.0330517362772796
6.573836191825379e-11,0.9865497423210859,6.573836191825379e-11,0.02371501836390908
6.640623316762958e-11,0.9910497623544139,6.640623316762958e-11,0.01566399377404441
6.693207742549215e-11,0.9935327316011178,6.693207742549215e-11,0.01172441720239925
6.743165363591267e-11,0.9952675125264067,6.743165363591267e-11,0.009224059218547688
6.793484537856543e-11,0.9965280663253765,6.793484537856543e-11,0.007372145204939187
6.847049128027393e-11,0.997471086089658,6.847049128027393e-11,0.005783242275936478
6.900186496532265e-11,0.9981174896424001,6.900186496532265e-11,0.004472975567702759
6.952031613839118e-11,0.9985699281296428,6.952031613839118e-11,0.003443623568615329
7.006333054810807e-11,0.9989126931038472,7.006333054810807e-11,0.002601916584740015
7.076773430747901e-11,0.999229644829582,7.076773430747901e-11,0.001813845823033212
7.127724827887565e-11,0.9993901663262448,7.127724827887565e-11,0.001413640661824912
7.179493708033387e-11,0.9995144772435985,7.179493708033387e-11,0.001106740857552485
7.229269242465724e-11,0.9996017539569814,7.229269242465724e-11,0.0008800760448723068
7.285541255935167e-11,0.9996775605211384,7.285541255935167e-11,0.000687569466688755
7.336374236777653e-11,0.999726692084236,7.336374236777653e-11,0.0005605521237958572
7.386683946146e-11,0.9997661161580796,7.386683946146e-11,0.0004705094243202192
7.444352961594605e-11,0.9997976782602285,7.444352961594605e-11,0.0003973678628863837
7.49312253907543e-11,0.9998194932156216,7.49312253907543e-11,0.0003547409206794908
7.543680536314698e-11,0.9998343095349879,7.543680536314698e-11,0.0003219398210082075
7.592367941085121e-11,0.9998470712834019,7.592367941085121e-11,0.0002992127111153692
7.642183460207289e-11,0.9998546329559599,7.642183460207289e-11,0.0002811401470172797
7.695807510711143e-11,0.9998628441643718,7.695807510711143e-11,0.000267443162035984
7.749452378816685e-11,0.9998666952877073,7.749452378816685e-11,0.0002568616556359958
7.801774926301202e-11,0.9998715484776266,7.801774926301202e-11,0.0002499760404121309
7.855503807361578e-11,0.9998730259195083,7.855503807361578e-11,0.00024409142312947
7.925008183978323e-11,0.999876690791948,7.925008183978323e-11,0.0002393373197792778
7.976348097353764e-11,0.9998767006269209,7.976348097353764e-11,0.0002362470937524549
8.027575628751104e-11,0.9998788396604155,8.027575628751104e-11,0.0002345554897312237
8.077466228010596e-11,0.9998782761538627,8.077466228010596e-11,0.0002326592314373837
8.132874706431084e-11,0.9998800463242793,8.132874706431084e-11,0.0002317737861919707
8.184225086022482e-11,0.9998791957889254,8.184225086022482e-11,0.0002305446296952802
8.234860065758416e-11,0.9998806915071592,8.234860065758416e-11,0.0002302900446088054
8.291784663971884e-11,0.9998796959391936,8.291784663971884e-11,0.0002293963969170563
8.340425262845912e-11,0.9998810590771364,8.340425262845912e-11,0.0002294455151110012
8.391673058454259e-11,0.9998799541372421,8.391673058454259e-11,0.0002288152703500473
8.439788362955913e-11,0.9998812521545839,8.439788362955913e-11,0.0002290117936313054
8.489814521302537e-11,0.9998801057801597,8.489814521302537e-11,0.0002284994791038791
8.542663591542464e-11,0.9998813860910397,8.542663591542464e-11,0.0002287694347150422
8.597464581705021e-11,0.9998802386168071,8.597464581705021e-11,0.0002283158015860453
8.650601667136396e-11,0.9998814773358475,8.650601667136396e-11,0.0002286319000745983
8.703588377419096e-11,0.9998802144827583,8.703588377419096e-11,0.0002282025910837586
8.771475507970848e-11,0.9998813289774953,8.771475507970848e-11,0.0002285315395648698
8.823535689183528e-11,0.9998800001528211,8.823535689183528e-11,0.0002281257480805127
8.873965111406333e-11,0.9998811025994216,8.873965111406333e-11,0.0002284857155525345
8.924092878264342e-11,0.9998800475215402,8.924092878264342e-11,0.0002281348804809236
8.978324639963243e-11,0.9998820698626892,8.978324639963243e-11,0.0002286170135523576
9.030691422030128e-11,0.9998826552533601,9.030691422030128e-11,0.0002284296879806033
9.082007542771003e-11,0.9998854772473118,9.082007542771003e-11,0.0002288740266420134
9.137207692364169e-11,0.9998830665710831,9.137207692364169e-11,0.0002281037240603028
9.209161565732365e-11,0.9998783698397014,9.209161565732365e-11,0.0002276917302497859
9.259581573859482e-11,0.9998672294602843,9.259581573859482e-11,0.0002262509530972966
9.312290203217179e-11,0.9998541026698221,9.312290203217179e-11,0.0002255284810449333
9.361992388295948e-11,0.9998469142704266,9.361992388295948e-11,0.0002257723716782167
9.41929874240736e-11,0.999881109387837,9.41929874240736e-11,0.0002321729446343305
9.470306909518725e-11,0.9999754699672778,9.470306909518725e-11,0.000243911842530932
9.520471012302193e-11,1.000116423182073,9.520471012302193e-11,0.0002567844287739775
9.579877190660628e-11,1.000206844125952,9.579877190660628e-11,0.0002528291701281001
9.646822126996834e-11,1.000071433972545,9.646822126996834e-11,0.0002188109616387747
9.695652536386329e-11,0.9995899387457176,9.695652536386329e-11,0.000151707142485211
9.751246016506944e-11,0.9984835335334317,9.751246016506944e-11,3.52647712550927e-05
9.800966572584509e-11,0.9973951776972655,9.800966572584509e-11,-2.940020339584686e-05
9.862775676265366e-11,0.9980695849487443,9.862775676265366e-11,0.0002200989517605765
9.915965239773194e-11,1.002871532922805,9.915965239773194e-11,0.0009242921973500799
9.967412639776047e-11,1.011725645864185,9.967412639776047e-11,0.001867141380115651
1.003047437884055e-10,1.025464109291381,1.003047437884055e-10,0.002780456985732296
1.008660019207601e-10,1.032122504807661,1.008660019207601e-10,0.002301164782072995
1.013506737488961e-10,1.018562111917636,1.013506737488961e-10,-0.0008123403608397246
1.018695618903291e-10,0.9690780381318748,1.018695618903291e-10,-0.008056464583030257
1.023807309576864e-10,0.8805313581654103,1.023807309576864e-10,-0.01679926054141783
1.029563942834114e-10,0.748551298042729,1.029563942834114e-10,-0.01614042191340222
1.034990331816838e-10,0.6101036673574761,1.034990331816838e-10,0.009591173917420386
1.039076740401455e-10,0.499734694282858,1.039076740401455e-10,0.05028772625056485
1.045629258961135e-10,0.3294727661358851,1.045629258961135e-10,0.1555919383083699
1.051025953014417e-10,0.2173864087301582,1.051025953014417e-10,0.2744615151374058
1.055916302355713e-10,0.1468241682225032,1.055916302355713e-10,0.392867396555787
1.060351996304908e-10,0.1044753074095743,1.060351996304908e-10,0.5002722945611063
1.065467089452064e-10,0.07301495360897954,1.065467089452064e-10,0.615415230632358
1.071321946038625e-10,0.0497003494470671,1.071321946038625e-10,0.7202635115991967
1.076732940576529e-10,0.0352485097521389,1.076732940576529e-10,0.7917459264666873
1.081836311176071e-10,0.02554884473557063,1.081836311176071e-10,0.8406807322818738
1.088249487364244e-10,0.01708330955815731,1.088249487364244e-10,0.8839100080765554
1.093848994878927e-10,0.01242126181045645,1.093848994878927e-10,0.9120183533251723
1.098710630597572e-10,0.009773539166095139,1.098710630597572e-10,0.9321393839586682
1.103895524271427e-10,0.0077377231638761,1.103895524271427e-10,0.9496714898323453
1.109016306877746e-10,0.006151888057345075,1.109016306877746e-10,0.9631062319107189
1.114747220668399e-10,0.004680789146291408,1.114747220668399e-10,0.9740420779653952
1.120222053798244e-10,0.00355384538829704,1.120222053798244e-10,0.9814277499456115
1.125451020159215e-10,0.002715127223093839,1.125451020159215e-10,0.9864754628784883
1.132010150697569e-10,0.001936604217195412,1.132010150697569e-10,0.9909285387607583
1.13731834798521e-10,0.001491173780939059,1.13731834798521e-10,0.9934638029560648
1.142274675908802e-10,0.001176679750220703,1.142274675908802e-10,0.9952035837428097
1.147326457716358e-10,0.000931796411384461,1.147326457716358e-10,0.9964872759623423
1.152629468344598e-10,0.000734589773223009,1.152629468344598e-10,0.9974338785442576
1.158018035278891e-10,0.000588958059254328,1.158018035278891e-10,0.9981000331732848
1.163254488774213e-10,0.0004863430045722422,1.163254488774213e-10,0.9985600601242635
1.168622182592627e-10,0.000413912816904034,1.168622182592627e-10,0.9989028194300845
1.175547956614488e-10,0.0003492993756154194,1.175547956614488e-10,0.9992174028355133
1.180690050774454e-10,0.0003187286720101797,1.180690050774454e-10,0.9993831629827314
1.185802675344906e-10,0.000294673332670202,1.185802675344906e-10,0.9995069088667007
1.190794544507887e-10,0.0002789354522548556,1.190794544507887e-10,0.9995971967715246
1.196320671127409e-10,0.0002643082679007197,1.196320671127409e-10,0.9996720631313399
1.20146687821836e-10,0.0002561103841830003,1.20146687821836e-10,0.9997240019320999
1.206537931724708e-10,0.0002484148882781713,1.206537931724708e-10,0.9997633566921574
1.212217439928113e-10,0.0002438671400022705,1.212217439928113e-10,0.9997961646513043
1.217080743574009e-10,0.0002393144044367491,1.217080743574009e-10,0.9998173278796584
1.222218536747047e-10,0.0002374361848155761,1.222218536747047e-10,0.9998338764409085
1.227021627161034e-10,0.0002343718317727496,1.227021627161034e-10,0.9998456543764382
1.232029571470111e-10,0.0002337218762363048,1.232029571470111e-10,0.9998545684414419
1.237302509080797e-10,0.000231419482356592,1.237302509080797e-10,0.9998617535418781
1.24280346689066e-10,0.0002314201569964714,1.24280346689066e-10,0.9998669539704488
1.248132140540222e-10,0.0002297141155078962,1.248132140540222e-10,0.9998708553446238
1.253421580646127e-10,0.000230196250484916,1.253421580646127e-10,0.999873422982973
1.260186514148088e-10,0.0002287287303383717,1.260186514148088e-10,0.9998759970727213
1.265403394610784e-10,0.00022947563291196,1.265403394610784e-10,0.9998771492647679
1.270436741132209e-10,0.0002282985306972814,1.270436741132209e-10,0.9998782141670536
1.275453566217427e-10,0.0002291663195100634,1.275453566217427e-10,0.9998787582403419
1.28086273214698e-10,0.0002280664259066476,1.28086273214698e-10,0.9998794501088138
1.28611488549448e-10,0.0002289933850534608,1.28611488549448e-10,0.9998797033718068
1.291257115173199e-10,0.0002279392210125341,1.291257115173199e-10,0.9998801298326463
1.296757456029977e-10,0.0002288818278153053,1.296757456029977e-10,0.9998802144326637
1.303921036972879e-10,0.0002278391699640293,1.303921036972879e-10,0.9998805609912023
1.308974133218474e-10,0.0002288074901449139,1.308974133218474e-10,0.9998805232627745
1.314224421497836e-10,0.000227798514461553,1.314224421497836e-10,0.9998807423678137
1.319196521174271e-10,0.0002288351846165418,1.319196521174271e-10,0.9998806705100906
1.324904258578934e-10,0.0002279735727664671,1.324904258578934e-10,0.9998808773592203
1.329996251874946e-10,0.0002291488297910919,1.329996251874946e-10,0.9998807943458191
1.335013897222632e-10,0.0002281634854678537,1.335013897222632e-10,0.9998809363633087
1.340913886453812e-10,0.0002286280486604676,1.340913886453812e-10,0.9998807116595637
1.347712347130232e-10,0.0002268189682470394,1.347712347130232e-10,0.9998807552980032
1.352605221082328e-10,0.0002267427140848785,1.352605221082328e-10,0.999880494393818
1.358144161876493e-10,0.0002247311652908731,1.358144161876493e-10,0.9998805736015236
1.363113376896466e-10,0.0002270927259322102,1.363113376896466e-10,0.9998808290989578
1.369313568778059e-10,0.0002349365092191912,1.369313568778059e-10,0.9998825154545397
1.374618051757172e-10,0.0002495231564407766,1.374618051757172e-10,0.9998842650883222
1.379757781554943e-10,0.0002570462483814854,1.379757781554943e-10,0.9998846923161588
1.386053393477637e-10,0.0002468041613013999,1.386053393477637e-10,0.9998809886153156
1.391693674776445e-10,0.0002028459795623513,1.391693674776445e-10,0.9998733592149627
1.396537424703267e-10,0.0001271333911468757,1.396537424703267e-10,0.9998617333465922
1.401740514032707e-10,1.484762658099766e-05,1.401740514032707e-10,0.9998486581158158
1.406842109069684e-10,-2.177396400080542e-05,1.406842109069684e-10,0.9998534107116666
1.412625844925014e-10,0.0002859196908737939,1.412625844925014e-10,0.9999196451154431
1.418140636517795e-10,0.001077679252498662,1.418140636517795e-10,1.000052160981058
1.423359144909071e-10,0.002043372252319122,1.423359144909071e-10,1.000177499853759
1.429877116711742e-10,0.002853386019554,1.429877116711742e-10,1.000188281170156
1.435206162721007e-10,0.0019709764598156,1.435206162721007e-10,0.9998953034307194
1.440148316455e-10,-0.001906243356227961,1.440148316455e-10,0.9991775881688506
1.44520778200985e-10,-0.009510672685464541,1.44520778200985e-10,0.9980422450972399
1.450492265013283e-10,-0.01806763145922921,1.450492265013283e-10,0.9971833771363282
1.45590985656515e-10,-0.01467150827257284,1.45590985656515e-10,0.99883413501546
1.461165867317149e-10,0.0135647996404763,1.461165867317149e-10,1.004848985621726
1.466513775725562e-10,0.07440460946955192,1.466513775725562e-10,1.015030823405614
1.473400461070782e-10,0.199536517030045,1.473400461070782e-10,1.029432553300826
1.478559787734105e-10,0.3191889854106377,1.478559787734105e-10,1.030300279474666
1.482463743083841e-10,0.4143265201978675,1.482463743083841e-10,1.014059460860875
1.486009732471185e-10,0.5002582747025111,1.486009732471185e-10,0.9810855922467026
1.491292139311735e-10,0.618659660107048,1.491292139311735e-10,0.8955696716369985
1.49681096060519e-10,0.7174698678067346,1.49681096060519e-10,0.7723281787084676
1.502329286009113e-10,0.7909177969235709,1.502329286009113e-10,0.633571688999667
1.507382660644439e-10,0.8396643221779423,1.507382660644439e-10,0.4978089363702985
1.513905640302469e-10,0.8838553187297501,1.513905640302469e-10,0.3284218906675082
1.519514268934245e-10,0.9120130105776333,1.519514268934245e-10,0.2131075323734539
1.524388463770229e-10,0.9321818490556316,1.524388463770229e-10,0.1441350017241823
1.529578979470114e-10,0.9497212905695206,1.529578979470114e-10,0.09705169778312783
1.534700990771597e-10,0.9631463498581186,1.534700990771597e-10,0.06827366949045732
1.540429473888858e-10,0.9740630318629254,1.540429473888858e-10,0.0469999055154806
1.545903179261147e-10,0.9814409507738714,1.545903179261147e-10,0.03323498853096266
1.551132364938529e-10,0.9864843738404858,1.551132364938529e-10,0.02389168694386644
1.557695573466987e-10,0.9909373502472038,1.557695573466987e-10,0.01588584256499458
1.562999762042471e-10,0.9934681399774481,1.562999762042471e-10,0.01184162657537091
1.56795828161656e-10,0.995207943998163,1.56795828161656e-10,0.009323764847826925
1.573008337326764e-10,0.9964895274739912,1.573008337326764e-10,0.007442905277537836
1.578314856071088e-10,0.9974364493445296,1.578314856071088e-10,0.005856045541312017
1.583697899821996e-10,0.9981007643824613,1.583697899821996e-10,0.004517174256146928
1.58893068221402e-10,0.9985608173111025,1.58893068221402e-10,0.003470138932278122
1.594301810483943e-10,0.9989030765505126,1.594301810483943e-10,0.002630176203171792
1.601235084047305e-10,0.9992183576092616,1.601235084047305e-10,0.001843377752399096
1.606374221086748e-10,0.9993832987166109,1.606374221086748e-10,0.001432726517767416
1.611490485021217e-10,0.9995075922081522,1.611490485021217e-10,0.001124511335738618
1.616481903366169e-10,0.9995972029533884,1.616481903366169e-10,0.0008931243979832154
1.622012992875892e-10,0.9996726270547382,1.622012992875892e-10,0.0007000243116515773
1.627155268995868e-10,0.999723890949723,1.627155268995868e-10,0.0005683098896073902
1.632224172991821e-10,0.9997637655771463,1.632224172991821e-10,0.0004755206228724695
1.637909740615449e-10,0.9997959965020602,1.637909740615449e-10,0.0004016440154837048
1.642772562339236e-10,0.9998177054537423,1.642772562339236e-10,0.0003579871824466778
1.647905379598258e-10,0.9998336409678703,1.647905379598258e-10,0.0003238419043233789
1.652712176850937e-10,0.9998459901261921,1.652712176850937e-10,0.000300929695065934
1.657717898695263e-10,0.9998543119384051,1.657717898695263e-10,0.0002823174910507711
1.662995631799731e-10,0.9998620709327618,1.662995631799731e-10,0.0002685232232737895
1.668488065107425e-10,0.999866679211263,1.668488065107425e-10,0.0002574022736117682
1.67381064194728e-10,0.9998711504603931,1.67381064194728e-10,0.0002502891193451041
1.679103733158217e-10,0.9998731404202686,1.679103733158217e-10,0.0002443703984082935
1.685878288900563e-10,0.9998762931341528,1.685878288900563e-10,0.000239665524707239
1.691091151116939e-10,0.9998768645753111,1.691091151116939e-10,0.0002364334555079649
1.696128216198299e-10,0.9998785071875709,1.696128216198299e-10,0.0002347533767030751
1.701144105191414e-10,0.9998784716908895,1.701144105191414e-10,0.0002327765358745911
1.706558479429887e-10,0.9998797420116233,1.706558479429887e-10,0.0002319093839219607
1.711804790251264e-10,0.9998794152995404,1.711804790251264e-10,0.0002306042019377106
1.716943471426617e-10,0.9998804204041273,1.716943471426617e-10,0.0002303504411301169
1.722451626144273e-10,0.9998799255884121,1.722451626144273e-10,0.000229431073010508
1.729626899647252e-10,0.9998808518256435,1.729626899647252e-10,0.0002293630136215422
1.734675442231434e-10,0.9998802339340367,1.734675442231434e-10,0.0002287338501055823
1.739934398058294e-10,0.9998810330683748,1.739934398058294e-10,0.0002289612524732746
1.744906204379716e-10,0.9998803808261227,1.744906204379716e-10,0.0002284403555313591
1.750622707997835e-10,0.9998811683147888,1.750622707997835e-10,0.0002287429582201415
1.755718255390045e-10,0.9998805042870648,1.755718255390045e-10,0.000228277801822252
1.76073573155351e-10,0.9998812263840403,1.76073573155351e-10,0.0002286262027736942
1.766652397348951e-10,0.9998804202784378,1.766652397348951e-10,0.0002281684762594238
1.773409712109794e-10,0.9998810451355965,1.773409712109794e-10,0.0002285323029584919
1.778298634957716e-10,0.99988020306097,1.778298634957716e-10,0.0002281047081778727
1.783846443593472e-10,0.9998808652209945,1.783846443593472e-10,0.0002284998138784682
1.78881698642946e-10,0.9998805433262735,1.78881698642946e-10,0.0002281580998791449
1.795009007407252e-10,0.9998828178505881,1.795009007407252e-10,0.0002287391022758489
1.800319681429774e-10,0.9998839836859519,1.800319681429774e-10,0.0002284794695977087
1.805461714497544e-10,0.999884974203983,1.805461714497544e-10,0.0002287167882911027
1.811763194937593e-10,0.9998806608085742,1.811763194937593e-10,0.0002276772295083633
1.817391544974605e-10,0.9998735883267245,1.817391544974605e-10,0.0002271895180548668
1.822236942794946e-10,0.999861341820474,1.822236942794946e-10,0.0002257204979715825
1.82743441020299e-10,0.9998489180263821,1.82743441020299e-10,0.000225452326962084
1.832540192271384e-10,0.9998532479470914,1.832540192271384e-10,0.0002273782338883354
1.838312752347514e-10,0.9999203365562765,1.838312752347514e-10,0.0002376160213083003
1.843818621290634e-10,1.000052246692579,1.843818621290634e-10,0.000251284578111977
1.849039258373477e-10,1.000178065958476,1.849039258373477e-10,0.0002576659715374355
1.855565955644948e-10,1.000187504644952,1.855565955644948e-10,0.0002404187563523598
1.860890104241794e-10,0.9998939966678098,1.860890104241794e-10,0.0001912284278234223
1.865835392779217e-10,0.9991732764943497,1.865835392779217e-10,0.0001029210939567741
1.870893198142759e-10,0.9980383304045802,1.870893198142759e-10,7.962765234018976e-07
1.876181645520476e-10,0.9971826009796551,1.876181645520476e-10,-2.301131864628395e-06
1.881593083912755e-10,0.9988452840581983,1.881593083912755e-10,0.0003642376002404554
1.886844856389556e-10,1.004868463017877,1.886844856389556e-10,0.001174766911828407
1.892197041429973e-10,1.015067319022394,1.892197041429973e-10,0.002153006550480646
1.899090844146587e-10,1.029467218139595,1.899090844146587e-10,0.002852762614472571
1.904246555158114e-10,1.030261216139304,1.904246555158114e-10,0.001587411872690256
1.909342624310086e-10,1.004834031678142,1.909342624310086e-10,-0.003096736049896009
1.914338574376802e-10,0.9431605789948196,1.914338574376802e-10,-0.01107722787685162
1.919840647778016e-10,0.8346568250299734,1.919840647778016e-10,-0.01895718072798669
1.925006131568216e-10,0.71037786552446,1.925006131568216e-10,-0.01206103557493141
1.929383693933487e-10,0.59699136373995,1.929383693933487e-10,0.01364582182395228
1.932976771469329e-10,0.4997351514264856,1.932976771469329e-10,0.05029900628933685
1.940162926541011e-10,0.315185889377918,1.940162926541011e-10,0.1680832191806697
1.945315183827535e-10,0.2111573944920756,1.945315183827535e-10,0.2833974692626872
1.950160023432318e-10,0.1431534150828992,1.950160023432318e-10,0.4008407618509575
1.954261536646648e-10,0.1046476064303423,1.954261536646648e-10,0.5002016550014368
1.959435530706735e-10,0.07280506623771155,1.959435530706735e-10,0.6165100862262106
1.965162234355223e-10,0.04997798819407381,1.965162234355223e-10,0.7190958729029896
1.970606288766324e-10,0.03535968082712433,1.970606288766324e-10,0.7912644421043069
1.975688760615498e-10,0.02566099683041234,1.975688760615498e-10,0.8401591208746864
1.982142320266157e-10,0.01711061021446095,1.982142320266157e-10,0.8837863360772262
1.987749885944345e-10,0.01243249437099906,1.987749885944345e-10,0.9119548522657434
1.992615678677639e-10,0.009779083333179926,1.992615678677639e-10,0.9321013515741353
1.997805634497805e-10,0.007739941611679454,1.997805634497805e-10,0.9496561358275135
2.002924287649355e-10,0.006154181632062131,2.002924287649355e-10,0.9630891256487097
2.008661112081676e-10,0.004680909401714244,2.008661112081676e-10,0.9740368056021823
2.014142586613345e-10,0.003552774624415203,2.014142586613345e-10,0.9814306973979604
2.019368855041887e-10,0.002714831520667873,2.019368855041887e-10,0.9864751026290773
2.025924471713984e-10,0.001936813367371512,2.025924471713984e-10,0.9909261918399238
2.031232204895563e-10,0.001491441809432886,2.031232204895563e-10,0.9934619544853702
2.036188278887451e-10,0.001176884912668324,2.036188278887451e-10,0.9952021211819165
2.04124023360568e-10,0.0009319902870480603,2.04124023360568e-10,0.9964863098240636
2.046542575494541e-10,0.0007347262922656914,2.046542575494541e-10,0.9974330688836348
2.05193149432931e-10,0.0005890845666698528,2.05193149432931e-10,0.9980995473062509
2.057168678093917e-10,0.0004863892477523919,2.057168678093917e-10,0.9985597325857464
2.062535416629902e-10,0.0004139901853500798,2.062535416629902e-10,0.9989025732532983
2.069459154045666e-10,0.0003493325989919326,2.069459154045666e-10,0.9992171287401542
2.074601651735971e-10,0.0003187836682437278,2.074601651735971e-10,0.9993830109796369
2.079713493197523e-10,0.0002946834567956565,2.079713493197523e-10,0.9995067430235297
2.084705453394557e-10,0.000278975721547453,2.084705453394557e-10,0.999597112793159
2.090229906493241e-10,0.0002643080138836332,2.090229906493241e-10,0.9996719458201992
2.095376783447716e-10,0.0002561417767305781,2.095376783447716e-10,0.999723957131568
2.100448364803876e-10,0.0002484047732931632,2.100448364803876e-10,0.9997632897370846
2.106124965580918e-10,0.0002438944676580488,2.106124965580918e-10,0.9997961376101926
2.110987791412886e-10,0.0002393027142657058,2.110987791412886e-10,0.9998172694212333
2.116126764877377e-10,0.0002374592762873799,2.116126764877377e-10,0.9998338721793864
2.120928581250841e-10,0.0002343574286745725,2.120928581250841e-10,0.9998456131254659
2.125937250641765e-10,0.0002337429857236029,2.125937250641765e-10,0.9998545739178274
2.131208152502036e-10,0.00023140374609886,2.131208152502036e-10,0.9998617209172385
2.136711899496333e-10,0.0002314396682724813,2.136711899496333e-10,0.9998669665978167
2.142042930337148e-10,0.0002296967745445591,2.142042930337148e-10,0.9998708323840982
2.147330546352621e-10,0.0002302149175977183,2.147330546352621e-10,0.999873438760074
2.154091494893704e-10,0.0002287115027418282,2.154091494893704e-10,0.9998759746040623
2.159309942402684e-10,0.0002294939009955248,2.159309942402684e-10,0.9998771659317031
2.16434163306729e-10,0.0002282811605418411,2.16434163306729e-10,0.9998781936473838
2.169359419113149e-10,0.0002291842279149483,2.169359419113149e-10,0.999878775393703
2.174765629167969e-10,0.0002280490786112428,2.174765629167969e-10,0.9998794306445309
2.180020500585437e-10,0.000229011010308953,2.180020500585437e-10,0.9998797207305433
2.185164963145508e-10,0.000227921901945686,2.185164963145508e-10,0.9998801115338133
2.190661395476817e-10,0.0002288992857439022,2.190661395476817e-10,0.9998802316924607
2.197817853753957e-10,0.000227821987345257,2.197817853753957e-10,0.9998805429571487
2.202872753895611e-10,0.0002288247551817017,2.202872753895611e-10,0.9998805403182163
2.208119176459562e-10,0.0002277814139710506,2.208119176459562e-10,0.9998807248831054
2.213091580347548e-10,0.000228851952844893,2.213091580347548e-10,0.9998806872332897
2.218794905543357e-10,0.000227955743433204,2.218794905543357e-10,0.9998808602146695
2.223884833573947e-10,0.0002291650138162217,2.223884833573947e-10,0.9998808107872631
2.22890279613036e-10,0.0002281479848551196,2.22890279613036e-10,0.9998809201461267
2.234794594728559e-10,0.0002286484272365481,2.234794594728559e-10,0.999880728444918
2.24161409831625e-10,0.0002268015385820052,2.24161409831625e-10,0.9998807389105221
2.246496608711562e-10,0.0002267723579712568,2.246496608711562e-10,0.999880512533335
2.252085371704693e-10,0.0002247214977365714,2.252085371704693e-10,0.9998805592815516
2.257051467754059e-10,0.0002271154902844999,2.257051467754059e-10,0.9998808454884401
2.263253212003495e-10,0.0002349568250181577,2.263253212003495e-10,0.9998825057463752
2.268557870569583e-10,0.0002495909204573492,2.268557870569583e-10,0.9998842865706761
2.273699628011949e-10,0.0002570153669626602,2.273699628011949e-10,0.9998846685861177
2.279996080873753e-10,0.0002467544838799497,2.279996080873753e-10,0.9998809895839086
2.285629867011901e-10,0.0002026485714696982,2.285629867011901e-10,0.9998733135409554
2.29047423510832e-10,0.0001268173446364125,2.29047423510832e-10,0.9998617005981443
2.295674499445167e-10,1.461312285761854e-05,2.295674499445167e-10,0.999848629424957
2.300777907279308e-10,-2.158657680441892e-05,2.300777907279308e-10,0.9998534908944928
2.306555899501811e-10,0.0002867738718883204,2.306555899501811e-10,0.9999197973510664
2.312066734172417e-10,0.001078729927342707,2.312066734172417e-10,1.000052355281828
2.317285846800385e-10,0.002044330991725698,2.317285846800385e-10,1.000177565441188
2.323807837522924e-10,0.002853684755667239,2.323807837522924e-10,1.000188114862061
2.329134546170776e-10,0.001967984217121031,2.329134546170776e-10,0.9998946395513681
2.334078146193995e-10,-0.001916115940345433,2.334078146193995e-10,0.9991759478344798
2.339137223548047e-10,-0.009524591460162862,2.339137223548047e-10,0.9980404100792881
2.344422773406096e-10,-0.01807733992854381,2.344422773406096e-10,0.9971831938294551
2.349837710686427e-10,-0.0146552937533529,2.349837710686427e-10,0.9988383251999564
2.355092413725826e-10,0.01360626795231989,2.355092413725826e-10,1.004857237072551
2.360441473025574e-10,0.07449485684707841,2.360441473025574e-10,1.015044490091636
2.367332147644429e-10,0.1997573393398504,2.367332147644429e-10,1.029447532112256
2.372489535153029e-10,0.3193882227247781,2.372489535153029e-10,1.03028411820231
2.376388432666734e-10,0.4144037247613191,2.376388432666734e-10,1.014037214452531
2.379931225468084e-10,0.5002582758382762,2.379931225468084e-10,0.9810853887533605
2.385214846873994e-10,0.6186837306090966,2.385214846873994e-10,0.8955457821325771
2.390732443701134e-10,0.7174689205109869,2.390732443701134e-10,0.7723282284049844
2.396249970980094e-10,0.7909080732838704,2.396249970980094e-10,0.6335928557536809
2.401303077129838e-10,0.8396549745116634,2.401303077129838e-10,0.4978383521054166
2.407826279156027e-10,0.8838502896733178,2.407826279156027e-10,0.328442405050431
2.413434995677322e-10,0.9120093369913639,2.413434995677322e-10,0.2131210210019652
2.41830910346309e-10,0.9321785370575176,2.41830910346309e-10,0.1441449018798699
2.423499675276748e-10,0.949718760650442,2.423499675276748e-10,0.09705747523042071
2.42862136848338e-10,0.9631437923343331,2.42862136848338e-10,0.06827875578885137
2.434349808924355e-10,0.9740611007280614,2.434349808924355e-10,0.047003555807794
2.439823731656275e-10,0.9814398876038732,2.439823731656275e-10,0.03323690861519119
2.445052479520138e-10,0.9864831790476583,2.445052479520138e-10,0.02389389303806893
2.451614805944921e-10,0.9909361000295281,2.451614805944921e-10,0.01588793219248637
2.456919130822485e-10,0.9934672171008975,2.456919130822485e-10,0.0118430521532085
2.461877327778324e-10,0.9952072311703972,2.461877327778324e-10,0.0093247658755354
2.466927495738938e-10,0.9964889801326321,2.466927495738938e-10,0.007443785103841105
2.472233289668497e-10,0.9974360219831764,2.472233289668497e-10,0.005856813455365129
2.47761666718003e-10,0.9981004396947427,2.47761666718003e-10,0.004517882770237418
2.482849948924302e-10,0.9985606823195242,2.482849948924302e-10,0.003470455251059926
2.488220050050329e-10,0.9989028583999296,2.488220050050329e-10,0.002630711034345483
2.495151539243564e-10,0.9992182023343493,2.495151539243564e-10,0.001843764792115875
2.500291153161616e-10,0.9993831320658199,2.500291153161616e-10,0.00143313405804917
2.505406486145568e-10,0.9995075115135035,2.505406486145568e-10,0.001124719569039749
2.510398293043245e-10,0.9995970843723522,2.510398293043245e-10,0.0008934205049207525
2.515927610816278e-10,0.99967258229543,2.515927610816278e-10,0.0007001459044084557
2.521070724375151e-10,0.9997237999278437,2.521070724375151e-10,0.0005685287131248751
2.526140522231209e-10,0.9997637668592518,2.526140522231209e-10,0.0004755157123293451
2.531824741706426e-10,0.9997959269875334,2.531824741706426e-10,0.0004018004363703254
2.536686782109825e-10,0.9998177145251104,2.536686782109825e-10,0.0003579584741859693
2.541820707317597e-10,0.9998335864548284,2.541820707317597e-10,0.0003239631624375001
2.546626640667354e-10,0.9998460122209989,2.546626640667354e-10,0.0003008739261463402
2.551632655679235e-10,0.9998542640758885,2.551632655679235e-10,0.0002824249693674029
2.55690880378275e-10,0.9998620985715293,2.55690880378275e-10,0.0002684567785000058
2.562403202104178e-10,0.9998666365229538,2.562403202104178e-10,0.0002574988213846667
2.567727307752899e-10,0.9998711849602872,2.567727307752899e-10,0.0002502092188148791
2.573018849777925e-10,0.9998731000512021,2.573018849777925e-10,0.0002444620295375827
2.579790005781074e-10,0.9998763278574032,2.579790005781074e-10,0.0002395859657696542
2.585004338582807e-10,0.9998768250802259,2.585004338582807e-10,0.0002365232168163108
2.590039714060735e-10,0.9998785433701878,2.590039714060735e-10,0.0002346713283035694
2.595056230373984e-10,0.9998784326799472,2.595056230373984e-10,0.0002328648154278521
2.600468122506502e-10,0.9998797789338721,2.600468122506502e-10,0.0002318261398108387
2.605716594438582e-10,0.9998793766098161,2.605716594438582e-10,0.0002306912796327991
2.610857026799784e-10,0.9998804581641432,2.610857026799784e-10,0.0002302657383570247
2.616361523143654e-10,0.9998798869521079,2.616361523143654e-10,0.0002295175668697225
2.623530527974223e-10,0.9998808897035901,2.623530527974223e-10,0.0002292784474222192
2.628580781104399e-10,0.9998801952710462,2.628580781104399e-10,0.0002288200047227901
2.633835968027132e-10,0.9998810712674842,2.633835968027132e-10,0.0002288763611137711
2.638808088738943e-10,0.9998803420285983,2.638808088738943e-10,0.0002285262043241437
2.644520073545864e-10,0.9998812066559907,2.644520073545864e-10,0.000228657901830164
2.649613582625611e-10,0.9998804653897796,2.649613582625611e-10,0.0002283634790344269
2.654631297044196e-10,0.999881265448139,2.654631297044196e-10,0.0002285411489709391
2.660540260496027e-10,0.9998803817981065,2.660540260496027e-10,0.0002282540286949265
2.66731775069184e-10,0.9998810844682319,2.66731775069184e-10,0.0002284471164863455
2.672208376675237e-10,0.9998801643093206,2.672208376675237e-10,0.0002281900160965122
2.67775238937223e-10,0.9998809040558505,2.67775238937223e-10,0.0002284145401724307
2.68272220710451e-10,0.9998805015915945,2.68272220710451e-10,0.0002282429408515702
2.688918047184252e-10,0.9998828524430429,2.688918047184252e-10,0.0002286534489333503
2.694225796711569e-10,0.9998839403066709,2.694225796711569e-10,0.0002285645683374329
2.699366713622106e-10,0.9998850169790673,2.699366713622106e-10,0.0002286328026661029
2.705665633740941e-10,0.9998806383102569,2.705665633740941e-10,0.0002277646165927677
2.711299024786338e-10,0.9998736558279951,2.711299024786338e-10,0.0002271074782169393
2.716143702092133e-10,0.9998613469499966,2.716143702092133e-10,0.0002258093719193259
2.721343853314255e-10,0.9998492258176389,2.721343853314255e-10,0.0002254023922414971
2.726447579292799e-10,0.9998531707968863,2.726447579292799e-10,0.0002274349667896205
2.732225095879628e-10,0.9999201440818997,2.732225095879628e-10,0.0002374890057786679
2.73773526056343e-10,1.000051952800527,2.73773526056343e-10,0.0002513402197363114
2.742954766071325e-10,1.000177963723759,2.742954766071325e-10,0.0002575865761256782
2.749476597881192e-10,1.000187642644138,2.749476597881192e-10,0.0002405594853715022
2.754802878541641e-10,0.9998948375680974,2.754802878541641e-10,0.0001912627140897337
2.759746684826464e-10,0.9991752388759307,2.759746684826464e-10,0.0001032299946242242
2.764805412992863e-10,0.9980404936421736,2.764805412992863e-10,8.585420074404528e-07
2.770091557879988e-10,0.9971827695791807,2.770091557879988e-10,-2.49498215253493e-06
2.775505654330911e-10,0.9988393606964959,2.775505654330911e-10,0.0003631600303531955
2.780759711796099e-10,1.004857572069025,2.780759711796099e-10,0.001173538028151433
2.786109303338555e-10,1.015047098526954,2.786109303338555e-10,0.002151323681673335
2.792997403635077e-10,1.029445478707907,2.792997403635077e-10,0.002853329365108109
2.798155056485012e-10,1.030287355067366,2.798155056485012e-10,0.001594129251465194
2.803248492580236e-10,1.004966498826201,2.803248492580236e-10,-0.003076418605650216
2.8082450942577e-10,0.9434022268521722,2.8082450942577e-10,-0.01105106816051863
2.813743434492073e-10,0.8350764314245482,2.813743434492073e-10,-0.01894766105617414
2.81891167507067e-10,0.7107751162019401,2.81891167507067e-10,-0.01211723924511863
2.823299044495141e-10,0.5971532747721163,2.823299044495141e-10,0.01359458312548926
2.826898211252039e-10,0.4997351579219239,2.826898211252039e-10,0.05029913588114596
2.834096544765835e-10,0.314914368860807,2.834096544765835e-10,0.1683266148960404
2.839249667612095e-10,0.2109437846866411,2.839249667612095e-10,0.2836997858275273
2.844086095007269e-10,0.1431065950116842,2.844086095007269e-10,0.4009477229206797
2.848182896538685e-10,0.104652546432774,2.848182896538685e-10,0.5001947740882569
2.85335676113932e-10,0.07280845990188244,2.85335676113932e-10,0.6165008293772811
2.859082361645351e-10,0.04998362362554043,2.859082361645351e-10,0.7190716684470597
2.864526492938828e-10,0.03536324714458501,2.864526492938828e-10,0.7912475479407394
2.869608558625843e-10,0.02566422043910239,2.869608558625843e-10,0.8401435034463223
2.87606182581295e-10,0.01711293446154689,2.87606182581295e-10,0.8837738791926554
2.881669690485019e-10,0.01243378638956326,2.881669690485019e-10,0.9119462725236518
2.88653542124419e-10,0.009779983542931308,2.88653542124419e-10,0.932093985928489
2.891725775101667e-10,0.007740494574132403,2.891725775101667e-10,0.9496514728886497
2.896843910689664e-10,0.006154759664616046,2.896843910689664e-10,0.9630844517428008
2.902581048255978e-10,0.004681331074081243,2.902581048255978e-10,0.9740340280464839
2.908063279401748e-10,0.003552941561109994,2.908063279401748e-10,0.9814295913123254
2.91328903324965e-10,0.002715057325147461,2.91328903324965e-10,0.9864738780097353
2.919843534805067e-10,0.001937057990868782,2.919843534805067e-10,0.9909247249271873
2.925151475137207e-10,0.001491631772144548,2.925151475137207e-10,0.9934609674009036
2.930107255767738e-10,0.001177022552533501,2.930107255767738e-10,0.9952013047589111
2.935159514214854e-10,0.0009321067405430677,2.935159514214854e-10,0.9964857942571039
2.940461082762647e-10,0.0007348144339725108,2.940461082762647e-10,0.9974325926857801
2.94585050799744e-10,0.0005891595862916366,2.94585050799744e-10,0.9980992701670922
2.951088421551153e-10,0.0004864074085088417,2.951088421551153e-10,0.9985595851786492
2.956454217253237e-10,0.0004140366308409736,2.956454217253237e-10,0.9989024148123798
2.963375966470731e-10,0.0003493552868907917,2.963375966470731e-10,0.9992169436677399
2.968518942049304e-10,0.0003188204512570328,2.968518942049304e-10,0.9993828869792821
2.973629959352557e-10,0.0002946909790204986,2.973629959352557e-10,0.999506631580089
2.978622006286143e-10,0.0002790038968163301,2.978622006286143e-10,0.9995970312003168
2.984144794157632e-10,0.0002643094779963769,2.984144794157632e-10,0.9996718652349328
2.989292421250075e-10,0.0002561641012693973,2.989292421250075e-10,0.9997239032032988
2.99436452429634e-10,0.0002483983941204487,2.99436452429634e-10,0.9997632516787632
3.00003824930503e-10,0.0002439143390342469,3.00003824930503e-10,0.9997960955122822
3.004900665398668e-10,0.0002392958114317911,3.004900665398668e-10,0.9998172358204843
3.010040834222587e-10,0.0002374756347800183,3.010040834222587e-10,0.9998338504250984
3.014841388892621e-10,0.0002343483422738451,3.014841388892621e-10,0.9998455945221105
3.019850737621919e-10,0.0002337577839984347,3.019850737621919e-10,0.9998545605179983
3.025119687091927e-10,0.0002313936003320085,3.025119687091927e-10,0.9998617097225384
3.030626192270566e-10,0.0002314530860385092,3.030626192270566e-10,0.9998669597478834
3.035959514074939e-10,0.0002296851765458994,3.035959514074939e-10,0.9998708300666775
3.041245381491271e-10,0.0002302276127334729,3.041245381491271e-10,0.9998734348206291
3.048002252696025e-10,0.0002287000803710387,3.048002252696025e-10,0.9998759723702572
3.053222291905098e-10,0.0002295062681555648,3.053222291905098e-10,0.9998771627817813
3.058252308130917e-10,0.0002282696113920172,3.058252308130917e-10,0.9998781931157988
3.06327100179524e-10,0.0002291962767988942,3.06327100179524e-10,0.9998787728010319
3.06867436418943e-10,0.0002280375514905565,3.06867436418943e-10,0.9998794309826604
3.073931759467282e-10,0.0002290228004930258,3.073931759467282e-10,0.9998797184397042
3.079078409341135e-10,0.0002279103975376037,3.079078409341135e-10,0.9998801128559095
3.084570981755721e-10,0.0002289109264489224,3.084570981755721e-10,0.999880229430811
3.091720662660404e-10,0.0002278106089599188,3.091720662660404e-10,0.9998805444254887
3.096777418868283e-10,0.0002288362150906021,3.096777418868283e-10,0.9998805379687861
3.102020024458592e-10,0.0002277701035026434,3.102020024458592e-10,0.9998807267530092
3.106992755899548e-10,0.0002288629487145477,3.106992755899548e-10,0.9998806846957192
3.11269181247344e-10,0.000227943704324358,3.11269181247344e-10,0.9998808622898306
3.117779801410665e-10,0.0002291754359558551,3.117779801410665e-10,0.9998808080948877
3.122798137827045e-10,0.0002281382484910679,3.122798137827045e-10,0.9998809229986975
3.128681757710319e-10,0.0002286628675503471,3.128681757710319e-10,0.9998807261968913
3.13552204691497e-10,0.0002267930900281066,3.13552204691497e-10,0.9998807420148835
3.140406423983022e-10,0.0002267862884414847,3.140406423983022e-10,0.9998805099364654
3.145991548894395e-10,0.0002247115615653416,3.145991548894395e-10,0.9998805620303899
3.150956858344153e-10,0.0002271146837600726,3.150956858344153e-10,0.9998808398620255
3.1571617842465e-10,0.0002349151160997253,3.1571617842465e-10,0.9998825039750648
3.162463540631161e-10,0.000249516464529611,3.162463540631161e-10,0.9998842707850822
3.167603869653223e-10,0.0002569858438212379,3.167603869653223e-10,0.9998846766234757
3.173898513668178e-10,0.0002468666503500594,3.173898513668178e-10,0.9998810099649945
3.179537235263558e-10,0.0002028190342960216,3.179537235263558e-10,0.9998733472031419
3.184381098151991e-10,0.0001271551487703425,3.184381098151991e-10,0.9998617429300858
3.189584303199974e-10,1.481993008106717e-05,3.189584303199974e-10,0.9998486476761361
3.194685279058521e-10,-2.174085860923982e-05,3.194685279058521e-10,0.9998534211315887
3.200468896740381e-10,0.0002858769688098047,3.200468896740381e-10,0.9999196310586078
3.205984310712036e-10,0.001077781064662225,3.205984310712036e-10,1.000052182520371
3.211202130414729e-10,0.002043265333250248,3.211202130414729e-10,1.000177475873778
3.217719306274907e-10,0.002853417661646183,3.217719306274907e-10,1.000188320386558
3.223047692520338e-10,0.001971710832371443,3.223047692520338e-10,0.9998954516908665
3.227989958542111e-10,-0.00190430103895713,3.227989958542111e-10,0.9991779132636688
3.233050145038519e-10,-0.009509193653045808,3.233050145038519e-10,0.9980424363568108
3.23833322536438e-10,-0.01806533221374796,3.23833322536438e-10,0.9971834115329457
3.243751011708079e-10,-0.01467730319256549,3.243751011708079e-10,0.9988327274020248
3.249008292686618e-10,0.01355770478057257,3.249008292686618e-10,1.00484755258405
3.254354727787219e-10,0.07437073218582332,3.254354727787219e-10,1.015025749049969
3.261241465081298e-10,0.1994872469672924,3.261241465081298e-10,1.029429132717852
3.266400393761117e-10,0.3191251752861815,3.266400393761117e-10,1.030305893694372
3.270305898175183e-10,0.4143000081938408,3.270305898175183e-10,1.014067352855677
3.273852990980804e-10,0.500258272673154,3.273852990980804e-10,0.9810858787379152
3.279134541373456e-10,0.6186426476058836,3.279134541373456e-10,0.8955864711795368
3.284654895638215e-10,0.7174806201579802,3.284654895638215e-10,0.7723125007659366
3.29017296367999e-10,0.7909228132802053,3.29017296367999e-10,0.6335607360507773
3.295226409875039e-10,0.8396683987184742,3.295226409875039e-10,0.4977958452085343
3.301747945075726e-10,0.88384977995384,3.301747945075726e-10,0.3284433444891014
3.307356462304025e-10,0.9120080083688662,3.307356462304025e-10,0.2131252845384573
3.312230281066075e-10,0.9321764499031086,3.312230281066075e-10,0.1441509853704696
3.317420691354978e-10,0.9497165545525298,3.317420691354978e-10,0.09706250818725699
3.32254215321173e-10,0.9631416810985619,3.32254215321173e-10,0.06828294481583241
3.328270484067152e-10,0.9740593687922305,3.328270484067152e-10,0.04700680742367636
3.333744514254442e-10,0.9814388472776389,3.333744514254442e-10,0.0332387888251553
3.338972867762927e-10,0.9864820298106407,3.338972867762927e-10,0.02389599597244885
3.345534472940996e-10,0.9909349799033678,3.345534472940996e-10,0.01588980655539951
3.350838931246847e-10,0.9934663812296487,3.350838931246847e-10,0.01184433114317426
3.355796825961777e-10,0.9952065959373483,3.355796825961777e-10,0.0093256607374749
3.360847067553972e-10,0.9964884727197142,3.360847067553972e-10,0.007444589659606211
3.366152221593916e-10,0.9974356422965076,3.366152221593916e-10,0.005857503210658892
3.37153590910947e-10,0.9981001387227225,3.37153590910947e-10,0.004518525560584773
3.376769604573113e-10,0.9985605653151737,3.376769604573113e-10,0.003470742279911569
3.382138786226111e-10,0.9989026521283272,3.382138786226111e-10,0.002631201541021747
3.389068716893634e-10,0.9992180707273719,3.389068716893634e-10,0.001844107435171691
3.394208767687237e-10,0.9993829748285533,3.394208767687237e-10,0.001433503797627298
3.399323250887049e-10,0.9995074467530805,3.399323250887049e-10,0.001124902092358366
3.40431536791179e-10,0.9995969693987884,3.40431536791179e-10,0.0008936926694602669
3.409843151276046e-10,0.9996725500144831,3.409843151276046e-10,0.0007002501034217723
3.414987036947991e-10,0.9997237107418672,3.414987036947991e-10,0.000568729005584764
3.420057604593018e-10,0.9997637757407036,3.420057604593018e-10,0.0004755067244853738
3.425740568390562e-10,0.9997958566220765,3.425740568390562e-10,0.0004019458964898855
3.430601978874234e-10,0.9998177304377468,3.430601978874234e-10,0.000357927961927589
3.435736923060794e-10,0.9998335299832687,3.435736923060794e-10,0.0003240762630489412
3.440542077722251e-10,0.9998460397915793,3.440542077722251e-10,0.0003008191385696292
3.445548335938429e-10,0.9998542135147118,3.445548335938429e-10,0.0002825258757557511
3.45082305902382e-10,0.9998621309986867,3.45082305902382e-10,0.0002683925672841498
3.456319189868145e-10,0.9998665906132713,3.456319189868145e-10,0.0002575900006319041
3.461644636450866e-10,0.9998712234605028,3.461644636450866e-10,0.0002501330471492712
3.466934780066621e-10,0.9998730562432661,3.466934780066621e-10,0.0002445488041445518
3.473702931819532e-10,0.9998763665337267,3.473702931819532e-10,0.0002395100783291703
3.478918584685033e-10,0.9998767821243589,3.478918584685033e-10,0.0002366082682646737
3.48395243714397e-10,0.9998785833188178,3.48395243714397e-10,0.0002345932209238657
3.488969431739131e-10,0.9998783901844404,3.488969431739131e-10,0.0002329485364285487
3.494379048459879e-10,0.9998798194869991,3.494379048459879e-10,0.0002317469964094525
3.499629465984383e-10,0.9998793344574808,3.499629465984383e-10,0.0002307739045430609
3.50477136748456e-10,0.9998804994318287,3.50477136748456e-10,0.0002301852998198919
3.510272539060204e-10,0.9998798448780263,3.510272539060204e-10,0.0002295996482146554
3.517435969712743e-10,0.999880931038163,3.517435969712743e-10,0.00022919814028354
3.522487809889717e-10,0.9998801532268413,3.522487809889717e-10,0.0002289017658182279
3.527739508949307e-10,0.9998811128561694,3.527739508949307e-10,0.0002287957684920068
3.532711895227857e-10,0.9998802998998768,3.532711895227857e-10,0.0002286076649437106
3.538419866446688e-10,0.9998812483256021,3.538419866446688e-10,0.0002285771665397116
3.543511568119903e-10,0.9998804232225639,3.543511568119903e-10,0.0002284447702521877
3.548529500528576e-10,0.9998813077335096,3.548529500528576e-10,0.0002284604375504113
3.554431457913103e-10,0.9998803400291918,3.554431457913103e-10,0.0002283351871906748
3.561227255637192e-10,0.9998811269601129,3.561227255637192e-10,0.0002283663011396156
3.566119465803589e-10,0.9998801223470413,3.566119465803589e-10,0.0002282709502729768
3.571660056848696e-10,0.9998809460569114,3.571660056848696e-10,0.0002283336543907681
3.576629254318862e-10,0.9998804570044088,3.576629254318862e-10,0.0002283234344665399
3.582828514156313e-10,0.9998828905453732,3.582828514156313e-10,0.0002285722241276096
3.588133652478048e-10,0.99988389415893,3.588133652478048e-10,0.0002286452667100685
3.593273581600512e-10,0.9998850626609393,3.593273581600512e-10,0.0002285531459859491
3.599570104300945e-10,0.9998806109020248,3.599570104300945e-10,0.0002278473302492578
3.605208071290179e-10,0.9998737236652905,3.605208071290179e-10,0.0002270295705826047
3.610052090491407e-10,0.9998613448584572,3.610052090491407e-10,0.0002258934764207318
3.615254644779305e-10,0.9998492895966327,3.615254644779305e-10,0.0002253213045562739
3.62035632865356e-10,0.9998530648466394,3.62035632865356e-10,0.0002275024575333737
3.626138383811584e-10,0.9999200266968652,3.626138383811584e-10,0.0002373872771791495
3.631652432552392e-10,1.000051734294185,3.631652432552392e-10,0.0002514026538557463
3.636870721445585e-10,1.000177917664065,3.636870721445585e-10,0.0002575135713995929
3.643388158025568e-10,1.000187793440081,3.643388158025568e-10,0.00024069044481779
3.648716230443815e-10,0.9998956663593336,3.648716230443815e-10,0.0001912939885651097
3.653658651933308e-10,0.9991771194237336,3.653658651933308e-10,0.0001035220965102553
3.658718126741827e-10,0.9980426013917656,3.658718126741827e-10,9.189265206090449e-07
3.664002148018022e-10,0.997182945938633,3.664002148018022e-10,-2.681594370863727e-06
3.669418826567102e-10,0.998833710885202,3.669418826567102e-10,0.0003621292577148541
3.674674955057367e-10,1.004846987716145,3.674674955057367e-10,0.001172341564960739
3.680022089962389e-10,1.015027563327027,3.680022089962389e-10,0.002149698169471331
3.686904915754763e-10,1.029424653562707,3.686904915754763e-10,0.002853846967426211
3.692064457429681e-10,1.03031192262614,3.692064457429681e-10,0.001600477140434545
3.697155355070275e-10,1.005092061699302,3.697155355070275e-10,-0.003057132557191482
3.702152542425588e-10,0.9436321850973248,3.702152542425588e-10,-0.01102614124304651
3.707647083173787e-10,0.8354813571076625,3.707647083173787e-10,-0.01893832046239818
3.712818010238986e-10,0.7111580689175432,3.712818010238986e-10,-0.01217118342366294
3.717214848415618e-10,0.5973090621146596,3.717214848415618e-10,0.0135452993588979
3.720819874674474e-10,0.4997351641484807,3.720819874674474e-10,0.05029925479616455
3.728029927192188e-10,0.3146533056964812,3.728029927192188e-10,0.1685609211501695
3.733183721460005e-10,0.2107411658655024,3.733183721460005e-10,0.2839869364680352
3.738012153905886e-10,0.1430622526314986,3.738012153905886e-10,0.4010491186355002
3.742104491095957e-10,0.1046572164820404,3.742104491095957e-10,0.5001882868919488
3.747278275043858e-10,0.07281145862565264,3.747278275043858e-10,0.6164929521345391
3.753002816179926e-10,0.04998885965394708,3.753002816179926e-10,0.7190491694547031
3.758447019906702e-10,0.0353665659237043,3.758447019906702e-10,0.791231874573242
3.763528710010228e-10,0.02566720540463921,3.763528710010228e-10,0.8401290041765747
3.769981734368669e-10,0.01711506610284127,3.769981734368669e-10,0.8837625042009196
3.7755898805237e-10,0.01243495580193302,3.7755898805237e-10,0.9119384534422976
3.780455550042376e-10,0.009780810661066491,3.780455550042376e-10,0.932087277812798
3.785646245437788e-10,0.007741000077537904,3.785646245437788e-10,0.9496471407145333
3.790763929732371e-10,0.006155319059979916,3.790763929732371e-10,0.9630808574299359
3.796498640012036e-10,0.004682713476215202,3.796498640012036e-10,0.9740303643545672
3.8019776703602e-10,0.003554485313199322,3.8019776703602e-10,0.9814242002847169
3.807204834285752e-10,0.002715931499307542,3.807204834285752e-10,0.9864714065819481
3.813758636519448e-10,0.001937617794633959,3.813758636519448e-10,0.9909227011141454
3.819068011175482e-10,0.001491905200716885,3.819068011175482e-10,0.9934600220779667
3.824022966142796e-10,0.001177245408941676,3.824022966142796e-10,0.9952003561591004
3.82907589048243e-10,0.0009322505258126217,3.82907589048243e-10,0.9964852382390836
3.834375966176909e-10,0.0007349544765654795,3.834375966176909e-10,0.9974319964342867
3.839766956823068e-10,0.0005892323007581788,3.839766956823068e-10,0.9980989974093657
3.845006250425255e-10,0.0004864235113786071,3.845006250425255e-10,0.998559497694577
3.85037042872665e-10,0.0004140764332725097,3.85037042872665e-10,0.9989022354980828
3.857288878288368e-10,0.0003493949458130271,3.857288878288368e-10,0.9992167012843353
3.862432959690524e-10,0.0003188541700356234,3.862432959690524e-10,0.9993827154469381
3.867542413991128e-10,0.0002947118632271601,3.867542413991128e-10,0.9995064833402443
3.872534726170241e-10,0.0002790294171971961,3.872534726170241e-10,0.9995969052788177
3.878054785989756e-10,0.0002643237055433522,3.878054785989756e-10,0.9996717548104513
3.88320403321274e-10,0.0002561823155132699,3.88320403321274e-10,0.9997238158543568
3.888277186235746e-10,0.0002484008028393666,3.888277186235746e-10,0.9997632080280846
3.89394629604051e-10,0.0002439300188188083,3.89394629604051e-10,0.9997960231712202
3.898829292281232e-10,0.0002392846401975606,3.898829292281232e-10,0.9998172756864182
3.90396945939189e-10,0.0002374770136942526,3.90396945939189e-10,0.9998338628984086
3.908772525267298e-10,0.0002343387438060464,3.908772525267298e-10,0.9998456263130016
3.91378182342521e-10,0.0002337600919289393,3.91378182342521e-10,0.9998545667239904
3.919052048090012e-10,0.0002313857214784326,3.919052048090012e-10,0.9998617329311544
3.92455505455307e-10,0.0002314570533507278,3.92455505455307e-10,0.9998669562346921
3.929886150776572e-10,0.0002296792896121828,3.929886150776572e-10,0.9998708436071161
3.935173293711746e-10,0.00023023213608996,3.935173293711746e-10,0.9998734276035123
3.941933231142243e-10,0.0002286944159481017,3.941933231142243e-10,0.9998759855553784
3.947151502668026e-10,0.000229510926376489,3.947151502668026e-10,0.9998771541498676
3.952183005793909e-10,0.0002282643688188498,3.952183005793909e-10,0.9998782050811301
3.957201340379725e-10,0.000229200940779485,3.957201340379725e-10,0.999878763371154
3.962606469154133e-10,0.0002280325687098462,3.962606469154133e-10,0.9998794425362506
3.967861405700221e-10,0.0002290274361032055,3.967861405700221e-10,0.9998797083126311
3.973006762718252e-10,0.0002279056533826544,3.973006762718252e-10,0.9998801239460851
3.978501844994077e-10,0.000228915453128785,3.978501844994077e-10,0.9998802189474558
3.985655289675499e-10,0.0002278059769441691,3.985655289675499e-10,0.9998805556129715
3.990710412691457e-10,0.0002288406588931571,3.990710412691457e-10,0.9998805272186198
3.995955836385244e-10,0.0002277656903959996,3.995955836385244e-10,0.9998807379783136
4.00092856981692e-10,0.0002288674558702144,4.00092856981692e-10,0.9998806737614523
4.006630095891424e-10,0.0002279400280582264,4.006630095891424e-10,0.9998808736824406
4.011719074817495e-10,0.0002291800946371012,4.011719074817495e-10,0.9998807969637861
4.016737354907178e-10,0.0002281330488471098,4.016737354907178e-10,0.9998809341380195
4.022626246843523e-10,0.0002286651650735583,4.022626246843523e-10,0.9998807145892546
4.029453578063227e-10,0.0002267867644815598,4.029453578063227e-10,0.9998807531394632
4.034336613753271e-10,0.0002267884294155356,4.034336613753271e-10,0.9998804982573299
4.039924548567922e-10,0.0002247070714691385,4.039924548567922e-10,0.9998805738309999
4.044890043727385e-10,0.0002271260309047734,4.044890043727385e-10,0.9998808298103091
4.05109238732733e-10,0.0002349329382982443,4.05109238732733e-10,0.9998825192595949
4.056395998321261e-10,0.0002495524558448227,4.056395998321261e-10,0.9998842628029243
4.061536857980511e-10,0.0002569740677056278,4.061536857980511e-10,0.9998846834111407
4.067832531213375e-10,0.0002468318662849745,4.067832531213375e-10,0.9998809897209875
4.073467420110803e-10,0.0002027098226760791,4.073467420110803e-10,0.9998733410855692
4.078311708976109e-10,0.0001269645214209766,4.078311708976109e-10,0.9998617031542891
4.083513261567103e-10,1.468794203143644e-05,4.083513261567103e-10,0.9998486512994198
4.088615246143858e-10,-2.164069019865866e-05,4.088615246143858e-10,0.9998534467657241
4.094395140379657e-10,0.0002863349506231238,4.094395140379657e-10,0.9999197324458943
4.099908260965163e-10,0.001078318614374086,4.099908260965163e-10,1.000052262941428
4.105126267982192e-10,0.002043731811608669,4.105126267982192e-10,1.000177528955117
4.111645493555127e-10,0.002853559661718597,4.111645493555127e-10,1.000188216346644
4.11697262279381e-10,0.001970309869449436,4.11697262279381e-10,0.9998951575741264
4.121915611056093e-10,-0.001909006484153,4.121915611056093e-10,0.9991771123848281
4.126975643686615e-10,-0.009515873378424702,4.126975643686615e-10,0.9980415733739845
4.132259126279607e-10,-0.01806990499240813,4.132259126279607e-10,0.9971833033571527
4.137675411472437e-10,-0.0146706224148853,4.137675411472437e-10,0.9988345101907384
4.142932148704203e-10,0.01357547137630454,4.142932148704203e-10,1.004851098627213
4.148278932555402e-10,0.07440740144206737,4.148278932555402e-10,1.015031353849634
4.15516708918826e-10,0.1995727774245012,4.15516708918826e-10,1.029434996088639
4.160325112679705e-10,0.3191987718127393,4.160325112679705e-10,1.030300097570436
4.1642287347136e-10,0.4143281534667139,4.1642287347136e-10,1.014059304063294
4.167774663333095e-10,0.5002582730135305,4.167774663333095e-10,0.9810858899029993
4.173056566506064e-10,0.618649622764999,4.173056566506064e-10,0.8955795220216107
4.178576089126003e-10,0.7174728988460212,4.178576089126003e-10,0.7723238422772116
4.184093799859543e-10,0.7909131714504118,4.184093799859543e-10,0.6335825209508316
4.189147003316614e-10,0.8396593167417693,4.189147003316614e-10,0.4978251033369611
4.195668517562661e-10,0.8838434969184584,4.195668517562661e-10,0.3284692678507728
4.201277198026377e-10,0.9120036653868713,4.201277198026377e-10,0.2131413914878275
4.206150899615158e-10,0.9321724722876067,4.206150899615158e-10,0.1441629999986143
4.211341356291835e-10,0.9497134534212958,4.211341356291835e-10,0.09706963686845457
4.216462515407622e-10,0.9631387369805641,4.216462515407622e-10,0.06828884815169137
4.222190954683746e-10,0.9740573999883887,4.222190954683746e-10,0.04701051780542289
4.227665201398417e-10,0.981437766169285,4.227665201398417e-10,0.03324076948460979
4.232893161739947e-10,0.9864808492244714,4.232893161739947e-10,0.02389816408740983
4.239453999080132e-10,0.9909338137229433,4.239453999080132e-10,0.01589177696041382
4.244758632540204e-10,0.9934655256767158,4.244758632540204e-10,0.01184563780380991
4.249716202533454e-10,0.9952059419088772,4.249716202533454e-10,0.009326594984944573
4.254766509073171e-10,0.9964879472499052,4.254766509073171e-10,0.007445417645813567
4.260071030916859e-10,0.9974352538140061,4.260071030916859e-10,0.005858221033601558
4.265455102755903e-10,0.9980998368082237,4.265455102755903e-10,0.00451916443415773
4.270689205851502e-10,0.9985604497004734,4.270689205851502e-10,0.003471037611073111
4.276057488389498e-10,0.9989024453158086,4.276057488389498e-10,0.002631685468644365
4.28298591712249e-10,0.9992179433132805,4.28298591712249e-10,0.00184445000661353
4.28812642001349e-10,0.9993828185649731,4.28812642001349e-10,0.001433862211430564
4.293240056194214e-10,0.9995073852999261,4.293240056194214e-10,0.001125086123352651
4.298232450396307e-10,0.9995968538705854,4.298232450396307e-10,0.0008939570389891622
4.303758793536954e-10,0.9996725208737518,4.303758793536954e-10,0.0007003558927732026
4.308903470218325e-10,0.9997236216542315,4.308903470218325e-10,0.0005689199391224132
4.313974765499874e-10,0.9997637868314504,4.313974765499874e-10,0.0004755017064566484
4.319655313664235e-10,0.9997957797034489,4.319655313664235e-10,0.0004020968824348592
4.324516000895951e-10,0.9998177433447698,4.324516000895951e-10,0.0003579122971919873
4.329652012869679e-10,0.9998334691359533,4.329652012869679e-10,0.0003241897451218902
4.334456241862747e-10,0.999846066012071,4.334456241862747e-10,0.0003007754946439505
4.339462795987179e-10,0.9998541598301222,4.339462795987179e-10,0.0002826247100310882
4.344735890840602e-10,0.9998621630559832,4.344735890840602e-10,0.0002683374333418859
4.350234197287496e-10,0.9998665427042114,4.350234197287496e-10,0.000257676915373961
4.355561294106756e-10,0.9998712627682955,4.355561294106756e-10,0.0002500634884451948
4.360849849006118e-10,0.9998730109001559,4.360849849006118e-10,0.0002446304877447012
4.367614593170668e-10,0.9998764059942897,4.367614593170668e-10,0.000239440816995257
4.372831785528546e-10,0.9998767378139625,4.372831785528546e-10,0.0002366879751623713
4.37786392928921e-10,0.9998786241832623,4.37786392928921e-10,0.0002345213902572137
4.382881452278634e-10,0.9998783464599038,4.382881452278634e-10,0.0002330267413693345
4.388288555612806e-10,0.999879860984371,4.388288555612806e-10,0.0002316739662582875
4.393541258310773e-10,0.9998792911892244,4.393541258310773e-10,0.0002308508572238136
4.398684823303383e-10,0.9998805416832894,4.398684823303383e-10,0.0002301107841540051
4.404182343615521e-10,0.9998798017556314,4.404182343615521e-10,0.0002296759954617713
4.411339719872123e-10,0.9998809733155528,4.411339719872123e-10,0.0002291237564759853
4.416393368495602e-10,0.9998801101842762,4.416393368495602e-10,0.0002289777673713815
4.421641231884504e-10,0.9998811553651841,4.421641231884504e-10,0.0002287210526059844
4.426613852287355e-10,0.9998802568210107,4.426613852287355e-10,0.0002286833438900893
4.432317587313104e-10,0.9998812908729631,4.432317587313104e-10,0.0002285022781978569
4.43740738886954e-10,0.9998803801536518,4.43740738886954e-10,0.0002285202706048134
4.442425562510334e-10,0.9998813509011176,4.442425562510334e-10,0.0002283855686162999
4.448319814708142e-10,0.9998802974395761,4.448319814708142e-10,0.0002284105512832852
4.455135531190368e-10,0.9998811703116303,4.455135531190368e-10,0.0002282913138088001
4.46002953465824e-10,0.9998800795913397,4.46002953465824e-10,0.0002283460845320049
4.46556637365417e-10,0.9998809888224223,4.46556637365417e-10,0.0002282585745288179
4.470534933210854e-10,0.9998804114810663,4.470534933210854e-10,0.0002283980997441317
4.476737846051327e-10,0.9998829289307308,4.476737846051327e-10,0.0002284967482822332
4.482040176415834e-10,0.9998838468249394,4.482040176415834e-10,0.0002287201473668271
4.487179035757258e-10,0.9998851095697644,4.487179035757258e-10,0.0002284794309883036
4.493473096354829e-10,0.9998805838615454,4.493473096354829e-10,0.0002279243752683378
4.499116082234153e-10,0.9998737942735306,4.499116082234153e-10,0.0002269576964989406
4.503959422464025e-10,0.9998613453658323,4.503959422464025e-10,0.000225972074782761
4.509164520942581e-10,0.9998493544473523,4.509164520942581e-10,0.0002252457766887802
4.514264044584245e-10,0.9998529548326528,4.514264044584245e-10,0.000227563445428459
4.520051106291681e-10,0.9999198984134338,4.520051106291681e-10,0.0002372897142899641
4.525569240334007e-10,1.000051501978903,4.525569240334007e-10,0.0002514580166216041
4.530786283900956e-10,1.000177865781827,4.530786283900956e-10,0.0002574468210281621
4.537299143708917e-10,1.000187953850208,4.537299143708917e-10,0.0002408184745005993
4.542629162587798e-10,0.9998965337030749,4.542629162587798e-10,0.0001913365708677853
4.547570121629414e-10,0.9991790968735488,4.547570121629414e-10,0.0001038193315354347
4.552630365712067e-10,0.9980448163869752,4.552630365712067e-10,9.931538982442177e-07
4.557912194743388e-10,0.997183146202811,4.557912194743388e-10,-2.885115069391645e-06
4.563331678794285e-10,0.9988278719739238,4.563331678794285e-10,0.0003610709161533629
4.56858996117798e-10,1.004836028843357,4.56858996117798e-10,0.001171090749561352
4.573934597823239e-10,1.015007422278903,4.573934597823239e-10,0.002148031005998963
4.580812127175875e-10,1.029403259038746,4.580812127175875e-10,0.002854348530872487
4.585973643591121e-10,1.030336703823152,4.585973643591121e-10,0.001606922649739066
4.591061928660684e-10,1.005219689314837,4.591061928660684e-10,-0.0030375098985836
4.596059647097331e-10,0.943867328565885,4.596059647097331e-10,-0.01100061216687123
4.601550323215426e-10,0.8358951212228535,4.601550323215426e-10,-0.01892857505081994
4.606724074355555e-10,0.7115476390214115,4.606724074355555e-10,-0.01222576510831272
4.611813652301451e-10,0.5793158790401188,4.611813652301451e-10,0.01909196933413539
4.617434312990825e-10,0.4275591499936948,4.617434312990825e-10,0.0881350069571008
4.622358807858351e-10,0.3042844142972411,4.622358807858351e-10,0.1780428410144733
4.627522706742388e-10,0.203171967669657,4.627522706742388e-10,0.2951106924906788
4.632315687670473e-10,0.138417685599027,4.632315687670473e-10,0.4114248111359036
4.63733355387209e-10,0.09478134926592524,4.63733355387209e-10,0.5319238876702624
4.64258212000796e-10,0.06620617446109514,4.64258212000796e-10,0.6447175138431673
4.648119469625184e-10,0.04619762780961497,4.648119469625184e-10,0.7373518337535369
4.653473309682369e-10,0.03292217234542331,4.653473309682369e-10,0.8036291700254867
4.658745841326089e-10,0.02359770751108074,4.658745841326089e-10,0.8505417268973299
4.66546839828491e-10,0.01554937246006221,4.66546839828491e-10,0.8925548081015502
4.670704954402402e-10,0.01166344856741051,4.670704954402402e-10,0.9174043333443956
4.675719763713181e-10,0.009171605764527574,4.675719763713181e-10,0.9371504543653066
4.680744577143065e-10,0.00733522005968575,4.680744577143065e-10,0.9531850001879405
4.68612612974601e-10,0.005744893604331844,4.68612612974601e-10,0.9662762135033955
4.691407386914124e-10,0.004449948844897637,4.691407386914124e-10,0.9755942015195278
4.696570857477249e-10,0.003428133726567085,4.696570857477249e-10,0.9821904595698985
4.702033804856927e-10,0.002586738930425272,4.702033804856927e-10,0.9872117467488318
4.709132963052349e-10,0.001797614200223358,4.709132963052349e-10,0.9917165283565175
4.714206389123649e-10,0.00140392198700517,4.714206389123649e-10,0.9939519723428279
4.719418279664458e-10,0.001096546379507101,4.719418279664458e-10,0.9956314677746019
4.724392595224697e-10,0.0008733807338072897,4.724392595224697e-10,0.9967777260110539
4.73006281974508e-10,0.0006804646820256824,4.73006281974508e-10,0.9976844720597928
4.735137808293327e-10,0.0005565343596101786,4.735137808293327e-10,0.9982465626828324
4.740159511137121e-10,0.0004667870134534295,4.740159511137121e-10,0.9986512068774793
4.745982842811383e-10,0.0003951905555934016,4.745982842811383e-10,0.998993200226306
4.752981675477874e-10,0.0003371311792214817,4.752981675477874e-10,0.9992812202250461
4.757881772687318e-10,0.0003107922578123942,4.757881772687318e-10,0.9994251111826394
4.763440572921523e-10,0.0002874231483806824,4.763440572921523e-10,0.999546492333965
4.768402167221463e-10,0.0002733940616780034,4.768402167221463e-10,0.999626902875318
4.774592039265471e-10,0.0002593024706571138,4.774592039265471e-10,0.9997006539740811
4.779869613382989e-10,0.0002520425969665391,4.779869613382989e-10,0.9997470640001893
4.784992602351426e-10,0.0002455328037891182,4.784992602351426e-10,0.9997809700182545
4.791283257439063e-10,0.0002411119076966594,4.791283257439063e-10,0.9998118935108405
4.796971105520918e-10,0.0002369715835361884,4.796971105520918e-10,0.999831503149666
4.801819650393187e-10,0.0002355527920535539,4.801819650393187e-10,0.9998439874240199
4.807037063549028e-10,0.0002330108665782358,4.807037063549028e-10,0.9998536698148678
4.812128195553298e-10,0.000232460283861012,4.812128195553298e-10,0.9998608864395094
4.817958796317418e-10,0.0002306082531839078,4.817958796317418e-10,0.9998666044288446
4.82350946205052e-10,0.0002306123839630806,4.82350946205052e-10,0.9998707463421639
4.828720599241192e-10,0.0002293426883210385,4.828720599241192e-10,0.9998733005247985
4.835205235342947e-10,0.0002296365361917396,4.835205235342947e-10,0.9998758379038996
4.840550731528484e-10,0.0002286178173680994,4.840550731528484e-10,0.9998770529647976
4.84548200822828e-10,0.0002291901598547317,4.84548200822828e-10,0.9998781337238812
4.850546807266165e-10,0.0002283021056184442,4.850546807266165e-10,0.999878695469663
4.855818620542421e-10,0.0002289509676605335,4.855818620542421e-10,0.9998793994142171
4.86125908085109e-10,0.000228124192137859,4.86125908085109e-10,0.9998796702743875
4.866529397406575e-10,0.0002288162632744598,4.866529397406575e-10,0.9998801196417904
4.871865747408605e-10,0.0002280131504347251,4.871865747408605e-10,0.9998801931624174
4.878719442049069e-10,0.0002287161834683152,4.878719442049069e-10,0.9998805464646718
4.883894058173843e-10,0.0002279381600685281,4.883894058173843e-10,0.9998805068484325
4.888970381977526e-10,0.0002286706662639578,4.888970381977526e-10,0.9998807349658473
4.893971463533798e-10,0.0002279515453372209,4.893971463533798e-10,0.9998806553976579
4.899446704700503e-10,0.0002288085693892619,4.899446704700503e-10,0.9998808684770875
4.904636377037558e-10,0.000228251173695202,4.904636377037558e-10,0.9998807828604153
4.909735019405017e-10,0.0002290575415048369,4.909735019405017e-10,0.9998809449172084
4.915332270225678e-10,0.0002278926132857536,4.915332270225678e-10,0.9998807282137089
4.920284263263051e-10,0.0002281038566532963,4.920284263263051e-10,0.9998808037423585
4.92545939102776e-10,0.0002264432555535718,4.92545939102776e-10,0.999880551303668
4.930249379996477e-10,0.0002261298958931191,4.930249379996477e-10,0.9998805904940201
4.935271365773968e-10,0.0002250187529182992,4.935271365773968e-10,0.9998805153826942
4.940512086259526e-10,0.0002285253624593083,4.940512086259526e-10,0.9998812732197607
4.946063742547733e-10,0.0002379148976936018,4.946063742547733e-10,0.9998828351654546
4.951427086986272e-10,0.0002526176601952625,4.951427086986272e-10,0.9998847398266322
4.956694384953413e-10,0.000256749892103478,4.956694384953413e-10,0.9998840758303963
4.963403661908167e-10,0.0002387293303912499,4.963403661908167e-10,0.9998795070203222
4.968646780542001e-10,0.0001859629620368805,4.968646780542001e-10,0.9998704555710735
4.973655968522603e-10,9.454936341975479e-05,4.973655968522603e-10,0.9998574150811413
4.978682814127693e-10,-5.703190523637824e-06,4.978682814127693e-10,0.9998475106729964
4.984056781609629e-10,1.067214488989212e-05,4.984056781609629e-10,0.9998631210378288
4.989347956289402e-10,0.0004031430246751918,4.989347956289402e-10,0.9999410394925191
4.994517619697105e-10,0.001227640092833369,4.994517619697105e-10,1.00007703071027
4.999970411012089e-10,0.002214470119708289,4.999970411012089e-10,1.000191431262599
5.007053230908826e-10,0.002824321936718215,5.007053230908826e-10,1.00014498787688
5.012133169091252e-10,0.001321887949871723,5.012133169091252e-10,0.9997599155675669
5.017334416901611e-10,-0.003870789379898054,5.017334416901611e-10,0.9988595243300176
5.022309466078125e-10,-0.0120629847722476,5.022309466078125e-10,0.9977219518538079
5.02797069400738e-10,-0.01914437606689257,5.02797069400738e-10,0.9973163049257472
5.033042214889326e-10,-0.00964484496960178,5.033042214889326e-10,0.9999861431262383
5.03806571482915e-10,0.02467696790030298,5.03806571482915e-10,1.006950336064562
5.043866959572217e-10,0.1004245149036401,5.043866959572217e-10,1.018766708478389
5.048756817152333e-10,0.193768124596323,5.048756817152333e-10,1.029405795873448
5.053782878382911e-10,0.3097418540821677,5.053782878382911e-10,1.031360407444476
5.057911340655802e-10,0.4102582011658581,5.057911340655802e-10,1.015464102213497
5.061626998925694e-10,0.5002582362064756,5.061626998925694e-10,0.9812856205302599
5.066891435487977e-10,0.6183169386780019,5.066891435487977e-10,0.8960841651043896
5.072502126942769e-10,0.7186338752982843,5.072502126942769e-10,0.7707130757371016
5.077997896193169e-10,0.7915068083475909,5.077997896193169e-10,0.6323448817036654
5.083068375532465e-10,0.8402302033841864,5.083068375532465e-10,0.4960613118493712
5.089560607687077e-10,0.8840612415480616,5.089560607687077e-10,0.3275924354056628
5.09515788394309e-10,0.9121245645931709,5.09515788394309e-10,0.2127002776401418
5.100029182409865e-10,0.9322635162177046,5.100029182409865e-10,0.1438951252489279
5.105213438493862e-10,0.949766990910854,5.105213438493862e-10,0.09695114387411073
5.110337789443942e-10,0.9631865632081847,5.110337789443942e-10,0.06815568078595756
5.116055277736371e-10,0.974076127214805,5.116055277736371e-10,0.04696511267262844
5.12152001944002e-10,0.9814409039775346,5.12152001944002e-10,0.03323323236153196
5.126751027042731e-10,0.9864859217502485,5.126751027042731e-10,0.023889637806238
5.133318204439448e-10,0.9909408046082506,5.133318204439448e-10,0.01588098535962124
5.138621101517769e-10,0.9934699382762998,5.138621101517769e-10,0.0118397597955708
5.143580227568245e-10,0.9952095620771445,5.143580227568245e-10,0.009321872731179707
5.148630169051875e-10,0.996490504163453,5.148630169051875e-10,0.007441995714504478
5.153936171813604e-10,0.9974371858376869,5.153936171813604e-10,0.005855110229631371
5.159317441976555e-10,0.998100941334555,5.159317441976555e-10,0.004517274306489063
5.164549994405148e-10,0.9985610634709898,5.164549994405148e-10,0.00346988281732573
5.169920071975938e-10,0.9989030408048772,5.169920071975938e-10,0.002630538053521446
5.176851715865412e-10,0.9992184043744008,5.176851715865412e-10,0.001843409912017101
5.18199044105053e-10,0.9993831675139232,5.18199044105053e-10,0.001433176724435447
5.187106178082759e-10,0.9995076294159144,5.187106178082759e-10,0.001124489724103723
5.192098195103845e-10,0.9995970873258939,5.192098195103845e-10,0.0008934816678817779
5.197627113161021e-10,0.9996726642350345,5.197627113161021e-10,0.0006999646764629503
5.202769461029469e-10,0.9997237662110315,5.202769461029469e-10,0.0005686525778946801
5.207839437666749e-10,0.9997638297421102,5.207839437666749e-10,0.0004753653343066374
5.213522829324624e-10,0.9997958810821707,5.213522829324624e-10,0.000401938641375513
5.218383572910671e-10,0.999817763188302,5.218383572910671e-10,0.0003578315519992021
5.223517042885331e-10,0.9998335328355608,5.223517042885331e-10,0.0003241111755814436
5.228322941885524e-10,0.9998460607376666,5.228322941885524e-10,0.0003007444397358248
5.233328871741638e-10,0.9998542109262237,5.233328871741638e-10,0.0002825686623062908
5.238604411361588e-10,0.9998621475753744,5.238604411361588e-10,0.0002683254148766405
5.244098902548396e-10,0.9998665834833459,5.244098902548396e-10,0.000257640373184527
5.24942339929477e-10,0.9998712356055333,5.24942339929477e-10,0.0002500745569727727
5.254714143880109e-10,0.9998730471600655,5.254714143880109e-10,0.0002446019028365446
5.261483105143639e-10,0.9998763783816783,5.261483105143639e-10,0.0002394521528961126
5.266698166918816e-10,0.9998767721328498,5.266698166918816e-10,0.0002366625519776402
5.271732457321564e-10,0.9998785948170018,5.271732457321564e-10,0.0002345363290256969
5.276748848750123e-10,0.9998783795616065,5.276748848750123e-10,0.0002330033865963053
5.282159552291942e-10,0.9998798309533644,5.282159552291942e-10,0.0002316905707172984
5.287408838820972e-10,0.9998793234468845,5.287408838820972e-10,0.0002308291053290006
5.292549697512329e-10,0.999880510854382,5.292549697512329e-10,0.0002301295153320905
5.298052038411087e-10,0.999879833526008,5.298052038411087e-10,0.0002296549554581027
5.305216387325589e-10,0.9998809426431884,5.305216387325589e-10,0.0002291424449883572
5.310267979309631e-10,0.9998801416711758,5.310267979309631e-10,0.0002289572279133655
5.315520095460971e-10,0.9998811246590616,5.315520095460971e-10,0.0002287401531045799
5.320491936798609e-10,0.9998802880591637,5.320491936798609e-10,0.0002286630952142041
5.326201098415196e-10,0.9998812603364786,5.326201098415196e-10,0.0002285215942250051
5.331292776371662e-10,0.9998804111743336,5.331292776371662e-10,0.0002285002025799216
5.336310111054058e-10,0.9998813198549458,5.336310111054058e-10,0.0002284049695265298
5.342213674268788e-10,0.9998803277217567,5.342213674268788e-10,0.0002283905942342501
5.349004212954271e-10,0.9998811391862922,5.349004212954271e-10,0.0002283109048249217
5.353896275751001e-10,0.9998801098942316,5.353896275751001e-10,0.0002283264378925103
5.359436338009306e-10,0.9998809586546116,5.359436338009306e-10,0.0002282782753107715
5.364405316135735e-10,0.9998804441391366,5.364405316135735e-10,0.0002283787953016742
5.370605186970977e-10,0.9998829034210797,5.370605186970977e-10,0.0002285168538908461
5.375910018003373e-10,0.9998838822014924,5.375910018003373e-10,0.0002287007745958966
5.381049660636301e-10,0.9998850731542711,5.381049660636301e-10,0.0002284974105758342
5.387345283969869e-10,0.9998806014627939,5.387345283969869e-10,0.000227903321650507
5.392983018797816e-10,0.9998736903027681,5.392983018797816e-10,0.0002269674424578315
5.397834872257492e-10,0.9998612999492176,5.397834872257492e-10,0.0002259490707858081
5.403026225198306e-10,0.9998493265802003,5.403026225198306e-10,0.0002252712365580923
5.408134468989168e-10,0.9998530808864277,5.408134468989168e-10,0.0002275624440730342
5.413913965898822e-10,0.9999200822988281,5.413913965898822e-10,0.0002373368556927997
5.419427075464308e-10,1.000051756311232,5.419427075464308e-10,0.0002514606931149262
5.424644529026612e-10,1.00017793599455,5.424644529026612e-10,0.0002574573856961519
5.431162350971437e-10,1.000187788493103,5.431162350971437e-10,0.0002407449874591189
5.436489847386599e-10,0.9998957584526694,5.436489847386599e-10,0.0001912477300297757
5.441432444471295e-10,0.9991772192849971,5.441432444471295e-10,0.0001035884704890462
5.44649212000003e-10,0.9980427112272017,5.44649212000003e-10,8.659193922967534e-07
5.451775583005759e-10,0.9971829182674353,5.451775583005759e-10,-2.652131071863958e-06
5.457191896419309e-10,0.9988327543315254,5.457191896419309e-10,0.0003619200041722323
5.462448474328122e-10,1.004845488648018,5.462448474328122e-10,0.001172215941637681
5.467794816244734e-10,1.015023928277786,5.467794816244734e-10,0.00214937625921994
5.474675611818622e-10,1.029419504264218,5.474675611818622e-10,0.002854027475187052
5.479835241514007e-10,1.030319440598686,5.479835241514007e-10,0.001602313742187851
5.484925589890693e-10,1.00512733145723,5.484925589890693e-10,-0.003051712973909308
5.48992256622413e-10,0.9437027783766597,5.48992256622413e-10,-0.01101854850014947
5.495415794402272e-10,0.8356086699091945,5.495415794402272e-10,-0.01893533585518339
5.500586955140997e-10,0.7112935822917095,5.500586955140997e-10,-0.01219068583874568
5.505674731817399e-10,0.5790922619307821,5.505674731817399e-10,0.01916656181240761
5.5112993198502e-10,0.4272334099374587,5.5112993198502e-10,0.08832393258888852
5.516219254765719e-10,0.3041084780426955,5.516219254765719e-10,0.1782038802923326
5.521381212159992e-10,0.2030770595491082,5.521381212159992e-10,0.2952505110379897
5.526174510780179e-10,0.1383507063945395,5.526174510780179e-10,0.4115732008830819
5.531191418444339e-10,0.09474659244402368,5.531191418444339e-10,0.5320454961469361
5.536441193991311e-10,0.06617828701094267,5.536441193991311e-10,0.6448404563955257
5.541976112408615e-10,0.04618610790836954,5.541976112408615e-10,0.7374086199483487
5.547328207100944e-10,0.03291784101110772,5.547328207100944e-10,0.8036519861702377
5.552601351663675e-10,0.0235935451722051,5.552601351663675e-10,0.8505627599620711
5.55932545742216e-10,0.01554544767531169,5.55932545742216e-10,0.8925780302865922
5.564561085411464e-10,0.01166134053269236,5.564561085411464e-10,0.917419431405525
5.569576457122031e-10,0.009169958451772871,5.569576457122031e-10,0.9371646711697973
5.574600756154298e-10,0.007334020181806277,5.574600756154298e-10,0.9531949169075965
5.579983180089761e-10,0.005743762199882371,5.579983180089761e-10,0.9662851521883223
5.585262958000571e-10,0.004449251625904403,5.585262958000571e-10,0.9755985276965762
5.590425461135324e-10,0.003427852020967077,5.590425461135324e-10,0.9821924148698108
5.595889253842058e-10,0.002586315275678453,5.595889253842058e-10,0.9872139173129852
5.602989844659715e-10,0.001797291318787554,5.602989844659715e-10,0.9917186024989824
5.608062684206255e-10,0.001403622311384778,5.608062684206255e-10,0.9939534003022128
5.613275284383632e-10,0.001096379630310175,5.613275284383632e-10,0.9956325748592966
5.618249581082844e-10,0.0008731553030866454,5.618249581082844e-10,0.996778625567327
5.623920297995358e-10,0.0006803826312763644,5.623920297995358e-10,0.997685036496642
5.628995379107698e-10,0.0005563767614440677,5.628995379107698e-10,0.9982470912260819
5.634017001220327e-10,0.0004667705349454507,5.634017001220327e-10,0.9986514764518853
5.639841927342432e-10,0.0003950690731123344,5.639841927342432e-10,0.9989935859508891
5.646837192209288e-10,0.0003371694266819549,5.646837192209288e-10,0.9992812484600444
5.651736769716134e-10,0.0003107256602742171,5.651736769716134e-10,0.9994252346640221
5.657296380936398e-10,0.0002874686097967258,5.657296380936398e-10,0.9995464841134262
5.662257605508291e-10,0.0002733309327431829,5.662257605508291e-10,0.9996270062260155
5.668449673240057e-10,0.000259349928466007,5.668449673240057e-10,0.9997006382651183
5.673727691179347e-10,0.0002519792244074411,5.673727691179347e-10,0.9997471702231205
5.678851030580278e-10,0.0002455836780945022,5.678851030580278e-10,0.9997809380095983
5.685141382037926e-10,0.0002410516206693949,5.685141382037926e-10,0.9998119807320394
5.690826960870846e-10,0.0002370267044753193,5.690826960870846e-10,0.9998314475400143
5.69566737273469e-10,0.0002354979613562297,5.69566737273469e-10,0.9998440408170525
5.700895186935242e-10,0.000233066138379116,5.700895186935242e-10,0.9998536137448553
5.705979981010546e-10,0.0002324035449116005,5.705979981010546e-10,0.9998609501330699
5.711812338529524e-10,0.0002306652057083974,5.711812338529524e-10,0.9998665404919982
5.717364172949228e-10,0.0002305549671256825,5.717364172949228e-10,0.9998708121318882
5.722575542679754e-10,0.0002293997706958753,5.722575542679754e-10,0.9998732369680383
5.729058145526658e-10,0.0002295791733179294,5.729058145526658e-10,0.9998759023730986
5.734403936494207e-10,0.0002286752808629904,5.734403936494207e-10,0.9998769887118782
5.739334766197188e-10,0.0002291325794726932,5.739334766197188e-10,0.9998781979816344
5.744399625269906e-10,0.0002283597933235978,5.744399625269906e-10,0.9998786312885124
5.749671289574421e-10,0.0002288931706619362,5.749671289574421e-10,0.9998794634782203
5.755111866821027e-10,0.0002281820942578803,5.755111866821027e-10,0.9998796062705817
5.760382575361786e-10,0.0002287582581577011,5.760382575361786e-10,0.9998801835720628
5.765718545100759e-10,0.0002280712647582754,5.765718545100759e-10,0.9998801293113574
5.772569549372705e-10,0.0002286580231169608,5.772569549372705e-10,0.9998806101707162
5.777744963246417e-10,0.0002279964852366477,5.777744963246417e-10,0.9998804431468401
5.782820272246603e-10,0.0002286122726467474,5.782820272246603e-10,0.9998807985153325
5.787821358042675e-10,0.0002280099990321305,5.787821358042675e-10,0.9998805918404963
5.793295241495954e-10,0.0002287497477964476,5.793295241495954e-10,0.9998809318173689
5.798485187626759e-10,0.0002283097190312983,5.798485187626759e-10,0.9998807194908422
5.803584318370052e-10,0.0002289987586603525,5.803584318370052e-10,0.9998810081676934
5.809178969743498e-10,0.0002279524769068679,5.809178969743498e-10,0.999880665189258
5.814133813283129e-10,0.0002280453376859104,5.814133813283129e-10,0.9998808668540059
5.819309960425957e-10,0.0002265035366487426,5.819309960425957e-10,0.9998804884816281
5.82409940039626e-10,0.0002260718271024994,5.82409940039626e-10,0.9998806534798043
5.829121479613723e-10,0.0002250778458333949,5.829121479613723e-10,0.9998804523640551
5.834361242247156e-10,0.0002284549193071735,5.834361242247156e-10,0.9998813338689541
5.839911638732726e-10,0.0002379648223808324,5.839911638732726e-10,0.999882771632889
5.845272209742835e-10,0.0002525401826431395,5.845272209742835e-10,0.9998848008941241
5.850540605757104e-10,0.0002568090636742083,5.850540605757104e-10,0.999884015277982
5.857247690422376e-10,0.000238728726884295,5.857247690422376e-10,0.9998795809527234
5.862492995354905e-10,0.0001861398741732251,5.862492995354905e-10,0.9998704119321848
5.867500370050855e-10,9.471481851562312e-05,5.867500370050855e-10,0.9998575069809734
5.872527795460982e-10,-5.490320179680522e-06,5.872527795460982e-10,0.999847455375003
5.8778992708356e-10,1.024996262276974e-05,5.8778992708356e-10,0.9998630896919943
5.883192815594479e-10,0.0004020452468706604,5.883192815594479e-10,0.9999407711094741
5.888364169722873e-10,0.001225994249723796,5.888364169722873e-10,1.000076850451365
5.893813572552389e-10,0.002212589471874849,5.893813572552389e-10,1.000191212143021
5.900890595057193e-10,0.002825541964640581,5.900890595057193e-10,1.000145717578541
5.905972530274672e-10,0.001330866134637537,5.905972530274672e-10,0.9997615923897533
5.911170144462174e-10,-0.003845645699493039,5.911170144462174e-10,0.9988634967399183
5.916145359747869e-10,-0.01202874879472198,5.916145359747869e-10,0.9977260677250821
5.921803721617849e-10,-0.01914327609345231,5.921803721617849e-10,0.9973124836327349
5.926873766589506e-10,-0.009743745167572608,5.926873766589506e-10,0.9999651999240222
5.931897836404446e-10,0.02445892139443084,5.931897836404446e-10,1.006911009183233
5.937692552685746e-10,0.09995688048639319,5.937692552685746e-10,1.018702882965349
5.94257922855548e-10,0.1930823453598214,5.94257922855548e-10,1.029349167185718
5.947609758769131e-10,0.30907699253286,5.947609758769131e-10,1.031399329116491
5.952506321555043e-10,0.4279226802924459,5.952506321555043e-10,1.010211679972923
5.957481391735565e-10,0.5468269425933135,5.957481391735565e-10,0.9537153109885688
5.962878279012321e-10,0.6596282806631361,5.962878279012321e-10,0.8517986389789889
5.968198121351187e-10,0.7454308029121753,5.968198121351187e-10,0.7257327590129143
5.973398332679405e-10,0.8079386088103603,5.973398332679405e-10,0.5915485631388362
5.978811320464437e-10,0.8546466570108702,5.978811320464437e-10,0.445278616960999
5.985833870245184e-10,0.8970643423599493,5.985833870245184e-10,0.274221956732677
5.990937696919702e-10,0.9205421201363311,5.990937696919702e-10,0.1827120079588028
5.996101749664159e-10,0.9402211892461442,5.996101749664159e-10,0.1211673685903913
6.001082086639092e-10,0.9554838902693257,6.001082086639092e-10,0.08433871489335913
6.006687106656232e-10,0.9683919443511645,6.006687106656232e-10,0.05794385226193619
6.011781375659865e-10,0.9768545326242311,6.011781375659865e-10,0.04178358942410029
6.016819311031571e-10,0.9829736303956162,6.016819311031571e-10,0.03041146223764907
6.022569728607599e-10,0.9879848455122842,6.022569728607599e-10,0.02113570791886692
6.027460357372862e-10,0.9910685092522312,6.027460357372862e-10,0.0156690557449639
6.03252992267789e-10,0.9934703660876778,6.03252992267789e-10,0.01185920516629829
6.037387844112664e-10,0.995178205750906,6.037387844112664e-10,0.009382386492980274
6.042374268863339e-10,0.9964537876474355,6.042374268863339e-10,0.007506895340609411
6.047719242260443e-10,0.9974164071364436,6.047719242260443e-10,0.005892933952564275
6.053104331984443e-10,0.9980869153194095,6.053104331984443e-10,0.004544199505214481
6.058353012853128e-10,0.9985515831044355,6.058353012853128e-10,0.003486626160335903
6.063707689847683e-10,0.9988958073274125,6.063707689847683e-10,0.002644623536531342
6.07062161841732e-10,0.9992124729644691,6.07062161841732e-10,0.001854078009620604
6.075769655388752e-10,0.9993795561861331,6.075769655388752e-10,0.001440313168068978
6.080874588087252e-10,0.9995042567610384,6.080874588087252e-10,0.001130230394830957
6.085869646444627e-10,0.9995951332591786,6.085869646444627e-10,0.0008976647131143039
6.09138083908677e-10,0.9996705655571804,6.09138083908677e-10,0.0007034219891662475
6.096536105287949e-10,0.9997228210297535,6.096536105287949e-10,0.0005708986165157315
6.101614656399107e-10,0.9997626957342672,6.101614656399107e-10,0.0004767686906706628
6.107270673604692e-10,0.9997954204473668,6.107270673604692e-10,0.0004032445536621624
6.112134232903658e-10,0.9998169376529625,6.112134232903658e-10,0.0003586960345690617
6.117282153887746e-10,0.9998334584010319,6.117282153887746e-10,0.0003247020383338097
6.122077818815812e-10,0.9998454944499794,6.122077818815812e-10,0.0003011696879141789
6.127089569940575e-10,0.9998542917577152,6.127089569940575e-10,0.0002829164417682092
6.132349816137739e-10,0.9998617059511573,6.132349816137739e-10,0.0002685572408917302
6.137871369267999e-10,0.9998667711565196,6.137871369267999e-10,0.0002578125078953343
6.143215214208765e-10,0.9998709021517898,6.143215214208765e-10,0.0002501206210815695
6.148493549488591e-10,0.9998732821438128,6.148493549488591e-10,0.0002447002824218359
6.155231915989423e-10,0.9998760618250095,6.155231915989423e-10,0.0002394860135768888
6.160461588192029e-10,0.9998770263695653,6.160461588192029e-10,0.00023673472313097
6.16548249120244e-10,0.9998782970257393,6.16548249120244e-10,0.0002345415623526649
6.170503848483844e-10,0.9998786431340234,6.170503848483844e-10,0.0002330594234282209
6.175895871757611e-10,0.9998795419728586,6.175895871757611e-10,0.0002316824732340113
6.181166329890113e-10,0.9998795931187852,6.181166329890113e-10,0.0002308725532653037
6.186321397515528e-10,0.9998802298208911,6.186321397515528e-10,0.0002301074562820564
6.191797866831739e-10,0.9998801054759656,6.191797866831739e-10,0.0002296929317293854
6.198918104097702e-10,0.9998806629395177,6.198918104097702e-10,0.0002291200068325631
6.203984865819856e-10,0.9998804145849909,6.203984865819856e-10,0.0002289919949508849
6.209209062697053e-10,0.9998808472207349,6.209209062697053e-10,0.0002287148859184239
6.214181693221961e-10,0.9998805607585686,6.214181693221961e-10,0.0002286958407841198
6.219864413807272e-10,0.9998809835971264,6.219864413807272e-10,0.0002284947814364641
6.224943961371342e-10,0.9998806837855451,6.224943961371342e-10,0.0002285316787872603
6.229962833302357e-10,0.9998810478549114,6.229962833302357e-10,0.0002283778035259976
6.23580995625173e-10,0.9998806038179547,6.23580995625173e-10,0.0002284213794184693
6.242738786075169e-10,0.9998808686552908,6.242738786075169e-10,0.0002282825654636786
6.247645251923641e-10,0.9998803845236071,6.247645251923641e-10,0.0002283555532171552
6.253157415593727e-10,0.9998806842997953,6.253157415593727e-10,0.0002282492195751196
6.258122394633495e-10,0.9998806991533639,6.258122394633495e-10,0.0002284050359537906
6.264323965939599e-10,0.999882589285339,6.264323965939599e-10,0.0002284839679512898
6.269606770140437e-10,0.9998841093763499,6.269606770140437e-10,0.0002287275259061069
6.274733225737387e-10,0.9998848361842501,6.274733225737387e-10,0.0002284803684033534
6.281020919122272e-10,0.9998810133305958,6.281020919122272e-10,0.0002279507140525374
6.286702669445888e-10,0.9998736792049991,6.286702669445888e-10,0.0002269683993522533
6.291551607661042e-10,0.9998619238092348,6.291551607661042e-10,0.000226004826312403
6.296766887002706e-10,0.9998491841829309,6.296766887002706e-10,0.0002252299951509016
6.301858322209664e-10,0.9998528475397374,6.301858322209664e-10,0.0002274875858632901
6.30768220917971e-10,0.9999182592285181,6.30768220917971e-10,0.000237098751469157
6.313229726024719e-10,1.000050756823923,6.313229726024719e-10,0.0002513794639788584
6.318440034910586e-10,1.000177025648002,6.318440034910586e-10,0.0002574894746906398
6.32492526630224e-10,1.000189586922027,6.32492526630224e-10,0.0002411605300871796
6.330267158805077e-10,0.9999008661752388,6.330267158805077e-10,0.0001919763207285002
6.33519993378752e-10,0.9991907475763743,6.33519993378752e-10,0.0001050735066074083
6.340265726346153e-10,0.9980564029304049,6.340265726346153e-10,1.82534391260573e-06
6.345535684360112e-10,0.9971849906243482,6.345535684360112e-10,-4.38156413051549e-06
6.350973052699647e-10,0.9987976262853012,6.350973052699647e-10,0.0003560278062609805
6.356244669558619e-10,1.004782206462003,6.356244669558619e-10,0.001164450264588102
6.361578634452654e-10,1.01491275328931,6.361578634452654e-10,0.002140631698121587
6.368425941907957e-10,1.02929563787912,6.368425941907957e-10,0.002856476921299224
6.373599360194186e-10,1.030454300094343,6.373599360194186e-10,0.001638378318694651
6.378674931572607e-10,1.005838220635247,6.378674931572607e-10,-0.002942525324511488
6.383676416791679e-10,0.9449906951033561,6.383676416791679e-10,-0.01087777096963793
6.38914754096479e-10,0.8378996783539364,6.38914754096479e-10,-0.01887910539285391
6.394337071220607e-10,0.7133854828135612,6.394337071220607e-10,-0.01247834864562371
6.399437295356678e-10,0.5809989270615494,6.399437295356678e-10,0.01853273523361505
6.405027687029326e-10,0.4300311766630512,6.405027687029326e-10,0.08670701621448582
6.40998555215618e-10,0.3056484575221144,6.40998555215618e-10,0.176796075916701
6.415162398578354e-10,0.2039412761577385,6.415162398578354e-10,0.2939800284853395
6.419951128620991e-10,0.1389808316153038,6.419951128620991e-10,0.4101821426275215
6.424974250497073e-10,0.09509175291423209,6.424974250497073e-10,0.5308429687721536
6.430212212096149e-10,0.0664556347491104,6.430212212096149e-10,0.6436242958745394
6.435767234714466e-10,0.04631132473953516,6.435767234714466e-10,0.7367916388701881
6.441134053885563e-10,0.03297523425908976,6.441134053885563e-10,0.8033579821276779
6.446398811114884e-10,0.02364719199269802,6.446398811114884e-10,0.8502893321749293
6.453100928389183e-10,0.01559969300078438,6.453100928389183e-10,0.8922647093009692
6.458346630999848e-10,0.01169038710460447,6.458346630999848e-10,0.9172068365607385
6.463353136328303e-10,0.009194888750012146,6.463353136328303e-10,0.936959418988196
6.468380954494937e-10,0.007351551892011427,6.468380954494937e-10,0.9530423342614301
6.473750643739e-10,0.005762249861496176,6.473750643739e-10,0.966147118563614
6.479045353480148e-10,0.004460530898456902,6.479045353480148e-10,0.9755214247516092
6.484218028204605e-10,0.003435486858557469,6.484218028204605e-10,0.9821478650402395
6.489664853096932e-10,0.002593902336139371,6.489664853096932e-10,0.9871686581418211
6.496736484302021e-10,0.001805525620334386,6.496736484302021e-10,0.9916736298990463
6.501819922376535e-10,0.00140859949958007,6.501819922376535e-10,0.9939240094214019
6.507014572431406e-10,0.001101582043294388,6.507014572431406e-10,0.9956066295219769
6.511990044696571e-10,0.0008766109544991892,6.511990044696571e-10,0.9967602038261334
6.517645165071066e-10,0.0006838287302597425,6.517645165071066e-10,0.9976705833482514
6.522714695874409e-10,0.0005585193716157265,6.522714695874409e-10,0.998236031809305
6.527738873129485e-10,0.0004687562558405354,6.527738873129485e-10,0.9986436413239811
6.533532389462949e-10,0.0003962784995318923,6.533532389462949e-10,0.9989862701733693
6.538418210125721e-10,0.0003534855456288494,6.538418210125721e-10,0.9991991582550689
6.543452723060255e-10,0.0003215385918999391,6.543452723060255e-10,0.9993666177111128
6.548345330945675e-10,0.0002984117554124039,6.548345330945675e-10,0.9994893877608021
6.553320098807769e-10,0.000280964611022572,6.553320098807769e-10,0.9995839251262977
6.558711830822163e-10,0.0002668531786862127,6.558711830822163e-10,0.9996603622418518
6.564035483071368e-10,0.0002568965613025486,6.564035483071368e-10,0.9997170228624206
6.569238763055595e-10,0.0002496382273456365,6.569238763055595e-10,0.9997587028490675
6.57464459117534e-10,0.0002442109937072237,6.57464459117534e-10,0.9997915732009078
6.581659256892776e-10,0.0002389930859395889,6.581659256892776e-10,0.9998217438323729
6.586767464496783e-10,0.000236400725014677,6.586767464496783e-10,0.9998373297685579
6.591924599028919e-10,0.0002342570984230087,6.591924599028919e-10,0.9998486897670674
6.59690666250303e-10,0.000232837732565431,6.59690666250303e-10,0.999857034072251
6.602501549099353e-10,0.0002314975048971083,6.602501549099353e-10,0.9998636436180597
6.607602185592728e-10,0.0002307433308214288,6.607602185592728e-10,0.9998682605679539
6.612644388042887e-10,0.0002300408661285408,6.612644388042887e-10,0.9998713994045616
6.618385341851081e-10,0.0002296068702802495,6.618385341851081e-10,0.9998742450289946
6.623252092798305e-10,0.0002292028521861506,6.623252092798305e-10,0.9998757697301738
6.628331648239588e-10,0.0002290355396436719,6.628331648239588e-10,0.999877193892903
6.633177819131978e-10,0.0002287758830916532,6.633177819131978e-10,0.9998779745358378
6.638168339999585e-10,0.0002287229254529267,6.638168339999585e-10,0.9998788169176884
6.643498460358186e-10,0.0002285365916788147,6.643498460358186e-10,0.9998792479787111
6.648906375945026e-10,0.0002285418249464907,6.648906375945026e-10,0.9998798018620447
6.654170919670475e-10,0.0002284022006090821,6.654170919670475e-10,0.9998799724086105
6.659510864417696e-10,0.0002284289957988425,6.659510864417696e-10,0.999880327581924
6.666396222243508e-10,0.0002283019997495102,6.666396222243508e-10,0.9998804049147518
6.671556858924691e-10,0.0002283526039520791,6.671556858924691e-10,0.9998806427365292
6.676647263513736e-10,0.0002282573334113854,6.676647263513736e-10,0.9998805961942117
6.681646119292532e-10,0.0002283659200308119,6.681646119292532e-10,0.9998807911679936
6.687135106957109e-10,0.000228398499393638,6.687135106957109e-10,0.9998807323361868
6.692309276703437e-10,0.0002286656335551265,6.692309276703437e-10,0.999880917692944
6.697399309989042e-10,0.0002286448263100645,6.697399309989042e-10,0.9998808096628601
6.703020012206894e-10,0.0002282968421778791,6.703020012206894e-10,0.999880860454495
6.707919940048771e-10,0.0002276880727247026,6.707919940048771e-10,0.9998806696502996
6.713083811424031e-10,0.0002268495973954164,6.713083811424031e-10,0.9998806828091567
6.717873225586851e-10,0.0002257156356317352,6.717873225586851e-10,0.9998804584631452
6.722891329360342e-10,0.0002254288587742406,6.722891329360342e-10,0.9998806466097094
6.728135906474364e-10,0.0002281323000181761,6.728135906474364e-10,0.9998811462023197
6.733680149393755e-10,0.0002383512341625017,6.733680149393755e-10,0.9998829690553112
6.739035600535852e-10,0.0002521712784818652,6.739035600535852e-10,0.9998846036587768
6.744306957092531e-10,0.0002572533313167999,6.744306957092531e-10,0.9998842225149085
6.751025242504629e-10,0.0002381503703410112,6.751025242504629e-10,0.9998793428840792
6.756266859106483e-10,0.0001862401176670215,6.756266859106483e-10,0.9998705662912708
6.761277617465861e-10,9.386163503144276e-05,6.761277617465861e-10,0.9998572528985066
6.76630243597601e-10,-5.434094073516706e-06,6.76630243597601e-10,0.9998476350621477
6.771680455701802e-10,1.070892936001924e-05,6.771680455701802e-10,0.9998631080320298
6.776969578581003e-10,0.0004051416194264816,6.776969578581003e-10,0.9999414452592618
6.782135147886531e-10,0.001229060104559038,6.782135147886531e-10,1.000077180408005
6.787593562943732e-10,0.002217486550439403,6.787593562943732e-10,1.00019178521539
6.794687475008834e-10,0.00282178592887637,6.794687475008834e-10,1.00014382055189
6.799765575336001e-10,0.001308155969789156,6.799765575336001e-10,0.9997573020001885
6.804970971336837e-10,-0.003909159064567536,6.804970971336837e-10,0.9988535164528338
6.8099436559384e-10,-0.01210990932250117,6.8099436559384e-10,0.9977162805528599
6.815613159945357e-10,-0.01914492880472275,6.815613159945357e-10,0.997322552567192
6.820687648329527e-10,-0.009483367220813065,6.820687648329527e-10,1.000020008787053
6.825708159062091e-10,0.02500749930304421,6.825708159062091e-10,1.007007560990531
6.831519073902326e-10,0.1011323093740421,6.831519073902326e-10,1.018861847624609
6.83642052426493e-10,0.1949492564456282,6.83642052426493e-10,1.029500562605957
6.841441657465247e-10,0.3109505998232505,6.841441657465247e-10,1.031284609572193
6.84635232236199e-10,0.4301298939793382,6.84635232236199e-10,1.009514879786221
6.851324720912282e-10,0.5488782616966145,6.851324720912282e-10,0.9523540886341626
6.856741638783379e-10,0.6616427775949908,6.856741638783379e-10,0.8494078979657407
6.862035840727277e-10,0.7465895028826753,6.862035840727277e-10,0.7236565173285097
6.867218043655608e-10,0.808602946756092,6.867218043655608e-10,0.5897988380935805
6.872656707946198e-10,0.8553045086265616,6.872656707946198e-10,0.4428368277663811
6.879728970825185e-10,0.8977894542772378,6.879728970825185e-10,0.2713218356115515
6.884814769108498e-10,0.9210659084565187,6.884814769108498e-10,0.1809539643921286
6.890006869188743e-10,0.9407386905402866,6.890006869188743e-10,0.1197814778442647
6.894980943203351e-10,0.9558746270682037,6.894980943203351e-10,0.08351481263050091
6.900633560714265e-10,0.9687633627988751,6.900633560714265e-10,0.05722492757745283
6.905705978452723e-10,0.9770956661010607,6.905705978452723e-10,0.04133738760586864
6.910729136504874e-10,0.9831335676381906,6.910729136504874e-10,0.0301168005797177
6.916514172569045e-10,0.9881232343386719,6.916514172569045e-10,0.02088520165714288
6.9214029566493e-10,0.9911708557493664,6.9214029566493e-10,0.01549751610644291
6.926442060857654e-10,0.993534904279165,6.926442060857654e-10,0.01176465927708496
6.931329109100975e-10,0.9952337388501475,6.931329109100975e-10,0.009302129106841058
6.936304905620552e-10,0.9964921159866252,6.936304905620552e-10,0.007448907963055596
6.941693989465611e-10,0.9974486502026085,6.941693989465611e-10,0.005832532212151508
6.947026477743524e-10,0.9981047013091714,6.947026477743524e-10,0.004506740519311572
6.952234644309564e-10,0.9985605813829992,6.952234644309564e-10,0.003464063302384453
6.957637909664149e-10,0.9989058895865371,6.957637909664149e-10,0.002620852294937246
6.964645791054822e-10,0.9992221224171651,6.964645791054822e-10,0.001828943057692532
6.96975857115266e-10,0.9993866255711839,6.96975857115266e-10,0.00142408140924271
6.974911994238091e-10,0.9995097488693191,6.974911994238091e-10,0.001115138911521895
6.97989347781869e-10,0.9995998777186723,6.97989347781869e-10,0.0008867942515150175
6.985485967735979e-10,0.9996742029125347,6.985485967735979e-10,0.0006928533386341644
6.990591023390667e-10,0.9997259654068781,6.990591023390667e-10,0.0005644569995320314
6.99563370947002e-10,0.9997640284894207,6.99563370947002e-10,0.0004725603364521304
7.0013685482339e-10,0.9997976015111579,7.0013685482339e-10,0.0003996476350067572
7.006239063229463e-10,0.9998177964728967,7.006239063229463e-10,0.0003558775261185808
7.011324358949133e-10,0.999834738026825,7.011324358949133e-10,0.000323159669502244
7.016166366111829e-10,0.9998457294414203,7.016166366111829e-10,0.0002996619053830999
7.021155559300892e-10,0.9998552526820755,7.021155559300892e-10,0.0002820166988471053
7.026484293189841e-10,0.9998616696919298,7.026484293189841e-10,0.0002675898213504958
7.031896241815054e-10,0.9998674689920247,7.031896241815054e-10,0.0002574508291798677
7.037162882742758e-10,0.9998705448175909,7.037162882742758e-10,0.000249797749006147
7.042499957154185e-10,0.9998738678941683,7.042499957154185e-10,0.0002445608744891408
7.049382575630431e-10,0.999875702589987,7.049382575630431e-10,0.0002391477315952795
7.054548112306554e-10,0.9998775741147572,7.054548112306554e-10,0.0002366651751603587
7.05963437964711e-10,0.9998778835750618,7.05963437964711e-10,0.0002343077512908697
7.064633249408187e-10,0.9998791660424322,7.064633249408187e-10,0.0002330462821523315
7.070118721215928e-10,0.9998791046260438,7.070118721215928e-10,0.0002314980889470357
7.075297970114352e-10,0.9998800970936289,7.075297970114352e-10,0.0002309068361391997
7.080389754105692e-10,0.9998797649738779,7.080389754105692e-10,0.000229981983174743
7.086004006789353e-10,0.9998806022636665,7.086004006789353e-10,0.0002297477845016468
7.090911096624907e-10,0.9998801367201214,7.090911096624907e-10,0.0002291291246445613
7.096079241748276e-10,0.9998808657806456,7.096079241748276e-10,0.000229153661031252
7.100866756457256e-10,0.999880333629798,7.100866756457256e-10,0.0002286881656795059
7.105886181510233e-10,0.9998810178180126,7.105886181510233e-10,0.0002288348928233293
7.111128394345244e-10,0.9998804686904298,7.111128394345244e-10,0.0002284425663063
7.116681439428578e-10,0.9998811511558549,7.116681439428578e-10,0.0002286490650818257
7.122043796083261e-10,0.9998805631121331,7.122043796083261e-10,0.0002283016096539749
7.127311832432541e-10,0.9998811309143077,7.127311832432541e-10,0.0002285358080879097
7.134024182132819e-10,0.999880417989026,7.134024182132819e-10,0.0002282006522415801
7.139266753281034e-10,0.9998809174835396,7.139266753281034e-10,0.000228458789976081
7.144276395941986e-10,0.9998801924719215,7.144276395941986e-10,0.0002281537147006608
7.149302556678065e-10,0.9998809458017788,7.149302556678065e-10,0.0002284653652449538
7.154678516373446e-10,0.9998811008534089,7.154678516373446e-10,0.0002282775170482764
7.159969855990099e-10,0.9998834965331946,7.159969855990099e-10,0.0002287564874351112
7.165138039935737e-10,0.999884525805638,7.165138039935737e-10,0.0002285409610216556
7.170593831280439e-10,0.9998840948554161,7.170593831280439e-10,0.0002284614196988999
7.177678719915459e-10,0.9998778697071639,7.177678719915459e-10,0.0002274016881135764
7.182757840943453e-10,0.9998687600762627,7.182757840943453e-10,0.000226641452949231
7.18796080988335e-10,0.9998540317164912,7.18796080988335e-10,0.000225236261446265
7.192934974088454e-10,0.9998478321929262,7.192934974088454e-10,0.0002260050939431311
7.198599098789022e-10,0.9998752203856077,7.198599098789022e-10,0.0002310865661395753
7.203671264554874e-10,0.9999655696896149,7.203671264554874e-10,0.0002430552183054088
7.208693610976659e-10,1.000105536179618,7.208693610976659e-10,0.0002559794869982256
7.214499783759476e-10,1.000204659849513,7.214499783759476e-10,0.0002543015405484329
7.219413362234352e-10,1.000174061258669,7.219413362234352e-10,0.0002363282148788104
7.224435679631967e-10,0.9998505908677705,7.224435679631967e-10,0.0001843688284699373
7.229346174873381e-10,0.9990892114963362,7.229346174873381e-10,9.327564417040645e-05
7.234319669665401e-10,0.997966195988329,7.234319669665401e-10,-4.13388375368881e-06
7.239733962133023e-10,0.997180065791775,7.239733962133023e-10,8.932612495012e-06
7.245030697494293e-10,0.9990479754579257,7.245030697494293e-10,0.0003985385556076582
7.250215920017324e-10,1.005249772771109,7.250215920017324e-10,0.001221317316486677
7.255651184600769e-10,1.01576274481768,7.255651184600769e-10,0.002207506147184026
7.262710454978858e-10,1.030113980387241,7.262710454978858e-10,0.002829142694788652
7.267799168204657e-10,1.029340396209643,7.267799168204657e-10,0.001358563828731699
7.272986257117605e-10,1.000356330493996,7.272986257117605e-10,-0.003768229286856302
7.277961713223168e-10,0.9351712074911428,7.277961713223168e-10,-0.0119277125265178
7.283605758079567e-10,0.8204554711098458,7.283605758079567e-10,-0.01913989200593663
7.288680435570136e-10,0.6969898679517961,7.288680435570136e-10,-0.01002093876071145
7.293706359805204e-10,0.5654803750570044,7.293706359805204e-10,0.02384066534561725
7.29948518075405e-10,0.4097525239089014,7.29948518075405e-10,0.09867355409129382
7.304389321903888e-10,0.2897186381897448,7.304389321903888e-10,0.1917523563979412
7.309432541785835e-10,0.1946716216901634,7.309432541785835e-10,0.3078779949977529
7.314317893124383e-10,0.1317683264820038,7.314317893124383e-10,0.4264547387835039
7.319295612498423e-10,0.09094206844319851,7.319295612498423e-10,0.5454822008179591
7.324678627809481e-10,0.06313247581747679,7.324678627809481e-10,0.6582883570515394
7.330014664579134e-10,0.0447070316258729,7.330014664579134e-10,0.744651234622638
7.335227042686639e-10,0.03216425340210748,7.335227042686639e-10,0.8074913285554954
7.340623619969701e-10,0.02286851470715193,7.340623619969701e-10,0.8542108621225281
7.347613957989881e-10,0.01486304792230844,7.347613957989881e-10,0.8965855251453538
7.352730072680411e-10,0.01128074900172679,7.352730072680411e-10,0.9201999363536557
7.357876535368687e-10,0.008844532626855056,7.357876535368687e-10,0.9398833611563032
7.362860332880518e-10,0.007094333591925755,7.362860332880518e-10,0.9552283861801529
7.368437707672734e-10,0.005494246205952243,7.368437707672734e-10,0.9681534270039536
7.373547483391368e-10,0.004282117816022484,7.373547483391368e-10,0.9767035333656813
7.378595423489538e-10,0.003315644842280197,7.378595423489538e-10,0.9828724691018444
7.384319169099473e-10,0.002467312444378352,7.384319169099473e-10,0.9878946441743236
7.389210559934939e-10,0.001922671511316306,7.389210559934939e-10,0.9910001870531431
7.3943035005774e-10,0.001496516536749536,7.3943035005774e-10,0.9934300092981153
7.399143006848646e-10,0.001188046584870979,7.399143006848646e-10,0.9951419709189274
7.404135678817075e-10,0.0009423308363765597,7.404135678817075e-10,0.996429958145531
7.409456191518813e-10,0.0007425798571799059,7.409456191518813e-10,0.9973954381461977
7.414877088717755e-10,0.0005933428329720476,7.414877088717755e-10,0.9980769102709424
7.420150653029954e-10,0.0004895666389082766,7.420150653029954e-10,0.9985454548328386
7.425482247682791e-10,0.0004159876212160277,7.425482247682791e-10,0.9988908412760589
7.432340433116367e-10,0.0003518013067912394,7.432340433116367e-10,0.999206150728445
7.437513041537013e-10,0.0003197210726866257,7.437513041537013e-10,0.9993763345568295
7.442590811700123e-10,0.0002962222162754869,7.442590811700123e-10,0.9995004465512493
7.447591142850946e-10,0.0002793861567029121,7.447591142850946e-10,0.9995931683277648
7.453064164081864e-10,0.0002654156118096552,7.453064164081864e-10,0.9996678474042328
7.458251425851179e-10,0.0002561840829488922,7.458251425851179e-10,0.9997218701841436
7.463349008490505e-10,0.000249115696063538,7.463349008490505e-10,0.9997612763136473
7.468942284862528e-10,0.0002437775662855498,7.468942284862528e-10,0.9997948715601633
7.473895100701469e-10,0.0002398726681849736,7.473895100701469e-10,0.9998160403261844
7.479069829481203e-10,0.0002371552921806252,7.479069829481203e-10,0.9998336856250076
7.483858128823322e-10,0.0002348492635740389,7.483858128823322e-10,0.9998448294057032
7.488879710889578e-10,0.0002333943925545089,7.488879710889578e-10,0.9998546295747562
7.494121196737323e-10,0.0002318611239839261,7.494121196737323e-10,0.9998611204118385
7.499672285660792e-10,0.0002310600547790961,7.499672285660792e-10,0.9998671793045157
7.505034786316476e-10,0.0002301214375886873,7.505034786316476e-10,0.99987040213038
7.510302122417558e-10,0.0002298210798164058,7.510302122417558e-10,0.9998737218300963
7.517009119698336e-10,0.0002291317172203825,7.517009119698336e-10,0.9998755656196716
7.522255015450044e-10,0.0002290938304007287,7.522255015450044e-10,0.9998774768482286
7.527262157747168e-10,0.0002286956460149873,7.527262157747168e-10,0.9998778143160223
7.53229060695902e-10,0.0002287808360299944,7.53229060695902e-10,0.9998791004106762
7.537660885954665e-10,0.0002284609231010099,7.537660885954665e-10,0.9998790649232099
7.542956009896494e-10,0.0002286052803544181,7.542956009896494e-10,0.9998800551226416
7.548128654203501e-10,0.000228331540802346,7.548128654203501e-10,0.9998797592713345
7.553577539480255e-10,0.0002284931168275844,7.553577539480255e-10,0.9998805696286416
7.560653173915315e-10,0.0002282313371512533,7.560653173915315e-10,0.9998801922005163
7.565735315611666e-10,0.0002284176877337929,7.565735315611666e-10,0.9998808794817251
7.570932827659668e-10,0.0002281895972726764,7.570932827659668e-10,0.9998803779716947
7.575907641774343e-10,0.0002284411898042936,7.575907641774343e-10,0.9998810260759831
7.58156625569141e-10,0.0002283530056360909,7.58156625569141e-10,0.9998805144563718
7.586636559895581e-10,0.0002287490205362467,7.586636559895581e-10,0.9998811494975111
7.591660009909536e-10,0.0002285706076813606,7.591660009909536e-10,0.9998805821186638
7.597455176521526e-10,0.000228279941404552,7.597455176521526e-10,0.9998810736771133
7.602344242456605e-10,0.0002275350829554869,7.602344242456605e-10,0.9998804342667613
7.607375970891403e-10,0.0002267742242849373,7.607375970891403e-10,0.9998808912289351
7.612271842165537e-10,0.0002254753286592291,7.612271842165537e-10,0.9998802174436868
7.6172468288798e-10,0.0002256410299470791,7.6172468288798e-10,0.9998809208089288
7.622644384817899e-10,0.0002290083908399459,7.622644384817899e-10,0.9998810942451331
7.627964248590141e-10,0.000239916939984233,7.627964248590141e-10,0.9998834228433128
7.633164050407527e-10,0.0002534084823980637,7.633164050407527e-10,0.9998845179624195
7.63857821839393e-10,0.000256693843465789,7.63857821839393e-10,0.9998841506259892
7.645604824646878e-10,0.000232627128483798,7.645604824646878e-10,0.9998781162177067
7.65070867999811e-10,0.0001753995267676037,7.65070867999811e-10,0.9998690992843929
7.655873836391469e-10,7.432904696697425e-05,7.655873836391469e-10,0.9998545831981112
7.660853124767388e-10,-1.641157702788346e-05,7.660853124767388e-10,0.9998477413646709
7.666462077747159e-10,5.161461377852324e-05,7.666462077747159e-10,0.999872558574703
7.67155604082044e-10,0.0005143141388264217,7.67155604082044e-10,0.9999605785263465
7.676592282962597e-10,0.001375863631904268,7.676592282962597e-10,1.000099446792118
7.682343170051782e-10,0.002384232451097863,7.682343170051782e-10,1.0002027599181
7.687217799931823e-10,0.002892539660463963,7.687217799931823e-10,1.000181338595769
7.692288655029374e-10,0.001907567391158425,7.692288655029374e-10,0.9998762201930043
7.697143144685719e-10,-0.00202369100337773,7.697143144685719e-10,0.9991529222690008
7.702127272155614e-10,-0.00954065581264979,7.702127272155614e-10,0.9980357238674331
7.70747447651286e-10,-0.01815065946250466,7.70747447651286e-10,0.9971797778322574
7.712863976025777e-10,-0.01460195190743944,7.712863976025777e-10,0.9988557641266258
7.718112433481626e-10,0.01378269823906044,7.718112433481626e-10,1.004895081286588
7.723468674088098e-10,0.07493143731473365,7.723468674088098e-10,1.015113210480337
7.730380640981637e-10,0.2008749321354172,7.730380640981637e-10,1.029523453778034
7.735532283293795e-10,0.3204960438760939,7.735532283293795e-10,1.030192357294513
7.740634792662425e-10,0.4441660836537574,7.740634792662425e-10,1.004487608063635
7.74562856262283e-10,0.5627106462847254,7.74562856262283e-10,0.9425363661848407
7.751139752053622e-10,0.6743340652386332,7.751139752053622e-10,0.833584266483991
7.756296100186944e-10,0.7542832403416802,7.756296100186944e-10,0.7094144031441173
7.761373292361184e-10,0.8131977726447748,7.761373292361184e-10,0.5773652870818603
7.767028356060878e-10,0.8600802576351647,7.767028356060878e-10,0.4247157217586465
7.771893512593105e-10,0.8894299481585658,7.771893512593105e-10,0.3031839379249631
7.777043479314669e-10,0.9145496574871832,7.777043479314669e-10,0.2026076848174872
7.781837086771327e-10,0.9340396439534724,7.781837086771327e-10,0.1380339244194836
7.786847795764361e-10,0.9506945289003791,7.786847795764361e-10,0.09459427770805295
7.792108093393228e-10,0.9641879050546071,7.792108093393228e-10,0.06603252493495043
7.797632479735485e-10,0.9744792451418014,7.797632479735485e-10,0.04611939563365534
7.802976345897413e-10,0.9815902610640178,7.802976345897413e-10,0.03288870003724096
7.808254738750298e-10,0.9866362285196383,7.808254738750298e-10,0.02356423699394483
7.814993772241541e-10,0.9911394151071616,7.814993772241541e-10,0.01551368748634813
7.820224940712979e-10,0.9935897041880644,7.820224940712979e-10,0.01164280995813084
7.82524487283131e-10,0.9953140402582722,7.82524487283131e-10,0.009155189236562247
7.830265502819097e-10,0.9965611599420423,7.830265502819097e-10,0.007323510188317353
7.835658268079927e-10,0.997497066374783,7.835658268079927e-10,0.005732619856202602
7.840930267826846e-10,0.9981336461952218,7.840930267826846e-10,0.00444153008844704
7.846084787928457e-10,0.9985772145698456,7.846084787928457e-10,0.003423482610606318
7.851562108109488e-10,0.9989227822134947,7.851562108109488e-10,0.002580857541337502
7.858686641970907e-10,0.9992372913983895,7.858686641970907e-10,0.001791736212799732
7.863754194211201e-10,0.9993973985038481,7.863754194211201e-10,0.001399480132692372
7.868978677623076e-10,0.9995186021064982,7.868978677623076e-10,0.001092945348090034
7.873950573902705e-10,0.9996070167044816,7.873950573902705e-10,0.000870290730147428
7.879636390892065e-10,0.9996798712439718,7.879636390892065e-10,0.000678180217382599
7.884717685126818e-10,0.999730686009013,7.884717685126818e-10,0.0005543334333226192
7.88973597978115e-10,0.9997668358629468,7.88973597978115e-10,0.0004656560244122664
7.895582434241016e-10,0.9998007860928317,7.895582434241016e-10,0.0003937902503594601
7.902502413903036e-10,0.9998266527014739,7.902502413903036e-10,0.0003371524159915049
7.907396226901749e-10,0.9998414669724226,7.907396226901749e-10,0.0003104312747231406
7.912961464405594e-10,0.9998514434464575,7.912961464405594e-10,0.0002875382168422884
7.917924088568526e-10,0.9998600766205388,7.917924088568526e-10,0.0002730725695005628
7.924140033766001e-10,0.9998653993537254,7.924140033766001e-10,0.0002594240496673518
7.929426457933754e-10,0.9998706976915543,7.929426457933754e-10,0.0002517206443457057
7.934559526945976e-10,0.9998722319672962,7.934559526945976e-10,0.0002456844757249728
7.94084475137644e-10,0.9998760154369691,7.94084475137644e-10,0.0002408308117121729
7.946511157741092e-10,0.9998762640005222,7.946511157741092e-10,0.0002371736315667727
7.951360177985436e-10,0.9998785364099312,7.951360177985436e-10,0.0002353029943582878
7.956566508505761e-10,0.9998780080458114,7.956566508505761e-10,0.0002332264164326866
7.961663637924597e-10,0.9998798771665729,7.961663637924597e-10,0.0002322218916267406
7.967472731632338e-10,0.9998790470110995,7.967472731632338e-10,0.0002308313909285195
7.973008142618486e-10,0.9998806759564197,7.973008142618486e-10,0.0002303842704897372
7.978220759673766e-10,0.9998795963415282,7.978220759673766e-10,0.0002295679755909677
7.98471660504807e-10,0.9998811009190692,7.98471660504807e-10,0.0002294092521686142
7.990054810525935e-10,0.9998799157067604,7.990054810525935e-10,0.0002288427806024354
7.994990033696137e-10,0.9998813000645863,7.994990033696137e-10,0.0002289644656777457
8.000053616281766e-10,0.9998800666589762,8.000053616281766e-10,0.0002285262583310885
8.005327751887255e-10,0.9998814343202908,8.005327751887255e-10,0.000228726415402279
8.010758818327701e-10,0.9998801969719224,8.010758818327701e-10,0.0002283477830378215
8.016025416133144e-10,0.9998815234042755,8.016025416133144e-10,0.0002285928897059411
8.021362099171536e-10,0.9998801663506895,8.021362099171536e-10,0.0002282357886619945
8.028226436322444e-10,0.9998813726623822,8.028226436322444e-10,0.0002284937714917458
8.033394593380975e-10,0.9998799494865849,8.033394593380975e-10,0.0002281601818905179
8.03847549408984e-10,0.9998811471737613,8.03847549408984e-10,0.0002284491122911773
8.04347580442415e-10,0.9998800165958376,8.04347580442415e-10,0.0002281727618774419
8.048954458394552e-10,0.9998821832296951,8.048954458394552e-10,0.000228588661960192
8.054138340806557e-10,0.9998826858519966,8.054138340806557e-10,0.0002284718624258248
8.059234772181527e-10,0.9998855688249065,8.059234772181527e-10,0.0002288374562449233
8.064837229862869e-10,0.999882872931527,8.064837229862869e-10,0.0002281101060489234
8.069759233973843e-10,0.9998805231393699,8.069759233973843e-10,0.0002278855935301785
8.074932750831185e-10,0.9998710088892323,8.074932750831185e-10,0.0002266640861729317
8.079719262264869e-10,0.9998603549723375,8.079719262264869e-10,0.0002259154766078698
8.084740993020308e-10,0.999847670299634,8.084740993020308e-10,0.0002252294123588992
8.089979449775029e-10,0.9998572371983832,8.089979449775029e-10,0.0002282923372481074
8.095534762865206e-10,0.9999257830357887,8.095534762865206e-10,0.0002380990768099308
8.100898190042337e-10,1.000060369999872,8.100898190042337e-10,0.0002523535245497235
8.10616544832292e-10,1.000180618131023,8.10616544832292e-10,0.0002570022330071243
8.112871537080017e-10,1.000179483226189,8.112871537080017e-10,0.0002385854459637377
8.118118584261137e-10,0.9998608004846716,8.118118584261137e-10,0.000186370454346966
8.1231248182856e-10,0.9990953561802025,8.1231248182856e-10,9.469847109544753e-05
8.128152328882368e-10,0.997954751476957,8.128152328882368e-10,-5.25141135041862e-06
8.13352335325184e-10,0.9971841203516424,8.13352335325184e-10,9.915400388131159e-06
8.138819937516796e-10,0.9990726515403205,8.138819937516796e-10,0.0004018248639641519
8.143991993322317e-10,1.005284217076474,8.143991993322317e-10,0.001225333494705127
8.149441280034057e-10,1.015833782514594,8.149441280034057e-10,0.002212226371704365
8.156524307187594e-10,1.030178762925725,8.156524307187594e-10,0.002825033022396599
8.161607199779235e-10,1.029208151640997,8.161607199779235e-10,0.001328590844445805
8.166805348415387e-10,0.9997804994601909,8.166805348415387e-10,-0.003851960209221661
8.171779763711661e-10,0.9341344561244335,8.171779763711661e-10,-0.01203570452948063
8.177438989584086e-10,0.8187124940603357,8.177438989584086e-10,-0.01914376739092704
8.182511535432577e-10,0.6951378088794714,8.182511535432577e-10,-0.009711657733571378
8.187534428768407e-10,0.5635896259769453,8.187534428768407e-10,0.02451822737266217
8.193331240033457e-10,0.4074328367049133,8.193331240033457e-10,0.1000888827575526
8.198221318891267e-10,0.2880904486395752,8.198221318891267e-10,0.1933292657182291
8.203250891161038e-10,0.1937243393509444,8.203250891161038e-10,0.3093309923104542
8.208148715968512e-10,0.1310148446989164,8.208148715968512e-10,0.4282071306850348
8.213123824715166e-10,0.09049163960141141,8.213123824715166e-10,0.5470996650764813
8.218523222168112e-10,0.06277262483680542,8.218523222168112e-10,0.6598939120985299
8.22383949030956e-10,0.04451651369407293,8.22383949030956e-10,0.7455806716762071
8.229037835330309e-10,0.0320586765933789,8.229037835330309e-10,0.8080291541556515
8.234454188636503e-10,0.02276328139418068,8.234454188636503e-10,0.8547356266378124
8.241488020129201e-10,0.01476278877338494,8.241488020129201e-10,0.8971864061545433
8.246589224606104e-10,0.01122161387947478,8.246589224606104e-10,0.9206319553638128
8.251758318634107e-10,0.008794140536607761,8.251758318634107e-10,0.9403105759652852
8.256737309206769e-10,0.007055424130901311,8.256737309206769e-10,0.9555508284837924
8.26235074103263e-10,0.005453850415723703,8.26235074103263e-10,0.9684560485500477
8.26744216128967e-10,0.004252016107859676,8.26744216128967e-10,0.9768975806304446
8.272477113311658e-10,0.003294990877836295,8.272477113311658e-10,0.9830016286790489
8.278231333774655e-10,0.002447021762189138,8.278231333774655e-10,0.9880075989889544
8.283105734561746e-10,0.001909917228157415,8.283105734561746e-10,0.991076347795863
8.288171934299532e-10,0.001487913107220763,8.288171934299532e-10,0.9934751290957761
8.293030368869447e-10,0.001181319589078081,8.293030368869447e-10,0.9951815598653793
8.298014678697571e-10,0.000936525050825686,8.298014678697571e-10,0.9964560289070347
8.303363534605248e-10,0.0007382989832861725,8.303363534605248e-10,0.9974182331231688
8.308748289319112e-10,0.0005901461490739205,8.308748289319112e-10,0.9980884538614826
8.313993490371026e-10,0.000488729834807064,8.313993490371026e-10,0.9985521184810606
8.319352464809943e-10,0.0004141308473270476,8.319352464809943e-10,0.9988967500713263
8.326278569237541e-10,0.0003510182622367143,8.326278569237541e-10,0.9992132779710439
8.331424038170016e-10,0.0003183392602962285,8.331424038170016e-10,0.9993804039617479
8.336533177362162e-10,0.000296042691313322,8.336533177362162e-10,0.9995046644478229
8.341525572831585e-10,0.0002783077927543512,8.341525572831585e-10,0.9995957164421236
8.34704293985224e-10,0.0002654961368660339,8.34704293985224e-10,0.9996707530848581
8.352195001723834e-10,0.0002553394914437782,8.352195001723834e-10,0.9997232556307197
8.357267995082313e-10,0.0002494794457791122,8.357267995082313e-10,0.999762667514265
8.362934895735564e-10,0.0002430250666093439,8.362934895735564e-10,0.9997957720095976
8.367796757791637e-10,0.0002403286596120605,8.367796757791637e-10,0.9998168756530131
8.372938738798204e-10,0.0002365500076328507,8.372938738798204e-10,0.9998337157813673
8.377736327802481e-10,0.0002353517332818546,8.377736327802481e-10,0.9998453691811396
8.382745158323364e-10,0.0002328147399955093,8.382745158323364e-10,0.9998545161247124
8.388011211019724e-10,0.0002323798904240623,8.388011211019724e-10,0.9998615561509591
8.393525724391184e-10,0.0002304985208345437,8.393525724391184e-10,0.9998669767678343
8.398862413352379e-10,0.0002306592671417688,8.398862413352379e-10,0.9998707259609368
8.404145723820847e-10,0.0002292686403299668,8.404145723820847e-10,0.9998734783177708
8.410896665680388e-10,0.0002296688357134592,8.410896665680388e-10,0.999875885005845
8.416120804412773e-10,0.0002285456672164089,8.416120804412773e-10,0.999877220006036
8.421146891387548e-10,0.0002292345345721472,8.421146891387548e-10,0.9998781146402563
8.426165291951371e-10,0.0002282360072478832,8.426165291951371e-10,0.9998788351492642
8.431566739038187e-10,0.0002289997366665562,8.431566739038187e-10,0.999879356849823
8.436829604598771e-10,0.000228063374323652,8.436829604598771e-10,0.99987978437925
8.441978114602377e-10,0.0002288703170328126,8.441978114602377e-10,0.9998800415510348
8.44746689179113e-10,0.0002279527656934185,8.44746689179113e-10,0.9998802967625929
8.45460997733652e-10,0.0002287689460370466,8.45460997733652e-10,0.9998804742135585
8.459671141889527e-10,0.0002278793839602827,8.459671141889527e-10,0.9998806062734076
8.464907617754452e-10,0.0002287264709516739,8.464907617754452e-10,0.9998806570775758
8.46987908863701e-10,0.0002279072448989866,8.46987908863701e-10,0.9998807530862448
8.475575311655777e-10,0.000228897260182223,8.475575311655777e-10,0.9998807927267604
8.480661281022978e-10,0.0002282208121874013,8.480661281022978e-10,0.9998808767129106
8.485678608589367e-10,0.0002290932886569297,8.485678608589367e-10,0.999880854396497
8.491550559673033e-10,0.0002277143256260612,8.491550559673033e-10,0.9998807954471666
8.498411716189218e-10,0.000227753084826446,8.498411716189218e-10,0.9998806743554611
8.503311621501782e-10,0.0002258302287126668,8.503311621501782e-10,0.9998805773938797
8.508835033297713e-10,0.0002256571229681307,8.508835033297713e-10,0.9998804909248136
8.513801817661989e-10,0.0002261279045989529,8.513801817661989e-10,0.9998809010869936
8.52001475305823e-10,0.0002357383278541751,8.52001475305823e-10,0.9998824149568071
8.525308563757922e-10,0.0002484275183025843,8.525308563757922e-10,0.9998843254588087
8.53044359544982e-10,0.0002579803447352291,8.53044359544982e-10,0.9998846347784148
8.536731616814221e-10,0.0002461416628592881,8.536731616814221e-10,0.9998811251301631
8.54239195064971e-10,0.0002042573977801776,8.54239195064971e-10,0.999873361016657
8.547241320805528e-10,0.0001270944944035626,8.547241320805528e-10,0.9998619427721682
8.552443451558319e-10,1.652866041855588e-05,8.552443451558319e-10,0.9998486379825208
8.557543640279855e-10,-2.332692821315009e-05,8.557543640279855e-10,0.9998532683201086
8.563346179695037e-10,0.0002839431470677602,8.563346179695037e-10,0.999919024950083
8.568875030278267e-10,0.001073382696334868,8.568875030278267e-10,1.000051666837596
8.574089464312634e-10,0.002040722446403043,8.574089464312634e-10,1.000177105578523
8.580592918336729e-10,0.002851539767946644,8.580592918336729e-10,1.000189049295856
8.585928477301527e-10,0.001983823213717274,8.585928477301527e-10,0.9998978021100213
8.590865596838895e-10,-0.001868820446114506,8.590865596838895e-10,0.9991840547292242
8.595926995576547e-10,-0.009456457121319728,8.595926995576547e-10,0.9980491770500426
8.601206014695874e-10,-0.0180299610190789,8.601206014695874e-10,0.9971842018914575
8.606633711114704e-10,-0.01473627322854609,8.606633711114704e-10,0.998817113979883
8.611895819574932e-10,0.01340189089986072,8.611895819574932e-10,1.004816836771077
8.61723791667736e-10,0.07403402547119589,8.61723791667736e-10,1.014974457644824
8.624107601869278e-10,0.1986150800846319,8.624107601869278e-10,1.029369938518262
8.629274044320543e-10,0.318336190037535,8.629274044320543e-10,1.030369366511265
8.634357698099027e-10,0.4415794622382537,8.634357698099027e-10,1.005406443670359
8.639356739808241e-10,0.5603858996009147,8.639356739808241e-10,0.9442015275001362
8.644840058181294e-10,0.6720071656180119,8.644840058181294e-10,0.8365269136161774
8.650018943669697e-10,0.7528294823124081,8.650018943669697e-10,0.7121215843158887
8.655111744838215e-10,0.8122839864357195,8.655111744838215e-10,0.5798451780142918
8.660721846536631e-10,0.8591259878026681,8.660721846536631e-10,0.4283624176527442
8.665634980394828e-10,0.888949487048851,8.665634980394828e-10,0.305224545020243
8.670804424733657e-10,0.914240425081061,8.670804424733657e-10,0.2037574497445699
8.675591679078111e-10,0.9337573371810011,8.675591679078111e-10,0.1388748703057343
8.680610368192622e-10,0.9504926836997558,8.680610368192622e-10,0.09505762678040754
8.685854280989893e-10,0.9640009757891969,8.685854280989893e-10,0.06640670087770803
8.691406144734068e-10,0.9743903569421645,8.691406144734068e-10,0.04628768983809307
8.696769514534041e-10,0.9815483094284643,8.696769514534041e-10,0.03296625917309651
8.702036195907817e-10,0.9865968365498927,8.702036195907817e-10,0.0236375119513695
8.708745373310588e-10,0.9910957382259616,8.708745373310588e-10,0.01558726882887836
8.713989788708358e-10,0.9935634112821456,8.713989788708358e-10,0.01168273762578016
8.718997580594869e-10,0.9952907663498851,8.718997580594869e-10,0.009189173036962213
8.7240236425306e-10,0.9965461192026455,8.7240236425306e-10,0.007347474854683636
8.729398777627259e-10,0.9974836599541902,8.729398777627259e-10,0.005757667683271348
8.734691222956709e-10,0.9981267668962914,8.734691222956709e-10,0.004457032213221219
8.739860415942244e-10,0.9985728298409745,8.739860415942244e-10,0.003433583940090208
8.745314294059885e-10,0.99891877628377,8.745314294059885e-10,0.002591260141349261
8.752397461185368e-10,0.9992326015190004,8.752397461185368e-10,0.001802909652701876
8.757479215371612e-10,0.9993947281010265,8.757479215371612e-10,0.001406508755046689
8.762679259800519e-10,0.9995156473110383,8.762679259800519e-10,0.001099952598493945
8.767652701416527e-10,0.9996052814858635,8.767652701416527e-10,0.0008752027547697613
8.773317028200049e-10,0.9996778925458327,8.773317028200049e-10,0.0006827680217023031
8.778388576200953e-10,0.9997295612429463,8.778388576200953e-10,0.0005574738390468005
8.783410428135472e-10,0.9997655290836873,8.783410428135472e-10,0.0004682655899196038
8.789209932445183e-10,0.999800068972275,8.789209932445183e-10,0.0003956608523200384
8.794104468165511e-10,0.9998186668387902,8.794104468165511e-10,0.0003531968203963603
8.799132032855942e-10,0.9998362969664754,8.799132032855942e-10,0.0003211402230955715
8.804033411059805e-10,0.9998459418757339,8.804033411059805e-10,0.0002983044612338096
8.809007172145371e-10,0.9998564548711258,8.809007172145371e-10,0.0002806622486894352
8.814413673644644e-10,0.9998615721307142,8.814413673644644e-10,0.0002668227630529936
8.819721450610356e-10,0.9998683682554331,8.819721450610356e-10,0.0002566789315827267
8.824914728183897e-10,0.9998701014754353,8.824914728183897e-10,0.0002497115903733092
8.83033855958806e-10,0.9998746341186594,8.83033855958806e-10,0.0002440280483447078
8.837383636244818e-10,0.9998752448375942,8.837383636244818e-10,0.0002390627756377318
8.84248084822093e-10,0.9998782767987889,8.84248084822093e-10,0.0002362361364911087
8.847656918962685e-10,0.9998773626517328,8.847656918962685e-10,0.0002343471425017872
8.852634872634968e-10,0.9998798315510515,8.852634872634968e-10,0.0002326867488077592
8.858259821013239e-10,0.9998785572988652,8.858259821013239e-10,0.0002315977181380049
8.863344791608389e-10,0.9998807351985061,8.863344791608389e-10,0.0002306030223783824
8.868376439179104e-10,0.9998791875386045,8.868376439179104e-10,0.0002301537147253434
8.874140123282145e-10,0.9998812246725727,8.874140123282145e-10,0.0002294741260005162
8.87901752492708e-10,0.9998795540181418,8.87901752492708e-10,0.00022931792514522
8.884075329254673e-10,0.9998814734622893,8.884075329254673e-10,0.0002289083537146228
8.888942452734627e-10,0.9998797457137184,8.888942452734627e-10,0.0002288934201891731
8.893924414365106e-10,0.9998816210487648,8.893924414365106e-10,0.0002285987872703371
8.899284263876142e-10,0.9998798821569775,8.899284263876142e-10,0.0002286549206536508
8.904653770306221e-10,0.999881749574576,8.904653770306221e-10,0.0002284200013845707
8.909888035504111e-10,0.9998799713165134,8.909888035504111e-10,0.0002285212784683276
8.915258987597477e-10,0.9998817139942877,8.915258987597477e-10,0.0002283085235442629
8.922205607440256e-10,0.9998798193274925,8.922205607440256e-10,0.0002284202432201088
8.927341305223742e-10,0.9998814939062701,8.927341305223742e-10,0.0002282331893686567
8.932462252967168e-10,0.9998795967420195,8.932462252967168e-10,0.0002283752589482813
8.937452035399348e-10,0.9998815821812114,8.937452035399348e-10,0.0002282505186592583
8.942990755969946e-10,0.9998807069023012,8.942990755969946e-10,0.0002285221492660219
8.948128932098496e-10,0.9998843136309699,8.948128932098496e-10,0.0002285540879373584
8.953193977564606e-10,0.9998840656134591,8.953193977564606e-10,0.0002287600314609865
8.95888507561616e-10,0.9998842556604635,8.95888507561616e-10,0.0002281554463890716
8.96375029717258e-10,0.9998787506894095,8.96375029717258e-10,0.0002277812478716961
8.968877461586225e-10,0.9998721367515977,8.968877461586225e-10,0.0002266964368367895
8.97368814164672e-10,0.9998581073885079,8.97368814164672e-10,0.0002257767607506049
8.978691588727131e-10,0.9998490981545836,8.978691588727131e-10,0.0002253607797976372
8.983975424201955e-10,0.9998571183758646,8.983975424201955e-10,0.0002284688195994242
8.989457479063064e-10,0.9999305791970777,8.989457479063064e-10,0.0002385939387188057
8.994772810183108e-10,1.000062504303983,8.994772810183108e-10,0.0002526089643476339
9.00007088237591e-10,1.000184727910214,9.00007088237591e-10,0.0002569958377829213
9.006855487308106e-10,1.000171951463427,9.006855487308106e-10,0.0002371625179205692
9.012062991817443e-10,0.9998437115840249,9.012062991817443e-10,0.0001839086158482698
9.01710501945051e-10,0.9990486163581134,9.01710501945051e-10,8.979418926468632e-05
9.02211825595308e-10,0.9979100527273567,9.02211825595308e-10,-8.145826924722643e-06
9.027540648377703e-10,0.9971916994699447,9.027540648377703e-10,1.781892181233569e-05
9.032778698902952e-10,0.9992206087540693,9.032778698902952e-10,0.0004255583729167653
9.037911287558072e-10,1.005549146205822,9.037911287558072e-10,0.001256742798260022
9.043429926334199e-10,1.01634168337062,9.043429926334199e-10,0.002250730753245132
9.050618558828316e-10,1.030541861740548,9.050618558828316e-10,0.00279578790690044
9.055662440586248e-10,1.028411109230457,9.055662440586248e-10,0.001151259807567499
9.060930463839916e-10,0.996328347829916,9.060930463839916e-10,-0.004349037021025312
9.06590042884726e-10,0.9278374785795878,9.06590042884726e-10,-0.01268784743083092
9.071628998902267e-10,0.8087041780652778,9.071628998902267e-10,-0.01909686268234425
9.076728203264878e-10,0.6835979389513417,9.076728203264878e-10,-0.007634846845800613
9.081744005598102e-10,0.5514835728579141,9.081744005598102e-10,0.02895098190906545
9.087678129696697e-10,0.3921596486585512,9.087678129696697e-10,0.1096986140308063
9.094383215900391e-10,0.2400355907499462,9.094383215900391e-10,0.2460715724700699
9.099268149879278e-10,0.1622045822133332,9.099268149879278e-10,0.3631108497348822
9.104822601643821e-10,0.1051430015899735,9.104822601643821e-10,0.4973213056860475
9.109794018148074e-10,0.07421241814842096,9.109794018148074e-10,0.6100113653313375
9.115978282370713e-10,0.04939480112175512,9.115978282370713e-10,0.7213575310663135
9.121293996559473e-10,0.03526610645919095,9.121293996559473e-10,0.7914767073105564
9.126437208013484e-10,0.02550028000454957,9.126437208013484e-10,0.8408202823389398
9.132742276417689e-10,0.01717226990148095,9.132742276417689e-10,0.8833765166248754
9.138360427633581e-10,0.01246174039969718,9.138360427633581e-10,0.9116909529369274
9.143214851621169e-10,0.009808830794194454,9.143214851621169e-10,0.93184812519663
9.148395713777082e-10,0.007763934165347588,9.148395713777082e-10,0.9494310942760141
9.153511802440484e-10,0.006177141478813912,9.153511802440484e-10,0.9629166481090208
9.159272104848983e-10,0.004692254447184529,9.159272104848983e-10,0.973956749124184
9.164769347145934e-10,0.00356076212289157,9.164769347145934e-10,0.9813936431054211
9.169990546312087e-10,0.002719402353975392,9.169990546312087e-10,0.9864441835606069
9.176528052959468e-10,0.00194368828559022,9.176528052959468e-10,0.9908954461946318
9.181848045343867e-10,0.001493479964860831,9.181848045343867e-10,0.9934440977606697
9.186795954157908e-10,0.001180987492630815,9.186795954157908e-10,0.9951869530601383
9.19185212969902e-10,0.0009328246793599245,9.19185212969902e-10,0.9964759949333334
9.197142655478814e-10,0.0007378084244891518,9.197142655478814e-10,0.9974245456131973
9.202549966149263e-10,0.000588820809211794,9.202549966149263e-10,0.9980951485907599
9.207798008891894e-10,0.0004880524179411455,9.207798008891894e-10,0.9985577608243832
9.213152562156479e-10,0.0004132737192103855,9.213152562156479e-10,0.9989000449386327
9.220055653294508e-10,0.0003509739851151819,9.220055653294508e-10,0.9992149950000143
9.225207578382612e-10,0.0003178770711628684,9.225207578382612e-10,0.9993812686832769
9.230307380391569e-10,0.0002961231426180801,9.230307380391569e-10,0.9995055835857036
9.235302185615303e-10,0.0002779733111773808,9.235302185615303e-10,0.999595879596275
9.240806170503009e-10,0.0002656657002742571,9.240806170503009e-10,0.9996711919088408
9.245968150034285e-10,0.00025506481336848,9.245968150034285e-10,0.9997231140644843
9.251048431524411e-10,0.0002496538055695318,9.251048431524411e-10,0.999763108748285
9.256693024963299e-10,0.0002427918140509847,9.256693024963299e-10,0.9997954459800855
9.261564983280627e-10,0.0002405349786637989,9.261564983280627e-10,0.9998171812810006
9.266717697119704e-10,0.0002363158004733353,9.266717697119704e-10,0.9998334465848243
9.271509241366731e-10,0.0002355640948974122,9.271509241366731e-10,0.9998456724625263
9.276522682635641e-10,0.0002325892567173553,9.276522682635641e-10,0.9998542262526844
9.281777633908729e-10,0.0002325973990565531,9.281777633908729e-10,0.9998618445914866
9.287310907776376e-10,0.0002302760069866838,9.287310907776376e-10,0.9998666861642306
9.292661016209493e-10,0.0002308737357530041,9.292661016209493e-10,0.9998710356206812
9.29793571858851e-10,0.0002290484336623717,9.29793571858851e-10,0.9998731851685071
9.304665491970492e-10,0.0002298868528097992,9.304665491970492e-10,0.9998761780608709
9.30989887433369e-10,0.0002283277820067866,9.30989887433369e-10,0.9998769213975079
9.314916177589496e-10,0.0002294519442487061,9.314916177589496e-10,0.9998784087579908
9.319938182133011e-10,0.0002280190437045689,9.319938182133011e-10,0.9998785364556086
9.325326448997738e-10,0.0002292166428805734,9.325326448997738e-10,0.9998796507298202
9.330603649962218e-10,0.0002278470480096665,9.330603649962218e-10,0.9998794866429925
9.335762251624504e-10,0.000229086371178441,9.335762251624504e-10,0.999880337370659
9.341233097872431e-10,0.000227737288743019,9.341233097872431e-10,0.9998799995487953
9.3483452932537e-10,0.0002289847752996879,9.3483452932537e-10,0.9998807687844676
9.353416574256472e-10,0.0002276644406321571,9.353416574256472e-10,0.999880309379845
9.358634222145791e-10,0.0002289412399691508,9.358634222145791e-10,0.9998809517730841
9.363606765535778e-10,0.0002276915516708963,9.363606765535778e-10,0.9998804565422509
9.36928502952643e-10,0.0002291072730686133,9.36928502952643e-10,0.9998810868615111
9.374362892909629e-10,0.0002280035562459273,9.374362892909629e-10,0.9998805806439429
9.379382294025921e-10,0.0002293134670283468,9.379382294025921e-10,0.9998811508071083
9.385216748950286e-10,0.0002275153618684417,9.385216748950286e-10,0.9998805024367524
9.392174847091454e-10,0.0002279793187249721,9.392174847091454e-10,0.9998809710565199
9.397084603792071e-10,0.0002256304870372149,9.397084603792071e-10,0.9998802840006871
9.402591431458743e-10,0.0002258735596997513,9.402591431458743e-10,0.9998807842639323
9.407555631174119e-10,0.000225867106428123,9.407555631174119e-10,0.9998805962047737
9.413742371974007e-10,0.0002357358655240681,9.413742371974007e-10,0.9998826754512645
9.419020114377031e-10,0.0002479406380198646,9.419020114377031e-10,0.999884001933709
9.424140598154115e-10,0.0002581484834331253,9.424140598154115e-10,0.9998849561911728
9.430431433562715e-10,0.0002463991119246385,9.430431433562715e-10,0.9998809361169485
9.436126768220589e-10,0.0002056900876139349,9.436126768220589e-10,0.9998738618007658
9.440975411660497e-10,0.0001288866133628109,9.440975411660497e-10,0.9998619272145135
9.446197045122821e-10,1.802148984442461e-05,9.446197045122821e-10,0.9998490107469762
9.451284721071663e-10,-2.451207378156068e-05,9.451284721071663e-10,0.9998525864065089
9.457122406364111e-10,0.0002790709515479508,9.457122406364111e-10,0.9999183429692856
9.462676622416944e-10,0.001067402240474016,9.462676622416944e-10,1.000050334847052
9.467886138508304e-10,0.002035209933178367,9.467886138508304e-10,1.000176954724778
9.474364185192894e-10,0.002849497871955839,9.474364185192894e-10,1.00018978915121
9.479711300171597e-10,0.00200270528581849,9.479711300171597e-10,0.9999021846873223
9.484640693703042e-10,-0.001807373735915368,9.484640693703042e-10,0.9991941155694002
9.489706550191422e-10,-0.009373732917319289,9.489706550191422e-10,0.9980603060247978
9.494976096376527e-10,-0.01796789173076078,9.494976096376527e-10,0.997185380764217
9.500419880125769e-10,-0.01483756759949026,9.500419880125769e-10,0.9987910044809474
9.505693355557587e-10,0.01315940812612078,9.505693355557587e-10,1.004767971538819
9.511026952280192e-10,0.07349089947525132,9.511026952280192e-10,1.014892679096224
9.517869156742418e-10,0.1972162341004953,9.517869156742418e-10,1.029273327024035
9.523046989773826e-10,0.3170507385346296,9.523046989773826e-10,1.030471504787862
9.528119087331888e-10,0.4400320488303018,9.528119087331888e-10,1.005947649306686
9.533121571888288e-10,0.5590001277605798,9.533121571888288e-10,0.9451860616484389
9.538589174616038e-10,0.6706314901538764,9.538589174616038e-10,0.8382518183351997
9.543781825295422e-10,0.7519778458261176,9.543781825295422e-10,0.7137005331263977
9.548884223950473e-10,0.8117535136675105,9.548884223950473e-10,0.5812782967053678
9.554469689340766e-10,0.8585808517462482,9.554469689340766e-10,0.4304391177531097
9.559432919507056e-10,0.8888021009967166,9.559432919507056e-10,0.3058774128009946
9.564611993605364e-10,0.914161311853359,9.564611993605364e-10,0.2040691240071669
9.569400458431652e-10,0.933694481404587,9.569400458431652e-10,0.1390696139013445
9.57442265068594e-10,0.9504529111077573,9.57442265068594e-10,0.09515327912708341
9.579662420637624e-10,0.963961535005482,9.579662420637624e-10,0.06648727685690312
9.585220101805044e-10,0.9743720040628009,9.585220101805044e-10,0.04632436171897429
9.590587933931066e-10,0.9815397349306519,9.590587933931066e-10,0.03298245832178624
9.595852414987608e-10,0.9865893037955896,9.595852414987608e-10,0.02365269409049616
9.602554492441831e-10,0.9910861801992938,9.602554492441831e-10,0.01560321841095941
9.607801973866107e-10,0.993558102272398,9.607801973866107e-10,0.01169147141967512
9.6128072564219e-10,0.9952856479028311,9.6128072564219e-10,0.009196331032185853
9.617834813654427e-10,0.9965432518351778,9.617834813654427e-10,0.007352621786919759
9.623205964125111e-10,0.9974806214372246,9.623205964125111e-10,0.005762875110022252
9.628502479112444e-10,0.9981255232293897,9.628502479112444e-10,0.004460516364002425
9.633675195981274e-10,0.9985717036774778,9.633675195981274e-10,0.003435585067655853
9.639123892237997e-10,0.9989181532856831,9.639123892237997e-10,0.002593608359958709
9.646197235642786e-10,0.9992313459544561,9.646197235642786e-10,0.00180527129851402
9.651281968199939e-10,0.9993943528290679,9.651281968199939e-10,0.001408210795342446
9.65647690608054e-10,0.9995147770270629,9.65647690608054e-10,0.001101379505856223
9.661451060392387e-10,0.999605123554667,9.661451060392387e-10,0.0008764017926663246
9.66710964432372e-10,0.9996772296904533,9.66710964432372e-10,0.0006836783654736934
9.672179416200107e-10,0.9997295287473708,9.672179416200107e-10,0.0005583023076888452
9.677202338178327e-10,0.9997650221546973,9.677202338178327e-10,0.0004687192225162159
9.682993193664358e-10,0.9998001363460948,9.682993193664358e-10,0.0003961843528085516
9.687882570116167e-10,0.9998182126837514,9.687882570116167e-10,0.0003534891300353203
9.692916832781529e-10,0.9998364586999832,9.692916832781529e-10,0.0003214439063172188
9.697809800914737e-10,0.9998455635705171,9.697809800914737e-10,0.0002984383254018454
9.702785454366959e-10,0.9998566567044026,9.702785454366959e-10,0.0002808839042239121
9.708180854049885e-10,0.9998612314483269,9.708180854049885e-10,0.0002668825408037741
9.713502387269266e-10,0.9998686060363489,9.713502387269266e-10,0.0002568257088009764
9.718705621863354e-10,0.9998698060041181,9.718705621863354e-10,0.0002496815910586321
9.724115791662972e-10,0.9998748870372489,9.724115791662972e-10,0.0002441443634311569
9.73113475243661e-10,0.9998749498316576,9.73113475243661e-10,0.0002390362083133437
9.736241644302509e-10,0.9998785365431118,9.736241644302509e-10,0.0002363390141418801
9.741403164622739e-10,0.9998770772325604,9.741403164622739e-10,0.0002343030708332991
9.746384248130842e-10,0.9998800954301084,9.746384248130842e-10,0.0002327793966706768
9.751985302446845e-10,0.9998782764224744,9.751985302446845e-10,0.0002315452167664314
9.757082326397467e-10,0.9998810017357493,9.757082326397467e-10,0.0002306876770352
9.76212197441301e-10,0.9998789120000572,9.76212197441301e-10,0.0002300906773941405
9.767866370018715e-10,0.9998814928366395,9.767866370018715e-10,0.000229553546951771
9.772735933057975e-10,0.9998792801710812,9.772735933057975e-10,0.0002292526880365573
9.777811417114698e-10,0.9998817425481468,9.777811417114698e-10,0.0002289836222852378
9.782661406574189e-10,0.9998794737120227,9.782661406574189e-10,0.0002288256058853653
9.787648905976594e-10,0.9998818898091211,9.787648905976594e-10,0.0002286723527847671
9.79298520323398e-10,0.9998796109122966,9.79298520323398e-10,0.0002285860408451174
9.798386498590573e-10,0.9998820180835514,9.798386498590573e-10,0.0002284920524604895
9.803643879579506e-10,0.999879702125974,9.803643879579506e-10,0.0002284512318227975
9.808989910630371e-10,0.9998819846376307,9.808989910630371e-10,0.0002283801701876878
9.815887221727286e-10,0.9998795526765846,9.815887221727286e-10,0.000228350381273904
9.82104342237263e-10,0.999881764948668,9.82104342237263e-10,0.0002283042378116291
9.826138768685793e-10,0.9998793302112614,9.826138768685793e-10,0.0002283051051816995
9.831135477638568e-10,0.9998818382334872,9.831135477638568e-10,0.0002283190321651679
9.836634490179591e-10,0.9998803936007699,9.836634490179591e-10,0.0002284467594295992
9.841801899761096e-10,0.9998845276971136,9.841801899761096e-10,0.000228619875047928
9.846886798556005e-10,0.9998837707258766,9.846886798556005e-10,0.0002286911025268345
9.852522604452188e-10,0.9998846313939815,9.852522604452188e-10,0.0002282463124186708
9.857429818425857e-10,0.999878622620511,9.857429818425857e-10,0.0002277277886086304
9.862585781598432e-10,0.9998726607516837,9.862585781598432e-10,0.0002267942344737657
9.867381769051383e-10,0.9998582455320518,9.867381769051383e-10,0.000225740101405125
9.872395770086396e-10,0.9998494882583943,9.872395770086396e-10,0.0002254078016868734
9.877653344148996e-10,0.9998559789765997,9.877653344148996e-10,0.0002282397755185819
9.883180094510691e-10,0.9999288485218852,9.883180094510691e-10,0.0002384068808538943
9.888526905493734e-10,1.000059874630341,9.888526905493734e-10,0.0002523133937104365
9.893804061160416e-10,1.000183655625427,9.893804061160416e-10,0.0002571649745315678
9.900537774153437e-10,1.000175297276263,9.900537774153437e-10,0.0002378964450987868
9.90576946645953e-10,0.9998557305169312,9.90576946645953e-10,0.0001855866986818018
9.910788827832316e-10,0.999076759289739,9.910788827832316e-10,9.274971258238812e-05
9.915810579440283e-10,0.9979394659392335,9.915810579440283e-10,-6.193333791768097e-06
9.921200989409e-10,0.9971848808173573,9.921200989409e-10,1.260598765386033e-05
9.926474252980116e-10,0.9991268428065926,9.926474252980116e-10,0.0004105085531774187
9.931630847964818e-10,1.005377046641088,9.931630847964818e-10,0.001236371405482863
9.937104984556935e-10,1.01601690840934,9.937104984556935e-10,0.002226401041345688
9.94421990602644e-10,1.030309931394291,9.94421990602644e-10,0.002816000070658545
9.949288877726297e-10,1.028952681101051,9.949288877726297e-10,0.001269973316237133
9.954509743960604e-10,0.9986472657700708,9.954509743960604e-10,-0.004016741675153345
9.959481561426514e-10,0.9320597438756156,9.959481561426514e-10,-0.01225361166564745
9.965162649542199e-10,0.8154210296212648,9.965162649542199e-10,-0.01914378888740444
9.970241007874054e-10,0.6914134481373769,9.970241007874054e-10,-0.009065992441752269
9.975259159339714e-10,0.5597432184784819,9.975259159339714e-10,0.0259033871458178
9.98109861373651e-10,0.4025823749030513,9.98109861373651e-10,0.1030891344374262
9.988039030559614e-10,0.2433864769969398,9.988039030559614e-10,0.2422422368709647
9.992947639306559e-10,0.1641699740133007,9.992947639306559e-10,0.3595855098910595
9.998454332627276e-10,0.1067008487559984,9.998454332627276e-10,0.4927013747135128
1.000341867169645e-09,0.07524633828967868,1.000341867169645e-09,0.6058363689740702
1.000960969332448e-09,0.05002060423682762,1.000960969332448e-09,0.7183909074886294
1.001488833006825e-09,0.03578827036612462,1.001488833006825e-09,0.7888621858133157
1.002001000043628e-09,0.02591300952502175,1.002001000043628e-09,0.8387543721133024
1.002630080760443e-09,0.01745495121814664,1.002630080760443e-09,0.8818563140569765
1.003199319701473e-09,0.01258948223568752,1.003199319701473e-09,0.9108219861142546
1.003684237606008e-09,0.009900328730665472,1.003684237606008e-09,0.9311022547987123
1.004206329165761e-09,0.007817459777808162,1.004206329165761e-09,0.9489568358408528
1.004715102572506e-09,0.006230070882096382,1.004715102572506e-09,0.9624949719564364
1.005298637675423e-09,0.004717558109428071,1.005298637675423e-09,0.9737829375650475
1.005854118089677e-09,0.003570303578122831,1.005854118089677e-09,0.9813375538433691
1.00637504023199e-09,0.002728129791164154,1.00637504023199e-09,0.9863931777413394
1.007023247178252e-09,0.001955566378417359,1.007023247178252e-09,0.9908294159853137
1.00755767620563e-09,0.001500177307844417,1.00755767620563e-09,0.9934052433203084
1.008050802555577e-09,0.001187343833811765,1.008050802555577e-09,0.9951538286008195
1.008557438574248e-09,0.0009369682918112866,1.008557438574248e-09,0.9964539964598985
1.009084188393499e-09,0.0007419383251819528,1.009084188393499e-09,0.997406312638303
1.009628482502345e-09,0.0005906840143950639,1.009628482502345e-09,0.9980856964547725
1.01015580350948e-09,0.0004892227102085931,1.01015580350948e-09,0.998553354836498
1.01068903455979e-09,0.0004140860423649703,1.01068903455979e-09,0.9988950311771113
1.011373888722022e-09,0.0003521618179588002,1.011373888722022e-09,0.9992099809151889
1.011891297406659e-09,0.0003183488920625929,1.011891297406659e-09,0.9993775943391084
1.012398774756583e-09,0.0002968456734171665,1.012398774756583e-09,0.9995028312453909
1.012898992390217e-09,0.0002782163360897889,1.012898992390217e-09,0.9995933850131872
1.013445715214944e-09,0.0002661904387547097,1.013445715214944e-09,0.9996694431013067
1.013964977738122e-09,0.0002551302789254934,1.013964977738122e-09,0.9997215238202778
1.014475106174478e-09,0.000249951104234813,1.014475106174478e-09,0.9997625764950786
1.015033755930912e-09,0.0002427887613036035,1.015033755930912e-09,0.9997942311022038
1.01552744342967e-09,0.000240766150517823,1.01552744342967e-09,0.9998170431991746
1.01604530221184e-09,0.0002362044822485706,1.01604530221184e-09,0.9998328883133427
1.016523682647212e-09,0.0002357568649706281,1.016523682647212e-09,0.9998457687478707
1.017026143923304e-09,0.0002324589866318999,1.017026143923304e-09,0.9998537860009765
1.017549348717886e-09,0.0002327759367226644,1.017549348717886e-09,0.9998620214421252
1.018106210291337e-09,0.0002301326479036716,1.018106210291337e-09,0.9998663209930206
1.018643686594509e-09,0.0002310339523924299,1.018643686594509e-09,0.9998713091188749
1.019169744989686e-09,0.0002288993226506396,1.019169744989686e-09,0.9998728540278726
1.019839009269743e-09,0.0002300469275870778,1.019839009269743e-09,0.99987645120864
1.020364080024841e-09,0.0002281772584251088,1.020364080024841e-09,0.9998766004737611
1.02086428064068e-09,0.000229608840161672,1.02086428064068e-09,0.9998786954284771
1.021367136405458e-09,0.0002278675026472094,1.021367136405458e-09,0.9998782228439335
1.021903735956087e-09,0.0002293718874190118,1.021903735956087e-09,0.9998799428236905
1.02243406109964e-09,0.0002276949119069273,1.02243406109964e-09,0.9998791787068835
1.022951722997124e-09,0.0002292400634882349,1.022951722997124e-09,0.9998806358692404
1.023495890232809e-09,0.0002275854423292245,1.023495890232809e-09,0.9998796942734295
1.024202043329632e-09,0.0002291381570847239,1.024202043329632e-09,0.9998810668241651
1.024710953250697e-09,0.0002275126690150279,1.024710953250697e-09,0.9998800055680906
1.025229683478516e-09,0.0002290934025574177,1.025229683478516e-09,0.9998812507756464
1.025727202959096e-09,0.0002275378139779443,1.025727202959096e-09,0.999880153492122
1.026291851741131e-09,0.0002292523064106816,1.026291851741131e-09,0.999881385355134
1.026799250121965e-09,0.0002278478735401735,1.026799250121965e-09,0.9998802786693897
1.027301795876345e-09,0.0002294706247840268,1.027301795876345e-09,0.9998814523330701
1.027879997898226e-09,0.0002273889242224688,1.027879997898226e-09,0.9998802057015906
1.028370449634542e-09,0.0002284385572186583,1.028370449634542e-09,0.9998813035565213
1.02887457479979e-09,0.0002258891235621627,1.02887457479979e-09,0.9998800251875024
1.029363344398944e-09,0.0002263793110815797,1.029363344398944e-09,0.9998810847056659
1.029861013844715e-09,0.0002247366003385017,1.029861013844715e-09,0.9998800514964239
1.030399596898412e-09,0.0002298282323752266,1.030399596898412e-09,0.9998819462822817
1.030932884492264e-09,0.0002389071941896275,1.030932884492264e-09,0.999882540651944
1.031453840208413e-09,0.0002542494848865874,1.031453840208413e-09,0.9998853809243888
1.031993803198359e-09,0.0002557596312762143,1.031993803198359e-09,0.9998832914073679
1.032693986568048e-09,0.000234119381529404,1.032693986568048e-09,0.9998790923250929
1.033205318384732e-09,0.0001759099022975644,1.033205318384732e-09,0.9998684599352421
1.033720408316695e-09,7.695818635936279e-05,1.033720408316695e-09,0.9998556281773676
1.03421869107263e-09,-1.66123355540833e-05,1.03421869107263e-09,0.9998468133762459
1.034777131392822e-09,4.782017368344765e-05,1.034777131392822e-09,0.9998723776879163
1.035287835203724e-09,0.0005021211145415246,1.035287835203724e-09,0.9999578138279307
1.035792370606023e-09,0.001362274024307421,1.035792370606023e-09,1.000098291154331
1.036365090597136e-09,0.002367594753715349,1.036365090597136e-09,1.000200827472493
1.036854331433786e-09,0.002890902423641836,1.036854331433786e-09,1.000184009838432
1.037363054449733e-09,0.001935963304748438,1.037363054449733e-09,0.9998818107691392
1.037847468937635e-09,-0.001929735724620011,1.037847468937635e-09,0.9991694606476776
1.03834668565656e-09,-0.009419317052225472,1.03834668565656e-09,0.9980509964067453
1.03887926651238e-09,-0.01805292923717992,1.03887926651238e-09,0.9971824996374412
1.039420698168314e-09,-0.01477351141024344,1.039420698168314e-09,0.9988111330845201
1.039947544609927e-09,0.01340166794053947,1.039947544609927e-09,1.004819721397238
1.040481188843406e-09,0.0739647470097967,1.040481188843406e-09,1.014966073172269
1.041169082861679e-09,0.1987224107712137,1.041169082861679e-09,1.02937858277019
1.041685487554134e-09,0.3184000171033068,1.041685487554134e-09,1.030365224855845
1.042194174643444e-09,0.4417233645748373,1.042194174643444e-09,1.005358791347061
1.042694113034906e-09,0.5605275341571792,1.042694113034906e-09,0.9441008354047421
1.043242611088605e-09,0.6721520317575481,1.043242611088605e-09,0.8363496092882139
1.043760522637467e-09,0.7529393258595417,1.043760522637467e-09,0.711917103307084
1.044269778322325e-09,0.8123654897334726,1.044269778322325e-09,0.5796332386647777
1.044831128739513e-09,0.8592038168772624,1.044831128739513e-09,0.4280609644972776
1.045324138576647e-09,0.8891067726613351,1.045324138576647e-09,0.3045885870379453
1.045840723779787e-09,0.9143498700207202,1.045840723779787e-09,0.2033575185841738
1.046319954608059e-09,0.933870141698938,1.046319954608059e-09,0.1385504825040562
1.046821746247939e-09,0.9505771884615636,1.046821746247939e-09,0.09486204539576397
1.04734664536439e-09,0.9640789496624562,1.04734664536439e-09,0.06621217666546353
1.047900585339091e-09,0.9744260549041367,1.047900585339091e-09,0.04620415638546593
1.048435896050735e-09,0.9815661104435832,1.048435896050735e-09,0.03293388586685817
1.04896321046424e-09,0.9866123377483004,1.04896321046424e-09,0.02360597985803634
1.049635369703072e-09,0.9911160400879431,1.049635369703072e-09,0.01555728197203506
1.050159262117747e-09,0.9935731081570723,1.050159262117747e-09,0.01166619607483139
1.050660590594459e-09,0.9953023938954042,1.050660590594459e-09,0.009175527494319879
1.051163094978238e-09,0.9965512998868734,1.051163094978238e-09,0.007337046202472255
1.051701161750681e-09,0.9974909058746135,1.051701161750681e-09,0.005748036178471498
1.052229668714805e-09,0.9981282121183832,1.052229668714805e-09,0.004450465641336168
1.052746129209268e-09,0.9985764554471888,1.052746129209268e-09,0.003429619848158032
1.053292326118079e-09,0.9989189185180755,1.053292326118079e-09,0.002586785148892371
1.0540021337018e-09,0.9992360768408134,1.0540021337018e-09,0.00179891617280099
1.054509673659159e-09,0.999394199089785,1.054509673659159e-09,0.001403546678734552
1.055030679932991e-09,0.9995184031873833,1.055030679932991e-09,0.001097585960448321
1.055528045855129e-09,0.9996043977097859,1.055528045855129e-09,0.0008729749375769596
1.056095048260876e-09,0.9996802323558333,1.056095048260876e-09,0.0006813793995535219
1.056602599702444e-09,0.999728406328978,1.056602599702444e-09,0.0005559864069184559
1.057104693819559e-09,0.9997676136080489,1.057104693819559e-09,0.0004676008673018291
1.057686317941371e-09,0.9997987555564729,1.057686317941371e-09,0.0003946498417609018
1.058176426226707e-09,0.9998206541382262,1.058176426226707e-09,0.0003528079648016143
1.058677985465022e-09,0.9998348101805287,1.058677985465022e-09,0.0003205262975529306
1.059169665069607e-09,0.9998477982933596,1.059169665069607e-09,0.0002981812449187358
1.059666944858671e-09,0.9998549058336216,1.059666944858671e-09,0.0002801743665350429
1.060209331804504e-09,0.9998633627019498,1.060209331804504e-09,0.0002668244536905439
1.060738023419805e-09,0.9998667580235299,1.060738023419805e-09,0.0002563195397283175
1.061255805950786e-09,0.9998718156210421,1.061255805950786e-09,0.0002498617690832269
1.06180062890749e-09,0.9998729988713499,1.06180062890749e-09,0.0002437198939372191
1.062509069753557e-09,0.9998769542546053,1.062509069753557e-09,0.0002392133680082695
1.063017096417602e-09,0.9998766287809834,1.063017096417602e-09,0.0002359559569467618
1.063537246512492e-09,0.9998790541051606,1.063537246512492e-09,0.0002345276956679406
1.064034601387258e-09,0.9998781777798481,1.064034601387258e-09,0.0002324228966950747
1.064601034386551e-09,0.9998802394422445,1.064601034386551e-09,0.0002317930809707955
1.065108227952326e-09,0.999879078575884,1.065108227952326e-09,0.0002303518019644884
1.065610410706742e-09,0.9998808599149126,1.065610410706742e-09,0.0002303663576907621
1.066190696689117e-09,0.9998795666270935,1.066190696689117e-09,0.0002292310213173185
1.066680200158713e-09,0.999881222149516,1.066680200158713e-09,0.0002295345917264054
1.067182909755563e-09,0.9998798152802771,1.067182909755563e-09,0.0002286725289489697
1.067673145692027e-09,0.9998814090558813,1.067673145692027e-09,0.0002291151412513039
1.068170436894302e-09,0.9998799646506797,1.068170436894302e-09,0.0002283654866209692
1.068711176882379e-09,0.9998815427659824,1.068711176882379e-09,0.000228878996189379
1.069241850235187e-09,0.9998800949582581,1.069241850235187e-09,0.0002281893516362
1.069760954620016e-09,0.9998816266352916,1.069760954620016e-09,0.0002287480778236851
1.070303474273116e-09,0.9998800559410127,1.070303474273116e-09,0.0002280779997978926
1.071008005541055e-09,0.9998814688333888,1.071008005541055e-09,0.0002286473837478218
1.071517636258546e-09,0.9998798341845196,1.071517636258546e-09,0.0002280035125998649
1.072035248502278e-09,0.9998812481469457,1.072035248502278e-09,0.0002286038981405525
1.072532996561036e-09,0.9998799591171678,1.072532996561036e-09,0.0002280258620288982
1.073095777168465e-09,0.9998824575667942,1.073095777168465e-09,0.000228761858355199
1.073604142063123e-09,0.9998827759926804,1.073604142063123e-09,0.0002283336737116611
1.074107254509287e-09,0.9998857654330399,1.074107254509287e-09,0.0002289851038310129
1.074683753056351e-09,0.999882379846636,1.074683753056351e-09,0.0002278837711810896
1.075171610523003e-09,0.9998800200768958,1.075171610523003e-09,0.000227966879166684
1.075677342298536e-09,0.9998698026475699,1.075677342298536e-09,0.0002263937123590318
1.076164164685317e-09,0.9998586507706041,1.076164164685317e-09,0.000225919863755501
1.076662336734059e-09,0.9998471024050006,1.076662336734059e-09,0.0002251945825257701
1.077198584445978e-09,0.9998615671490606,1.077198584445978e-09,0.000229195610381658
1.077735061019821e-09,0.9999350871512637,1.077735061019821e-09,0.000239140377263233
1.07825835059678e-09,1.000071681469686,1.07825835059678e-09,0.0002535485984358787
1.078795639735649e-09,1.000187064609995,1.078795639735649e-09,0.0002563770190681994
1.079490729289506e-09,1.000160120389222,1.079490729289506e-09,0.0002346042832873988
1.080004217434501e-09,0.9998012496993144,1.080004217434501e-09,0.0001782074168030067
1.080516517838933e-09,0.9989526467954931,1.080516517838933e-09,7.983735771808363e-05
1.081015457960535e-09,0.9978103215854062,1.081015457960535e-09,-1.432470371944209e-05
1.081569534375794e-09,0.9972389008828126,1.081569534375794e-09,3.902515224136174e-05
1.082083073999182e-09,0.9995826683770078,1.082083073999182e-09,0.0004819313525402193
1.082589447535695e-09,1.006215020206759,1.082589447535695e-09,0.001333677720703914
1.083158558140514e-09,1.017584982510059,1.083158558140514e-09,0.002340379081973672
1.083644999799152e-09,1.028358828980859,1.083644999799152e-09,0.002883942421038008
1.084157467637793e-09,1.031899223651853,1.084157467637793e-09,0.002009511025710742
1.084638657639506e-09,1.013915074915254,1.084638657639506e-09,-0.001691682339940456
1.085138964095598e-09,0.9609997519117867,1.085138964095598e-09,-0.009084138259554047
1.085667297893033e-09,0.8648443201551043,1.085667297893033e-09,-0.01778873072815143
1.086215581969796e-09,0.7366948853642986,1.086215581969796e-09,-0.01517804111238436
1.0867469817374e-09,0.6003054953834421,1.0867469817374e-09,0.01241738566701685
1.087276808792107e-09,0.4571787350623048,1.087276808792107e-09,0.07166882160200201
1.087955657517064e-09,0.2884854696659799,1.087955657517064e-09,0.1933457660196552
1.088476142898055e-09,0.19118992303326,1.088476142898055e-09,0.3133713897251445
1.088980501995465e-09,0.1278174848081685,1.088980501995465e-09,0.4357107997261793
1.089481812053936e-09,0.08825363079553311,1.089481812053936e-09,0.555139902379666
1.090024101868279e-09,0.06122171791537541,1.090024101868279e-09,0.666769747657867
1.090547833236151e-09,0.04367230826964354,1.090547833236151e-09,0.7496720173146952
1.091061020158743e-09,0.03159054806788468,1.091061020158743e-09,0.8103589550952794
1.091613051554939e-09,0.02228091779902651,1.091613051554939e-09,0.8571345172578331
1.092332814087618e-09,0.01433678419897921,1.092332814087618e-09,0.8997384262930355
1.092836980208383e-09,0.01097065699472442,1.092836980208383e-09,0.9224959706084507
1.093364204075227e-09,0.00857407383834579,1.093364204075227e-09,0.9421645420295053
1.09386127844074e-09,0.00688376925413125,1.09386127844074e-09,0.9569761566315533
1.094434342543638e-09,0.005283191766971971,1.094434342543638e-09,0.9696996330615969
1.094944551964078e-09,0.00411110549531662,1.094944551964078e-09,0.9778208655126349
1.095446239098266e-09,0.00318586908458062,1.095446239098266e-09,0.9836585558333825
1.096040577606646e-09,0.002342868421969085,1.096040577606646e-09,0.9886023726528432
1.096709515722727e-09,0.001670466849688431,1.096709515722727e-09,0.9924395412382058
1.097196589586691e-09,0.001319649989016322,1.097196589586691e-09,0.9944150565526223
1.097758073329207e-09,0.001014367104424594,1.097758073329207e-09,0.9960637789379762
1.098255095192089e-09,0.0008091099472887082,1.098255095192089e-09,0.9970835015091365
1.098872799429433e-09,0.0006221615302905343,1.098872799429433e-09,0.9979517842236393
1.099405259427408e-09,0.0005085474555993943,1.099405259427408e-09,0.9984594781728188
1.099920187292179e-09,0.0004318877192220466,1.099920187292179e-09,0.9988167759607814
1.100551217884854e-09,0.0003661094637621606,1.100551217884854e-09,0.9991323049340515
1.101111043815692e-09,0.0003278435630806964,1.101111043815692e-09,0.9993340696859717
1.101595933032226e-09,0.0003028715857313292,1.101595933032226e-09,0.999463331451744
1.102114006630557e-09,0.000284120622624686,1.102114006630557e-09,0.99956833609401
1.102625739056944e-09,0.00026933424779957,1.102625739056944e-09,0.9996448254628716
1.103199874669103e-09,0.0002584496670569214,1.103199874669103e-09,0.9997098284858333
1.103748002585457e-09,0.0002499611980938984,1.103748002585457e-09,0.999754859458346
1.104270505426257e-09,0.0002450946698900162,1.104270505426257e-09,0.9997881179359113
1.104925438168909e-09,0.0002394408257881449,1.104925438168909e-09,0.9998172799949927
1.105456898256514e-09,0.0002371225393763447,1.105456898256514e-09,0.9998349934885553
1.105951986891014e-09,0.000234402689130481,1.105951986891014e-09,0.9998461548535903
1.106457329002354e-09,0.0002334053250890697,1.106457329002354e-09,0.9998556579408961
1.106987002370072e-09,0.0002315039437534212,1.106987002370072e-09,0.9998619336392431
1.107526760889414e-09,0.0002311739069344988,1.107526760889414e-09,0.9998676369163411
1.108050973749584e-09,0.0002298683834371217,1.108050973749584e-09,0.9998706604059404
1.108586974727849e-09,0.0002299771632220675,1.108586974727849e-09,0.9998739498934159
1.109278343305823e-09,0.0002288887788054061,1.109278343305823e-09,0.9998757753940235
1.109793155263961e-09,0.000229267570615421,1.109793155263961e-09,0.9998776114113241
1.11030363874132e-09,0.0002284730899455054,1.11030363874132e-09,0.9998779263969333
1.110803050896375e-09,0.000228964589021654,1.110803050896375e-09,0.9998791835282889
1.111354390218705e-09,0.0002282485035985904,1.111354390218705e-09,0.9998791337667622
1.111869939430399e-09,0.0002287953611225016,1.111869939430399e-09,0.9998801018264158
1.11237764254748e-09,0.0002281277447605398,1.11237764254748e-09,0.9998797837306072
1.112943587669843e-09,0.0002286835191492664,1.112943587669843e-09,0.9998806006646488
1.113429533454238e-09,0.0002280419109037653,1.113429533454238e-09,0.999880152090171
1.113944263159872e-09,0.0002286216008057406,1.113944263159872e-09,0.9998808582451423
1.114423795775422e-09,0.0002279965408804384,1.114423795775422e-09,0.9998803474547967
1.114924986844092e-09,0.0002286169335814852,1.114924986844092e-09,0.999881008234682
1.11545094840179e-09,0.0002280965641390403,1.11545094840179e-09,0.9998804826610417
1.116003154406975e-09,0.00022888815900952,1.116003154406975e-09,0.9998811396770269
1.116537485712892e-09,0.0002283819370167985,1.116537485712892e-09,0.9998805766089084
1.117065325324693e-09,0.0002286919122349697,1.117065325324693e-09,0.9998811166744502
1.11773951984546e-09,0.00022737408138857,1.11773951984546e-09,0.9998804311562522
1.118262301249257e-09,0.0002269862001011693,1.118262301249257e-09,0.9998809017628941
1.118764528026995e-09,0.0002252556021939388,1.118764528026995e-09,0.9998802063108959
1.119266618553617e-09,0.0002258497938279913,1.119266618553617e-09,0.9998809359815568
1.119805852830228e-09,0.000229093427264655,1.119805852830228e-09,0.9998811371800698
1.120332899565448e-09,0.0002405933632114196,1.120332899565448e-09,0.9998835065874656
1.120848291425865e-09,0.0002536317823901086,1.120848291425865e-09,0.9998845531206919
1.121396078168262e-09,0.0002565964717118404,1.121396078168262e-09,0.9998840456128822
1.122108787368322e-09,0.0002303107433939342,1.122108787368322e-09,0.9998777316751625
1.122615294354401e-09,0.0001716716189211744,1.122615294354401e-09,0.9998685220109813
1.123137979643593e-09,6.726035977285021e-05,1.123137979643593e-09,0.999853747562936
1.123635224074079e-09,-1.99885546150397e-05,1.123635224074079e-09,0.9998477785129656
1.124203645610071e-09,7.149446764647291e-05,1.124203645610071e-09,0.9998769389725191
1.124711863232491e-09,0.0005665872639282931,1.124711863232491e-09,0.999969271128466
1.125213713011057e-09,0.001443342527296046,1.125213713011057e-09,1.000109029066422
1.125798995139493e-09,0.002452122622559945,1.125798995139493e-09,1.00020594310018
1.126490353764155e-09,0.002654877474057861,1.126490353764155e-09,1.000078052326061
1.126979582851488e-09,0.0005438019636236181,1.126979582851488e-09,0.9996125933041483
1.127536389289897e-09,-0.006126626074077741,1.127536389289897e-09,0.9985189190776765
1.12803265008317e-09,-0.01475073759146141,1.12803265008317e-09,0.9974230190249674
1.128654571421041e-09,-0.01738837413754286,1.128654571421041e-09,0.9980159013549607
1.12918352807606e-09,0.002947678950524767,1.12918352807606e-09,1.002680082665821
1.129696997957111e-09,0.05143279465618787,1.129696997957111e-09,1.011401146657899
1.130325613656269e-09,0.1519667841244943,1.130325613656269e-09,1.025083821634791
1.130891623807871e-09,0.2761421450269909,1.130891623807871e-09,1.032154109134504
1.13137582854258e-09,0.3934261273241706,1.13137582854258e-09,1.019321395958658
1.131897316157529e-09,0.5190668140250405,1.131897316157529e-09,0.9705432360392036
1.132406553215708e-09,0.6310167405012437,1.132406553215708e-09,0.8831479735725303
1.132987296865715e-09,0.7311464872374601,1.132987296865715e-09,0.75046143902387
1.13354063986987e-09,0.8010458328594121,1.13354063986987e-09,0.6093486009894477
1.134062044508309e-09,0.8482507853241267,1.134062044508309e-09,0.4686051430682969
1.134712045667142e-09,0.8897060102725692,1.134712045667142e-09,0.3040173401033918
1.135245723251068e-09,0.9155194677277109,1.135245723251068e-09,0.2001139335257874
1.135739368129004e-09,0.9353241940950526,1.135739368129004e-09,0.1347894191974836
1.13624558728214e-09,0.9518432538069602,1.13624558728214e-09,0.09222951634141785
1.136773262051391e-09,0.9650698185266197,1.136773262051391e-09,0.06443214089715329
1.137316214289346e-09,0.9749532969491296,1.137316214289346e-09,0.04532143287299576
1.137842583478614e-09,0.9818401681982001,1.137842583478614e-09,0.03249554051895969
1.138376547930397e-09,0.9868615738565667,1.138376547930397e-09,0.02319020182401784
1.139063464662259e-09,0.9913625614452114,1.139063464662259e-09,0.01516587287292965
1.139580110211069e-09,0.9937249256875023,1.139580110211069e-09,0.01145186533777014
1.14008841335041e-09,0.9954327692333683,1.14008841335041e-09,0.008992978681321397
1.140588364726897e-09,0.9966391898488037,1.140588364726897e-09,0.007204763850736848
1.141136652141745e-09,0.9975658140843778,1.141136652141745e-09,0.005610744664966835
1.141654786579261e-09,0.9981706851083526,1.141654786579261e-09,0.004361656342911187
1.142164196807192e-09,0.9986020818681387,1.142164196807192e-09,0.003371132233740723
1.142725098197579e-09,0.9989454157118787,1.142725098197579e-09,0.002523556913797694
1.143218822427937e-09,0.9991714316164801,1.143218822427937e-09,0.001961037105557697
1.143735663278968e-09,0.9993483005934904,1.143735663278968e-09,0.001519330843265496
1.144214857484684e-09,0.9994746330716447,1.144214857484684e-09,0.001208685340040716
1.144716737268924e-09,0.9995721676999194,1.144716737268924e-09,0.0009567759037173506
1.145241558234648e-09,0.9996511952647559,1.145241558234648e-09,0.0007560619875238295
1.14579585932282e-09,0.9997108537403121,1.14579585932282e-09,0.0005998531178784844
1.146331693024868e-09,0.9997565434161012,1.146331693024868e-09,0.0004929808776817863
1.146858750098696e-09,0.9997878492907148,1.146858750098696e-09,0.000418855642897858
1.14753035193872e-09,0.9998194499331668,1.14753035193872e-09,0.0003549734731324477
1.148054352321172e-09,0.9998346112477995,1.148054352321172e-09,0.0003213904368010593
1.148555564223027e-09,0.9998477692987885,1.148555564223027e-09,0.0002979816888163721
1.149058130793241e-09,0.9998550382031173,1.149058130793241e-09,0.0002803633488177657
1.149596022733035e-09,0.9998633306006817,1.149596022733035e-09,0.0002665829092467748
1.150124576017311e-09,0.9998668072027147,1.150124576017311e-09,0.0002566268343067608
1.150641162937336e-09,0.9998717667152786,1.150641162937336e-09,0.0002496169878891418
1.151187126980971e-09,0.9998730434132825,1.151187126980971e-09,0.0002440110204914971
1.151896373777645e-09,0.999876911647692,1.151896373777645e-09,0.0002389362883913901
1.152404057868616e-09,0.9998766733801594,1.152404057868616e-09,0.0002362354327122756
1.152924773034996e-09,0.999879010454059,1.152924773034996e-09,0.0002342472171735026
1.153422130763265e-09,0.9998782229519644,1.153422130763265e-09,0.0002326985985731642
1.153988975458522e-09,0.9998801954627244,1.153988975458522e-09,0.0002315117079597011
1.154496354703161e-09,0.9998791240296744,1.154496354703161e-09,0.0002306266727901258
1.154998472294346e-09,0.999880815430914,1.154998472294346e-09,0.0002300857446929645
1.155579889080567e-09,0.9998796123547256,1.155579889080567e-09,0.0002295058657787101
1.156281357722324e-09,0.9998812284795423,1.156281357722324e-09,0.0002291410903097057
1.156772968057076e-09,0.9998798968392336,1.156772968057076e-09,0.0002288681670499163
1.157322761360757e-09,0.9998814006217508,1.157322761360757e-09,0.0002287603649799434
1.157819008664966e-09,0.9998800429582452,1.157819008664966e-09,0.0002285865928891692
1.158435440967014e-09,0.9998815387046391,1.158435440967014e-09,0.0002285511116629243
1.158962224495338e-09,0.9998801608705695,1.158962224495338e-09,0.000228427659179485
1.159473244035714e-09,0.999881556583837,1.159473244035714e-09,0.0002284371924584388
1.160102707742977e-09,0.9998800445985626,1.160102707742977e-09,0.0002283240716259438
1.160674254908125e-09,0.9998813588162901,1.160674254908125e-09,0.0002283537580923864
1.161159179779503e-09,0.9998798305903026,1.161159179779503e-09,0.0002282720576535897
1.161682647276307e-09,0.9998812390558967,1.161682647276307e-09,0.0002283337437698866
1.162190682106595e-09,0.9998803525148128,1.162190682106595e-09,0.0002283500333255319
1.162776598925298e-09,0.9998834228759896,1.162776598925298e-09,0.0002285954172940515
1.163330236375942e-09,0.9998838361918302,1.163330236375942e-09,0.0002286476910837972
1.16385072334158e-09,0.9998850652183058,1.16385072334158e-09,0.000228474844185003
1.164497357986963e-09,0.9998793325283436,1.164497357986963e-09,0.0002277230162881928
1.165033479865053e-09,0.9998722698894611,1.165033479865053e-09,0.0002268378577058319
1.165525753584207e-09,0.999858305532264,1.165525753584207e-09,0.0002256672302793403
1.166032997175348e-09,0.9998486856662461,1.166032997175348e-09,0.0002254476700481902
1.166558693512123e-09,0.9998578537917803,1.166558693512123e-09,0.0002284651192686099
1.167104893773565e-09,0.9999321513611414,1.167104893773565e-09,0.0002389277075657896
1.167633585009285e-09,1.000064727885327,1.167633585009285e-09,0.0002527031633817802
1.168165759813649e-09,1.000185795493076,1.168165759813649e-09,0.0002570127089991294
1.168847818858943e-09,1.000168772431732,1.168847818858943e-09,0.0002363377429675963
1.169366511789766e-09,0.9998329332243783,1.169366511789766e-09,0.0001825743394633509
1.169872680750469e-09,0.9990235256860795,1.169872680750469e-09,8.702412732860392e-05
1.170373223060918e-09,0.997884407768268,1.170373223060918e-09,-9.629253048328655e-06
1.170918459239368e-09,0.9972001555907806,1.170918459239368e-09,2.262679493803654e-05
1.171439299099546e-09,0.9993078061858198,1.171439299099546e-09,0.0004395140436018472
1.171950485070607e-09,1.005707574087714,1.171950485070607e-09,0.001275155500051759
1.172506672113997e-09,1.016644647486121,1.172506672113997e-09,0.002273288578655454
1.173006151927564e-09,1.027744601130904,1.173006151927564e-09,0.002867815332584112
1.17352521767351e-09,1.032080182506515,1.17352521767351e-09,0.00210298039640897
1.174003778339567e-09,1.015620199525397,1.174003778339567e-09,-0.001383532237353064
1.17450640933435e-09,0.9643751000445533,1.17450640933435e-09,-0.008670064695692878
1.175029392927042e-09,0.8709648238085206,1.175029392927042e-09,-0.01743169220549905
1.175586359307461e-09,0.7417174190268095,1.175586359307461e-09,-0.01563286842072938
1.176123959313685e-09,0.6040728916845999,1.176123959313685e-09,0.01129980969452249
1.17664983736586e-09,0.462056209079947,1.17664983736586e-09,0.06909832820821311
1.177318862243006e-09,0.2945169968516662,1.177318862243006e-09,0.1873903824542376
1.177844311668509e-09,0.1946783100756361,1.177844311668509e-09,0.3078543082682499
1.178344234075054e-09,0.1305481941781941,1.178344234075054e-09,0.4291664055965836
1.178847234840367e-09,0.08983139485586095,1.178847234840367e-09,0.5492949356691871
1.17938346917728e-09,0.06250150175890937,1.17938346917728e-09,0.6609940347096077
1.17991418352953e-09,0.04435746249452883,1.17991418352953e-09,0.7462911314110577
1.180432144948276e-09,0.03198273606808771,1.180432144948276e-09,0.8083610165760999
1.180975862829421e-09,0.02268026724183406,1.180975862829421e-09,0.855127153338705
1.181681321179462e-09,0.01469423257025028,1.181681321179462e-09,0.8975739748870998
1.182190454480618e-09,0.01118263452645595,1.182190454480618e-09,0.9209137195252098
1.182708812430955e-09,0.008759309134277551,1.182708812430955e-09,0.94058723557198
1.183206449024723e-09,0.007030181223298682,1.183206449024723e-09,0.9557629684271619
1.183770353140645e-09,0.005425274875679574,1.183770353140645e-09,0.9686567936619876
1.184278145010446e-09,0.004232794772654399,1.184278145010446e-09,0.9770263358691016
1.184780906006999e-09,0.003279802171561849,1.184780906006999e-09,0.9830869456068367
1.185358571801086e-09,0.002434032107406276,1.185358571801086e-09,0.9880851457692622
1.18584878644994e-09,0.001896246298157479,1.18584878644994e-09,0.9911488917475062
1.186353401817754e-09,0.001480249508630252,1.186353401817754e-09,0.9935221062532639
1.186841649087015e-09,0.001172897172239663,1.186841649087015e-09,0.99522230912347
1.187339494351388e-09,0.0009314606937911991,1.187339494351388e-09,0.9964851520407479
1.187877379126394e-09,0.000732419934619526,1.187877379126394e-09,0.9974417038670933
1.188411591417524e-09,0.000588021160124985,1.188411591417524e-09,0.9981014900578647
1.188933193873611e-09,0.0004865951349860615,1.188933193873611e-09,0.9985582107123581
1.189472401212701e-09,0.0004133547247022843,1.189472401212701e-09,0.9989041853367772
1.190171053069237e-09,0.0003490172381417671,1.190171053069237e-09,0.9992195391737005
1.190682981341391e-09,0.000318140142850706,1.190682981341391e-09,0.999385514522581
1.191197253958503e-09,0.0002946422182023096,1.191197253958503e-09,0.9995080522271068
1.191695622641724e-09,0.0002784136999844069,1.191695622641724e-09,0.9995992773059079
1.192252770249187e-09,0.0002643522462354636,1.192252770249187e-09,0.9996728811617503
1.192764225200425e-09,0.0002556702916394633,1.192764225200425e-09,0.9997256859154902
1.193269141281006e-09,0.0002486353806766584,1.193269141281006e-09,0.9997632164224307
1.193841350571783e-09,0.000243468689084231,1.193841350571783e-09,0.9997975733282164
1.194329846875889e-09,0.0002395256465546304,1.194329846875889e-09,0.999817192470989
1.194839485008098e-09,0.0002370832160636261,1.194839485008098e-09,0.9998349491607121
1.195322839569449e-09,0.0002346230358778196,1.195322839569449e-09,0.9998452406417887
1.19582219303193e-09,0.0002333826509018611,1.19582219303193e-09,0.9998555210853278
1.196353642606359e-09,0.000231687501818729,1.196353642606359e-09,0.9998612311480077
1.196896901076913e-09,0.0002310998875077846,1.196896901076913e-09,0.9998677826502204
1.197424952059809e-09,0.0002300125529539885,1.197424952059809e-09,0.9998701676245569
1.197957494896744e-09,0.0002298830364101584,1.197957494896744e-09,0.9998742002033442
1.198642279725725e-09,0.0002290241108617406,1.198642279725725e-09,0.9998753254480073
1.199160111785345e-09,0.0002291634208254832,1.199160111785345e-09,0.9998779107220814
1.199667294067314e-09,0.000228599548993561,1.199667294067314e-09,0.9998775194085265
1.20016770719738e-09,0.0002288554213405405,1.20016770719738e-09,0.9998795060348177
1.200713999727473e-09,0.0002283704589123203,1.200713999727473e-09,0.9998787472239556
1.201233687008809e-09,0.0002286832215331573,1.201233687008809e-09,0.9998804389656627
1.201744189510568e-09,0.0002282463463697427,1.201744189510568e-09,0.9998794152271693
1.202302199795518e-09,0.0002285707843254732,1.202302199795518e-09,0.9998809438663403
1.202798926905967e-09,0.0002281586889725141,1.202798926905967e-09,0.9998797914052971
1.203316900457145e-09,0.0002285073225038571,1.203316900457145e-09,0.9998812081954694
1.203795747662306e-09,0.0002281124117532486,1.203795747662306e-09,0.9998799911882353
1.204298135387583e-09,0.0002285008562491431,1.204298135387583e-09,0.9998813583368042
1.204821765912944e-09,0.0002282086688484655,1.204821765912944e-09,0.9998801284854865
1.205377885640214e-09,0.0002287702391429068,1.205377885640214e-09,0.9998814895819221
1.205914957175439e-09,0.0002284959635161135,1.205914957175439e-09,0.9998802253288563
1.206441173280256e-09,0.0002285863479685946,1.206441173280256e-09,0.9998814681501188
1.207111151856276e-09,0.0002275018509264389,1.207111151856276e-09,0.9998800825464241
1.207635937236452e-09,0.0002268925541433474,1.207635937236452e-09,0.9998812531259991
1.208136369306802e-09,0.0002253927790959069,1.208136369306802e-09,0.9998798593086717
1.208639188405263e-09,0.0002257100703295888,1.208639188405263e-09,0.9998812759296812
1.209175937830092e-09,0.0002290419334135638,1.209175937830092e-09,0.9998807600273791
1.209705944405382e-09,0.0002402224180552888,1.209705944405382e-09,0.9998838148638226
1.210223368249907e-09,0.0002535267034237188,1.210223368249907e-09,0.9998841853507149
1.210767851748551e-09,0.0002566316264885283,1.210767851748551e-09,0.9998844518690756
1.211474752107816e-09,0.0002316307879807235,1.211474752107816e-09,0.9998775992301677
1.211983323796566e-09,0.0001737414678179662,1.211983323796566e-09,0.999869192039902
1.212502496691485e-09,7.114477825875817e-05,1.212502496691485e-09,0.9998538492577459
1.212999957236512e-09,-1.783369619988999e-05,1.212999957236512e-09,0.9998481370562733
1.213565256231163e-09,6.038560102614403e-05,1.213565256231163e-09,0.9998741472350227
1.214072430271343e-09,0.0005352024556814935,1.214072430271343e-09,0.9999644162694029
1.214574788097814e-09,0.001404526911416183,1.214574788097814e-09,1.000103310510482
1.215153588123662e-09,0.002411738595233243,1.215153588123662e-09,1.000204494166953
1.215642398053817e-09,0.00289557575287101,1.215642398053817e-09,1.000176427124555
1.216146220163615e-09,0.001832148639139187,1.216146220163615e-09,0.999860328037995
1.216635072059069e-09,-0.002265343831742473,1.216635072059069e-09,0.9991123686404848
1.217132674051564e-09,-0.009876254103054196,1.217132674051564e-09,0.9979921868917926
1.217671737843207e-09,-0.01838371057515543,1.217671737843207e-09,0.9971781358832835
1.218204681721682e-09,-0.01412887910393135,1.218204681721682e-09,0.9989750431197445
1.218725404280694e-09,0.01489430399881883,1.218725404280694e-09,1.005113944161249
1.219265890231311e-09,0.07760626978191001,1.219265890231311e-09,1.015515057824948
1.219966280915903e-09,0.2068524458920281,1.219966280915903e-09,1.029901090814467
1.220477500369458e-09,0.3261599818836655,1.220477500369458e-09,1.029684229951126
1.220992861395396e-09,0.4509670402591968,1.220992861395396e-09,1.001979461160033
1.221491043123293e-09,0.5688397431310304,1.221491043123293e-09,0.9380410726265678
1.222050180538589e-09,0.6805356249383413,1.222050180538589e-09,0.8255729284243024
1.22256043298347e-09,0.7582580431916224,1.22256043298347e-09,0.7019103854357652
1.223064734399655e-09,0.815787443191055,1.223064734399655e-09,0.5702751091518535
1.223638334018713e-09,0.8624433145844463,1.223638334018713e-09,0.4155807141999624
1.224125173455108e-09,0.8912993019813858,1.224125173455108e-09,0.2953771805152257
1.224633658998827e-09,0.9158050494881622,1.224633658998827e-09,0.1980549377206544
1.225117869023849e-09,0.935259674513101,1.225117869023849e-09,0.1344685340856236
1.225616825563575e-09,0.9516071946916906,1.225616825563575e-09,0.09253442685939528
1.226149586322327e-09,0.9650098155108147,1.226149586322327e-09,0.06440191753313623
1.226691012418341e-09,0.974893763378018,1.226691012418341e-09,0.04534450255657825
1.227217734202321e-09,0.9818007036191515,1.227217734202321e-09,0.03250277934040298
1.227751404473282e-09,0.9868356850179938,1.227751404473282e-09,0.02319926119375347
1.228439155292805e-09,0.9913487154671874,1.228439155292805e-09,0.0151631146796017
1.22895577675233e-09,0.9937185822278107,1.22895577675233e-09,0.01145052838014967
1.229464241757664e-09,0.9954260158913593,1.229464241757664e-09,0.008990953125321477
1.229964171828764e-09,0.9966375377797673,1.229964171828764e-09,0.007203521367899641
1.230512586692307e-09,0.9975619877781704,1.230512586692307e-09,0.005608841493131055
1.231030563305798e-09,0.9981709236761001,1.231030563305798e-09,0.004360740843131746
1.231539865087074e-09,0.9985992288217602,1.231539865087074e-09,0.003370163410492039
1.232101035689944e-09,0.9989466291164268,1.232101035689944e-09,0.002522822902350683
1.232592363953589e-09,0.9991683611141436,1.232592363953589e-09,0.001962483811316034
1.233109314384785e-09,0.999349154631622,1.233109314384785e-09,0.001520700665898449
1.233588099590919e-09,0.9994721229459266,1.233588099590919e-09,0.001209593472624791
1.234090084382103e-09,0.9995733939804635,1.234090084382103e-09,0.0009578031081680019
1.234614368139991e-09,0.9996489939271014,1.234614368139991e-09,0.0007566341939847713
1.235169416761924e-09,0.9997123565541096,1.235169416761924e-09,0.0006004511198155962
1.235705705552418e-09,0.9997546469730039,1.235705705552418e-09,0.0004929587163153598
1.236232498402905e-09,0.999789479165175,1.236232498402905e-09,0.0004192373851078958
1.23690346937871e-09,0.9998176003923633,1.23690346937871e-09,0.0003549159708780574
1.23742784402532e-09,0.9998362941993072,1.23742784402532e-09,0.0003216958412657574
1.237928747728669e-09,0.9998459725591808,1.237928747728669e-09,0.0002978499415719569
1.238431344029443e-09,0.9998567438828075,1.238431344029443e-09,0.0002806352538095396
1.238968954110792e-09,0.9998615591880327,1.238968954110792e-09,0.0002664207134180288
1.239497958073267e-09,0.9998685294186996,1.239497958073267e-09,0.0002568667159066311
1.240014827796454e-09,0.9998700167905935,1.240014827796454e-09,0.000249424134120741
1.240560295902396e-09,0.9998747707563086,1.240560295902396e-09,0.0002442389990850417
1.241269036649096e-09,0.9998751674595679,1.241269036649096e-09,0.000238741117652722
1.241777078109961e-09,0.9998784028636241,1.241777078109961e-09,0.0002364541736538009
1.24229732180823e-09,0.9998772729010594,1.24229732180823e-09,0.0002340474583816564
1.242794708605209e-09,0.9998799514847392,1.242794708605209e-09,0.0002329136086478773
1.243361109666631e-09,0.9998784626455491,1.243361109666631e-09,0.0002313099477700295
1.243868357272389e-09,0.9998808507001449,1.243868357272389e-09,0.0002308381204497338
1.244370559504861e-09,0.9998790866521323,1.244370559504861e-09,0.0002298823085705384
1.244950801572825e-09,0.9998813369923952,1.244950801572825e-09,0.0002297152686888567
1.245440240546428e-09,0.9998794521886503,1.245440240546428e-09,0.0002290513002527014
1.245942734573522e-09,0.9998815828182829,1.245942734573522e-09,0.0002291548627377479
1.246433156315917e-09,0.999879642259338,1.246433156315917e-09,0.0002286330468230083
1.24693057249009e-09,0.9998817298329283,1.24693057249009e-09,0.0002288466915143735
1.247471137117673e-09,0.9998797790025928,1.247471137117673e-09,0.0002283983392820712
1.248001884241834e-09,0.9998818574050816,1.248001884241834e-09,0.0002286691418441359
1.24852097400323e-09,0.9998798654532927,1.24852097400323e-09,0.00022826857843724
1.249063508505902e-09,0.9998818159470368,1.249063508505902e-09,0.0002285569337042293
1.249768200376356e-09,0.9998797095519478,1.249768200376356e-09,0.0002281686401779969
1.250277541656861e-09,0.9998815913998049,1.250277541656861e-09,0.0002284808970872015
1.250795383666524e-09,0.9998794920592692,1.250795383666524e-09,0.0002281267677575397
1.251293123534005e-09,0.9998817152333566,1.251293123534005e-09,0.000228502624417163
1.251856073669172e-09,0.9998807061453145,1.251856073669172e-09,0.0002282863194724819
1.252364393046564e-09,0.9998845311581284,1.252364393046564e-09,0.0002288090948292857
1.252867464103233e-09,0.9998840113646256,1.252867464103233e-09,0.0002285095619109603
1.253444297841518e-09,0.9998841332898014,1.253444297841518e-09,0.0002283586110604534
1.253932226244396e-09,0.9998782471445948,1.253932226244396e-09,0.0002274896080791673
1.254437750299229e-09,0.9998715290167106,1.254437750299229e-09,0.0002268648327281403
1.254924785092807e-09,0.9998568668634786,1.254924785092807e-09,0.0002254448889729408
1.255422875269641e-09,0.9998488783674315,1.255422875269641e-09,0.000225674933231989
1.255959434107346e-09,0.9998599004572727,1.255959434107346e-09,0.0002287358034755908
1.256495532286506e-09,0.9999370599715108,1.256495532286506e-09,0.0002396402930458168
1.257018497271845e-09,1.000069985417863,1.257018497271845e-09,0.0002530717166989781
1.257556139481565e-09,1.000189314907409,1.257556139481565e-09,0.0002569009943201466
1.2582514392516e-09,1.000157629361085,1.2582514392516e-09,0.0002339815673617809
1.258764716287748e-09,0.9997987445158797,1.258764716287748e-09,0.0001780863363974238
1.259277227142843e-09,0.9989461569331698,1.259277227142843e-09,7.903336218622018e-05
1.259776032246991e-09,0.9978083911243613,1.259776032246991e-09,-1.385085869548568e-05
1.260330641770421e-09,0.9972386203880431,1.260330641770421e-09,3.938147583044602e-05
1.260843825788447e-09,0.9995958570603101,1.260843825788447e-09,0.0004842731401302782
1.261349919944213e-09,1.006232703020064,1.261349919944213e-09,0.00133540149614398
1.261919667786938e-09,1.017626998661714,1.261919667786938e-09,0.002343985408132911
1.26240645018081e-09,1.028398080399063,1.26240645018081e-09,0.002884036886094157
1.262918658648018e-09,1.031881547261779,1.262918658648018e-09,0.002002107364831878
1.263400081716584e-09,1.013768376728734,1.263400081716584e-09,-0.001716781738760156
1.263900047931126e-09,0.9607447929721025,1.263900047931126e-09,-0.009114199486540818
1.26442901738917e-09,0.8643291498288059,1.26442901738917e-09,-0.0178169734686716
1.264976175079758e-09,0.7363765458921031,1.264976175079758e-09,-0.01515130955150664
1.265506872465628e-09,0.6001461295949487,1.265506872465628e-09,0.01246338387383283
1.266037088703394e-09,0.4569172141123924,1.266037088703394e-09,0.07181078870730884
1.266716802561157e-09,0.2880911422280952,1.266716802561157e-09,0.1937387760577954
1.267237126125278e-09,0.1909389629223098,1.267237126125278e-09,0.3137750057214685
1.267741695827084e-09,0.1276312388370792,1.267741695827084e-09,0.4361589447264363
1.268242822126496e-09,0.08815196585158062,1.268242822126496e-09,0.5555269787301936
1.268785719472355e-09,0.06112866079055253,1.268785719472355e-09,0.6671846304868257
1.269308865685609e-09,0.04362601485792709,1.269308865685609e-09,0.749906774976783
1.26982164677704e-09,0.03156398512830999,1.26982164677704e-09,0.8104881278651944
1.270374404169771e-09,0.02225327729106407,1.270374404169771e-09,0.8572795727860423
1.270878092001928e-09,0.01630128996798896,1.270878092001928e-09,0.8882053452660601
1.271398797149603e-09,0.01218742572210113,1.271398797149603e-09,0.9137935231646003
1.271877037424801e-09,0.009648496710085927,1.271877037424801e-09,0.9333647980409943
1.272380409533903e-09,0.007694361063981578,1.272380409533903e-09,0.9502220666019701
1.27290232643894e-09,0.00608304670312825,1.27290232643894e-09,0.9637449553585997
1.273461118862286e-09,0.004654568365929412,1.273461118862286e-09,0.9742686793244826
1.273999801774405e-09,0.003547871198359418,1.273999801774405e-09,0.981489163351271
1.274525274136237e-09,0.002706245240976357,1.274525274136237e-09,0.986544348229075
1.275192343968136e-09,0.001918977296938978,1.275192343968136e-09,0.9910389256865294
1.275718782804326e-09,0.001481111641033316,1.275718782804326e-09,0.9935294778798655
1.276217958273343e-09,0.001166765962153731,1.276217958273343e-09,0.9952613579412993
1.276721337913218e-09,0.0009248352819296848,1.276721337913218e-09,0.9965264881853921
1.277256442827392e-09,0.0007277298320468895,1.277256442827392e-09,0.9974667723581546
1.277788560112823e-09,0.0005855432021565155,1.277788560112823e-09,0.9981176397366099
1.27830745909833e-09,0.0004846694775572021,1.27830745909833e-09,0.9985678778507076
1.278849819754753e-09,0.0004120984160365204,1.278849819754753e-09,0.9989132674448807
1.279552865578536e-09,0.0003473508150199682,1.279552865578536e-09,0.9992271049435599
1.280062896396684e-09,0.0003175318924373678,1.280062896396684e-09,0.9993908736220839
1.280579844443745e-09,0.0002935507679767304,1.280579844443745e-09,0.9995123635377233
1.281077638901447e-09,0.0002781409164498493,1.281077638901447e-09,0.9996026461470522
1.281639177818256e-09,0.0002635393163568588,1.281639177818256e-09,0.9996756174513203
1.282148078602244e-09,0.0002556350623952184,1.282148078602244e-09,0.9997277500011049
1.282651411923875e-09,0.0002480971858630289,1.282651411923875e-09,0.9997644433358375
1.283227151157555e-09,0.0002435710891303843,1.283227151157555e-09,0.9997988520753142
1.283716763371611e-09,0.000239063248673352,1.283716763371611e-09,0.99981797235979
1.284223065080088e-09,0.0002372800479822336,1.284223065080088e-09,0.9998356551994937
1.28470943813401e-09,0.0002342297582389069,1.28470943813401e-09,0.999845606187088
1.285207707226705e-09,0.000233617946354591,1.285207707226705e-09,0.999855997119493
1.285743258276346e-09,0.0002313294060926078,1.285743258276346e-09,0.9998614016509638
1.286280611001754e-09,0.0002313681356212687,1.286280611001754e-09,0.9998680775673903
1.2868044368851e-09,0.0002296931786606807,1.2868044368851e-09,0.9998701353771551
1.287340979517027e-09,0.000230165939488256,1.287340979517027e-09,0.9998744144298174
1.288034544352563e-09,0.0002287078740827066,1.288034544352563e-09,0.9998752795964065
1.288548591122191e-09,0.0002294525250771095,1.288548591122191e-09,0.9998780906683576
1.289060074353429e-09,0.0002282913487405197,1.289060074353429e-09,0.9998774366309487
1.289559243857082e-09,0.0002291481129182751,1.289559243857082e-09,0.9998796661192432
1.290112011901219e-09,0.0002280663506679845,1.290112011901219e-09,0.9998786483265757
1.290626404299532e-09,0.0002289780849703044,1.290626404299532e-09,0.9998805848459373
1.291133370947385e-09,0.0002279458180046748,1.291133370947385e-09,0.9998792991197758
1.29170151930573e-09,0.0002288654531450951,1.29170151930573e-09,0.9998810835625883
1.292187739887078e-09,0.0002278599963522024,1.292187739887078e-09,0.9998796699692604
1.292701201737256e-09,0.0002288032102926156,1.292701201737256e-09,0.999881339619977
1.293181671572543e-09,0.0002278150310974279,1.293181671572543e-09,0.9998798666313894
1.293682330487518e-09,0.0002287991589932788,1.293682330487518e-09,0.9998814886015766
1.294209701662152e-09,0.000227917263837533,1.294209701662152e-09,0.9998800034848159
1.294759441747023e-09,0.0002290714367249409,1.294759441747023e-09,0.9998816188624519
1.295292030873249e-09,0.0002282012183850158,1.295292030873249e-09,0.9998800979906409
1.295821009141147e-09,0.0002288678711252743,1.295821009141147e-09,0.9998815933779851
1.296497768549186e-09,0.0002271837161817039,1.296497768549186e-09,0.9998799526336295
1.297019339428434e-09,0.0002271540475760424,1.297019339428434e-09,0.999881376846689
1.297522687304434e-09,0.0002250608633778406,1.297522687304434e-09,0.9998797293207617
1.298024303028861e-09,0.0002260470082189136,1.298024303028861e-09,0.9998814163166052
1.298565238976075e-09,0.0002290228720195144,1.298565238976075e-09,0.9998806821236568
1.299090380214117e-09,0.0002409400094684676,1.299090380214117e-09,0.9998840053275845
1.299604477185426e-09,0.0002535931791595196,1.299604477185426e-09,0.9998840935191707
1.300154572966352e-09,0.0002566745977118846,1.300154572966352e-09,0.9998844777727709
1.300870790892449e-09,0.0002293256557455124,1.300870790892449e-09,0.9998771181581673
1.301376061041111e-09,0.000170418394214105,1.301376061041111e-09,0.9998687817914413
1.301901037950246e-09,6.462853035055504e-05,1.301901037950246e-09,0.999852990063566
1.302398151557424e-09,-2.117793603635359e-05,1.302398151557424e-09,0.9998482608433849
1.302969004424008e-09,7.928189246876798e-05,1.302969004424008e-09,0.9998781775754425
1.303478114622948e-09,0.0005893691737024559,1.303478114622948e-09,0.9999734761233465
1.303979784547871e-09,0.001469029665300185,1.303979784547871e-09,1.000111863826056
1.304569684972633e-09,0.002479431984954314,1.304569684972633e-09,1.00020759669031
1.305249260519729e-09,0.002644134131082042,1.305249260519729e-09,1.000073165758053
1.305737387000403e-09,0.0004927134550060658,1.305737387000403e-09,0.9996031684846782
1.306296352166939e-09,-0.006272677035226426,1.306296352166939e-09,0.9984967153189896
1.306792929465652e-09,-0.01490906204887751,1.306792929465652e-09,0.9974076784462254
1.307412864267843e-09,-0.01728410793633663,1.307412864267843e-09,0.9980495881820716
1.307943387160639e-09,0.003524405703043928,1.307943387160639e-09,1.002799031271029
1.308457498937581e-09,0.05266032966535397,1.308457498937581e-09,1.011599738848935
1.309087233099488e-09,0.1540950818035933,1.309087233099488e-09,1.025317254377742
1.309650267473137e-09,0.2780049550138272,1.309650267473137e-09,1.032135390436054
1.310134786348164e-09,0.395405920157286,1.310134786348164e-09,1.018864525806398
1.310654774694968e-09,0.5206461821196356,1.310654774694968e-09,0.9696443588239917
1.311165098040489e-09,0.6325564967851734,1.311165098040489e-09,0.8815650909411167
1.311742740007804e-09,0.7318269739133948,1.311742740007804e-09,0.7493083543429034
1.312293799409904e-09,0.8012936206621069,1.312293799409904e-09,0.6087078544603417
1.312815668658081e-09,0.8484636069445187,1.312815668658081e-09,0.4678296468973344
1.31346786790212e-09,0.8899801228436286,1.31346786790212e-09,0.3028944881191293
1.314000462071053e-09,0.9156940900136473,1.314000462071053e-09,0.1994879615003762
1.314494835692446e-09,0.9354948929850421,1.314494835692446e-09,0.1342981546022182
1.315000667357209e-09,0.951967109709872,1.315000667357209e-09,0.09195264645512471
1.31552922310118e-09,0.9651806481208931,1.31552922310118e-09,0.06421408715536173
1.316070662497315e-09,0.9750087222984893,1.316070662497315e-09,0.04521680521789937
1.316596051717591e-09,0.98186952803891,1.316596051717591e-09,0.03244240031278946
1.317130906265207e-09,0.9868894003428136,1.317130906265207e-09,0.0231380881344181
1.317819764646377e-09,0.9913921014648542,1.317819764646377e-09,0.01511735188392787
1.318335536509115e-09,0.9937428663256781,1.318335536509115e-09,0.01142423051802937
1.318844824247856e-09,0.995449023528464,1.318844824247856e-09,0.008969874465471204
1.319344511388664e-09,0.9966498755899474,1.319344511388664e-09,0.007186944424179499
1.319894171035703e-09,0.9975754634053412,1.319894171035703e-09,0.005593104819583468
1.320411088840864e-09,0.9981759271238169,1.320411088840864e-09,0.004349154492836437
1.320919708609312e-09,0.9986057572063561,1.320919708609312e-09,0.003363302502021886
1.321482802652277e-09,0.9989488213780937,1.321482802652277e-09,0.002514094429392872
1.321974016017025e-09,0.999173441362509,1.321974016017025e-09,0.001957070718290486
1.322489825928171e-09,0.9993490819858764,1.322489825928171e-09,0.001516452876436748
1.322969336051901e-09,0.9994757190391965,1.322969336051901e-09,0.00120698026583815
1.323470900239507e-09,0.9995725119796739,1.323470900239507e-09,0.0009549042199650854
1.323996365288433e-09,0.9996519502334607,1.323996365288433e-09,0.0007551344245774513
1.324549377705454e-09,0.9997108763902608,1.324549377705454e-09,0.0005988202466830386
1.325084362204385e-09,0.9997569155501731,1.325084362204385e-09,0.0004930722655400562
1.325611869069718e-09,0.999787737182822,1.325611869069718e-09,0.000418194460659971
1.326284733947429e-09,0.9998198203303793,1.326284733947429e-09,0.0003550982013068677
1.326808019729503e-09,0.9998344525539673,1.326808019729503e-09,0.0003208425241752213
1.32730981240683e-09,0.9998480760972056,1.32730981240683e-09,0.0002982360336644543
1.327812142574983e-09,0.9998548496544936,1.327812142574983e-09,0.0002798751981970004
1.328350809804674e-09,0.9998636107145084,1.328350809804674e-09,0.0002668877691622439
1.328878421626684e-09,0.99986659503386,1.328878421626684e-09,0.0002561875726037555
1.329394391626182e-09,0.9998720171749811,1.329394391626182e-09,0.0002499794620240603
1.329941353369295e-09,0.9998728217284271,1.329941353369295e-09,0.0002435911434547139
1.330652393135077e-09,0.9998771621928804,1.330652393135077e-09,0.0002392950040490804
1.331159449234026e-09,0.9998764469727971,1.331159449234026e-09,0.0002358253350789715
1.331681232631599e-09,0.9998792547142972,1.331681232631599e-09,0.000234616497565437
1.332178582031058e-09,0.9998779938462267,1.332178582031058e-09,0.0002322957059195029
1.332746224872519e-09,0.9998804361605008,1.332746224872519e-09,0.0002318872187385739
1.333254012242405e-09,0.9998788930264163,1.333254012242405e-09,0.0002302299227470036
1.333756028644871e-09,0.999881053606677,1.333756028644871e-09,0.0002304652407638765
1.334339518549232e-09,0.9998793803649799,1.334339518549232e-09,0.0002291130720955095
1.335035812512266e-09,0.9998814641277256,1.335035812512266e-09,0.0002295250522571356
1.335526787640448e-09,0.9998796627394088,1.335526787640448e-09,0.0002284819569334475
1.33607757443088e-09,0.9998816356552064,1.33607757443088e-09,0.0002291439845438482
1.336573896324296e-09,0.9998798091719824,1.336573896324296e-09,0.000228201685172932
1.337192757451771e-09,0.9998817736242601,1.337192757451771e-09,0.0002289338893362066
1.337720479379981e-09,0.9998799271077816,1.337720479379981e-09,0.0002280437276056652
1.338232473527373e-09,0.9998817896173512,1.338232473527373e-09,0.0002288190177836656
1.338861413976416e-09,0.9998798093207845,1.338861413976416e-09,0.0002279412705420795
1.33943066734116e-09,0.9998815909051795,1.33943066734116e-09,0.0002287351419430021
1.339915514940806e-09,0.9998795960107317,1.339915514940806e-09,0.0002278907911384472
1.340437655161045e-09,0.9998814751712048,1.340437655161045e-09,0.0002287148599757432
1.340946469359237e-09,0.9998801279436667,1.340946469359237e-09,0.0002279709413876334
1.341530203385403e-09,0.9998836682265139,1.341530203385403e-09,0.0002289763424895325
1.342085503452112e-09,0.9998836123828699,1.342085503452112e-09,0.0002282681309733465
1.342606456117583e-09,0.9998852831963244,1.342606456117583e-09,0.0002288496476157746
1.343254152293376e-09,0.9998790387467401,1.343254152293376e-09,0.0002273370728979822
1.343788969163092e-09,0.9998723995399763,1.343788969163092e-09,0.0002272046237744835
1.344281880508964e-09,0.9998579116271689,1.344281880508964e-09,0.0002252773733204857
1.344788483919649e-09,0.9998488745391243,1.344788483919649e-09,0.0002258338159748731
1.345315304616168e-09,0.9998580001342433,1.345315304616168e-09,0.0002281564696865555
1.345859699675428e-09,0.9999331964469954,1.345859699675428e-09,0.0002394064856056068
1.346387078006418e-09,1.0000653966353,1.346387078006418e-09,0.0002524121663021681
1.346920274036697e-09,1.000186629454077,1.346920274036697e-09,0.0002573554627818061
1.347604483260619e-09,1.000166797965093,1.347604483260619e-09,0.000235596503509226
1.348122286390894e-09,0.9998279763058984,1.348122286390894e-09,0.0001822527400643698
1.348629411859935e-09,0.9990109732063536,1.348629411859935e-09,8.535883972063225e-05
1.349129611103431e-09,0.9978722714930967,1.349129611103431e-09,-9.983979912577177e-06
1.34967631602514e-09,0.9972047967188176,1.34967631602514e-09,2.475581919837697e-05
1.350195757233617e-09,0.9993519313565642,1.350195757233617e-09,0.0004467782741321182
1.350705987561214e-09,1.005786847810629,1.350705987561214e-09,0.001284036164413741
1.351264378148295e-09,1.016797596072323,1.351264378148295e-09,0.00228483473933173
1.35176112402806e-09,1.027833584473417,1.35176112402806e-09,0.002870035992286024
1.352279148422818e-09,1.032060066099082,1.352279148422818e-09,0.002090988619716864
1.352757932584675e-09,1.015402023942763,1.352757932584675e-09,-0.001422519305511523
1.353260117776997e-09,0.9639562758572864,1.353260117776997e-09,-0.008721015478905553
1.353783787077721e-09,0.8701960849350232,1.353783787077721e-09,-0.01747870294095456
1.354339553378202e-09,0.7411089104654915,1.354339553378202e-09,-0.01558028543810112
1.354876242445327e-09,0.6036573333252945,1.354876242445327e-09,0.01142140856994765
1.355402558281036e-09,0.4615180014143749,1.355402558281036e-09,0.06938115393873316
1.356072704481779e-09,0.2938390743143764,1.356072704481779e-09,0.1880521937985726
1.356597575017462e-09,0.1942897523068413,1.356597575017462e-09,0.3084649128720848
1.35709794355818e-09,0.1302472958669901,1.35709794355818e-09,0.4298799079310702
1.357600741262479e-09,0.08965929529123567,1.357600741262479e-09,0.5499303324070411
1.358137598580346e-09,0.06236279737909346,1.358137598580346e-09,0.6616172326555095
1.358667450967272e-09,0.04428703421717906,1.358667450967272e-09,0.7466406053630352
1.359184866800748e-09,0.03194331617059042,1.359184866800748e-09,0.8085608424585653
1.359729363116571e-09,0.02264113164865883,1.359729363116571e-09,0.8553257216833359
1.36043613983587e-09,0.01465927035997344,1.36043613983587e-09,0.8977826601203305
1.360944730514044e-09,0.01116266610485186,1.360944730514044e-09,0.9210642429329501
1.361463908239114e-09,0.008741490432952428,1.361463908239114e-09,0.9407358063756724
1.361961394649763e-09,0.007016934491158457,1.361961394649763e-09,0.9558764439293258
1.362526634650397e-09,0.005410634923069697,1.362526634650397e-09,0.9687630732907698
1.363033761950371e-09,0.004222518839093746,1.363033761950371e-09,0.9770953432621219
1.363536151575934e-09,0.003271991356187317,1.363536151575934e-09,0.9831328052741262
1.36411493012871e-09,0.002427081102501202,1.36411493012871e-09,0.9881261241470826
1.36460559239839e-09,0.0018902892943306,1.36460559239839e-09,0.9911814594302865
1.365109253436896e-09,0.001476724416278251,1.365109253436896e-09,0.9935431869900971
1.365598548121062e-09,0.001169324744327652,1.365598548121062e-09,0.995240260873743
1.366096133568083e-09,0.000929092488985852,1.366096133568083e-09,0.9964981684688887
1.366635379326973e-09,0.0007299583196362545,1.366635379326973e-09,0.9974520076338954
1.367167796380789e-09,0.000586919947513844,1.367167796380789e-09,0.9981075147481002
1.367688145278461e-09,0.0004857616154536678,1.367688145278461e-09,0.9985609360891206
1.368228932984641e-09,0.0004128457714137177,1.368228932984641e-09,0.9989077452516745
1.368930293515424e-09,0.0003482492385031221,1.368930293515424e-09,0.9992223055658784
1.36944106501251e-09,0.0003179020422251735,1.36944106501251e-09,0.999387971808862
1.369956919250509e-09,0.0002941439479686594,1.369956919250509e-09,0.9995095189067925
1.370454948972488e-09,0.0002783141567903706,1.370454948972488e-09,0.9996010309540379
1.371014596552425e-09,0.0002639707250962221,1.371014596552425e-09,0.9996737697755694
1.371524466088928e-09,0.0002556739321241537,1.371524466088928e-09,0.9997269244479119
1.372028425743957e-09,0.0002483875773110408,1.372028425743957e-09,0.9997633973726748
1.372602628825138e-09,0.0002435299442806847,1.372602628825138e-09,0.9997984909324471
1.373091662311247e-09,0.0002393051106063011,1.373091662311247e-09,0.9998172122873826
1.373599330445111e-09,0.0002371876477581632,1.373599330445111e-09,0.9998355984818039
1.37408436961534e-09,0.000234433296887215,1.37408436961534e-09,0.9998450716501892
1.374583093637307e-09,0.0002335023256015126,1.374583093637307e-09,0.9998560732758515
1.375116814506242e-09,0.0002315125506093926,1.375116814506242e-09,0.9998609786620738
1.375656680622848e-09,0.0002312343999868156,1.375656680622848e-09,0.9998682501956124
1.376182337986339e-09,0.0002298566710695406,1.376182337986339e-09,0.9998698150053862
1.37671696501637e-09,0.0002300238709515361,1.37671696501637e-09,0.9998746303667189
1.377406692695728e-09,0.000228868322722765,1.377406692695728e-09,0.9998749734725301
1.377922336596687e-09,0.0002293065199399998,1.377922336596687e-09,0.9998783262740057
1.378431859723694e-09,0.0002284476137883939,1.378431859723694e-09,0.9998771507809964
1.378931564648163e-09,0.0002290000488766456,1.378931564648163e-09,0.9998799115764228
1.379481289708502e-09,0.0002282204268232315,1.379481289708502e-09,0.9998783721851344
1.379997960807897e-09,0.0002288288352173509,1.379997960807897e-09,0.9998808365896629
1.380506470266707e-09,0.0002280981092782094,1.380506470266707e-09,0.9998790324806737
1.381069821830089e-09,0.0002287161861923947,1.381069821830089e-09,0.9998813375860284
1.381558496488372e-09,0.0002280114393963505,1.381558496488372e-09,0.9998794065310341
1.382074271265765e-09,0.0002286534635977147,1.382074271265765e-09,0.9998815961557995
1.382553411622816e-09,0.0002279658126659041,1.382553411622816e-09,0.9998796061732779
1.383054953463528e-09,0.0002286478303903608,1.383054953463528e-09,0.9998817447588898
1.383580049651498e-09,0.0002280642350446082,1.383580049651498e-09,0.9998797444171464
1.384133727975347e-09,0.0002289181623791332,1.384133727975347e-09,0.9998818746480324
1.384669104687293e-09,0.0002283503046676525,1.384669104687293e-09,0.9998798414179582
1.385196269990032e-09,0.0002287276882572304,1.385196269990032e-09,0.999881850869162
1.385868600320259e-09,0.0002273477135247991,1.385868600320259e-09,0.999879698512256
1.38639227203767e-09,0.0002270267373666439,1.38639227203767e-09,0.9998816343293051
1.386893669148363e-09,0.0002252345456218549,1.386893669148363e-09,0.9998794764789442
1.387396040005538e-09,0.0002258693869536021,1.387396040005538e-09,0.9998816616567012
1.387934242951068e-09,0.0002289897395083323,1.387934242951068e-09,0.9998803959495715
1.388462491531871e-09,0.0002405105289001238,1.388462491531871e-09,0.9998842166126188
1.38897871724067e-09,0.0002535033512678199,1.38897871724067e-09,0.9998838177347726
1.389525069224428e-09,0.000256695578359587,1.389525069224428e-09,0.9998847977944845
1.390234853790011e-09,0.0002308446205284892,1.390234853790011e-09,0.9998771067482892
1.390742326419578e-09,0.000172718601776902,1.390742326419578e-09,0.9998693958540888
1.391263314997067e-09,6.898486433392397e-05,1.391263314997067e-09,0.9998532319628977
1.391760609514373e-09,-1.88866474178237e-05,1.391760609514373e-09,0.9998485069690102
1.392327833317255e-09,6.620840497469209e-05,1.392327833317255e-09,0.9998750756894336
1.392835278573749e-09,0.0005510041474367142,1.392835278573749e-09,0.9999673891351988
1.393337322078904e-09,0.001425373776977625,1.393337322078904e-09,1.000105874353753
1.393919215956551e-09,0.002432928656195881,1.393919215956551e-09,1.000205936762367
1.394618857839717e-09,0.002661836540455998,1.394618857839717e-09,1.000080204192049
1.395109023532828e-09,0.0005781198595080168,1.395109023532828e-09,0.9996199929979751
1.39566441205613e-09,-0.006029278493888293,1.39566441205613e-09,0.9985327969398085
1.39616053638938e-09,-0.01464478217182338,1.39616053638938e-09,0.9974344391537827
1.396779087691497e-09,-0.01755405942381669,1.396779087691497e-09,0.9979686565745103
1.397306539169405e-09,0.002239897044345261,1.397306539169405e-09,1.00253945792907
1.39781854916867e-09,0.04985030790367741,1.39781854916867e-09,1.011146280353271
1.398447629973173e-09,0.1495921195187113,1.398447629973173e-09,1.024822666069844
1.399017091433369e-09,0.2740782687825322,1.399017091433369e-09,1.032168048335937
1.399501229161027e-09,0.3912965838555788,1.399501229161027e-09,1.019803457327793
1.400024686844534e-09,0.5174486529167887,1.400024686844534e-09,0.9714527057561081
1.400532676599933e-09,0.6294099679090016,1.400532676599933e-09,0.8847876562625645
1.401116652269908e-09,0.73043759493866,1.401116652269908e-09,0.7516569648791862
1.401671514226796e-09,0.8006965397521372,1.401671514226796e-09,0.6102392408323508
1.402192315102432e-09,0.8479536714321402,1.402192315102432e-09,0.4696710768263097
1.402839970148963e-09,0.8893647639335416,1.402839970148963e-09,0.305420346255169
1.40337488147302e-09,0.9152962619231229,1.40337488147302e-09,0.2009132844164766
1.403867764862696e-09,0.9351129477344279,1.403867764862696e-09,0.1354015493867564
1.404374572877866e-09,0.9516921969641289,1.404374572877866e-09,0.09256494420299408
1.404901045519504e-09,0.9649326139371593,1.404901045519504e-09,0.06470449576897797
1.405445777113e-09,0.9748825060454315,1.405445777113e-09,0.04545291784286685
1.40597351928267e-09,0.981804977473809,1.40597351928267e-09,0.03256100494303017
1.406506394440528e-09,0.98682716472096,1.406506394440528e-09,0.02325251239505221
1.407190277616782e-09,0.9913233667190571,1.407190277616782e-09,0.01523255710783619
1.407708099006946e-09,0.993700283793901,1.407708099006946e-09,0.01148799102295395
1.408215147051314e-09,0.9954116315045551,1.408215147051314e-09,0.009025065153038083
1.408715503186697e-09,0.9966245046306819,1.408715503186697e-09,0.00722719520412124
1.409261829957314e-09,0.9975533389213004,1.409261829957314e-09,0.005635643765042264
1.409781555869969e-09,0.9981630374199391,1.409781555869969e-09,0.004377363315341633
1.410292083486989e-09,0.9985976852773556,1.410292083486989e-09,0.003382773553415656
1.410849983944842e-09,0.9989402594694021,1.410849983944842e-09,0.002535161060090993
1.411347034653781e-09,0.9991692346209483,1.411347034653781e-09,0.001967599308616533
1.411865155180124e-09,0.9993466536644671,1.411865155180124e-09,0.001522155480048339
1.412343961641459e-09,0.9994736786510977,1.412343961641459e-09,0.001212209613236053
1.412846530181425e-09,0.9995711856503828,1.412846530181425e-09,0.0009580658577232575
1.413369926123295e-09,0.999650662511909,1.413369926123295e-09,0.0007586054014511054
1.413926081248719e-09,0.9997102543554059,1.413926081248719e-09,0.0006001532335135993
1.414463262407432e-09,0.9997565752339709,1.414463262407432e-09,0.0004940250658965005
1.414989495749067e-09,0.9997874440622375,1.414989495749067e-09,0.0004186260530206103
1.415658968367127e-09,0.999819462519262,1.415658968367127e-09,0.0003560148313613918
1.416183830294086e-09,0.9998342628690416,1.416183830294086e-09,0.0003210229146928451
1.416684223122812e-09,0.9998478768143677,1.416684223122812e-09,0.0002988242218007352
1.417187127994304e-09,0.9998547406475637,1.417187127994304e-09,0.0002798984493873801
1.417723795612792e-09,0.9998634800904485,1.417723795612792e-09,0.0002673413787835363
1.418253733844728e-09,0.9998665475778192,1.418253733844728e-09,0.0002560882528821489
1.418771318851187e-09,0.9998719627303084,1.418771318851187e-09,0.000250280637288103
1.419315630070887e-09,0.9998727999433342,1.419315630070887e-09,0.0002434439363529938
1.420022115393851e-09,0.9998771076468337,1.420022115393851e-09,0.0002396020764693673
1.420530807223697e-09,0.9998764386840727,1.420530807223697e-09,0.000235654685914347
1.421049814580243e-09,0.9998792160145055,1.421049814580243e-09,0.0002348923361265742
1.421547379873445e-09,0.9998779934149604,1.421547379873445e-09,0.0002321090184082813
1.422112276628263e-09,0.9998804058363434,1.422112276628263e-09,0.0002321441692029607
1.422619539612775e-09,0.9998788979646238,1.422619539612775e-09,0.0002300310821241705
1.423122047470982e-09,0.9998810298040751,1.423122047470982e-09,0.0002307070926531066
1.42370066646655e-09,0.9998793886749137,1.42370066646655e-09,0.0002289065011414053
1.424191135064247e-09,0.9998813936338715,1.424191135064247e-09,0.0002298697672007538
1.424694959587677e-09,0.9998796396270464,1.424694959587677e-09,0.0002283454767469414
1.42518406961033e-09,0.999881581388754,1.42518406961033e-09,0.0002294464297433926
1.425681541817502e-09,0.9998797897635896,1.425681541817502e-09,0.0002280388259496075
1.426220507270223e-09,0.9998817150598419,1.426220507270223e-09,0.0002292077067166873
1.426753147468119e-09,0.9998799207418734,1.426753147468119e-09,0.0002278634294730956
1.427273626735508e-09,0.9998817999561742,1.427273626735508e-09,0.0002290743731118334
1.427813955647795e-09,0.9998798837426711,1.427813955647795e-09,0.0002277533950572943
1.4285148586351e-09,0.9998816438762553,1.4285148586351e-09,0.0002289724513568812
1.429025927828393e-09,0.9998796654350283,1.429025927828393e-09,0.0002276804995377534
1.429541298082212e-09,0.9998814187182904,1.429541298082212e-09,0.0002289262623881188
1.430039527100025e-09,0.9998797748940765,1.430039527100025e-09,0.0002277020934855173
1.430598586590023e-09,0.9998825891066606,1.430598586590023e-09,0.0002290786780343308
1.431108872048137e-09,0.9998825605097647,1.431108872048137e-09,0.000228010154616329
1.43161324529525e-09,0.9998859191320398,1.43161324529525e-09,0.00022930667099271
1.432186765547752e-09,0.9998822964643154,1.432186765547752e-09,0.000227581137027506
1.43267335996814e-09,0.9998803658430186,1.43267335996814e-09,0.0002283056016815865
1.433181750671277e-09,0.9998699301755024,1.433181750671277e-09,0.0002261075295341547
1.433665978309064e-09,0.999859301169705,1.433665978309064e-09,0.0002262729663748044
1.434165059928718e-09,0.9998470643594575,1.434165059928718e-09,0.0002248479957970125
1.434697561342793e-09,0.9998604465214036,1.434697561342793e-09,0.0002292850649585521
1.43523913949789e-09,0.999932083203283,1.43523913949789e-09,0.0002384704056894611
1.435766047334817e-09,1.000068537273854,1.435766047334817e-09,0.0002535598142965138
1.436299498617141e-09,1.000184852138317,1.436299498617141e-09,0.0002562130808269765
1.436987421872605e-09,1.000166975528704,1.436987421872605e-09,0.0002362677538211045
1.437503928873168e-09,0.9998203990563519,1.437503928873168e-09,0.0001804553681906001
1.438012469431414e-09,0.998998619852689,1.438012469431414e-09,8.488701456059843e-05
1.438512437834186e-09,0.9978556104587846,1.438512437834186e-09,-1.200355958201026e-05
1.43906056908576e-09,0.9972127855097466,1.43906056908576e-09,2.877223322413381e-05
1.43957871040239e-09,0.9994034695869302,1.43957871040239e-09,0.0004541167105130373
1.440088063753487e-09,1.005888464322549,1.440088063753487e-09,0.001296606857181147
1.44064893235414e-09,1.01697970792921,1.44064893235414e-09,0.002297018551523145
1.441140007080285e-09,1.027899026218442,1.441140007080285e-09,0.002873454052220181
1.441656886237828e-09,1.032106031256989,1.441656886237828e-09,0.002085235605167079
1.442136089146675e-09,1.015306097897039,1.442136089146675e-09,-0.001446954662260135
1.44263671285677e-09,0.9638993233441513,1.44263671285677e-09,-0.00873540997078419
1.443161591349443e-09,0.8698270608993801,1.443161591349443e-09,-0.01750714233231941
1.443716753855731e-09,0.7408177033573543,1.443716753855731e-09,-0.01555895554874629
1.444252909497044e-09,0.6034827777354254,1.444252909497044e-09,0.01147232738928861
1.444779502300889e-09,0.461260052358019,1.444779502300889e-09,0.06951113947412778
1.445450515636685e-09,0.2934432085233946,1.445450515636685e-09,0.1884367764578337
1.445974959995728e-09,0.1940741874316934,1.445974959995728e-09,0.3087957955917888
1.446475663792981e-09,0.1300724701611587,1.446475663792981e-09,0.4302940435841422
1.446978351201333e-09,0.08955737631422062,1.446978351201333e-09,0.5502965729136865
1.447515516296047e-09,0.06228451366773222,1.447515516296047e-09,0.6619712951423017
1.448045152625213e-09,0.0442383719603305,1.448045152625213e-09,0.7468735589521017
1.44856224887084e-09,0.03191602729434349,1.44856224887084e-09,0.808702535858022
1.449107278915366e-09,0.02261309931891462,1.449107278915366e-09,0.8554612578821513
1.449815258043039e-09,0.01463296628029643,1.449815258043039e-09,0.8979445424104643
1.450323494202897e-09,0.01114631795287817,1.450323494202897e-09,0.9211796669285525
1.450843260993839e-09,0.008728308150230187,1.450843260993839e-09,0.9408523604108323
1.451340633977312e-09,0.007006025738883563,1.451340633977312e-09,0.9559612802573821
1.451906729004811e-09,0.005400398778215686,1.451906729004811e-09,0.9688435498470053
1.452413851279094e-09,0.004213300754911434,1.452413851279094e-09,0.9771509812971404
1.452916093750758e-09,0.003265774397748494,1.452916093750758e-09,0.9831751426733094
1.453495673021806e-09,0.002420610771539165,1.453495673021806e-09,0.9881584982613694
1.453984853367684e-09,0.001887649077560131,1.453984853367684e-09,0.9912009181389535
1.454487906928692e-09,0.001474340480697768,1.454487906928692e-09,0.9935520422132801
1.454977634817212e-09,0.001168088126382209,1.454977634817212e-09,0.9952512095454596
1.455475115541518e-09,0.0009273460052459123,1.455475115541518e-09,0.9965026767257791
1.456014969985247e-09,0.0007292913703437232,1.456014969985247e-09,0.9974590557331126
1.456546681837016e-09,0.0005857891683612432,1.456546681837016e-09,0.9981086464071569
1.457066474123028e-09,0.000485854643299959,1.457066474123028e-09,0.9985644440943009
1.457608041753249e-09,0.0004120247837729536,1.457608041753249e-09,0.9989076215671714
1.458311344276294e-09,0.0003483512615642248,1.458311344276294e-09,0.9992259682250859
1.45882144218005e-09,0.0003172056108475224,1.45882144218005e-09,0.9993873934039956
1.459338291064816e-09,0.0002944001638757697,1.459338291064816e-09,0.9995124244412448
1.459836136262399e-09,0.0002777010901609544,1.459836136262399e-09,0.9996000537149907
1.460397280798836e-09,0.0002642937569698251,1.460397280798836e-09,0.9996763262487232
1.460906488599361e-09,0.0002551216403129136,1.460906488599361e-09,0.999725669072682
1.461409925788271e-09,0.0002487838269077023,1.461409925788271e-09,0.9997655487063265
1.461985389007855e-09,0.0002430160427611573,1.461985389007855e-09,0.9997970427937272
1.462472936107003e-09,0.0002397276269726426,1.462472936107003e-09,0.9998191860174228
1.462979617662192e-09,0.0002367121424824797,1.462979617662192e-09,0.9998339423373083
1.463465301621e-09,0.0002348679516687654,1.463465301621e-09,0.9998469463047106
1.463963696225365e-09,0.0002330373543221362,1.463963696225365e-09,0.999854374297459
1.464498564134489e-09,0.0002319507592203329,1.464498564134489e-09,0.999862810914123
1.465037078352513e-09,0.0002307786489840395,1.465037078352513e-09,0.9998665208635018
1.465561656327622e-09,0.0002303005357837551,1.465561656327622e-09,0.9998715977862235
1.466097474874711e-09,0.0002295736727441751,1.466097474874711e-09,0.9998728890928472
1.466789611367949e-09,0.0002293099668874843,1.466789611367949e-09,0.9998767525612496
1.467304342330143e-09,0.0002288603459310113,1.467304342330143e-09,0.9998765825174427
1.467815031796146e-09,0.0002288878737772456,1.467815031796146e-09,0.9998789163083878
1.468314236964993e-09,0.0002285574514230609,1.468314236964993e-09,0.9998781675285712
1.468866150985274e-09,0.0002286586304595649,1.468866150985274e-09,0.9998801293725101
1.46938143543206e-09,0.0002283896788871913,1.46938143543206e-09,0.9998790940908432
1.469888822551763e-09,0.0002285342949771046,1.469888822551763e-09,0.9998807804090308
1.470455496439996e-09,0.0002282795684329542,1.470455496439996e-09,0.9998795979608776
1.470941964761141e-09,0.0002284452303042271,1.470941964761141e-09,0.9998811488772505
1.471456527698446e-09,0.0002282204591366626,1.471456527698446e-09,0.999879859395591
1.471936237291486e-09,0.0002283967974412997,1.471936237291486e-09,0.9998813427049199
1.472437053772071e-09,0.0002282184532557421,1.472437053772071e-09,0.9998800123161385
1.472963654523798e-09,0.0002284946888702136,1.472963654523798e-09,0.9998814761818686
1.473514747450752e-09,0.000228492662789688,1.473514747450752e-09,0.9998801464015424
1.474048373035575e-09,0.0002287770625482997,1.474048373035575e-09,0.9998815680606842
1.474576533505122e-09,0.0002282969623359925,1.474576533505122e-09,0.9998801253630761
1.475251894514319e-09,0.0002277641118565681,1.475251894514319e-09,0.9998814205903146
1.475774391559848e-09,0.0002265916556409644,1.475774391559848e-09,0.9998799125939879
1.476276956873056e-09,0.0002256407377625573,1.476276956873056e-09,0.9998811933804248
1.476778884735545e-09,0.0002254631488141833,1.476778884735545e-09,0.9998799503761727
1.47731872793021e-09,0.0002295186377398888,1.47731872793021e-09,0.9998821294547536
1.477845159337527e-09,0.0002402582917633777,1.477845159337527e-09,0.9998825296882821
1.47836015313934e-09,0.0002540944332603706,1.47836015313934e-09,0.9998855466968423
1.478908661067275e-09,0.0002561139854348931,1.478908661067275e-09,0.9998830361870372
1.479622746351405e-09,0.0002304869536607148,1.479622746351405e-09,0.9998786804971507
1.480128836814559e-09,0.0001707910960946331,1.480128836814559e-09,0.999867465106443
1.48065235546803e-09,6.680470075387069e-05,1.48065235546803e-09,0.9998546288836985
1.481149621473843e-09,-2.089618450878661e-05,1.481149621473843e-09,0.9998467945549513
1.481718848994626e-09,7.4601108000028e-05,1.481718848994626e-09,0.9998785059547936
1.482227416344336e-09,0.0005739634941748244,1.482227416344336e-09,0.9999695786226156
1.482729276652368e-09,0.001452946859736576,1.482729276652368e-09,1.000111332602241
1.483315900696625e-09,0.002460733643188613,1.483315900696625e-09,1.000205149288589
1.484003589700597e-09,0.002656725418268725,1.484003589700597e-09,1.000078599484461
1.48449361919637e-09,0.0005148737205380577,1.48449361919637e-09,0.9996057790807074
1.485045984213161e-09,-0.006128146001949862,1.485045984213161e-09,0.9985185666553514
1.485542702554037e-09,-0.01476169749015035,1.485542702554037e-09,0.9974202291054997
1.486163776318073e-09,-0.01740518353429332,1.486163776318073e-09,0.9980134326618527
1.486693092926907e-09,0.002934734649243579,1.486693092926907e-09,1.002677410319522
1.487206581357762e-09,0.05142068603988517,1.487206581357762e-09,1.011401201542617
1.487835184715464e-09,0.1519493285989005,1.487835184715464e-09,1.02508161100039
1.488401494360132e-09,0.2761943158135408,1.488401494360132e-09,1.032153985613318
1.488885591952004e-09,0.3934537422690905,1.488885591952004e-09,1.019313734199149
1.489407026437032e-09,0.5190842649053913,1.489407026437032e-09,0.9705357915646922
1.489916371785758e-09,0.6310508674563219,1.489916371785758e-09,0.8831117962688136
1.490496792707962e-09,0.7311263509505599,1.490496792707962e-09,0.7504968090946458
1.491050028994843e-09,0.8010174223466248,1.491050028994843e-09,0.6094141584011074
1.491571450362819e-09,0.8482344239119382,1.491571450362819e-09,0.4686684832535701
1.49222157082082e-09,0.8896985404243486,1.49222157082082e-09,0.3040446068441424
1.492755339854817e-09,0.9155200314912342,1.492755339854817e-09,0.2001185605739947
1.493248989826999e-09,0.9353220629033621,1.493248989826999e-09,0.1347917571497088
1.493755242225277e-09,0.9518451902633716,1.493755242225277e-09,0.0922290261679358
1.494282848104166e-09,0.965067171709012,1.494282848104166e-09,0.06443460154664889
1.494825782348582e-09,0.9749536385335739,1.494825782348582e-09,0.04532387403065592
1.495352170473221e-09,0.9818380872943566,1.495352170473221e-09,0.03249658549328958
1.495886091169938e-09,0.986862265207236,1.495886091169938e-09,0.02319191281095015
1.496573093537719e-09,0.9913610113305487,1.496573093537719e-09,0.01516580343378412
1.497089743544949e-09,0.9937263521860153,1.497089743544949e-09,0.01145207800675039
1.497598036976273e-09,0.9954312479506667,1.497598036976273e-09,0.008992874978691915
1.498097971396937e-09,0.996640583530398,1.498097971396937e-09,0.00720506277486183
1.498646209433944e-09,0.9975642313628991,1.498646209433944e-09,0.005610794177007535
1.499164373282766e-09,0.9981720929208224,1.499164373282766e-09,0.00436196250532176
1.499673774736378e-09,0.9986005730972755,1.499673774736378e-09,0.003371063026666293
1.500234639656253e-09,0.9989468249020771,1.500234639656253e-09,0.002523874852541322
1.500726348195815e-09,0.9991691226589966,1.500726348195815e-09,0.001962968967911757
1.5012434349593e-09,0.9993491960366629,1.5012434349593e-09,0.001520912355592026
1.501722168293086e-09,0.9994726401613661,1.501722168293086e-09,0.001209849811672348
1.502224105039633e-09,0.9995732314984853,1.502224105039633e-09,0.0009579693014786034
1.502748555160065e-09,0.9996493988260836,1.502748555160065e-09,0.0007567627623671668
1.503303662605828e-09,0.9997121319233588,1.503303662605828e-09,0.0006004744272501947
1.503840068169289e-09,0.9997549991128916,1.503840068169289e-09,0.0004930108215731595
1.504366773256369e-09,0.9997892137885237,1.504366773256369e-09,0.000419229161969476
1.505037695650736e-09,0.9998179130127002,1.505037695650736e-09,0.0003549682799644856
1.505562124281358e-09,0.9998360096366976,1.505562124281358e-09,0.0003216742448855841
1.506062984347817e-09,0.9998462753491529,1.506062984347817e-09,0.000297893276253322
1.506565605793938e-09,0.9998564530111629,1.506565605793938e-09,0.0002806091370233969
1.507103094798251e-09,0.9998618561468721,1.507103094798251e-09,0.0002664618499419617
1.507632209659865e-09,0.9998682361654302,1.507632209659865e-09,0.0002568373299954928
1.508149142232832e-09,0.9998703129560399,1.508149142232832e-09,0.0002494598717198353
1.508694473489729e-09,0.9998744766244145,1.508694473489729e-09,0.0002442082707810628
1.509403115052942e-09,0.9998754613811593,1.509403115052942e-09,0.0002387774149469481
1.509911190412072e-09,0.9998781088274193,1.509911190412072e-09,0.0002364221986149646
1.51043134322024e-09,0.9998775661583164,1.51043134322024e-09,0.0002340831322505121
1.510928722979595e-09,0.9998796579477451,1.510928722979595e-09,0.0002328808576224276
1.511495033544205e-09,0.9998787552858525,1.511495033544205e-09,0.0002313452707508308
1.512002268969035e-09,0.9998805578135986,1.512002268969035e-09,0.0002308046892284889
1.512504474263871e-09,0.999879378752115,1.512504474263871e-09,0.0002299173824571667
1.513084576198528e-09,0.9998810446909066,1.513084576198528e-09,0.0002296812912375858
1.513573961039815e-09,0.9998797436681175,1.513573961039815e-09,0.0002290864134967669
1.514076579074646e-09,0.9998812912786156,1.514076579074646e-09,0.0002291203740421053
1.514566832483784e-09,0.9998799331941156,1.514566832483784e-09,0.0002286682293445186
1.515064243323223e-09,0.9998814389177739,1.515064243323223e-09,0.0002288118508588673
1.515604599982915e-09,0.9998800692918163,1.515604599982915e-09,0.0002284336626581173
1.516135552992619e-09,0.999881567143722,1.516135552992619e-09,0.0002286339944842186
1.516654783496934e-09,0.9998801552872539,1.516654783496934e-09,0.0002283040347736671
1.51719703657462e-09,0.999881526533712,1.51719703657462e-09,0.0002285215345556325
1.517901212931682e-09,0.9998799989887034,1.517901212931682e-09,0.0002282042737342833
1.518410748213454e-09,0.9998813026384026,1.518410748213454e-09,0.0002284452710864679
1.518928261601339e-09,0.9998797808077584,1.518928261601339e-09,0.0002281625882218412
1.519426047227651e-09,0.9998814252698571,1.519426047227651e-09,0.000228466465573545
1.519988504372948e-09,0.9998809885268611,1.519988504372948e-09,0.0002283217212548334
1.520497059439868e-09,0.9998842373126557,1.520497059439868e-09,0.0002287725345304012
1.521000271219865e-09,0.9998842957627752,1.521000271219865e-09,0.0002285460267151724
1.521576712089996e-09,0.9998838596498195,1.521576712089996e-09,0.0002283247378594431
1.522064511249104e-09,0.9998785570049158,1.522064511249104e-09,0.0002275287173159566
1.522570416713691e-09,0.9998712838959357,1.522570416713691e-09,0.0002268326179922874
1.52305706276305e-09,0.9998572190405061,1.52305706276305e-09,0.0002254865901278285
1.52355523463499e-09,0.9998486019562346,1.52355523463499e-09,0.0002256323808689406
1.524091284253248e-09,0.9998600075126168,1.524091284253248e-09,0.0002287422913336714
1.524628036387004e-09,0.9999363610668131,1.524628036387004e-09,0.0002395512999105763
1.525151456858721e-09,1.000069812263382,1.525151456858721e-09,0.0002530696744241648
1.525688526126868e-09,1.000188682263456,1.525688526126868e-09,0.0002568772070027453
1.526382863047199e-09,1.000158962752999,1.526382863047199e-09,0.0002342276252523259
1.526896580236045e-09,0.9998042821650917,1.526896580236045e-09,0.0001788565058995629
1.527408517155957e-09,0.9989549237369677,1.527408517155957e-09,7.979094100236841e-05
1.527907434578908e-09,0.9978158288788858,1.527907434578908e-09,-1.361246546272911e-05
1.528461148173157e-09,0.9972350126088437,1.528461148173157e-09,3.766708623473461e-05
1.528974960560202e-09,0.999568283555645,1.528974960560202e-09,0.00047994266112161
1.529481436713176e-09,1.006182503614501,1.529481436713176e-09,0.001329642899431284
1.530050414513697e-09,1.017544423089922,1.530050414513697e-09,0.00233810020908341
1.530537083232549e-09,1.028323164999429,1.530537083232549e-09,0.002882587846024014
1.531050002323873e-09,1.031911324375165,1.531050002323873e-09,0.002015116139923187
1.531530878018422e-09,1.014019072358109,1.531530878018422e-09,-0.001673977296677187
1.532031110544406e-09,0.9612403741955835,1.532031110544406e-09,-0.009054941954835281
1.532559270585499e-09,0.865230965482124,1.532559270585499e-09,-0.01776743502000403
1.533107739173171e-09,0.7371010390028763,1.533107739173171e-09,-0.01521945687423808
1.533639326586579e-09,0.6006908663002688,1.533639326586579e-09,0.01230053755687076
1.534168860005672e-09,0.4576504652307492,1.534168860005672e-09,0.07142081464186409
1.534847076141319e-09,0.2889971195697498,1.534847076141319e-09,0.1928341559778144
1.535368051292445e-09,0.1914763077335028,1.535368051292445e-09,0.3129166918622162
1.535871948597451e-09,0.1280495017813099,1.535871948597451e-09,0.4351469764065007
1.536373321946951e-09,0.08839407737672567,1.536373321946951e-09,0.5546214797156019
1.536915190775089e-09,0.06132944663910487,1.536915190775089e-09,0.6662784943409413
1.537439375495909e-09,0.04373506791176991,1.537439375495909e-09,0.7493661560139003
1.537952871742491e-09,0.03162832033058546,1.537952871742491e-09,0.8101634492531251
1.538504153321021e-09,0.02231931787402788,1.538504153321021e-09,0.8569452710608233
1.539222340973785e-09,0.01437178994995556,1.539222340973785e-09,0.899521517739295
1.539726976813316e-09,0.01099238661174424,1.539726976813316e-09,0.922337748380559
1.540253247881522e-09,0.008592383838635625,1.540253247881522e-09,0.9420033258370536
1.540750326212545e-09,0.00689931628087108,1.540750326212545e-09,0.9568528882859275
1.541322468548843e-09,0.00529725204154727,1.541322468548843e-09,0.969592655217028
1.5418321620465e-09,0.00412453389569929,1.5418321620465e-09,0.9777374985884972
1.542333808345407e-09,0.003195672182605198,1.542333808345407e-09,0.9835952794535664
1.542926273773324e-09,0.002353267212041931,1.542926273773324e-09,0.9885470027880996
1.54359970449509e-09,0.001672776211546828,1.54359970449509e-09,0.992421591625932
1.544088408165215e-09,0.001321400144858456,1.544088408165215e-09,0.9944098503198354
1.544643439631688e-09,0.001017846790286532,1.544643439631688e-09,0.9960424624137191
1.545140458155873e-09,0.0008126607398609743,1.545140458155873e-09,0.9970701772805566
1.545759433558672e-09,0.000623435865162781,1.545759433558672e-09,0.9979427463339836
1.546290672559123e-09,0.0005105383743220543,1.546290672559123e-09,0.9984538683424569
1.546804845988192e-09,0.0004325347022641585,1.546804845988192e-09,0.9988103271878614
1.547435104986701e-09,0.0003674385232419821,1.547435104986701e-09,0.9991293054756977
1.547997442974266e-09,0.0003277673342075117,1.547997442974266e-09,0.999330798264003
1.548482000781699e-09,0.0003037066732194051,1.548482000781699e-09,0.9994626667368259
1.549001476826631e-09,0.0002838197592910763,1.549001476826631e-09,0.9995662214084623
1.549512016279221e-09,0.0002700086351327347,1.549512016279221e-09,0.9996449614100682
1.550089299670505e-09,0.0002580216965057819,1.550089299670505e-09,0.9997083797163135
1.550639979147309e-09,0.0002504759537778065,1.550639979147309e-09,0.9997558360911001
1.551161727078306e-09,0.0002446202159700325,1.551161727078306e-09,0.999786938655119
1.551814521244013e-09,0.0002399627866284654,1.551814521244013e-09,0.9998181907810831
1.552346719203118e-09,0.0002366475972601018,1.552346719203118e-09,0.99983383166409
1.552841208268472e-09,0.0002349090709755923,1.552841208268472e-09,0.9998471380244405
1.553346896647648e-09,0.0002329262470028321,1.553346896647648e-09,0.9998545371725687
1.553875709410171e-09,0.0002320016574172873,1.553875709410171e-09,0.999862947164146
1.554416852039115e-09,0.0002306919668049707,1.554416852039115e-09,0.9998665490883641
1.554941972324469e-09,0.0002303564228537083,1.554941972324469e-09,0.9998717093202882
1.555477109695365e-09,0.0002294954118808794,1.555477109695365e-09,0.9998728761660642
1.556166522397119e-09,0.000229374902118222,1.556166522397119e-09,0.9998768212059869
1.556682089798826e-09,0.0002287877042083335,1.556682089798826e-09,0.99987654387925
1.557191626025229e-09,0.0002289550015128241,1.557191626025229e-09,0.9998789761104788
1.557691139082292e-09,0.0002284866073153,1.557691139082292e-09,0.9998781209518903
1.558241296890865e-09,0.0002287270137923155,1.558241296890865e-09,0.9998801839881936
1.55875787328998e-09,0.0002283197375901927,1.55875787328998e-09,0.9998790440165096
1.55926617387442e-09,0.0002286030184710517,1.55926617387442e-09,0.9998808349520278
1.559829984533778e-09,0.0002282103325802357,1.559829984533778e-09,0.999879545774833
1.560320640330918e-09,0.0002285141367467843,1.560320640330918e-09,0.9998812028444496
1.560836216704874e-09,0.0002281510401633211,1.560836216704874e-09,0.9998798077953245
1.561315763055344e-09,0.0002284658304882984,1.561315763055344e-09,0.9998813963431366
1.561817018520376e-09,0.0002281486305606675,1.561817018520376e-09,0.9998799599218609
1.56234280732633e-09,0.000228562751809789,1.56234280732633e-09,0.9998815293979193
1.562895196369606e-09,0.0002284223366904558,1.562895196369606e-09,0.999880093553985
1.563429738717437e-09,0.0002288460870831394,1.563429738717437e-09,0.9998816215653112
1.563957345072823e-09,0.0002282300996668068,1.563957345072823e-09,0.9998800728018545
1.564631241263764e-09,0.0002278381241613504,1.564631241263764e-09,0.9998814745998938
1.565154340515693e-09,0.0002265289015923977,1.565154340515693e-09,0.9998798600858374
1.565656337545358e-09,0.0002257174216161059,1.565656337545358e-09,0.9998812474392662
1.566158484423184e-09,0.000225386187323817,1.566158484423184e-09,0.9998798944727733
1.566697463047573e-09,0.0002295305707598786,1.566697463047573e-09,0.9998821727257263
1.567224823192205e-09,0.000240101806544328,1.567224823192205e-09,0.9998824631508687
1.567740457393273e-09,0.0002540837289571676,1.567740457393273e-09,0.9998855922310218
1.568287776806206e-09,0.000256109010703079,1.568287776806206e-09,0.9998830061158438
1.568999793441403e-09,0.000230979198404494,1.568999793441403e-09,0.9998788079440776
1.569506562609163e-09,0.0001715038236815616,1.569506562609163e-09,0.9998675276494289
1.570028803340913e-09,6.82139147871246e-05,1.570028803340913e-09,0.999854839765057
1.570526131657577e-09,-2.018442880939561e-05,1.570526131657577e-09,0.9998467400893115
1.571094160183866e-09,7.045354705888514e-05,1.571094160183866e-09,0.9998776496523969
1.571602171156923e-09,0.0005616437642296306,1.571602171156923e-09,0.9999674925627859
1.572104157685729e-09,0.001438963782449952,1.572104157685729e-09,1.000109558401683
1.572688316734893e-09,0.002445925702643497,1.572688316734893e-09,1.000204463916132
1.573382475470933e-09,0.002662180020245512,1.573382475470933e-09,1.000080928469626
1.573873169826677e-09,0.0005411785483847312,1.573873169826677e-09,0.999610839537007
1.574424399456734e-09,-0.006052989738892422,1.574424399456734e-09,0.9985298557838103
1.574920947830213e-09,-0.01467915643524585,1.574920947830213e-09,0.9974284980519237
1.575540838782352e-09,-0.01750417687891963,1.575540838782352e-09,0.9979846261852712
1.576069109237831e-09,0.002482273125792351,1.576069109237831e-09,1.00258627279148
1.576581753819277e-09,0.05041826544499682,1.576581753819277e-09,1.011239881391706
1.577210411134047e-09,0.1503987003977228,1.577210411134047e-09,1.024910608404489
1.57777892012828e-09,0.2748360217662586,1.57777892012828e-09,1.032164700361851
1.578262963981798e-09,0.3920503257203788,1.578262963981798e-09,1.019632261938316
1.578785600774287e-09,0.5179957871492644,1.578785600774287e-09,0.9711496551795729
1.579294171771747e-09,0.6299832496695934,1.579294171771747e-09,0.8842026890078275
1.579876815106792e-09,0.7306659889333068,1.579876815106792e-09,0.7512750194265273
1.580431732605087e-09,0.8008655752570635,1.580431732605087e-09,0.6098103214379098
1.580952851253143e-09,0.8481019941923398,1.580952851253143e-09,0.4691515250452293
1.581601331909446e-09,0.889513065511554,1.581601331909446e-09,0.3048047987198447
1.582135800294406e-09,0.9153999854233281,1.582135800294406e-09,0.2005476863040434
1.582628968356908e-09,0.9352059749450827,1.582628968356908e-09,0.1351273101476654
1.583135484563164e-09,0.9517603741875167,1.583135484563164e-09,0.09241786730063656
1.583662535283117e-09,0.9649928286331193,1.583662535283117e-09,0.06458161627593011
1.584206441643054e-09,0.9749152975297711,1.584206441643054e-09,0.04539545346935592
1.584733515891974e-09,0.9818184561996154,1.584733515891974e-09,0.03253254570503637
1.58526699645854e-09,0.9868443641670305,1.58526699645854e-09,0.02322474665459605
1.585952024744452e-09,0.9913385584159679,1.585952024744452e-09,0.01520359124750389
1.586469472852325e-09,0.9937126483202584,1.586469472852325e-09,0.01147266010166401
1.586976995184768e-09,0.9954193709214821,1.586976995184768e-09,0.009010514068609676
1.587477164992188e-09,0.9966322625937459,1.587477164992188e-09,0.007218246249475027
1.588024391656676e-09,0.9975573846748635,1.588024391656676e-09,0.005624071263350084
1.588543405552467e-09,0.9981677817252967,1.588543405552467e-09,0.004371223410741564
1.58905342832068e-09,0.9985981681844514,1.58905342832068e-09,0.003377040880439473
1.589612708290033e-09,0.9989439496347354,1.589612708290033e-09,0.002530725569249887
1.590108367392215e-09,0.999168820803424,1.590108367392215e-09,0.001963930869116903
1.590625998491037e-09,0.9993488367126926,1.590625998491037e-09,0.001521483602477157
1.591104966160381e-09,0.9994727211036766,1.591104966160381e-09,0.001209879157416044
1.591607152658578e-09,0.9995730397097453,1.591607152658578e-09,0.0009581559774495828
1.592131166264832e-09,0.9996494956329069,1.592131166264832e-09,0.0007567747344200611
1.59268644371286e-09,0.9997119260409448,1.59268644371286e-09,0.0006007086719290237
1.593222911229837e-09,0.9997551450134264,1.593222911229837e-09,0.000492898184722913
1.593749543103279e-09,0.9997890243182516,1.593749543103279e-09,0.0004194237448297586
1.594420195616424e-09,0.9998180570813204,1.594420195616424e-09,0.000354857336451086
1.594944710069366e-09,0.9998358260464981,1.594944710069366e-09,0.0003218578233463526
1.595445464615114e-09,0.9998464297745545,1.595445464615114e-09,0.0002977617256791603
1.595948151734215e-09,0.9998562763844486,1.595948151734215e-09,0.0002807814080230143
1.596485500215301e-09,0.9998620156383405,1.596485500215301e-09,0.0002663205445148384
1.597014743718316e-09,0.9998680641410994,1.597014743718316e-09,0.0002570021197228479
1.597531832277964e-09,0.9998704774332445,1.597531832277964e-09,0.0002493082848178303
1.598076967004839e-09,0.9998743071691176,1.598076967004839e-09,0.0002443694571389681
1.59878510922536e-09,0.9998756248728867,1.59878510922536e-09,0.0002386278046234927
1.599293311452839e-09,0.9998779403446133,1.599293311452839e-09,0.000236582723551578
1.59981324974847e-09,0.9998777305245166,1.59981324974847e-09,0.0002339310963663579
1.600310668799075e-09,0.9998794906653264,1.600310668799075e-09,0.0002330399326859906
1.60087676363344e-09,0.9998789199238383,1.60087676363344e-09,0.0002311917244009516
1.601383865422066e-09,0.9998803913512873,1.601383865422066e-09,0.0002309628956752999
1.601886134824303e-09,0.9998795433823078,1.601886134824303e-09,0.0002297627898645632
1.602465873730334e-09,0.9998808789949886,1.602465873730334e-09,0.0002298387002066523
1.602954996100628e-09,0.9998799080230071,1.602954996100628e-09,0.0002289314633964827
1.603457896951163e-09,0.9998811262895754,1.603457896951163e-09,0.0002292771877292903
1.603947794926334e-09,0.9998800973031826,1.603947794926334e-09,0.0002285128135424614
1.604445279194261e-09,0.9998812744694504,1.604445279194261e-09,0.0002289683550004813
1.604985212815963e-09,0.9998802329879494,1.604985212815963e-09,0.0002282779852508813
1.605516700658518e-09,0.9998814031872079,1.605516700658518e-09,0.0002287902720825165
1.606036360687174e-09,0.9998803188888891,1.606036360687174e-09,0.0002281481377089064
1.60657805469619e-09,0.9998813634754289,1.60657805469619e-09,0.0002286777168446422
1.607281103577254e-09,0.9998801627506728,1.607281103577254e-09,0.0002280483913678621
1.607791087998429e-09,0.9998811401744211,1.607791087998429e-09,0.0002286013922867193
1.608307969064101e-09,0.9998799437364083,1.608307969064101e-09,0.000228006581071063
1.608805900566818e-09,0.999881259934995,1.608805900566818e-09,0.0002286220310871752
1.609367304221223e-09,0.9998811390694357,1.609367304221223e-09,0.0002281643466629519
1.609876356944895e-09,0.9998840629545315,1.609876356944895e-09,0.0002289276877542302
1.610379910652656e-09,0.999884453440671,1.610379910652656e-09,0.0002283906923480693
1.610955477544057e-09,0.9998837210160785,1.610955477544057e-09,0.0002284849780185056
1.611442891753405e-09,0.999878771100177,1.611442891753405e-09,0.0002273791282695393
1.611949548465471e-09,0.9998712081966264,1.611949548465471e-09,0.0002269973337120357
1.612435439090854e-09,0.9998575175452159,1.612435439090854e-09,0.0002253410263556743
1.612933888227399e-09,0.9998484746181666,1.612933888227399e-09,0.000225778752308877
1.613468860189319e-09,0.9998597968105444,1.613468860189319e-09,0.0002285219745288523
1.614007009914491e-09,0.9999353704412425,1.614007009914491e-09,0.0002396030252475265
1.614531482922194e-09,1.000069018634199,1.614531482922194e-09,0.0002528277113205236
1.615067408408985e-09,1.000187905462249,1.615067408408985e-09,0.0002570732260778491
1.615759517532808e-09,1.000161194124107,1.615759517532808e-09,0.0002344854776204764
1.616274125274933e-09,0.9998099646941124,1.616274125274933e-09,0.0001797819373203149
1.616784926764602e-09,0.9989689096176859,1.616784926764602e-09,8.106039575113309e-05
1.617284182291807e-09,0.9978292366520133,1.617284182291807e-09,-1.266285785806441e-05
1.617836066857405e-09,0.997226546832547,1.617836066857405e-09,3.422672266006065e-05
1.618351165823384e-09,0.9995127089382572,1.618351165823384e-09,0.0004716367960566704
1.618858550279943e-09,1.006082364591863,1.618858550279943e-09,0.001318056585257319
1.619425248673968e-09,1.017364450456449,1.619425248673968e-09,0.002325581063854716
1.619911499865786e-09,1.028154845150108,1.619911499865786e-09,0.002878937616400653
1.620425921630432e-09,1.031976415908928,1.620425921630432e-09,0.002044340440839642
1.620905682619127e-09,1.01456819042084,1.620905682619127e-09,-0.001579921492195277
1.621406520623554e-09,0.962331435361232,1.621406520623554e-09,-0.008923801477426803
1.621933052730383e-09,0.8671851557244008,1.621933052730383e-09,-0.01765764752861857
1.622484374482179e-09,0.7386752302930144,1.622484374482179e-09,-0.01536439505799432
1.623017972809555e-09,0.6018533597926505,1.623017972809555e-09,0.01195390364135244
1.623546178604299e-09,0.4591827238370328,1.623546178604299e-09,0.07060955116537877
1.624221139843132e-09,0.2909210473934484,1.624221139843132e-09,0.1909223961656254
1.624743629953346e-09,0.1925989724777658,1.624743629953346e-09,0.3111317038723128
1.625246105372167e-09,0.1289259180566312,1.625246105372167e-09,0.4330350756721865
1.625748005174981e-09,0.08890169954769177,1.625748005174981e-09,0.5527325612513421
1.626287858161247e-09,0.06174379095875378,1.626287858161247e-09,0.6644066970356527
1.626814258874737e-09,0.04395869491844395,1.626814258874737e-09,0.748261372080896
1.627329255259835e-09,0.03175802286778867,1.627329255259835e-09,0.8095041942045396
1.627877717652152e-09,0.02245184553429122,1.627877717652152e-09,0.8562782374834013
1.62859117663283e-09,0.01448986912580776,1.62859117663283e-09,0.8988049139620617
1.629097404586816e-09,0.01106265633323637,1.629097404586816e-09,0.9218105460488318
1.629620653041201e-09,0.008654247323173594,1.629620653041201e-09,0.9414768683010063
1.630117827704358e-09,0.006948434812879935,1.630117827704358e-09,0.9564457257362393
1.630686911029931e-09,0.005345013924008527,1.630686911029931e-09,0.9692443690096163
1.631195254255708e-09,0.00416628740615233,1.631195254255708e-09,0.9774641692639443
1.631697006711498e-09,0.003228565441224691,1.631697006711498e-09,0.9833963978822402
1.632283398853156e-09,0.002385134601798321,1.632283398853156e-09,0.9883651869028789
1.632971795332688e-09,0.001681537348076548,1.632971795332688e-09,0.9923717583875826
1.633462003079189e-09,0.001327206669949318,1.633462003079189e-09,0.9943779253771763
1.634013876046233e-09,0.001023622710646693,1.634013876046233e-09,0.9960123412058953
1.634510421030903e-09,0.0008173863903401118,1.634510421030903e-09,0.9970481404562322
1.635132267372459e-09,0.0006258876719224082,1.635132267372459e-09,0.9979317804003267
1.635661296361957e-09,0.000512771450923824,1.635661296361957e-09,0.998444285836689
1.636174611093352e-09,0.0004341266104695726,1.636174611093352e-09,0.9988026855857988
1.636803203992199e-09,0.0003687200131321267,1.636803203992199e-09,0.9991232875258296
1.637369682348973e-09,0.0003283107388252401,1.637369682348973e-09,0.9993276136444909
1.637853791905902e-09,0.0003042342935317661,1.637853791905902e-09,0.9994601992996949
1.638375461777688e-09,0.0002840347689175057,1.638375461777688e-09,0.9995647058782664
1.638884384277296e-09,0.0002703084629234469,1.638884384277296e-09,0.9996436692205984
1.639465635287447e-09,0.0002580650860715658,1.639465635287447e-09,0.9997077526419008
1.640019249170044e-09,0.0002505712267697668,1.640019249170044e-09,0.9997556417891859
1.640540439292539e-09,0.0002445947835971975,1.640540439292539e-09,0.99978669376707
1.64119010556364e-09,0.000240065428211369,1.64119010556364e-09,0.9998179640535428
1.641723834104826e-09,0.0002366151149782537,1.641723834104826e-09,0.9998336426575577
1.642217314123381e-09,0.0002349914044978751,1.642217314123381e-09,0.999847042069215
1.64272365914345e-09,0.0002328838859457366,1.64272365914345e-09,0.9998544102147635
1.643251007991574e-09,0.0002320752596859366,1.643251007991574e-09,0.9998629032742724
1.64379436304753e-09,0.0002306410354114786,1.64379436304753e-09,0.9998664696315904
1.644321049485754e-09,0.0002304188531944782,1.644321049485754e-09,0.9998717262674445
1.644854706181791e-09,0.000229440905519808,1.644854706181791e-09,0.9998728162388684
1.645541054414967e-09,0.0002294379314205432,1.645541054414967e-09,0.9998768359049615
1.646057863902312e-09,0.0002287318808956268,1.646057863902312e-09,0.9998764910793305
1.646565915652082e-09,0.000229016106024424,1.646565915652082e-09,0.9998790011085903
1.647065867197102e-09,0.0002284296907221795,1.647065867197102e-09,0.9998780732502673
1.647613729056278e-09,0.0002287872343873516,1.647613729056278e-09,0.999880213400812
1.648132165460229e-09,0.000228262079636638,1.648132165460229e-09,0.9998790002455977
1.648641744121403e-09,0.0002286623976978947,1.648641744121403e-09,0.9998808699074813
1.649201917945157e-09,0.000228152621114907,1.649201917945157e-09,0.9998795035859847
1.64969640843382e-09,0.0002285731729866541,1.64969640843382e-09,0.9998812394596759
1.650213543237585e-09,0.0002280926929172759,1.650213543237585e-09,0.999879768213022
1.650692565095407e-09,0.000228524724193154,1.650692565095407e-09,0.9998814340088107
1.651194472024944e-09,0.0002280892195331214,1.651194472024944e-09,0.9998799205150281
1.651718966180656e-09,0.0002286197704703776,1.651718966180656e-09,0.9998815672174955
1.652273621373008e-09,0.0002283618125952792,1.652273621373008e-09,0.9998800543571272
1.652809758137119e-09,0.0002289045310738356,1.652809758137119e-09,0.9998816602632472
1.653336449049182e-09,0.0002281758642418505,1.653336449049182e-09,0.9998800348051269
1.654007913055516e-09,0.0002279047543758396,1.654007913055516e-09,0.9998815142458947
1.654532099915448e-09,0.0002264813657509751,1.654532099915448e-09,0.9998798225308437
1.655033120445189e-09,0.0002257890354967433,1.655033120445189e-09,0.999881287218307
1.65553566193626e-09,0.0002253137945720183,1.65553566193626e-09,0.9998798513106457
1.656073214100547e-09,0.0002294951902106018,1.656073214100547e-09,0.9998821946364402
1.656602211341174e-09,0.0002398978280642795,1.656602211341174e-09,0.9998824025621856
1.657118963841949e-09,0.0002540145582625282,1.657118963841949e-09,0.9998856182870505
1.657664377676803e-09,0.0002561439149368413,1.657664377676803e-09,0.9998830035677366
1.658373083664858e-09,0.0002317201153206888,1.658373083664858e-09,0.9998789666889422
1.658881001461636e-09,0.000172697963303767,1.658881001461636e-09,0.9998676756515447
1.659401222480146e-09,7.041877672256545e-05,1.659401222480146e-09,0.9998551312712122
1.659898645289795e-09,-1.891951760420287e-05,1.659898645289795e-09,0.9998467143394801
1.660464987676781e-09,6.407674057149059e-05,1.660464987676781e-09,0.9998762846218199
1.66097220917805e-09,0.0005431865414757704,1.66097220917805e-09,0.9999643937397625
1.661474462564324e-09,0.001417053848064364,1.661474462564324e-09,1.000106655229001
1.662054839130973e-09,0.002422539391008886,1.662054839130973e-09,1.000203321679495
1.662546074852342e-09,0.002896496282713963,1.662546074852342e-09,1.000175520789458
1.66304836933388e-09,0.001790585487042055,1.66304836933388e-09,0.9998501849498932
1.663539290397194e-09,-0.002396978832520079,1.663539290397194e-09,0.9990919979423509
1.664036666143317e-09,-0.01006147673833599,1.664036666143317e-09,0.9979668356135674
1.664577945970692e-09,-0.01849890010020223,1.664577945970692e-09,0.9971810394869306
1.665107917374626e-09,-0.0138500893889238,1.665107917374626e-09,0.9990422492816894
1.665626613352337e-09,0.01554788368457988,1.665626613352337e-09,1.005243012187751
1.66616995176728e-09,0.07917348318931525,1.66616995176728e-09,1.015746551083251
1.666875776879387e-09,0.210364490941397,1.666875776879387e-09,1.030105336544669
1.667384778684982e-09,0.3294876362650312,1.667384778684982e-09,1.029354490880855
1.667903349574783e-09,0.455005026794892,1.667903349574783e-09,1.00042987077012
1.668401035618473e-09,0.5725053647117033,1.668401035618473e-09,0.9352776904370943
1.668965061641307e-09,0.6842290659230875,1.668965061641307e-09,0.8206895109913203
1.669472741272616e-09,0.7607160749308753,1.669472741272616e-09,0.6971910775731612
1.669975510649737e-09,0.817447290639002,1.669975510649737e-09,0.5656499217713133
1.670553257192804e-09,0.8638751018686036,1.670553257192804e-09,0.4099520750161171
1.671041379456583e-09,0.8924986965555536,1.671041379456583e-09,0.2903806006786838
1.671545979216104e-09,0.9166266805341198,1.671545979216104e-09,0.1950993602440173
1.672033926188009e-09,0.9360775086915749,1.672033926188009e-09,0.1321142957661918
1.672531912596477e-09,0.9522289182948771,1.672531912596477e-09,0.09114085393993904
1.673069441323431e-09,0.965571574016979,1.673069441323431e-09,0.06329559694425338
1.673604112785699e-09,0.9751905859608064,1.673604112785699e-09,0.04478648724940262
1.674126140112624e-09,0.9819641832282162,1.674126140112624e-09,0.03220573172022909
1.674664938873971e-09,0.9869922401596373,1.674664938873971e-09,0.02290951828061668
1.675362748141979e-09,0.9915091870089627,1.675362748141979e-09,0.01489958365239313
1.675874907678349e-09,0.9938176551288552,1.675874907678349e-09,0.01130067529428923
1.676388849001883e-09,0.9955152279572208,1.676388849001883e-09,0.008862828944107863
1.676887448319991e-09,0.9966968110423723,1.676887448319991e-09,0.007106672927698563
1.677444057889115e-09,0.9976157525426698,1.677444057889115e-09,0.005508672481717741
1.677955924576849e-09,0.9982013329395771,1.677955924576849e-09,0.004290718604191919
1.678461262534236e-09,0.9986205435205597,1.678461262534236e-09,0.003322807933774062
1.679032450669954e-09,0.9989653610665798,1.679032450669954e-09,0.002472954984845619
1.679519252974639e-09,0.9991827919191264,1.679519252974639e-09,0.001930476772575552
1.680029708970611e-09,0.9993561337821917,1.680029708970611e-09,0.001500281606100346
1.680512470486475e-09,0.9994802620034988,1.680512470486475e-09,0.001192877345828831
1.681012097448434e-09,0.9995771876271936,1.681012097448434e-09,0.0009446446038406639
1.681542672055329e-09,0.9996545366682625,1.681542672055329e-09,0.0007460196992570786
1.682087269934044e-09,0.9997135735084604,1.682087269934044e-09,0.0005940209194125023
1.682616233547479e-09,0.9997569554084615,1.682616233547479e-09,0.0004909701918900744
1.683148012054027e-09,0.9997895639658213,1.683148012054027e-09,0.0004159470116733639
1.6838307651087e-09,0.9998199371402572,1.6838307651087e-09,0.0003531521089067843
1.684349425088442e-09,0.9998359629273158,1.684349425088442e-09,0.0003194224281476436
1.684855678188405e-09,0.9998477357188772,1.684855678188405e-09,0.0002972729577840094
1.685356317828495e-09,0.9998561211675165,1.685356317828495e-09,0.0002789382499620037
1.685901557383233e-09,0.9998630723484604,1.685901557383233e-09,0.0002663320779686403
1.686422376535012e-09,0.9998676842093688,1.686422376535012e-09,0.0002556217604490464
1.68693363831815e-09,0.9998712531176038,1.68693363831815e-09,0.0002498863134328771
1.687489931379e-09,0.9998738330032317,1.687489931379e-09,0.0002431709737899158
1.687989153493122e-09,0.9998757406354307,1.687989153493122e-09,0.0002406008753410116
1.688508185215864e-09,0.9998769595819695,1.688508185215864e-09,0.0002364880280392434
1.688986796543845e-09,0.9998780278502377,1.688986796543845e-09,0.0002355543260605515
1.689489505796849e-09,0.9998786222146799,1.689489505796849e-09,0.0002327189892213992
1.69001256319193e-09,0.9998793324514693,1.69001256319193e-09,0.0002325578861954998
1.690569397551284e-09,0.9998796383768179,1.690569397551284e-09,0.0002303803882466114
1.691106646348053e-09,0.9998800942605037,1.691106646348053e-09,0.0002308080120137315
1.691632886423001e-09,0.9998801778588392,1.691632886423001e-09,0.0002291402188448486
1.692301812690026e-09,0.9998805268754076,1.692301812690026e-09,0.0002298167794616349
1.692827296935349e-09,0.9998804981686292,1.692827296935349e-09,0.000228414103510039
1.693327252937085e-09,0.999880724027298,1.693327252937085e-09,0.0002293773897867825
1.693830201450191e-09,0.9998806483890683,1.693830201450191e-09,0.0002281022204063155
1.69436642011864e-09,0.9998808600453201,1.69436642011864e-09,0.000229140124512312
1.694897019746819e-09,0.9998807773796814,1.694897019746819e-09,0.0002279281980650341
1.695414880610158e-09,0.9998809451161697,1.695414880610158e-09,0.000229008452694666
1.695958565873739e-09,0.9998807358818734,1.695958565873739e-09,0.0002278176285734106
1.696664273071906e-09,0.9998807879470385,1.696664273071906e-09,0.0002289068053247694
1.697173372013351e-09,0.9998805126242051,1.697173372013351e-09,0.0002277440019496079
1.697691730842234e-09,0.9998805692416604,1.697691730842234e-09,0.0002288626926171617
1.698189342864226e-09,0.9998806404640453,1.698189342864226e-09,0.0002277679603276508
1.69875337172176e-09,0.9998817948246856,1.69875337172176e-09,0.0002290214482049111
1.699261134846486e-09,0.9998834671764152,1.699261134846486e-09,0.0002280771273931382
1.699763894245888e-09,0.9998850958058003,1.699763894245888e-09,0.0002292413962642767
1.700341380041788e-09,0.9998830236531773,1.700341380041788e-09,0.0002276212960279759
1.700829605400332e-09,0.999879284491901,1.700829605400332e-09,0.0002282157445221809
1.701334391955477e-09,0.9998703726412967,1.701334391955477e-09,0.0002261271958894024
1.701822182213242e-09,0.9998578130947322,1.701822182213242e-09,0.0002261627903491827
1.702320084840021e-09,0.9998477482778861,1.702320084840021e-09,0.0002249535161899857
1.702857570356515e-09,0.9998613396210606,1.702857570356515e-09,0.0002295257971023333
1.703392400156557e-09,0.9999367770380505,1.703392400156557e-09,0.0002390145779310787
1.703914494940212e-09,1.000072128474874,1.703914494940212e-09,0.0002538985160734376
1.704453167794216e-09,1.000188566398701,1.704453167794216e-09,0.0002560894750829388
1.705151003167864e-09,1.000156736768602,1.705151003167864e-09,0.0002343226930069294
1.705663380644855e-09,0.9997946608929054,1.705663380644855e-09,0.0001770083070700109
1.706177136597355e-09,0.9989347630237145,1.706177136597355e-09,7.832606089512313e-05
1.706675689910085e-09,0.9977942373544104,1.706675689910085e-09,-1.553388073531885e-05
1.707232044197016e-09,0.9972503125671747,1.707232044197016e-09,4.35446397469477e-05
1.707744093310892e-09,0.9996545578863365,1.707744093310892e-09,0.0004924543551774145
1.708249419633366e-09,1.006343098214817,1.708249419633366e-09,0.001348454560691993
1.708820474406862e-09,1.017793929682626,1.708820474406862e-09,0.002354673673486575
1.709307411660021e-09,1.028550704054517,1.709307411660021e-09,0.002887667793406241
1.709818042107337e-09,1.03181986416587,1.709818042107337e-09,0.001975246895338356
1.710300604967259e-09,1.013266229008635,1.710300604967259e-09,-0.001801772040843777
1.710800192103038e-09,0.9597277137985393,1.710800192103038e-09,-0.009236250861160851
1.711330564965223e-09,0.862540508566234,1.711330564965223e-09,-0.01791261101594839
1.711875505830897e-09,0.7348477339870173,1.711875505830897e-09,-0.01500229067020839
1.712404613437007e-09,0.5989237967413067,1.712404613437007e-09,0.01283275035220676
1.712936168347661e-09,0.4553204466044196,1.712936168347661e-09,0.07265939904326772
1.71361902103742e-09,0.2861530782348889,1.71361902103742e-09,0.195686881837124
1.71413780881665e-09,0.1898093751126038,1.71413780881665e-09,0.3155847343835869
1.714643928716063e-09,0.1267421604562281,1.714643928716063e-09,0.4383256015253835
1.715144591589487e-09,0.08763106940612168,1.715144591589487e-09,0.5574745981599261
1.715689488502041e-09,0.06070794765684449,1.715689488502041e-09,0.6690935198369481
1.716210623635047e-09,0.04339033248590749,1.716210623635047e-09,0.7510689570986079
1.716721987027373e-09,0.03142389048654257,1.716721987027373e-09,0.8112014703574221
1.717277844842277e-09,0.02210969086903439,1.717277844842277e-09,0.857999640007525
1.717777186299054e-09,0.01624503300904395,1.717777186299054e-09,0.888522225053279
1.718296283358602e-09,0.01215904337426271,1.718296283358602e-09,0.9139854403934801
1.718775323162594e-09,0.009625799266436049,1.718775323162594e-09,0.9335601751614744
1.719276767082599e-09,0.007683505454889277,1.719276767082599e-09,0.9503203213887892
1.719800555185325e-09,0.006069101912364049,1.719800555185325e-09,0.9638626559963172
1.720357663927468e-09,0.00464644062248516,1.720357663927468e-09,0.9743235029094156
1.720895239630382e-09,0.003543899886245819,1.720895239630382e-09,0.9815179318000891
1.721421210067996e-09,0.002701958606568,1.721421210067996e-09,0.9865671464864486
1.722090199686375e-09,0.001914557934766744,1.722090199686375e-09,0.991067162489645
1.722615716089627e-09,0.001478014311489247,1.722615716089627e-09,0.9935443585971692
1.723115627579567e-09,0.001164457055409135,1.723115627579567e-09,0.9952765394777234
1.723618707301378e-09,0.0009227152207795661,1.723618707301378e-09,0.9965346416017233
1.724154660312315e-09,0.0007263476661859106,1.724154660312315e-09,0.9974756984742668
1.724685635927555e-09,0.0005843460612810782,1.724685635927555e-09,0.9981206773997335
1.725203704112468e-09,0.0004844080411898094,1.725203704112468e-09,0.9985715404216681
1.725747208986323e-09,0.0004113336811165984,1.725747208986323e-09,0.9989144872206428
1.726452482540864e-09,0.0003471352481954214,1.726452482540864e-09,0.9992307751477444
1.726961610276631e-09,0.0003169666408685639,1.726961610276631e-09,0.9993912820873939
1.727479851814937e-09,0.0002935395121632242,1.727479851814937e-09,0.9995150249284496
1.727977476213075e-09,0.0002776817742896141,1.727977476213075e-09,0.9996025281651265
1.728540935647012e-09,0.0002636167037569084,1.728540935647012e-09,0.9996778227122344
1.729048860727381e-09,0.0002552575150126511,1.729048860727381e-09,0.9997272426799938
1.729551636449948e-09,0.0002482715580137819,1.729551636449948e-09,0.9997661221169225
1.730129134501271e-09,0.0002432400331464926,1.730129134501271e-09,0.9997981021339986
1.730617294129276e-09,0.0002392700226361657,1.730617294129276e-09,0.9998194421282062
1.731122216675464e-09,0.000236996115633234,1.731122216675464e-09,0.9998346382116643
1.731609703986391e-09,0.000234455065104685,1.731609703986391e-09,0.9998469432255601
1.7321077088229e-09,0.0002333462966842752,1.7321077088229e-09,0.9998549201275302
1.732644713350361e-09,0.0002315620303303006,1.732644713350361e-09,0.9998626800469024
1.733180074635053e-09,0.0002311088252302832,1.733180074635053e-09,0.9998669481882684
1.733702482367975e-09,0.0002299357120924355,1.733702482367975e-09,0.9998713464663614
1.734240703685194e-09,0.0002299129168981644,1.734240703685194e-09,0.9998732638238997
1.734937382323114e-09,0.0002289490375283156,1.734937382323114e-09,0.9998764864383002
1.735449995390434e-09,0.0002292038619512205,1.735449995390434e-09,0.9998769312416326
1.735963257317901e-09,0.0002285325141088561,1.735963257317901e-09,0.9998786283754729
1.736461866921491e-09,0.0002289027512060555,1.736461866921491e-09,0.9998785027995593
1.737017544414952e-09,0.0002283063557942578,1.737017544414952e-09,0.9998798321301913
1.737529984894027e-09,0.0002287358846203875,1.737529984894027e-09,0.9998794197287236
1.738035602259488e-09,0.0002281846998349446,1.738035602259488e-09,0.9998804739364553
1.738605911251056e-09,0.0002286253919248913,1.738605911251056e-09,0.9998799180137148
1.739092760887184e-09,0.0002280970848328272,1.739092760887184e-09,0.9998808409108941
1.739604052169432e-09,0.0002285661176537321,1.739604052169432e-09,0.9998801750576406
1.740086078643109e-09,0.0002280501119103951,1.740086078643109e-09,0.9998810333394362
1.740585817624751e-09,0.0002285657618387302,1.740585817624751e-09,0.9998803262205189
1.741115602548915e-09,0.0002281536477650642,1.741115602548915e-09,0.9998811673091256
1.741661446975173e-09,0.0002288424480037456,1.741661446975173e-09,0.9998804586971484
1.742191313234605e-09,0.0002284332239252134,1.742191313234605e-09,0.9998812579067254
1.742722214907877e-09,0.0002286278553158038,1.742722214907877e-09,0.999880433005382
1.743403597234555e-09,0.0002273983986338563,1.743403597234555e-09,0.9998811087497582
1.743923082443176e-09,0.0002269035009436269,1.743923082443176e-09,0.9998802181417394
1.744428515476248e-09,0.0002252632908828334,1.744428515476248e-09,0.9998808825421727
1.744929339321532e-09,0.0002258503976870005,1.744929339321532e-09,0.9998802715494428
1.745473287686097e-09,0.0002294456575855735,1.745473287686097e-09,0.9998818696890386
1.745995285783555e-09,0.0002410099570370994,1.745995285783555e-09,0.9998828974946011
1.746507257224292e-09,0.0002540834754258643,1.746507257224292e-09,0.9998852702955903
1.747061543375658e-09,0.0002562265699450848,1.747061543375658e-09,0.9998832472047642
1.747562997620945e-09,0.0002410435780175131,1.747562997620945e-09,0.9998803444388212
1.748082851660381e-09,0.0001949462894825991,1.748082851660381e-09,0.9998714451596663
1.748561185165281e-09,0.0001132088636339498,1.748561185165281e-09,0.9998603213070987
1.749064291299981e-09,9.730610618020184e-06,1.749064291299981e-09,0.9998480488578296
1.749586613690085e-09,-1.473214859604365e-05,1.749586613690085e-09,0.9998564890355646
1.750144648053092e-09,0.0003172387866792057,1.750144648053092e-09,0.9999249804915376
1.750682843433418e-09,0.001112837770764414,1.750682843433418e-09,1.000058808715937
1.751208540875601e-09,0.002081553877287145,1.751208540875601e-09,1.00018019020582
1.751876254081255e-09,0.00285947336847173,1.751876254081255e-09,1.000180962615726
1.752402291614286e-09,0.001842752022234648,1.752402291614286e-09,0.999867232395565
1.752901773479218e-09,-0.002317334163416482,1.752901773479218e-09,0.999109995853338
1.753405054809821e-09,-0.01005817779423497,1.753405054809821e-09,0.9979705605842335
1.753940570521412e-09,-0.01844649502673386,1.753940570521412e-09,0.9971823177403452
1.754472137752163e-09,-0.01390442428322532,1.754472137752163e-09,0.9990262360682363
1.754990744668661e-09,0.01533324787873906,1.754990744668661e-09,1.005198887209715
1.755533603267819e-09,0.07870891723368054,1.755533603267819e-09,1.015675709797114
1.75623732361603e-09,0.2092019326572266,1.75623732361603e-09,1.03003829602217
1.756747039857453e-09,0.3283787444113999,1.756747039857453e-09,1.029464954646048
1.757264478620998e-09,0.4536421311941891,1.757264478620998e-09,1.000955797226648
1.757762324838756e-09,0.5712674359292892,1.757762324838756e-09,0.9362143588467938
1.75832464906819e-09,0.6829748451271285,1.75832464906819e-09,0.8223540401863596
1.758833144321911e-09,0.7598731653593416,1.758833144321911e-09,0.6988131331161024
1.759336387845895e-09,0.8168728091391977,1.759336387845895e-09,0.5672535469582412
1.759912668428783e-09,0.8633781612913912,1.759912668428783e-09,0.4119082484339396
1.760400309400562e-09,0.8920800617022904,1.760400309400562e-09,0.2921201980985353
1.760906219500071e-09,0.9163376556833597,1.760906219500071e-09,0.1961350031963539
1.761392794072574e-09,0.9357880140934601,1.761392794072574e-09,0.1329436283593909
1.761891108154609e-09,0.9520086062685297,1.761891108154609e-09,0.09163300206954715
1.762426932388304e-09,0.9653725271950877,1.762426932388304e-09,0.0636866564501708
1.76296393327028e-09,0.9750841995928283,1.76296393327028e-09,0.04498638145664774
1.763487599616766e-09,0.981904885942708,1.763487599616766e-09,0.03231324620983053
1.764024477505225e-09,0.9869351361732405,1.764024477505225e-09,0.02301517551355491
1.764718486667962e-09,0.9914500536358349,1.764718486667962e-09,0.01499638879936844
1.765232226653523e-09,0.9937809030922896,1.765232226653523e-09,0.01135626312666028
1.765744105058339e-09,0.9954820620133564,1.765744105058339e-09,0.008910416677994935
1.766243164452403e-09,0.9966747524663058,1.766243164452403e-09,0.007142853893466751
1.766796652742196e-09,0.9975956499549665,1.766796652742196e-09,0.005546167933040901
1.767310630557969e-09,0.9981898003896231,1.767310630557969e-09,0.004317349913187946
1.767817332477197e-09,0.9986123054574964,1.767817332477197e-09,0.003341070019782724
1.768385995344685e-09,0.9989588746446483,1.768385995344685e-09,0.002490392803978285
1.768872412455595e-09,0.9991769073090687,1.768872412455595e-09,0.00194356905120285
1.769385487652858e-09,0.9993532552486956,1.769385487652858e-09,0.001508658171425559
1.769866303646517e-09,0.9994768647511952,1.769866303646517e-09,0.001199937950358342
1.770366763020071e-09,0.9995755402783622,1.770366763020071e-09,0.0009502301551576645
1.770894774133854e-09,0.9996522221465438,1.770894774133854e-09,0.0007505289616478167
1.771443605212728e-09,0.9997130124154456,1.771443605212728e-09,0.0005967626805590124
1.77197554274215e-09,0.9997559806010109,1.77197554274215e-09,0.0004918982294524869
1.772505052029976e-09,0.9997894741240733,1.772505052029976e-09,0.0004173718351717846
1.773182593295946e-09,0.9998189504954202,1.773182593295946e-09,0.0003539774210317055
1.773703741030228e-09,0.9998360584266356,1.773703741030228e-09,0.0003203934113523598
1.77420752910583e-09,0.9998470006770716,1.77420752910583e-09,0.0002975772119074548
1.774709019405504e-09,0.9998563449074787,1.774709019405504e-09,0.0002796545273409433
1.775250714712418e-09,0.9998624479468334,1.775250714712418e-09,0.0002664195912710123
1.775775054314357e-09,0.9998680054694907,1.775775054314357e-09,0.0002561398044162466
1.776288725227009e-09,0.9998707516987309,1.776288725227009e-09,0.0002497292152156904
1.77683984701806e-09,0.9998741948538614,1.77683984701806e-09,0.0002436112434377863
1.777557646598143e-09,0.9998759010607803,1.777557646598143e-09,0.0002390348318838288
1.778062455013948e-09,0.9998777980952511,1.778062455013948e-09,0.0002358807674668174
1.778588487613062e-09,0.9998779744489236,1.778588487613062e-09,0.0002344018348261024
1.779085541867994e-09,0.9998793303393027,1.779085541867994e-09,0.0002323759412565483
1.779657540963245e-09,0.9998791468291427,1.779657540963245e-09,0.0002317003901775595
1.78016715812702e-09,0.9998802193170888,1.78016715812702e-09,0.0002303274426790961
1.780668763272077e-09,0.9998797582515201,1.780668763272077e-09,0.0002302992494117115
1.781260739561626e-09,0.9998806985762124,1.781260739561626e-09,0.0002292224713051246
1.781935000065138e-09,0.9998801613479988,1.781935000065138e-09,0.0002293816399686427
1.782423839073387e-09,0.9998809685691538,1.782423839073387e-09,0.0002286133715884911
1.782978509250747e-09,0.9998803349564231,1.782978509250747e-09,0.0002290041457488165
1.783475451086268e-09,0.9998811123954919,1.783475451086268e-09,0.0002283339053019498
1.784094629293354e-09,0.9998804754279699,1.784094629293354e-09,0.000228796619216705
1.784625551581676e-09,0.9998812261972332,1.784625551581676e-09,0.0002281763737123014
1.78513957809477e-09,0.9998804892020466,1.78513957809477e-09,0.0002286822015992949
1.785769469696421e-09,0.9998811024033651,1.785769469696421e-09,0.000228074225624187
1.786332273521325e-09,0.9998802896135321,1.786332273521325e-09,0.0002285997606553242
1.786817526847105e-09,0.999880886161698,1.786817526847105e-09,0.0002280241149253786
1.787336234557841e-09,0.999880192285972,1.787336234557841e-09,0.0002285828201488628
1.787847373493069e-09,0.9998814469023617,1.787847373493069e-09,0.0002281074187814526
1.788424535919535e-09,0.9998824182623874,1.788424535919535e-09,0.0002288475929405892
1.788975258344664e-09,0.9998849284375454,1.788975258344664e-09,0.0002284024059798515
1.789497148428899e-09,0.9998839501097467,1.789497148428899e-09,0.0002287069086683053
1.790149506969576e-09,0.999880226384475,1.790149506969576e-09,0.0002274589440563832
1.790682013986574e-09,0.999870933549311,1.790682013986574e-09,0.0002270536535449966
1.791176433239954e-09,0.9998588996449055,1.791176433239954e-09,0.0002253859299930183
1.79168226374028e-09,0.9998475044356038,1.79168226374028e-09,0.0002257196393005699
1.792210880034025e-09,0.9998600185104058,1.792210880034025e-09,0.0002284180729185369
1.792752132028038e-09,0.9999334657080692,1.792752132028038e-09,0.0002394699031497371
1.79327747998649e-09,1.000068733063416,1.79327747998649e-09,0.0002527438572113074
1.793812394798484e-09,1.000186123620165,1.793812394798484e-09,0.0002570852045506556
1.794501277252258e-09,1.00016470194138,1.794501277252258e-09,0.000235034701900881
1.795017014547471e-09,0.999816268328739,1.795017014547471e-09,0.0001807194705356657
1.795526350173264e-09,0.9989870432078729,1.795526350173264e-09,8.285871240578256e-05
1.796026002909689e-09,0.9978455009630001,1.796026002909689e-09,-1.166801546404976e-05
1.796575666417552e-09,0.9972178456874112,1.796575666417552e-09,3.030406982299574e-05
1.797092486000898e-09,0.9994446662552499,1.797092486000898e-09,0.0004612826098747967
1.797601035671358e-09,1.005961261152247,1.797601035671358e-09,0.001304116559672403
1.79816413831269e-09,1.017125572907524,1.79816413831269e-09,0.002308522457996675
1.798655213287761e-09,1.028030235415144,1.798655213287761e-09,0.002875581576348978
1.799170976972989e-09,1.032009701387446,1.799170976972989e-09,0.002062957591451774
1.799650440847706e-09,1.014901340346564,1.799650440847706e-09,-0.001510554779814858
1.800151998594894e-09,0.9629397380951089,1.800151998594894e-09,-0.008844865912270624
1.800677127821492e-09,0.8683823481657564,1.800677127821492e-09,-0.01758655021768686
1.801230298054478e-09,0.7396181791453788,1.801230298054478e-09,-0.01544784191316241
1.801765239657181e-09,0.6025153255688194,1.801765239657181e-09,0.01175826408415165
1.802292652765026e-09,0.4600637421015188,1.802292652765026e-09,0.07014408340674119
1.802965618510584e-09,0.2920589214820326,1.802965618510584e-09,0.1897996939081755
1.803488953327936e-09,0.1932697576722754,1.803488953327936e-09,0.3100697173397546
1.803990664115242e-09,0.1294434855655162,1.803990664115242e-09,0.4317970616513796
1.804492880087196e-09,0.08919949125642007,1.804492880087196e-09,0.5516252005842697
1.805031522373224e-09,0.06198975625228334,1.805031522373224e-09,0.6633015773152444
1.805559260994402e-09,0.04408894920518996,1.805559260994402e-09,0.7476139986654785
1.80607516588387e-09,0.03183410677197467,1.80607516588387e-09,0.8091216705838876
1.806621986063869e-09,0.02252821615321451,1.806621986063869e-09,0.855889498342344
1.807332822688877e-09,0.01455869495874017,1.807332822688877e-09,0.8983940410646669
1.807839974394795e-09,0.01110217792171623,1.807839974394795e-09,0.9215087206046352
1.808361536804898e-09,0.008690397390800634,1.808361536804898e-09,0.9411765772856125
1.808858837070001e-09,0.006975412922529733,1.808858837070001e-09,0.9562147468323936
1.809426313084706e-09,0.005372558060386128,1.809426313084706e-09,0.96904895767625
1.80993399837823e-09,0.004188698904232251,1.80993399837823e-09,0.9773116861069818
1.810435981873613e-09,0.003247371024363691,1.810435981873613e-09,0.9832875561551948
1.811019024622728e-09,0.002401900300260011,1.811019024622728e-09,0.9882647090452763
1.811716172873545e-09,0.001686615671295302,1.811716172873545e-09,0.9923476312557545
1.812207242290638e-09,0.001329163278098313,1.812207242290638e-09,0.9943626123776437
1.812757755891383e-09,0.001027091331973854,1.812757755891383e-09,0.9959985804807919
1.813254101250791e-09,0.0008187829007021179,1.813254101250791e-09,0.9970377921858529
1.813872318648953e-09,0.0006290942579431944,1.813872318648953e-09,0.9979210675365516
1.814399905437937e-09,0.0005140139227945294,1.814399905437937e-09,0.9984351530605202
1.814911694830341e-09,0.0004365108902152148,1.814911694830341e-09,0.998795334619904
1.815540800576294e-09,0.0003689798106783439,1.815540800576294e-09,0.9991180662267065
1.816110686091288e-09,0.0003295714330962088,1.816110686091288e-09,0.9993251663700063
1.816594735743497e-09,0.0003038531283744661,1.816594735743497e-09,0.9994580148740443
1.817118258805095e-09,0.0002850085972201556,1.817118258805095e-09,0.9995637144416998
1.817626088180747e-09,0.000269738106330758,1.817626088180747e-09,0.9996424692018492
1.818210590858157e-09,0.0002588959765754356,1.818210590858157e-09,0.9997074933478556
1.818765269692516e-09,0.0002498565815576741,1.818765269692516e-09,0.9997552183612783
1.819285957772523e-09,0.0002453845949399996,1.819285957772523e-09,0.9997866521448238
1.819933383367969e-09,0.0002393512296972727,1.819933383367969e-09,0.9998175513564281
1.820468585238213e-09,0.00023739108838908,1.820468585238213e-09,0.999833684549927
1.820961206953164e-09,0.000234259926764427,1.820961206953164e-09,0.9998467493000512
1.821468076716897e-09,0.0002336496822623783,1.821468076716897e-09,0.9998545067640182
1.821994360743518e-09,0.0002313374081576756,1.821994360743518e-09,0.9998626577123657
1.822539586627261e-09,0.0002313975346807712,1.822539586627261e-09,0.9998666100035146
1.823067538807177e-09,0.0002296730534549282,1.823067538807177e-09,0.9998715319665067
1.823600260650227e-09,0.0002301926254575154,1.823600260650227e-09,0.9998729749509763
1.824283466961993e-09,0.0002286940207967283,1.824283466961993e-09,0.9998766388111658
1.824801588132762e-09,0.0002294813076663442,1.824801588132762e-09,0.9998766549594116
1.825308303387119e-09,0.0002282720277435649,1.825308303387119e-09,0.9998788131166336
1.825808613268894e-09,0.0002291766216818972,1.825808613268894e-09,0.9998782418606907
1.826354632427604e-09,0.000228043912498232,1.826354632427604e-09,0.999880028935306
1.826874627531058e-09,0.0002290068305345786,1.826874627531058e-09,0.9998791726913037
1.82738526855985e-09,0.0002279199048304012,1.82738526855985e-09,0.9998806897422075
1.827942569852567e-09,0.0002288958255430565,1.827942569852567e-09,0.9998796778569499
1.828440441712683e-09,0.0002278318606692532,1.828440441712683e-09,0.9998810603626197
1.828958925355573e-09,0.0002288337578711591,1.828958925355573e-09,0.9998799450571546
1.829437548693751e-09,0.0002277851316221296,1.829437548693751e-09,0.999881255444018
1.829939966312152e-09,0.0002288274218438018,1.829939966312152e-09,0.9998800978529064
1.830463265647622e-09,0.0002278801468989745,1.830463265647622e-09,0.9998813883904986
1.831019688619237e-09,0.0002290982273984865,1.831019688619237e-09,0.999880232325625
1.831556939526112e-09,0.0002281672531902031,1.831556939526112e-09,0.9998814817020045
1.832082970579501e-09,0.0002289162750379403,1.832082970579501e-09,0.9998802142054797
1.832752479155746e-09,0.0002271747636191144,1.832752479155746e-09,0.9998813358920231
1.833277617657104e-09,0.0002272256609195749,1.833277617657104e-09,0.9998800025544221
1.833777787155828e-09,0.0002250656299145046,1.833777787155828e-09,0.9998811088543138
1.834280665464434e-09,0.0002260365900771944,1.834280665464434e-09,0.9998800272060201
1.834817081328138e-09,0.0002286868486455233,1.834817081328138e-09,0.9998820014439517
1.835347387426747e-09,0.0002405112651608177,1.835347387426747e-09,0.9998825644545564
1.835865079797304e-09,0.0002531771966161513,1.835865079797304e-09,0.9998854275659881
1.836408992532852e-09,0.0002569529155166813,1.836408992532852e-09,0.9998832136060036
1.837115004077172e-09,0.0002315248024214616,1.837115004077172e-09,0.9998788805433183
1.837623876593209e-09,0.0001744308078770354,1.837623876593209e-09,0.9998680066070765
1.838142512469308e-09,7.146140102116835e-05,1.838142512469308e-09,0.9998551640405811
1.838640102346823e-09,-1.716122878986012e-05,1.838640102346823e-09,0.999846899555866
1.839204414305163e-09,5.81239123754473e-05,1.839204414305163e-09,0.9998749576199908
1.839711958273716e-09,0.0005309445436300462,1.839711958273716e-09,0.9999624191036569
1.840214614229133e-09,0.001398056720471862,1.840214614229133e-09,1.000103781579295
1.840792595070985e-09,0.00240600041462928,1.840792595070985e-09,1.000202757155574
1.841282856112831e-09,0.002894831387537832,1.841282856112831e-09,1.000178427513644
1.841787131683578e-09,0.00184223877487281,1.841787131683578e-09,0.9998612020596587
1.842275709969434e-09,-0.002236107060559381,1.842275709969434e-09,0.999118519665317
1.842773497784146e-09,-0.00983650537930166,1.842773497784146e-09,0.9979960976392005
1.84331181021673e-09,-0.01835588666149095,1.84331181021673e-09,0.9971792628367482
1.843845396744909e-09,-0.01419471957326009,1.843845396744909e-09,0.9989575268044042
1.844366656090854e-09,0.01474295717206086,1.844366656090854e-09,1.005085792542044
1.844906322491051e-09,0.07722045267719166,1.844906322491051e-09,1.015456131846491
1.845605445953614e-09,0.2060031220619003,1.845605445953614e-09,1.029851917671819
1.846117074704075e-09,0.3253230564258691,1.846117074704075e-09,1.029762777710948
1.846631734316534e-09,0.4499754454546672,1.846631734316534e-09,1.002355021945965
1.847130144525618e-09,0.5679604130982242,1.847130144525618e-09,0.9386940465311838
1.847687909562195e-09,0.6796117278029826,1.847687909562195e-09,0.826782205924518
1.84819890098142e-09,0.7576559766886004,1.84819890098142e-09,0.7030546810093808
1.84870371377009e-09,0.8153954507850094,1.84870371377009e-09,0.5713626950682137
1.849276294030458e-09,0.8621005238065069,1.849276294030458e-09,0.4169178146535689
1.849762652692779e-09,0.8910042998674396,1.849762652692779e-09,0.2966096217210656
1.850272015940424e-09,0.9155991132911817,1.850272015940424e-09,0.1987961214053807
1.850755373692632e-09,0.9350584045503936,1.850755373692632e-09,0.1350542321085897
1.851254746249462e-09,0.9514581587152651,1.851254746249462e-09,0.0928671643167541
1.851786269521168e-09,0.9648736295083319,1.851786269521168e-09,0.06467274370556954
1.852329432409659e-09,0.9748227804303845,1.852329432409659e-09,0.04547594811726983
1.85285749705151e-09,0.9817652744359092,1.85285749705151e-09,0.03256882912030135
1.853390102043382e-09,0.9868010472541024,1.853390102043382e-09,0.02326134590824239
1.854074698195435e-09,0.9913089236400557,1.854074698195435e-09,0.01523095283284636
1.854592484231332e-09,0.993693251532902,1.854592484231332e-09,0.01148727877263815
1.855099700217595e-09,0.9954046109781466,1.855099700217595e-09,0.00902365948152397
1.855600088759232e-09,0.9966225538020973,1.855600088759232e-09,0.007226010581315902
1.856146573327483e-09,0.9975495646916964,1.856146573327483e-09,0.005633941335881821
1.856666141056321e-09,0.9981630940258726,1.856666141056321e-09,0.004376356439618563
1.857176613036553e-09,0.9985949642176973,1.857176613036553e-09,0.003381887181165857
1.857734832458234e-09,0.9989413693218389,1.857734832458234e-09,0.00253416957055429
1.858231639621304e-09,0.9991671825779681,1.858231639621304e-09,0.001966952005873367
1.858749668737096e-09,0.9993479829763117,1.858749668737096e-09,0.001521859426133075
1.85922855329385e-09,0.9994718753551995,1.85922855329385e-09,0.001211801597709162
1.859730943315192e-09,0.999572662991959,1.859730943315192e-09,0.0009579529035890946
1.860254565564283e-09,0.9996489792619325,1.860254565564283e-09,0.0007583177106650553
1.86081047785821e-09,0.9997118154680845,1.86081047785821e-09,0.0006001251331165964
1.861347344909788e-09,0.9997549008002808,1.861347344909788e-09,0.0004939394171994833
1.861873747974419e-09,0.9997890301643826,1.861873747974419e-09,0.0004186636802759758
1.862543543192315e-09,0.9998178446648796,1.862543543192315e-09,0.0003558996952664233
1.863068392918196e-09,0.9998358730364454,1.863068392918196e-09,0.0003210588434920268
1.863568804127729e-09,0.9998462668933512,1.863568804127729e-09,0.0002987309051922477
1.86407163398593e-09,0.9998563483885284,1.86407163398593e-09,0.0002799497846221426
1.864608570791303e-09,0.9998618767962973,1.864608570791303e-09,0.0002672559247905844
1.865138357630587e-09,0.9998681537256707,1.865138357630587e-09,0.0002561445500726132
1.865655765178456e-09,0.9998703600267604,1.865655765178456e-09,0.0002502081370644502
1.866200427930166e-09,0.9998744028975127,1.866200427930166e-09,0.0002435028161591461
1.866907294088953e-09,0.9998755097915868,1.866907294088953e-09,0.000239528315078988
1.867415918249498e-09,0.9998780383136338,1.867415918249498e-09,0.0002357147620955527
1.867935145814559e-09,0.9998776211811105,1.867935145814559e-09,0.0002348221906495302
1.868432538851313e-09,0.9998795888361474,1.868432538851313e-09,0.00023217066072976
1.86899807341863e-09,0.9998788141792164,1.86899807341863e-09,0.0002320761456322423
1.869505135814241e-09,0.9998804898624226,1.869505135814241e-09,0.0002300928208002981
1.870007385927717e-09,0.9998794409441162,1.870007385927717e-09,0.0002306417030144344
1.8705861634109e-09,0.9998809766250785,1.8705861634109e-09,0.0002289686892819926
1.871077113805254e-09,0.9998798080433785,1.871077113805254e-09,0.0002298054650851496
1.871580717245245e-09,0.9998812238380647,1.871580717245245e-09,0.0002284072073362161
1.872070084612721e-09,0.9998799994358032,1.872070084612721e-09,0.0002293835576333638
1.87256757300806e-09,0.999881370228447,1.87256757300806e-09,0.000228100179445694
1.873107074628869e-09,0.9998801366307449,1.873107074628869e-09,0.0002291458799747518
1.873639162615872e-09,0.9998814978388189,1.873639162615872e-09,0.0002279242507386169
1.874159305442677e-09,0.9998802245381326,1.874159305442677e-09,0.0002290134981022895
1.874700321367491e-09,0.9998814572814282,1.874700321367491e-09,0.0002278136568295908
1.875402133515849e-09,0.9998800701495585,1.875402133515849e-09,0.0002289118199751242
1.875912778397716e-09,0.9998812331757847,1.875912778397716e-09,0.0002277396480111326
1.87642884517444e-09,0.9998798524470695,1.87642884517444e-09,0.0002288674643687163
1.876926861890666e-09,0.9998813459594599,1.876926861890666e-09,0.0002277615292246125
1.877487125331056e-09,0.999881035284971,1.877487125331056e-09,0.0002290212965904631
1.877996784084979e-09,0.9998841364126347,1.877996784084979e-09,0.0002280691439173757
1.878500689678378e-09,0.9998843578576417,1.878500689678378e-09,0.0002292475350616743
1.879075003936867e-09,0.9998838418316212,1.879075003936867e-09,0.0002276357612263196
1.879562156109886e-09,0.999878745621043,1.879562156109886e-09,0.0002282401993835695
1.880069826967916e-09,0.9998714018114937,1.880069826967916e-09,0.0002261559627883181
1.880554741959674e-09,0.999857605139709,1.880554741959674e-09,0.000226205745880174
1.881053398142176e-09,0.9998485952236291,1.881053398142176e-09,0.000224915021103914
1.881587210436394e-09,0.9998592587768946,1.881587210436394e-09,0.000229292370621029
1.882127169091036e-09,0.9999344491196658,1.882127169091036e-09,0.0002386288354586465
1.882652860275908e-09,1.000067721320419,1.882652860275908e-09,0.0002535629512919451
1.883187530652964e-09,1.000187286993496,1.883187530652964e-09,0.0002562839121070606
1.883877399933801e-09,1.000163345991581,1.883877399933801e-09,0.000235784815690711
1.88439316820317e-09,0.999816477059439,1.88439316820317e-09,0.000179794436382162
1.884902664699646e-09,0.998984222989127,1.884902664699646e-09,8.349909574935377e-05
1.885402244666373e-09,0.9978445541216809,1.885402244666373e-09,-1.268871770751646e-05
1.885952173811593e-09,0.9972178400515641,1.885952173811593e-09,3.15831850978562e-05
1.886468870431966e-09,0.999453536782281,1.886468870431966e-09,0.0004616896154655883
1.88697723304575e-09,1.005973766435308,1.88697723304575e-09,0.001306564948339019
1.887540806058099e-09,1.017154493648649,1.887540806058099e-09,0.002309591823817483
1.888029429688027e-09,1.028008992219335,1.888029429688027e-09,0.002876308468397704
1.888545307785543e-09,1.03207468450915,1.888545307785543e-09,0.002067585367927334
1.889024863509558e-09,1.014994922755371,1.889024863509558e-09,-0.001501205304012659
1.88952492552425e-09,0.9633048137108573,1.88952492552425e-09,-0.00880789247318659
1.890051065801123e-09,0.868685704160744,1.890051065801123e-09,-0.01757047162462185
1.890604510888971e-09,0.739894283446361,1.890604510888971e-09,-0.01547710129122682
1.891139765198608e-09,0.6027227822028169,1.891139765198608e-09,0.01169479426585538
1.89166699495968e-09,0.4603219379719542,1.89166699495968e-09,0.07000406822551226
1.892339755961151e-09,0.2923084861678606,1.892339755961151e-09,0.1895502940234689
1.892863435875798e-09,0.193393818953404,1.892863435875798e-09,0.3098688202299552
1.893364917099358e-09,0.1295460017926501,1.893364917099358e-09,0.4315467719935772
1.893867277120848e-09,0.0892555992578571,1.893867277120848e-09,0.5514169804317551
1.894405519670976e-09,0.06204092016437725,1.894405519670976e-09,0.6630646869981504
1.894933665326461e-09,0.04411492406016317,1.894933665326461e-09,0.7474901311124865
1.895449802886149e-09,0.03184557070968661,1.895449802886149e-09,0.8090564047979441
1.895996247469883e-09,0.02254421552196506,1.895996247469883e-09,0.8558144093087288
1.896706932625167e-09,0.01456716301201348,1.896706932625167e-09,0.8983349339868467
1.897214205071067e-09,0.01110946029706632,1.897214205071067e-09,0.9214629174546458
1.897735546378007e-09,0.008694090775010838,1.897735546378007e-09,0.9411337706272179
1.898232820339879e-09,0.006980932740087646,1.898232820339879e-09,0.9561789415035163
1.89880010862093e-09,0.005375049020433002,1.89880010862093e-09,0.9690213680637992
1.899307828161439e-09,0.0041931664071905,1.899307828161439e-09,0.9772903587942133
1.899809814753263e-09,0.003248442169530682,1.899809814753263e-09,0.983273588565195
1.900392302156252e-09,0.002405793297572165,1.900392302156252e-09,0.9882493549672691
1.901090407139916e-09,0.001686222605243988,1.901090407139916e-09,0.992343899504369
1.901580357944825e-09,0.001331871578813721,1.901580357944825e-09,0.9943535900700926
1.902135942873012e-09,0.001024288453933891,1.902135942873012e-09,0.9960064487599373
1.902632130192966e-09,0.0008191518292016163,1.902632130192966e-09,0.9970416400104394
1.903250689312913e-09,0.0006269421955985499,1.903250689312913e-09,0.9979255475451421
1.903778505003473e-09,0.0005147887148427496,1.903778505003473e-09,0.9984370104429863
1.904290669180066e-09,0.000434658483647005,1.904290669180066e-09,0.9987984847835605
1.904919937581778e-09,0.0003700191547067898,1.904919937581778e-09,0.9991187944852584
1.905488983639386e-09,0.000328017895042217,1.905488983639386e-09,0.9993269665207998
1.905973035857059e-09,0.0003050884630754648,1.905973035857059e-09,0.9994577985190528
1.90649604434254e-09,0.0002835556615792605,1.90649604434254e-09,0.9995650088763031
1.907004198666768e-09,0.0002710397343666915,1.907004198666768e-09,0.9996419190459725
1.907587792063177e-09,0.0002574945244237458,1.907587792063177e-09,0.9997085354801489
1.908143177926205e-09,0.0002511944008862832,1.908143177926205e-09,0.9997544942394139
1.908664057192505e-09,0.0002439914429411056,1.908664057192505e-09,0.9997876683643044
1.909312167793465e-09,0.0002406976475937107,1.909312167793465e-09,0.9998167835680887
1.909846698082588e-09,0.0002360107917147457,1.909846698082588e-09,0.9998346317542319
1.910339701245043e-09,0.0002356159402403323,1.910339701245043e-09,0.9998459253374464
1.910846363887557e-09,0.0002322757845379145,1.910846363887557e-09,0.9998554231983188
1.91137310981271e-09,0.0002326968456284391,1.91137310981271e-09,0.9998618139463225
1.911917532802893e-09,0.0002300286567337144,1.911917532802893e-09,0.9998675019986815
1.912444971865804e-09,0.0002310359777711622,1.912444971865804e-09,0.9998706679654701
1.912978146283434e-09,0.0002288266333022185,1.912978146283434e-09,0.9998738552518027
1.913662798326258e-09,0.0002300557273832796,1.913662798326258e-09,0.9998757783174631
1.914180352934135e-09,0.0002281165858321638,1.914180352934135e-09,0.9998775294718718
1.914687735612375e-09,0.0002296337552355879,1.914687735612375e-09,0.9998779518427311
1.915188001692389e-09,0.000227813691860419,1.915188001692389e-09,0.9998791110229797
1.91573466793269e-09,0.0002294050763560397,1.91573466793269e-09,0.9998791691571169
1.916254055101789e-09,0.0002276451627975472,1.916254055101789e-09,0.9998800365845016
1.916764271091488e-09,0.0002292802944809879,1.916764271091488e-09,0.9998798313043412
1.917322823332198e-09,0.0002275353726317505,1.917322823332198e-09,0.9998805377929247
1.917818988316702e-09,0.0002291913042987282,1.917818988316702e-09,0.9998802044880082
1.918336740289388e-09,0.0002274744303741614,1.918336740289388e-09,0.9998808002236476
1.918815589705498e-09,0.0002291433813233337,1.918815589705498e-09,0.9998804027338903
1.919317865219488e-09,0.0002274702526135334,1.919317865219488e-09,0.9998809495775456
1.919841608175788e-09,0.0002292381586060922,1.919841608175788e-09,0.9998805391473871
1.920397418678727e-09,0.000227741754067391,1.920397418678727e-09,0.9998810804793091
1.92093426202313e-09,0.0002295237176594953,1.92093426202313e-09,0.9998806353855968
1.921460531525169e-09,0.0002275585087209158,1.921460531525169e-09,0.999881058669617
1.922130909545468e-09,0.0002285274369414163,1.922130909545468e-09,0.9998804921766308
1.922655538091303e-09,0.0002258659526051806,1.922655538091303e-09,0.9998808436425188
1.923156073702434e-09,0.0002264151933793027,1.923156073702434e-09,0.9998802685371646
1.923658823522517e-09,0.0002246862763969358,1.923658823522517e-09,0.9998808668430575
1.924195699523177e-09,0.0002300764657012671,1.924195699523177e-09,0.999881171548109
1.924725561896406e-09,0.0002392170026052126,1.924725561896406e-09,0.9998834081483976
1.925242838319692e-09,0.0002545829843142771,1.925242838319692e-09,0.9998845997212723
1.925787487584427e-09,0.0002555560694061153,1.925787487584427e-09,0.9998840293033937
1.926494966872597e-09,0.0002326096632422026,1.926494966872597e-09,0.9998780034925382
1.92700338701384e-09,0.0001725578183499375,1.92700338701384e-09,0.9998687565499771
1.927522796979116e-09,7.188745258166431e-05,1.927522796979116e-09,0.9998542245090366
1.928020241687297e-09,-1.90844186887259e-05,1.928020241687297e-09,0.9998477139473617
1.92858584679112e-09,6.22326352433954e-05,1.92858584679112e-09,0.9998747423026115
1.929092968294163e-09,0.0005361674884724416,1.929092968294163e-09,0.9999643380511917
1.929595280453209e-09,0.001408395755143963,1.929595280453209e-09,1.00010418601438
1.930174283633641e-09,0.002413025869710511,1.930174283633641e-09,1.000204100676632
1.930663128137294e-09,0.00289684166546125,1.930663128137294e-09,1.000176510964448
1.931166613664169e-09,0.001824876907621115,1.931166613664169e-09,0.9998585677332378
1.931655796969086e-09,-0.002284750665128409,1.931655796969086e-09,0.9991093895828864
1.932153438594268e-09,-0.009907674987425126,1.932153438594268e-09,0.9979877978895615
1.932692667516567e-09,-0.01840063495573258,1.932692667516567e-09,0.997178634350471
1.933225239770877e-09,-0.01408667019866131,1.933225239770877e-09,0.9989852786336771
1.933745732461686e-09,0.0150032647015232,1.933745732461686e-09,1.005135376604435
1.934286518085349e-09,0.0778378412156315,1.934286518085349e-09,1.015549196297946
1.934988148790964e-09,0.2074688601480691,1.934988148790964e-09,1.029937239996488
1.935498889778556e-09,0.3267218635573403,1.935498889778556e-09,1.029629769932782
1.936014886088347e-09,0.4516733458185204,1.936014886088347e-09,1.001712416805949
1.936512966317363e-09,0.5694766189746309,1.936512966317363e-09,0.9375637312729266
1.937072881567811e-09,0.6811687748820425,1.937072881567811e-09,0.8247433664826018
1.93758279745054e-09,0.7586909705509326,1.93758279745054e-09,0.7010817577459317
1.938086806172341e-09,0.8160793490173204,1.938086806172341e-09,0.5694690109467643
1.938661097700741e-09,0.8626910913395984,1.938661097700741e-09,0.4146054900879962
1.939148112263083e-09,0.8915060535908732,1.939148112263083e-09,0.2945191497068932
1.939655873366206e-09,0.915942031185159,1.939655873366206e-09,0.1975561151425892
1.940140691837874e-09,0.9353976803008827,1.940140691837874e-09,0.1340722855201932
1.940639456640832e-09,0.9517094727004594,1.940639456640832e-09,0.09230196353482976
1.941173026103696e-09,0.9651048153039996,1.941173026103696e-09,0.06421647186518249
1.941713251193762e-09,0.9749410875989003,1.941713251193762e-09,0.04525356223053234
1.942239179940595e-09,0.9818279549180361,1.942239179940595e-09,0.03245507454389973
1.942773642427445e-09,0.986859597113828,1.942773642427445e-09,0.02315312713891404
1.943463131381674e-09,0.9913761225063803,1.943463131381674e-09,0.01511957555816802
1.943979011404226e-09,0.9937338127125637,1.943979011404226e-09,0.01142594096355589
1.944488355537657e-09,0.9954416324290158,1.944488355537657e-09,0.008969924456877013
1.944988045187012e-09,0.9966461968932692,1.944988045187012e-09,0.007187815785670529
1.945537778653731e-09,0.9975717631048865,1.945537778653731e-09,0.005592524281003828
1.946054702823693e-09,0.9981748093317175,1.946054702823693e-09,0.004349545378555788
1.946563304587902e-09,0.9986036003043144,1.946563304587902e-09,0.003362647613151339
1.94712654997358e-09,0.9989488605114366,1.94712654997358e-09,0.002514306902098675
1.947615644711828e-09,0.9991712361838708,1.947615644711828e-09,0.001958396723632871
1.948131685053053e-09,0.9993489842376467,1.948131685053053e-09,0.001518192299458091
1.948610794190965e-09,0.9994741304942532,1.948610794190965e-09,0.001207612468000994
1.949112371990695e-09,0.9995727815306497,1.949112371990695e-09,0.0009563152479263324
1.949637562372885e-09,0.9996506952006452,1.949637562372885e-09,0.0007553585459805518
1.950191203606879e-09,0.9997114489465042,1.950191203606879e-09,0.0005997343418572525
1.95072664387326e-09,0.9997559472947015,1.95072664387326e-09,0.0004927407049682892
1.951253852197698e-09,0.9997884369924408,1.951253852197698e-09,0.0004188935490030231
1.951926372611571e-09,0.9998189066747705,1.951926372611571e-09,0.0003547103937639283
1.952450006148899e-09,0.9998352156578466,1.952450006148899e-09,0.0003214466229684574
1.95295154467495e-09,0.9998472096007258,1.95295154467495e-09,0.0002977827877879138
1.953453932238973e-09,0.9998556361522466,1.953453932238973e-09,0.0002804477991790125
1.953992303514425e-09,0.9998627649629231,1.953992303514425e-09,0.0002664097371189318
1.954520390785637e-09,0.9998673981600488,1.954520390785637e-09,0.0002567315052958536
1.955036640885444e-09,0.9998711895165253,1.955036640885444e-09,0.0002494743664466169
1.955583147106078e-09,0.9998736309099949,1.955583147106078e-09,0.0002441241741121945
1.956293832543068e-09,0.9998763378177369,1.956293832543068e-09,0.000238788921579995
1.956801146582848e-09,0.9998772594548264,1.956801146582848e-09,0.0002363496946063904
1.957322590461834e-09,0.9998784344504673,1.957322590461834e-09,0.0002341078908096048
1.957819943141838e-09,0.9998788072512594,1.957819943141838e-09,0.0002328158774175684
1.95838712853821e-09,0.9998796181787061,1.95838712853821e-09,0.0002313783128706887
1.958894826447163e-09,0.9998797064735178,1.958894826447163e-09,0.000230746349974911
1.95939687665994e-09,0.9998802373204828,1.95939687665994e-09,0.0002299559824185941
1.959979316827404e-09,0.9998801934760516,1.959979316827404e-09,0.0002296268211047641
1.960677651080121e-09,0.9998806494387527,1.960677651080121e-09,0.0002290154552977048
1.961167513761313e-09,0.9998804757592751,1.961167513761313e-09,0.0002289919028773249
1.96172333918121e-09,0.9998808226805063,1.96172333918121e-09,0.0002286351127209373
1.962219538547637e-09,0.9998806220949321,1.962219538547637e-09,0.0002287085510316218
1.962838443986636e-09,0.9998809614800367,1.962838443986636e-09,0.0002284273254706292
1.963366331897188e-09,0.9998807390073265,1.963366331897188e-09,0.0002285488702080508
1.963878653735896e-09,0.9998809776319212,1.963878653735896e-09,0.0002283141425123672
1.964507635519085e-09,0.9998806206611646,1.964507635519085e-09,0.0002284449933071899
1.965076426338132e-09,0.999880778925382,1.965076426338132e-09,0.0002282320141106237
1.965561270426589e-09,0.999880405843658,1.965561270426589e-09,0.0002283923394152646
1.966083044213797e-09,0.9998806659486081,1.966083044213797e-09,0.0002282139617726959
1.96659209529812e-09,0.9998809403923511,1.96659209529812e-09,0.0002284711019901646
1.967174955259897e-09,0.9998828617386301,1.967174955259897e-09,0.0002284777345397185
1.967730085261493e-09,0.9998844276663909,1.967730085261493e-09,0.0002287668549869951
1.968251084565466e-09,0.999884460709465,1.968251084565466e-09,0.0002283497042503778
1.96889938311371e-09,0.9998798453622599,1.96889938311371e-09,0.0002278343318815291
1.96943392779318e-09,0.9998715674492253,1.96943392779318e-09,0.0002267061601634808
1.969927035040536e-09,0.9998586801022309,1.969927035040536e-09,0.0002257684775321492
1.970433606889058e-09,0.9998480414003487,1.970433606889058e-09,0.0002253404107278929
1.970960550344943e-09,0.9998589067348366,1.970960550344943e-09,0.0002286674399751592
1.971504600106191e-09,0.9999325577757296,1.971504600106191e-09,0.0002389350001360451
1.972031816972196e-09,1.000066536660468,1.972031816972196e-09,0.0002529392554039962
1.97256517221612e-09,1.00018578627099,1.97256517221612e-09,0.0002568239743240609
1.973250072400862e-09,1.000167297416966,1.973250072400862e-09,0.0002360223818384412
1.973767592289464e-09,0.9998258204897288,1.973767592289464e-09,0.0001815767528481721
1.974275046895805e-09,0.9990084931159768,1.974275046895805e-09,8.550260407220165e-05
1.97477522991536e-09,0.9978678761940013,1.97477522991536e-09,-1.074172216959736e-05
1.975322212429976e-09,0.9972069409506107,1.975322212429976e-09,2.59394011314369e-05
1.975841366256675e-09,0.9993635734025161,1.975841366256675e-09,0.0004482498912947894
1.976351439450744e-09,1.005811693552474,1.976351439450744e-09,0.001287358654234953
1.976910381954393e-09,1.01683985437492,1.976910381954393e-09,0.002287330428901833
1.977404139258073e-09,1.027818462134778,1.977404139258073e-09,0.00287060474814739
1.977922067799438e-09,1.032123219399856,1.977922067799438e-09,0.00209635375406426
1.978401033450293e-09,1.015492920704049,1.978401033450293e-09,-0.00141407972275238
1.978901971002721e-09,0.9642724279134932,1.978901971002721e-09,-0.008689077133190951
1.97942643875547e-09,0.8704785157244557,1.97942643875547e-09,-0.01746420173590993
1.979982674594744e-09,0.7413112654329855,1.979982674594744e-09,-0.0156000343719996
1.980519889557166e-09,0.6037320175799586,1.980519889557166e-09,0.01139719626719668
1.981045997587152e-09,0.4616446465316872,1.981045997587152e-09,0.06930927529587919
1.981715788513117e-09,0.2940164793754445,1.981715788513117e-09,0.1878749954195837
1.98224080039259e-09,0.1943924775765366,1.98224080039259e-09,0.3082976554847752
1.982741088092921e-09,0.1303228947708703,1.982741088092921e-09,0.4296975433345502
1.98324397724211e-09,0.08969996190009254,1.98324397724211e-09,0.5497749262524521
1.983780538953806e-09,0.06240179509242826,1.983780538953806e-09,0.6614409391837601
1.984310719692562e-09,0.04430461496979755,1.984310719692562e-09,0.7465517707787674
1.984828301521814e-09,0.03195229989660393,1.984828301521814e-09,0.8085145311454127
1.985372536550119e-09,0.02265156835073994,1.985372536550119e-09,0.8552721915998779
1.986079258279527e-09,0.01466566641801082,1.986079258279527e-09,0.8977436433716447
1.98658794521482e-09,0.0111666325590702,1.98658794521482e-09,0.9210341410196855
1.987106955122593e-09,0.008744745612457396,1.987106955122593e-09,0.9407075572463084
1.987604462193306e-09,0.007019702966045579,1.987604462193306e-09,0.9558530253132927
1.988169365178591e-09,0.005413518789879349,1.988169365178591e-09,0.9687414739156571
1.988676703876267e-09,0.004224711827386447,1.988676703876267e-09,0.9770808743941751
1.989179162105791e-09,0.003273341751729105,1.989179162105791e-09,0.9831245872616257
1.989757701490281e-09,0.002428661554527506,1.989757701490281e-09,0.9881170033779086
1.990246319219573e-09,0.001893170483076238,1.990246319219573e-09,0.9911650539277339
1.990750338588746e-09,0.001478914113126534,1.990750338588746e-09,0.993530789101492
1.991238926021413e-09,0.001171126471860675,1.991238926021413e-09,0.9952306414710442
1.991736650757339e-09,0.000930701101245809,1.991736650757339e-09,0.9964899497646926
1.99227505051873e-09,0.0007311455051584953,1.99227505051873e-09,0.9974466629126026
1.992808600683876e-09,0.0005877939666787597,1.992808600683876e-09,0.9981033666620831
1.993329695012564e-09,0.0004859819907163648,1.993329695012564e-09,0.9985600942160637
1.993869519078379e-09,0.000413388868135732,1.993869519078379e-09,0.9989049915360322
1.994569231753303e-09,0.0003484469735890049,1.994569231753303e-09,0.9992213696800412
1.995080639331198e-09,0.0003182974788208559,1.995080639331198e-09,0.9993858256116296
1.995595552846876e-09,0.0002941844168805865,1.995595552846876e-09,0.9995093340147851
1.996093818265843e-09,0.0002786277722970459,1.996093818265843e-09,0.9995993103425426
1.996651915352263e-09,0.0002639412407926627,1.996651915352263e-09,0.9996739228233308
1.997162754217033e-09,0.0002559288740398382,1.997162754217033e-09,0.9997255061592085
1.997667311031558e-09,0.0002482767131003768,1.997667311031558e-09,0.9997639737791174
1.998240393602129e-09,0.0002437510245198346,1.998240393602129e-09,0.999797269863544
1.998727084175875e-09,0.0002391893747121501,1.998727084175875e-09,0.9998178081155737
1.99923614153385e-09,0.0002373938249006918,1.99923614153385e-09,0.9998344863047531
1.999719712879352e-09,0.0002342936693342362,1.999719712879352e-09,0.999845804299868
2.000218877116058e-09,0.0002336982939326259,2.000218877116058e-09,0.9998550355920865
2.000750827275534e-09,0.0002313598909213838,2.000750827275534e-09,0.9998617757658577
2.001293468388235e-09,0.0002314196968269692,2.001293468388235e-09,0.9998672829660997
2.001821007212979e-09,0.0002296876229866763,2.001821007212979e-09,0.9998706905797806
2.002354036473509e-09,0.0002302052019005723,2.002354036473509e-09,0.9998736944185597
2.003039503146377e-09,0.0002286984918421801,2.003039503146377e-09,0.9998758463164209
2.003556970610083e-09,0.0002294875348432974,2.003556970610083e-09,0.9998774028107612
2.004064524903915e-09,0.0002282732237531091,2.004064524903915e-09,0.9998780353610875
2.004564668197998e-09,0.0002291808894406083,2.004564668197998e-09,0.9998789975562296
2.005111785489874e-09,0.0002280431764430457,2.005111785489874e-09,0.9998792603555462
2.005630807079624e-09,0.0002290102065618067,2.005630807079624e-09,0.9998799308224289
2.006140805102685e-09,0.0002279182289398457,2.006140805102685e-09,0.9998799251507823
2.006699881379693e-09,0.000228898782394688,2.006699881379693e-09,0.9998804365105226
2.007195600141319e-09,0.0002278295181882435,2.007195600141319e-09,0.999880299515978
2.00771324194286e-09,0.0002288369357248288,2.00771324194286e-09,0.9998807016855972
2.008192123154136e-09,0.0002277820833049376,2.008192123154136e-09,0.9998804975180724
2.008694110974101e-09,0.0002288316635445654,2.008694110974101e-09,0.9998808530903153
2.009218310342882e-09,0.0002278776409240365,2.009218310342882e-09,0.9998806333204164
2.009773657317818e-09,0.0002291025696016177,2.009773657317818e-09,0.9998809857125812
2.010310139179109e-09,0.0002281634194275547,2.010310139179109e-09,0.9998807286029915
2.010836625329753e-09,0.0002289189769045917,2.010836625329753e-09,0.9998809654442893
2.01150734739759e-09,0.0002271657733315974,2.01150734739759e-09,0.9998805842705468
2.012031945427553e-09,0.000227224654713204,2.012031945427553e-09,0.9998807516641609
2.012532596175333e-09,0.0002250548426101733,2.012532596175333e-09,0.9998803596531819
2.013035245764998e-09,0.0002260472644167354,2.013035245764998e-09,0.9998807767530107
2.013572436741721e-09,0.0002287299887570443,2.013572436741721e-09,0.9998812635969309
2.014101924336827e-09,0.0002405905304902732,2.014101924336827e-09,0.9998833210217731
2.01461900299954e-09,0.0002532306037911149,2.01461900299954e-09,0.9998846885349276
2.015163921293373e-09,0.0002569258287031565,2.015163921293373e-09,0.9998839417111516
2.015871576713537e-09,0.0002311681212753602,2.015871576713537e-09,0.9998780751375292
2.016379886834073e-09,0.0001738051902380302,2.016379886834073e-09,0.9998686540352002
2.016899500469813e-09,7.031865282319332e-05,2.016899500469813e-09,0.9998542853173651
2.017396858728914e-09,-1.770480171265868e-05,2.017396858728914e-09,0.9998476531287781
2.017962883646961e-09,6.150757295883727e-05,2.017962883646961e-09,0.9998749572387242
2.018469881394938e-09,0.0005390134483385485,2.018469881394938e-09,0.9999644967300229
2.018972119799287e-09,0.001409149935074077,2.018972119799287e-09,1.000104589181668
2.019551486760449e-09,0.002416556301089447,2.019551486760449e-09,1.000204110413859
2.020042534913798e-09,0.002895401263684981,2.020042534913798e-09,1.000175662758327
2.020545641795941e-09,0.001810651059294341,2.020545641795941e-09,0.9998552232941956
2.021035582919013e-09,-0.002335497964213449,2.021035582919013e-09,0.9991013531036501
2.021533095273453e-09,-0.009974154974890299,2.021533095273453e-09,0.9979789769053482
2.022073295470334e-09,-0.01844613644696664,2.022073295470334e-09,0.9971792387937116
2.022604640541198e-09,-0.01398285290754215,2.022604640541198e-09,0.9990104910363324
2.023124286958095e-09,0.01523639381313167,2.023124286958095e-09,1.005181428388686
2.023666248799511e-09,0.07842628265096109,2.023666248799511e-09,1.015636620674879
2.024369390108662e-09,0.20866884589981,2.024369390108662e-09,1.030008864152486
2.02487942336681e-09,0.3278747299884405,2.02487942336681e-09,1.02951756600611
2.025396444223062e-09,0.4530490049621432,2.025396444223062e-09,1.001186101795139
2.025894337882896e-09,0.5707250863250783,2.025894337882896e-09,0.9366274160681443
2.026455984805736e-09,0.6824370590792915,2.026455984805736e-09,0.8230691513626789
2.026964862654105e-09,0.7595165293424434,2.026964862654105e-09,0.6995022995132196
2.027468293916627e-09,0.8166285379011905,2.027468293916627e-09,0.5679371697816952
2.028043988818735e-09,0.8631692807682715,2.028043988818735e-09,0.4127332076185892
2.028531528274467e-09,0.8919095351815943,2.028531528274467e-09,0.2928323694234112
2.029038031201101e-09,0.9162225522890646,2.029038031201101e-09,0.1965506792454463
2.029524040100794e-09,0.9356718292287218,2.029524040100794e-09,0.1332781424956495
2.030022406550902e-09,0.9519178375613185,2.030022406550902e-09,0.09183740203821662
2.030557621343941e-09,0.9652923470868267,2.030557621343941e-09,0.06384432361059544
2.031095541067126e-09,0.9750411352837336,2.031095541067126e-09,0.04506786385458771
2.031619791546706e-09,0.9818800308208597,2.031619791546706e-09,0.03235817532164047
2.032155960134255e-09,0.9869119230749281,2.032155960134255e-09,0.02305855845200742
2.032848537517176e-09,0.9914265698334264,2.032848537517176e-09,0.0150346175340928
2.033362972242109e-09,0.993766590772843,2.033362972242109e-09,0.01137826341627651
2.033874002597327e-09,0.9954689853185987,2.033874002597327e-09,0.008928859374578831
2.034373241975505e-09,0.9966660595798088,2.034373241975505e-09,0.007157409578072061
2.034925565470468e-09,0.9975877947561275,2.034925565470468e-09,0.005560467347260719
2.035440424014336e-09,0.9981853703873669,2.035440424014336e-09,0.004327914577064785
2.035947680004834e-09,0.9986091531385196,2.035947680004834e-09,0.003347728925581934
2.03651512376208e-09,0.9989562702086611,2.03651512376208e-09,0.002497713544806291
2.03700145764912e-09,0.9991745712113724,2.03700145764912e-09,0.001948457364849582
2.037515576173183e-09,0.9993521212570476,2.037515576173183e-09,0.001512284468783063
2.037995663002417e-09,0.9994755254487337,2.037995663002417e-09,0.001202402195973202
2.038496464060691e-09,0.9995749013728707,2.038496464060691e-09,0.0009527293636343653
2.039023525587144e-09,0.9996513162498326,2.039023525587144e-09,0.0007519703883669249
2.039574020284963e-09,0.999712805223554,2.039574020284963e-09,0.0005981324059992229
2.040107148574977e-09,0.9997556003731422,2.040107148574977e-09,0.0004919350033269795
2.040635857645323e-09,0.9997894550803729,2.040635857645323e-09,0.0004182185977647184
2.041311426117328e-09,0.9998185665725525,2.041311426117328e-09,0.0003539736401563407
2.041833558755216e-09,0.9998361090818866,2.041833558755216e-09,0.0003210693126279251
2.042336444737446e-09,0.9998467125785799,2.042336444737446e-09,0.0002973749656072684
2.04283826697839e-09,0.9998564437829848,2.04283826697839e-09,0.0002802345429270084
2.043378696150661e-09,0.9998622012268944,2.043378696150661e-09,0.0002661364763686778
2.043904388983091e-09,0.9998681413714956,2.043904388983091e-09,0.0002566443240169325
2.044418986136181e-09,0.9998705507068857,2.044418986136181e-09,0.0002493552284950379
2.044968331823452e-09,0.9998743463253537,2.044968331823452e-09,0.0002440856703184671
2.045683173902177e-09,0.9998756999578452,2.045683173902177e-09,0.0002386654322121865
2.04618896341523e-09,0.9998779583629275,2.04618896341523e-09,0.0002363386555866532
2.046713104651662e-09,0.999877783235237,2.046713104651662e-09,0.0002340139266865736
2.047210238857606e-09,0.9998794958232313,2.047210238857606e-09,0.0002328221586123738
2.047780235323738e-09,0.9998789608379141,2.047780235323738e-09,0.0002313017127697602
2.048288986802252e-09,0.999880388072488,2.048288986802252e-09,0.0002307651095499077
2.04879066231111e-09,0.9998795761502491,2.04879066231111e-09,0.0002298926019050863
2.049378762856909e-09,0.999880869622174,2.049378762856909e-09,0.0002296539794203329
2.050062525326007e-09,0.9998799834387782,2.050062525326007e-09,0.0002289660413596026
2.050552279110309e-09,0.9998811438790882,2.050552279110309e-09,0.000229034063203259
2.051104970501406e-09,0.9998801575457126,2.051104970501406e-09,0.000228588113090189
2.051601632562564e-09,0.9998812876640299,2.051601632562564e-09,0.0002287531613095054
2.052222554644543e-09,0.9998802983230159,2.052222554644543e-09,0.0002283801782855522
2.052752095681301e-09,0.9998814023686661,2.052752095681301e-09,0.0002285941003720899
2.05326559411321e-09,0.999880313928122,2.05326559411321e-09,0.0002282665748043129
2.053894530945904e-09,0.999881280064096,2.053894530945904e-09,0.0002284909479270707
2.05445998557438e-09,0.9998801155921054,2.05445998557438e-09,0.0002281845625176875
2.054944963346614e-09,0.9998810636390143,2.054944963346614e-09,0.0002284394786129713
2.055465023934474e-09,0.9998800122499306,2.055465023934474e-09,0.0002281674138582378
2.055975157794199e-09,0.9998816115215563,2.055975157794199e-09,0.0002285204418886001
2.056555010031253e-09,0.9998822253576877,2.056555010031253e-09,0.0002284318873202427
2.05710772750609e-09,0.9998850944275847,2.05710772750609e-09,0.000228815459069296
2.057629194294789e-09,0.9998837897563851,2.057629194294789e-09,0.0002282974542812129
2.058279663136154e-09,0.9998804453451382,2.058279663136154e-09,0.0002278765691840721
2.05881306165776e-09,0.9998708298739272,2.05881306165776e-09,0.0002266487350885165
2.059306881192841e-09,0.99985919306143,2.059306881192841e-09,0.0002258068469631967
2.059813086914071e-09,0.9998473527604238,2.059813086914071e-09,0.0002252998678473182
2.06034089191817e-09,0.9998599020779367,2.06034089191817e-09,0.0002287780728410443
2.060883454866949e-09,0.9999326573124271,2.060883454866949e-09,0.0002389794890888494
2.061409703835515e-09,1.000068194143762,2.061409703835515e-09,0.0002530885323677089
2.061943809077211e-09,1.00018548023485,2.061943809077211e-09,0.0002567029028441894
2.062631085695785e-09,1.000166312051373,2.062631085695785e-09,0.0002357385194347691
2.063147521834028e-09,0.9998202205902107,2.063147521834028e-09,0.0001808593053778911
2.063656059501318e-09,0.9989970377992184,2.063656059501318e-09,8.428840829218393e-05
2.06415593206027e-09,0.9978551343897705,2.06415593206027e-09,-1.152784176597143e-05
2.064704397525738e-09,0.997213135843993,2.064704397525738e-09,2.857519019322849e-05
2.06522227046907e-09,0.9994077238824839,2.06522227046907e-09,0.0004551782166576078
2.0657314843851e-09,1.005894271731701,2.0657314843851e-09,0.001296814183771166
2.066292686283679e-09,1.016995939457718,2.066292686283679e-09,0.00229875613645356
2.066785816415757e-09,1.027950963298478,2.066785816415757e-09,0.002873899455859866
2.067302436645362e-09,1.03203141605825,2.067302436645362e-09,0.002074372180542731
2.067781609226806e-09,1.015114425381134,2.067781609226806e-09,-0.001472909552183237
2.068283515464558e-09,0.9633557510417731,2.068283515464558e-09,-0.008794738156212361
2.068807979169211e-09,0.8691405339010625,2.068807979169211e-09,-0.01754145546027287
2.06936235277526e-09,0.7402101555460963,2.06936235277526e-09,-0.01550015641572889
2.069898132782704e-09,0.6029317315691096,2.069898132782704e-09,0.01163587718358902
2.070425083350864e-09,0.460609047826293,2.070425083350864e-09,0.06985627144266802
2.071096929592871e-09,0.2927397775381211,2.071096929592871e-09,0.1891306539254117
2.071620813364906e-09,0.1936647807211847,2.071620813364906e-09,0.3094456427515257
2.072122059779016e-09,0.129749781514134,2.072122059779016e-09,0.4310665727661007
2.072624492895842e-09,0.08937405076658395,2.072624492895842e-09,0.550977455611999
2.073162424745291e-09,0.06213372372092425,2.073162424745291e-09,0.6626544806286018
2.073691025279464e-09,0.04416314228885398,2.073691025279464e-09,0.7472455814493065
2.0742075005643e-09,0.03187596766631425,2.0742075005643e-09,0.8089102816907147
2.074753408613436e-09,0.02257075400003806,2.074753408613436e-09,0.8556733716765333
2.075462870144742e-09,0.01459609758986364,2.075462870144742e-09,0.8981705069166777
2.075970541003905e-09,0.01112380986665963,2.075970541003905e-09,0.9213445516818966
2.076491222912866e-09,0.008709724564002763,2.076491222912866e-09,0.9410149396619051
2.07698858565547e-09,0.006990133781912143,2.07698858565547e-09,0.9560895242042982
2.077555322415545e-09,0.005386935641465774,2.077555322415545e-09,0.9689460298925029
2.078062727087261e-09,0.00420055278181683,2.078062727087261e-09,0.9772316011740564
2.078564857441963e-09,0.003256995248774955,2.078564857441963e-09,0.9832313179882173
2.079146160702996e-09,0.002410785863967711,2.079146160702996e-09,0.9882119589677222
2.07984786494631e-09,0.001689081743911465,2.07984786494631e-09,0.9923356157417125
2.080339429435744e-09,0.001330275885301253,2.080339429435744e-09,0.9943545629029212
2.08088926480144e-09,0.001028696245884302,2.08088926480144e-09,0.9959920632386609
2.081385553168389e-09,0.0008195995553453947,2.081385553168389e-09,0.9970323098050555
2.082001832362844e-09,0.000630592662169535,2.082001832362844e-09,0.9979159713168867
2.082528729946523e-09,0.0005147806077715248,2.082528729946523e-09,0.9984301517386676
2.083039782841471e-09,0.0004375801276995609,2.083039782841471e-09,0.9987920028777205
2.083669195751914e-09,0.0003692406343337474,2.083669195751914e-09,0.999115083328222
2.084240845020078e-09,0.0003300667159468059,2.084240845020078e-09,0.9993243414204129
2.08472490237368e-09,0.0003037874832764314,2.08472490237368e-09,0.9994565768174694
2.085249392447646e-09,0.0002853601850611544,2.085249392447646e-09,0.9995636201516692
2.085756702485812e-09,0.0002695781301202562,2.085756702485812e-09,0.999641521750277
2.086342794275467e-09,0.0002591791039091491,2.086342794275467e-09,0.9997077504193955
2.086896284803463e-09,0.0002496481341210493,2.086896284803463e-09,0.9997545209707873
2.087416658064391e-09,0.0002456654164278437,2.087416658064391e-09,0.9997869116777541
2.088063197949816e-09,0.0002391323192949352,2.088063197949816e-09,0.9998169210311604
2.088599480557677e-09,0.0002376553528054895,2.088599480557677e-09,0.9998340451267101
2.089091577950735e-09,0.0002340272159800162,2.089091577950735e-09,0.9998462098189743
2.089598872321937e-09,0.0002339069028547022,2.089598872321937e-09,0.9998549078248102
2.090124400900999e-09,0.0002310993692784166,2.090124400900999e-09,0.9998621534704788
2.090670954218526e-09,0.0002316488932704601,2.090670954218526e-09,0.9998670404382882
2.091199821224421e-09,0.0002294287222748,2.091199821224421e-09,0.9998710651232557
2.091731840435759e-09,0.0002304413493304662,2.091731840435759e-09,0.9998734168275352
2.092413409443707e-09,0.0002284501905176919,2.092413409443707e-09,0.9998761724049605
2.092932298748738e-09,0.0002297288492703586,2.092932298748738e-09,0.9998771001673341
2.093438233490939e-09,0.000228027527279385,2.093438233490939e-09,0.9998783535642172
2.093938814306961e-09,0.0002294231637955451,2.093938814306961e-09,0.9998786889130052
2.094483693533365e-09,0.0002277993290267085,2.094483693533365e-09,0.9998795728299554
2.095004738433051e-09,0.0002292525351390619,2.095004738433051e-09,0.9998796209215118
2.095516115932592e-09,0.0002276752575506558,2.095516115932592e-09,0.9998802375706413
2.096071718982031e-09,0.0002291411282158321,2.096071718982031e-09,0.9998801260930317
2.096571611827371e-09,0.0002275874018255408,2.096571611827371e-09,0.9998806100239285
2.097090884414208e-09,0.000229078294609182,2.097090884414208e-09,0.9998803935485328
2.097569333716714e-09,0.0002275410516112075,2.097569333716714e-09,0.9998808066267869
2.098072027106311e-09,0.0002290710907263862,2.098072027106311e-09,0.9998805454623944
2.098594805344901e-09,0.0002276356738052382,2.098594805344901e-09,0.999880940658448
2.099152243930451e-09,0.0002293409796138448,2.099152243930451e-09,0.9998806790509456
2.09969014554595e-09,0.0002279235243266105,2.09969014554595e-09,0.9998810352074103
2.100215842764764e-09,0.0002291620839540338,2.100215842764764e-09,0.9998806606977984
2.100884371230849e-09,0.00022693407838095,2.100884371230849e-09,0.9998808904482545
2.10141000344955e-09,0.0002274734455014519,2.10141000344955e-09,0.9998804482528396
2.101909755012187e-09,0.0002248283747403528,2.101909755012187e-09,0.9998806646707447
2.102412792431994e-09,0.0002262731600055634,2.102412792431994e-09,0.9998804695039193
2.102948695829417e-09,0.0002284086253723407,2.102948695829417e-09,0.9998815513812176
2.103479702462831e-09,0.0002406966333061105,2.103479702462831e-09,0.99988299903008
2.103997850213805e-09,0.0002528816892916625,2.103997850213805e-09,0.9998849791662986
2.104541103482892e-09,0.0002572362070179414,2.104541103482892e-09,0.9998836709727292
2.105245843683418e-09,0.0002315247736250406,2.105245843683418e-09,0.9998784810550101
2.10575520394349e-09,0.0001751354790483744,2.10575520394349e-09,0.9998685179645895
2.106273097507679e-09,7.205459064380631e-05,2.106273097507679e-09,0.9998548250001553
2.106770773261699e-09,-1.649148693193952e-05,2.106770773261699e-09,0.9998473326379611
2.107333943183102e-09,5.547535522222948e-05,2.107333943183102e-09,0.9998739888238203
2.10784204875629e-09,0.0005255359232893125,2.10784204875629e-09,0.9999619136080541
2.108344994675287e-09,0.001389912334998399,2.108344994675287e-09,1.000102122421076
2.108921955362868e-09,0.002398803995459929,2.108921955362868e-09,1.000202923345065
2.109411940632283e-09,0.002893825717397436,2.109411940632283e-09,1.000179157476042
2.109917112188436e-09,0.001862964495268219,2.109917112188436e-09,0.9998660446921459
2.110404726398193e-09,-0.002170561567838321,2.110404726398193e-09,0.9991290110284254
2.110902723064976e-09,-0.00974493418116088,2.110902723064976e-09,0.9980084616123168
2.111439869359864e-09,-0.01829454513113713,2.111439869359864e-09,0.9971788534856347
2.111975031844301e-09,-0.01432634166516788,2.111975031844301e-09,0.9989250390638776
2.112497387797439e-09,0.01443393066349092,2.112497387797439e-09,1.005024585196104
2.113035704214816e-09,0.07647865032518174,2.113035704214816e-09,1.015345574968695
2.113732222698228e-09,0.2043328616517457,2.113732222698228e-09,1.029748443416413
2.114244934866722e-09,0.3237396347775815,2.114244934866722e-09,1.029909174022921
2.114758144977417e-09,0.4480696753632763,2.114758144977417e-09,1.003064964616468
2.115256843157301e-09,0.5662354054988065,2.115256843157301e-09,0.9399692600547613
2.11581241936899e-09,0.6778817733064595,2.11581241936899e-09,0.8290306421257165
2.116324829464291e-09,0.7565353905371623,2.116324829464291e-09,0.7051801588688066
2.116830519371101e-09,0.8146525610841046,2.116830519371101e-09,0.5733824740265622
2.117400851187987e-09,0.8614295261584298,2.117400851187987e-09,0.4195040032489272
2.117887581453951e-09,0.8904978697989903,2.117887581453951e-09,0.2987130557802048
2.118398898157562e-09,0.9152676192316597,2.118398898157562e-09,0.1999915083472223
2.118880927663757e-09,0.9347345132529108,2.118880927663757e-09,0.1359935283569365
2.119380825721846e-09,0.9512154632281722,2.119380825721846e-09,0.09341295024617294
2.119910551109571e-09,0.9646548687499995,2.119910551109571e-09,0.0651042126136013
2.12045652023162e-09,0.9747105887848027,2.12045652023162e-09,0.04568574001883489
2.120986518909313e-09,0.9817061640029712,2.120986518909313e-09,0.03267589320256379
2.121517475069775e-09,0.9867454519546877,2.121517475069775e-09,0.02336350213217374
2.122198489452152e-09,0.9912518070365224,2.122198489452152e-09,0.01532537743618249
2.122718002314418e-09,0.9936583127451295,2.122718002314418e-09,0.01153991847431982
2.12322342025118e-09,0.9953737316472937,2.12322342025118e-09,0.009068067413591615
2.123724366318002e-09,0.9966018733429304,2.123724366318002e-09,0.007259225947740099
2.124268311293086e-09,0.997531489392671,2.124268311293086e-09,0.005667528226780121
2.124790312476717e-09,0.9981529975730964,2.124790312476717e-09,0.004399124015979112
2.125302413074226e-09,0.9985885195192988,2.125302413074226e-09,0.003396445151590875
2.125856793873752e-09,0.9989349129508445,2.125856793873752e-09,0.002550861001931614
2.126358425877667e-09,0.9991639614448583,2.126358425877667e-09,0.001974082328531444
2.126878308156154e-09,0.9993464016859215,2.126878308156154e-09,0.001526390246970016
2.12735676589739e-09,0.9994703024593137,2.12735676589739e-09,0.001214919083079497
2.127859847040706e-09,0.9995718745497602,2.127859847040706e-09,0.0009606714178222251
2.128382300510993e-09,0.9996479696621793,2.128382300510993e-09,0.0007601282929602003
2.128940346458349e-09,0.9997115431229705,2.128940346458349e-09,0.0006015162578991561
2.129478726718385e-09,0.9997545351008807,2.129478726718385e-09,0.0004940490498477306
2.130004366283374e-09,0.9997889853199601,2.130004366283374e-09,0.0004194393517453512
2.130671990347449e-09,0.9998174714490899,2.130671990347449e-09,0.0003559822403891922
2.131197934027898e-09,0.9998358971394011,2.131197934027898e-09,0.0003216698950502067
2.131697453797296e-09,0.9998459974367314,2.131697453797296e-09,0.0002986013286753687
2.13220067685943e-09,0.9998564238094476,2.13220067685943e-09,0.0002804611909328861
2.132736376784803e-09,0.9998616512375506,2.132736376784803e-09,0.0002670422363601776
2.133267692699486e-09,0.9998682685593556,2.133267692699486e-09,0.0002565769239761609
2.133786152320487e-09,0.9998701828843004,2.133786152320487e-09,0.0002498988920697085
2.134329243501355e-09,0.999874534135531,2.134329243501355e-09,0.0002439038785335624
2.135033334687561e-09,0.9998753324519956,2.135033334687561e-09,0.0002392240164014354
2.135542995183948e-09,0.999878177695111,2.135542995183948e-09,0.0002361007586296452
2.136060585486813e-09,0.9998774535180877,2.136060585486813e-09,0.0002344998739068062
2.13655826663946e-09,0.9998797332470396,2.13655826663946e-09,0.0002325454590131403
2.137121062025263e-09,0.9998786507106617,2.137121062025263e-09,0.0002317455064298731
2.137629398403407e-09,0.9998806377353627,2.137629398403407e-09,0.000230458691658102
2.138132398321347e-09,0.9998792825798367,2.138132398321347e-09,0.0002303001904720714
2.138708916981982e-09,0.9998811268183445,2.138708916981982e-09,0.0002293284975447657
2.139198968877863e-09,0.9998796509018675,2.139198968877863e-09,0.000229461961902789
2.139704516778147e-09,0.999881375755549,2.139704516778147e-09,0.0002287618739546788
2.140191746691652e-09,0.9998798437044732,2.140191746691652e-09,0.0002290377055317634
2.140689761744806e-09,0.9998815224433333,2.140689761744806e-09,0.0002284524619799578
2.141226474839941e-09,0.9998799810758705,2.141226474839941e-09,0.0002287992662963167
2.141762190686209e-09,0.9998816504129452,2.141762190686209e-09,0.0002282743576569577
2.142284897677549e-09,0.9998800707957038,2.142284897677549e-09,0.0002286660214391676
2.14282269279195e-09,0.9998816132616779,2.14282269279195e-09,0.0002281628946946607
2.143518430943274e-09,0.9998799187477421,2.143518430943274e-09,0.0002285649396646204
2.14403150680875e-09,0.9998813924316082,2.14403150680875e-09,0.0002280881230509588
2.144544217062808e-09,0.9998796974836713,2.144544217062808e-09,0.0002285200483233035
2.145042965992429e-09,0.9998814828766874,2.145042965992429e-09,0.0002281058769517857
2.145597920814312e-09,0.9998808204719148,2.145597920814312e-09,0.0002286681382682061
2.146110828689757e-09,0.9998842233559635,2.146110828689757e-09,0.000228410301982493
2.146616823932137e-09,0.9998841705734152,2.146616823932137e-09,0.0002289037558894921
2.147186942339733e-09,0.9998841331098417,2.147186942339733e-09,0.0002280070242930042
2.147672948806629e-09,0.9998788229385898,2.147672948806629e-09,0.0002279218633385463
2.148184834340561e-09,0.9998719723813441,2.148184834340561e-09,0.0002265450787798944
2.14866626186263e-09,0.9998581198994166,2.14866626186263e-09,0.0002259136721799035
2.149166254381082e-09,0.9998489498859339,2.149166254381082e-09,0.0002252189051830392
2.149695393157285e-09,0.9998574414706684,2.149695393157285e-09,0.0002286531990071821
2.150242546252856e-09,0.9999309183596536,2.150242546252856e-09,0.0002385062011582998
2.150773321402598e-09,1.000063144672027,2.150773321402598e-09,0.0002528054747977998
2.151303691249668e-09,1.000184917419792,2.151303691249668e-09,0.0002568260572415443
2.151983487808435e-09,1.000171153733165,2.151983487808435e-09,0.000237110401771888
2.152503760473726e-09,0.9998406122034372,2.152503760473726e-09,0.000183358554331203
2.153008489767247e-09,0.9990416615159567,2.153008489767247e-09,8.919159705984248e-05
2.153509567860435e-09,0.9979027536702755,2.153509567860435e-09,-8.763838124062893e-06
2.154052539911252e-09,0.9971938055896591,2.154052539911252e-09,1.927707953743929e-05
2.154575504192964e-09,0.9992438840204749,2.154575504192964e-09,0.000429148101546251
2.155088130778556e-09,1.005590801114929,2.155088130778556e-09,0.001261833499010755
2.155641069801292e-09,1.016419533322141,2.155641069801292e-09,0.00225627395273402
2.156144385153566e-09,1.027608314426078,2.156144385153566e-09,0.002864117921257791
2.156664972051789e-09,1.032161015511553,2.156664972051789e-09,0.002123428397462852
2.157143706597686e-09,1.015948887164409,2.157143706597686e-09,-0.001331574098020676
2.157645627687384e-09,0.9651538915604203,2.157645627687384e-09,-0.008580115717999763
2.158168638218362e-09,0.8721004034930104,2.158168638218362e-09,-0.01736420533611557
2.158727442305546e-09,0.7425925126295139,2.158727442305546e-09,-0.01570856415504625
2.159266415765021e-09,0.6046471593837304,2.159266415765021e-09,0.01112950373279549
2.159791682763491e-09,0.462799768099651,2.159791682763491e-09,0.06870553637889122
2.160458920953846e-09,0.2955032944246339,2.160458920953846e-09,0.1864264026986643
2.160985251441494e-09,0.1952387128810574,2.160985251441494e-09,0.3069731873244102
2.161484485487862e-09,0.1309857817878244,2.161484485487862e-09,0.4281271593342354
2.161987818673489e-09,0.0900807790124766,2.161987818673489e-09,0.5483768647095691
2.162522938953489e-09,0.06270994972511085,2.162522938953489e-09,0.6600536417246442
2.163054912467123e-09,0.04446588581198582,2.163054912467123e-09,0.745758382326083
2.163573697874856e-09,0.03204181772710724,2.163573697874856e-09,0.8080558869202789
2.164116114430683e-09,0.02274280459492151,2.164116114430683e-09,0.8548153640569859
2.164819569901031e-09,0.01474754664049819,2.164819569901031e-09,0.8972494198810989
2.165329467986182e-09,0.01121521678542474,2.165329467986182e-09,0.9206766257700897
2.165846555822308e-09,0.008786248331238821,2.165846555822308e-09,0.9403536044252452
2.166344371557271e-09,0.007052263636026807,2.166344371557271e-09,0.9555830145479063
2.166906208151579e-09,0.005447281475492045,2.166906208151579e-09,0.9684888076057387
2.167415061662802e-09,0.00425005956737377,2.167415061662802e-09,0.9769176288546987
2.167918399069016e-09,0.003291021509264942,2.167918399069016e-09,0.9830145701636123
2.168494305119276e-09,0.00244609962122845,2.168494305119276e-09,0.9880204435405805
2.168981994306257e-09,0.00190633248809167,2.168981994306257e-09,0.9910873145853679
2.169488341389811e-09,0.001488061343638282,2.169488341389811e-09,0.9934823281319052
2.169974494214379e-09,0.001178597084347106,2.169974494214379e-09,0.9951876965995906
2.170472813558816e-09,0.0009371411498270251,2.170472813558816e-09,0.9964603255318435
2.171008017422677e-09,0.000736034571458537,2.171008017422677e-09,0.997421554087946
2.171545784455846e-09,0.0005912626825547429,2.171545784455846e-09,0.9980901530218114
2.172069808831549e-09,0.0004870419034255832,2.172069808831549e-09,0.998552844143282
2.172606053209807e-09,0.0004154559835684703,2.172606053209807e-09,0.998897609870637
2.173298952264194e-09,0.0003493902886649298,2.173298952264194e-09,0.999213848327275
2.173813136135567e-09,0.0003197591686651924,2.173813136135567e-09,0.9993808646670551
2.174324310197896e-09,0.0002944818985457812,2.174324310197896e-09,0.9995049306038544
2.174823406650071e-09,0.0002797559069489192,2.174823406650071e-09,0.9995960301540298
2.175375793388988e-09,0.0002639575124694353,2.175375793388988e-09,0.9996709269155826
2.175890479705525e-09,0.0002568046027071611,2.175890479705525e-09,0.9997234784946697
2.176397520134476e-09,0.0002479732614179134,2.176397520134476e-09,0.9997626821945739
2.176965084764003e-09,0.0002444944840086457,2.176965084764003e-09,0.9997959631132528
2.177451584620331e-09,0.0002388241156285226,2.177451584620331e-09,0.9998168941252502
2.177965513792244e-09,0.0002380248925318754,2.177965513792244e-09,0.9998338598367882
2.178445576520709e-09,0.0002338564800098787,2.178445576520709e-09,0.9998453446267946
2.178946300608792e-09,0.000234291523400493,2.178946300608792e-09,0.9998546346660734
2.179473487862792e-09,0.0002308904433303065,2.179473487862792e-09,0.9998615107151848
2.180023907243365e-09,0.0002319771446869393,2.180023907243365e-09,0.9998670740106831
2.180556919956092e-09,0.0002291770466149328,2.180556919956092e-09,0.9998706530190712
2.181085730088184e-09,0.0002307465789048596,2.181085730088184e-09,0.9998735676644895
2.181761498999223e-09,0.0002281886928843664,2.181761498999223e-09,0.999875810719922
2.182283530382573e-09,0.0002300222717082177,2.182283530382573e-09,0.9998773063943971
2.18278651235491e-09,0.0002277574084980059,2.18278651235491e-09,0.999878036397749
2.183288192931049e-09,0.0002297105893530081,2.183288192931049e-09,0.9998789205173571
2.183828735233316e-09,0.0002275252042848002,2.183828735233316e-09,0.9998792764418022
2.184354211483525e-09,0.000229536067782637,2.184354211483525e-09,0.9998798688029883
2.184868622087565e-09,0.0002273983659186044,2.184868622087565e-09,0.9998799588089234
2.185418008025758e-09,0.0002294232543858791,2.185418008025758e-09,0.9998803812977892
2.186133234949024e-09,0.0002272988227294433,2.186133234949024e-09,0.999880390848527
2.186638894383115e-09,0.0002293479985353068,2.186638894383115e-09,0.9998806909981711
2.187163156244302e-09,0.0002272588711972609,2.187163156244302e-09,0.9998805728645177
2.187660182766398e-09,0.0002293739614720271,2.187660182766398e-09,0.9998808384347718
2.188230280920055e-09,0.0002274330305005671,2.188230280920055e-09,0.9998807079570787
2.188738989348765e-09,0.0002296859391308373,2.188738989348765e-09,0.9998809625244865
2.189240589497765e-09,0.0002276280482230116,2.189240589497765e-09,0.9998807681122173
2.189828942211041e-09,0.000229173155246253,2.189828942211041e-09,0.9998808812797754
2.190512107520343e-09,0.0002262872092631526,2.190512107520343e-09,0.9998805872138504
2.191001783654537e-09,0.0002272874068041015,2.191001783654537e-09,0.9998806638505509
2.191554480312107e-09,0.0002241972246100812,2.191554480312107e-09,0.9998804042523606
2.192051119888667e-09,0.0002275977161088963,2.192051119888667e-09,0.9998809909934192
2.192672261746948e-09,0.0002343145560520915,2.192672261746948e-09,0.9998823327090887
2.193201813627721e-09,0.0002499011465111753,2.193201813627721e-09,0.9998844135276038
2.193715346026259e-09,0.0002564791746110668,2.193715346026259e-09,0.9998845349333111
2.194344478418797e-09,0.0002475784264386264,2.194344478418797e-09,0.9998812117064331
2.194909796903598e-09,0.0002025995000703224,2.194909796903598e-09,0.9998732355338592
2.195394797763368e-09,0.0001282524663222554,2.195394797763368e-09,0.9998619922087995
2.195914763163497e-09,1.489171483327358e-05,2.195914763163497e-09,0.9998485386565296
2.196424895459015e-09,-2.159196430903775e-05,2.196424895459015e-09,0.9998534403607598
2.197004842239236e-09,0.0002833543993487978,2.197004842239236e-09,0.9999190876345989
2.197557407703925e-09,0.001076012252488271,2.197557407703925e-09,1.000051961682291
2.198078896240453e-09,0.002040361475566874,2.198078896240453e-09,1.000177087138511
2.198729505752351e-09,0.002853326976100266,2.198729505752351e-09,1.00018899314058
2.199262774832566e-09,0.001979804506741799,2.199262774832566e-09,0.9998971379288596
2.199756628529671e-09,-0.001876102051628436,2.199756628529671e-09,0.9991826811195768
2.200262777225159e-09,-0.009471468467093866,2.200262777225159e-09,0.9980472538319175
2.200790670204759e-09,-0.01803676847382089,2.200790670204759e-09,0.9971841327072111
2.201333187198605e-09,-0.01472539057596471,2.201333187198605e-09,0.9988202706755992
2.201859379653575e-09,0.0134425847500809,2.201859379653575e-09,1.004824689109043
2.202393567578484e-09,0.07409819654403854,2.202393567578484e-09,1.014984289952044
2.203081264410391e-09,0.1988712293933005,2.203081264410391e-09,1.029386776380453
2.20359762726548e-09,0.318551228579263,2.20359762726548e-09,1.030352121606106
2.204106305195483e-09,0.441869141153023,2.204106305195483e-09,1.00530506860538
2.204606158548345e-09,0.560645524246149,2.204606158548345e-09,0.9440151947704879
2.20515483654535e-09,0.6722763008051195,2.20515483654535e-09,0.8361903251294671
2.205672611753559e-09,0.7530150248186502,2.205672611753559e-09,0.7117751454082027
2.206181750795809e-09,0.8124088130011438,2.206181750795809e-09,0.5795123377113198
2.206743329116209e-09,0.859250914772441,2.206743329116209e-09,0.4278810772581557
2.207234092922709e-09,0.8890189605407328,2.207234092922709e-09,0.3049369197187195
2.207750770744307e-09,0.9142831935227472,2.207750770744307e-09,0.2035935848520736
2.208229633014189e-09,0.933800667509028,2.208229633014189e-09,0.1387501058912802
2.208731496486737e-09,0.9505247309392464,2.208731496486737e-09,0.09498063747980788
2.209256055500036e-09,0.9640309134998676,2.209256055500036e-09,0.06634962406839399
2.20981078539352e-09,0.9744021069164687,2.20981078539352e-09,0.04626292974891173
2.210346958460374e-09,0.9815571157628781,2.210346958460374e-09,0.03295254940699734
2.210873733853223e-09,0.9866018099841265,2.210873733853223e-09,0.023625771575205
2.211545225163402e-09,0.9911044897526828,2.211545225163402e-09,0.01557483438592904
2.212069374052236e-09,0.9935664035841509,2.212069374052236e-09,0.0116761269583813
2.212570444909607e-09,0.9952960606248179,2.212570444909607e-09,0.009183440733247486
2.213073008530754e-09,0.996547599720858,2.213073008530754e-09,0.007342975977300934
2.213610765467165e-09,0.9974872191543033,2.213610765467165e-09,0.005753526749903382
2.21413969971427e-09,0.9981267558014585,2.21413969971427e-09,0.004454098969497094
2.214656436727131e-09,0.9985749111278487,2.214656436727131e-09,0.003431822771078218
2.215202162961891e-09,0.9989182532741228,2.215202162961891e-09,0.002589232111113051
2.215910984526139e-09,0.9992345893294007,2.215910984526139e-09,0.001801307317270101
2.216418855806117e-09,0.9993938901449013,2.216418855806117e-09,0.001405276686582548
2.216939292642532e-09,0.9995173496195294,2.216939292642532e-09,0.001099029391517548
2.217436708643473e-09,0.9996043286419428,2.217436708643473e-09,0.000874226363501239
2.218003203254465e-09,0.9996794194895122,2.218003203254465e-09,0.0006822740463513107
2.218510429973441e-09,0.9997284781401059,2.218510429973441e-09,0.0005568660167559398
2.219012668335365e-09,0.9997669589026612,2.219012668335365e-09,0.0004680524406607001
2.219593177379377e-09,0.9997989310503801,2.219593177379377e-09,0.0003952297302755738
2.220082535519803e-09,0.9998200425734938,2.220082535519803e-09,0.0003531249397014732
2.220584714716033e-09,0.9998350833524652,2.220584714716033e-09,0.0003208845150605329
2.221075458544903e-09,0.9998472707989124,2.221075458544903e-09,0.0002983256782364621
2.221572827103285e-09,0.9998552263290449,2.221572827103285e-09,0.000280440766104514
2.222113996414229e-09,0.9998628779620845,2.222113996414229e-09,0.0002668854615533669
2.222644175653213e-09,0.9998671217496531,2.222644175653213e-09,0.0002564988944534324
2.223163051373896e-09,0.9998713818015429,2.223163051373896e-09,0.0002498212561613279
2.223706168800666e-09,0.9998733808575694,2.223706168800666e-09,0.0002438649200631423
2.224412256695194e-09,0.9998765223735768,2.224412256695194e-09,0.0002391719246660337
2.224921329455574e-09,0.9998770210989623,2.224921329455574e-09,0.0002360811411291396
2.225439888470304e-09,0.9998786324559743,2.225439888470304e-09,0.0002344672373982446
2.225937570572412e-09,0.9998785756566619,2.225937570572412e-09,0.0002325368634559986
2.226501321180824e-09,0.9998798222274302,2.226501321180824e-09,0.0002317235217728732
2.227009162209242e-09,0.9998794796897016,2.227009162209242e-09,0.0002304578704278111
2.22751194035505e-09,0.9998804472657479,2.22751194035505e-09,0.000230286088339611
2.228089559205086e-09,0.9998799700746231,2.228089559205086e-09,0.0002293314571880433
2.228577569860021e-09,0.9998808105918814,2.228577569860021e-09,0.0002294521194668646
2.229082188532036e-09,0.9998802204739551,2.229082188532036e-09,0.0002287680167295321
2.22957001731531e-09,0.999880999127746,2.22957001731531e-09,0.0002290296135598633
2.230067996659818e-09,0.9998803704095516,2.230067996659818e-09,0.0002284588587090619
2.230605227976298e-09,0.999881133037623,2.230605227976298e-09,0.0002287921437907965
2.231140130208747e-09,0.9998805011585187,2.231140130208747e-09,0.00022828069354628
2.231662300264391e-09,0.9998812190724599,2.231662300264391e-09,0.0002286596384732432
2.232200768445056e-09,0.9998804659638467,2.232200768445056e-09,0.0002281689011732136
2.232898048706846e-09,0.9998810640039626,2.232898048706846e-09,0.0002285589789709876
2.233410383538984e-09,0.9998802476355082,2.233410383538984e-09,0.0002280936977414529
2.233923974479222e-09,0.9998808391543216,2.233923974479222e-09,0.0002285145077844595
2.234422649880467e-09,0.9998803466870578,2.234422649880467e-09,0.0002281119745219855
2.234978634218406e-09,0.9998819742552076,2.234978634218406e-09,0.0002286647767397311
2.235490811581511e-09,0.9998831031114687,2.235490811581511e-09,0.0002284165905586871
2.235996364067536e-09,0.9998853146858495,2.235996364067536e-09,0.0002288985501605819
2.236567589787987e-09,0.9998829648313218,2.236567589787987e-09,0.0002280052257703923
2.237053534178918e-09,0.9998799014134865,2.237053534178918e-09,0.000227911341662145
2.237564246820283e-09,0.9998707452470789,2.237564246820283e-09,0.000226538800450553
2.238046517142017e-09,0.9998590928702545,2.238046517142017e-09,0.0002258974401316399
2.238546336850127e-09,0.9998477664720786,2.238546336850127e-09,0.0002252310395935485
2.23907636183172e-09,0.9998589415185726,2.23907636183172e-09,0.0002287174011908622
2.23962188258126e-09,0.9999306365304795,2.23962188258126e-09,0.0002386164932402606
2.240151599879232e-09,1.000065442672776,2.240151599879232e-09,0.0002529188312583212
2.240682828228585e-09,1.000184196450309,2.240682828228585e-09,0.0002567479483636821
2.241364646842456e-09,1.000170799080216,2.241364646842456e-09,0.0002367867275577052
2.241883798376329e-09,0.9998344067420555,2.241883798376329e-09,0.0001826607794100917
2.242389601140203e-09,0.9990304017357784,2.242389601140203e-09,8.787972199252423e-05
2.242890354903796e-09,0.9978890416921269,2.242890354903796e-09,-9.55194873343846e-06
2.243434770599687e-09,0.9971990074768089,2.243434770599687e-09,2.169472141291904e-05
2.243956341571256e-09,0.9992861905324453,2.243956341571256e-09,0.0004360301504894403
2.244468014956247e-09,1.005671810655167,2.244468014956247e-09,0.001271128007264317
2.245023072049133e-09,1.016569962625595,2.245023072049133e-09,0.002267558154940063
2.245523520100546e-09,1.027696261205218,2.245523520100546e-09,0.002866728832577239
2.246043023800333e-09,1.032092897816762,2.246043023800333e-09,0.002110282948187719
2.246521439689211e-09,1.015754501383619,2.246521439689211e-09,-0.001359887496581388
2.247024429853042e-09,0.9646167223303439,2.247024429853042e-09,-0.008640693305209042
2.247546914375361e-09,0.8714322401795502,2.247546914375361e-09,-0.01740309729399987
2.248104881192743e-09,0.7420206927542079,2.248104881192743e-09,-0.01565630796010632
2.248643153129572e-09,0.6042235099492114,2.248643153129572e-09,0.01125636403603896
2.249168778867676e-09,0.4622740937732126,2.249168778867676e-09,0.0689827965113651
2.249837014602286e-09,0.2948646334905956,2.249837014602286e-09,0.1870522929274915
2.250362666736242e-09,0.1948910370173708,2.250362666736242e-09,0.3075199535657756
2.250862416257492e-09,0.1307068832022734,2.250862416257492e-09,0.4287927522041317
2.251365509522149e-09,0.08992181508718328,2.251365509522149e-09,0.5489583064669166
2.251901346071123e-09,0.06257870201344999,2.251901346071123e-09,0.6606517557574342
2.252432532894243e-09,0.04439550282710097,2.252432532894243e-09,0.746098551981351
2.252950780293288e-09,0.03200549353710721,2.252950780293288e-09,0.8082500592117351
2.25349400518226e-09,0.02270220345164583,2.25349400518226e-09,0.855011708095093
2.254198777691604e-09,0.01471459801767143,2.254198777691604e-09,0.8974575086789373
2.254708170718423e-09,0.0111933295417101,2.254708170718423e-09,0.920827218695998
2.255226068706825e-09,0.008770231484269144,2.255226068706825e-09,0.9405028536669151
2.255723773310904e-09,0.007037039446891652,2.255723773310904e-09,0.9556973390200105
2.256286894441341e-09,0.0054344808059453,2.256286894441341e-09,0.9685956987005769
2.256795077306685e-09,0.00423796562927393,2.256795077306685e-09,0.9769861531132136
2.257298043559249e-09,0.0032850662440427,2.257298043559249e-09,0.9830607985536743
2.257875100167788e-09,0.002437262777420981,2.257875100167788e-09,0.9880612860851764
2.258365062932638e-09,0.001900403524570855,2.258365062932638e-09,0.9911306430059968
2.258870207912919e-09,0.001481528075907591,2.258870207912919e-09,0.9935095992810961
2.259357859545516e-09,0.001175695495903586,2.259357859545516e-09,0.9952123806239129
2.259855704571463e-09,0.0009321379967030785,2.259855704571463e-09,0.9964769630006239
2.260392819477255e-09,0.0007346246884477219,2.260392819477255e-09,0.9974359555864278
2.26092801544906e-09,0.000587951314926189,2.26092801544906e-09,0.9980974513442019
2.261450223238436e-09,0.0004878669068846935,2.261450223238436e-09,0.9985568073929757
2.261988464522793e-09,0.0004129449298115936,2.261988464522793e-09,0.9989015577158158
2.262685654448715e-09,0.000350221186710734,2.262685654448715e-09,0.9992182342488454
2.263198294485756e-09,0.0003175462527800575,2.263198294485756e-09,0.9993836562723731
2.263711560597546e-09,0.0002956825997011807,2.263711560597546e-09,0.9995075266927663
2.264210164189592e-09,0.0002777383074635565,2.264210164189592e-09,0.9995978405057261
2.264765813397671e-09,0.0002653189415607336,2.264765813397671e-09,0.9996727138493849
2.265278272579732e-09,0.0002549328134455963,2.265278272579732e-09,0.9997245675039265
2.265783846011987e-09,0.0002495179545254527,2.265783846011987e-09,0.9997634870226508
2.266354296272312e-09,0.000242702000371525,2.266354296272312e-09,0.9997966239099733
2.266843133324554e-09,0.0002403901632567699,2.266843133324554e-09,0.9998175602781912
2.267354074819417e-09,0.0002362865239357942,2.267354074819417e-09,0.9998341940765147
2.267836617421355e-09,0.0002354667947948741,2.267836617421355e-09,0.9998457254623264
2.268336369234169e-09,0.0002325782937120052,2.268336369234169e-09,0.9998548243269523
2.26886661667655e-09,0.000232521350311582,2.26886661667655e-09,0.9998617630602219
2.269411829553778e-09,0.0002302886285917058,2.269411829553778e-09,0.9998671340644651
2.269941202964307e-09,0.0002308344237732425,2.269941202964307e-09,0.9998707548547013
2.270472682837558e-09,0.0002290697132690273,2.270472682837558e-09,0.9998735724212716
2.271155170368912e-09,0.0002298444004536375,2.271155170368912e-09,0.9998759127898711
2.271674101275719e-09,0.0002283501413321226,2.271674101275719e-09,0.9998772914346601
2.272180155347554e-09,0.0002294164569251568,2.272180155347554e-09,0.9998781148489225
2.272680847605984e-09,0.000228042873221011,2.272680847605984e-09,0.9998788922036941
2.273225529990048e-09,0.0002291849289616844,2.273225529990048e-09,0.9998793454558439
2.273746796342159e-09,0.0002278716340905773,2.273746796342159e-09,0.999879829707384
2.274258230848591e-09,0.0002290584581796717,2.274258230848591e-09,0.9998800169035662
2.27481378235463e-09,0.0002277606651358999,2.27481378235463e-09,0.9998803369788851
2.275313602672034e-09,0.0002289688490390693,2.275313602672034e-09,0.9998803934481142
2.275832804738633e-09,0.0002276984252146303,2.275832804738633e-09,0.9998806044285252
2.276311276097617e-09,0.0002289207473837335,2.276311276097617e-09,0.9998805929618481
2.27681407115096e-09,0.0002276929545439376,2.27681407115096e-09,0.9998807557959094
2.27733684090686e-09,0.0002290142564713717,2.27733684090686e-09,0.9998807293695411
2.277894430227353e-09,0.0002279631218862702,2.277894430227353e-09,0.99988088819054
2.278432465676756e-09,0.0002293011149404549,2.278432465676756e-09,0.9998808258693409
2.278958098732933e-09,0.0002277842462959651,2.278958098732933e-09,0.9998808684092116
2.279626736500156e-09,0.0002283112442852818,2.279626736500156e-09,0.9998806828685698
2.280152227766754e-09,0.0002260963050565244,2.280152227766754e-09,0.9998806545692466
2.280652027907239e-09,0.0002262028496038273,2.280652027907239e-09,0.9998804585482893
2.281155125298616e-09,0.000224898248559613,2.281155125298616e-09,0.9998806746527504
2.281690910306795e-09,0.0002297876158342171,2.281690910306795e-09,0.9998813479752248
2.282222057685796e-09,0.0002393340496776946,2.282222057685796e-09,0.9998832041662621
2.282740227284897e-09,0.000254276969925764,2.282740227284897e-09,0.9998847793647391
2.283283517417228e-09,0.0002558269424769431,2.283283517417228e-09,0.9998838641715108
2.283988689524269e-09,0.0002328680825131773,2.283988689524269e-09,0.9998782761929872
2.28449791682756e-09,0.0001736480908984097,2.28449791682756e-09,0.9998686997409845
2.28501598068791e-09,7.323218863058314e-05,2.28501598068791e-09,0.999854601474689
2.28551367400735e-09,-1.80927752725335e-05,2.28551367400735e-09,0.9998475098521868
2.286076974030411e-09,5.739982498961323e-05,2.286076974030411e-09,0.9998739200461505
2.286585105814117e-09,0.0005256128135793251,2.286585105814117e-09,0.9999623559412214
2.287088019842202e-09,0.001393292378423234,2.287088019842202e-09,1.000102196981111
2.287665166855147e-09,0.002399204280852523,2.287665166855147e-09,1.000203227514873
2.288153178702791e-09,0.002895424870883402,2.288153178702791e-09,1.000179156754939
2.28865828928637e-09,0.001865432348358336,2.28865828928637e-09,0.9998670136296661
2.289145657493545e-09,-0.002156633430550594,2.289145657493545e-09,0.9991308605833019
2.289643732761224e-09,-0.009730139108771215,2.289643732761224e-09,0.9980107037187923
2.290180578793563e-09,-0.0182813065002886,2.290180578793563e-09,0.9971786540752994
2.290716186204601e-09,-0.01434834410230763,2.290716186204601e-09,0.9989199294608527
2.291238854629998e-09,0.0143942146331609,2.291238854629998e-09,1.005016009405988
2.291776867192554e-09,0.07635858648618546,2.291776867192554e-09,1.015327804712734
2.292473362343104e-09,0.204152349229834,2.292473362343104e-09,1.029735539881204
2.292986162139514e-09,0.3235583703572041,2.292986162139514e-09,1.029925551529405
2.293499287958747e-09,0.4478733999797305,2.293499287958747e-09,1.003137776994883
2.29399799895899e-09,0.5660514512422237,2.29399799895899e-09,0.9401034547113332
2.294553362908421e-09,0.6777028620906685,2.294553362908421e-09,0.8292636837112342
2.295066053917237e-09,0.7564356980855618,2.295066053917237e-09,0.7053675874034069
2.295571851518758e-09,0.8145915123519023,2.295571851518758e-09,0.5735535603590478
2.296142021024002e-09,0.8613743656865435,2.296142021024002e-09,0.4197154658233816
2.296628715739911e-09,0.8904542038770213,2.296628715739911e-09,0.2989002477013312
2.297140185224993e-09,0.9152366549585637,2.297140185224993e-09,0.2001009169687085
2.297622129121364e-09,0.9347072274080973,2.297622129121364e-09,0.1360757788687389
2.298122058629989e-09,0.9511930982477814,2.298122058629989e-09,0.0934619166517653
2.298651635924197e-09,0.9646365144902053,2.298651635924197e-09,0.06514223413639082
2.299197906033658e-09,0.9747008031021337,2.299197906033658e-09,0.0457027106838305
2.299728084022137e-09,0.9817025346127805,2.299728084022137e-09,0.03268386316154851
2.300258920921258e-09,0.9867405246274772,2.300258920921258e-09,0.02337132994363233
2.300939887615538e-09,0.9912495343405112,2.300939887615538e-09,0.01533025519075954
2.301459534472655e-09,0.9936558209864306,2.301459534472655e-09,0.01154261501680912
2.301964855917598e-09,0.9953729825923044,2.301964855917598e-09,0.009070091659712939
2.302465782873959e-09,0.9965999730210773,2.302465782873959e-09,0.007261193829191793
2.303009668597206e-09,0.9975314021703715,2.303009668597206e-09,0.005668976730874652
2.303531861532385e-09,0.9981518162365398,2.303531861532385e-09,0.004400233342988738
2.304044015361009e-09,0.9985890232734335,2.304044015361009e-09,0.003396888585352387
2.304598258975783e-09,0.998933884841915,2.304598258975783e-09,0.002551717023675334
2.305100120141642e-09,0.9991646167632358,2.305100120141642e-09,0.001974156595234112
2.305620099858827e-09,0.9993455886621186,2.305620099858827e-09,0.001526709997550984
2.306098525001434e-09,0.9994710159980996,2.306098525001434e-09,0.001214841308581786
2.306601647346592e-09,0.9995710883935085,2.306601647346592e-09,0.0009609375174468626
2.307124000623697e-09,0.9996486934152343,2.307124000623697e-09,0.0007600216457345219
2.307682035074468e-09,0.9997107608257673,2.307682035074468e-09,0.0006017756477906859
2.30822055687747e-09,0.9997552806091226,2.30822055687747e-09,0.0004938767870587548
2.30874604171696e-09,0.999788216404751,2.30874604171696e-09,0.0004196673746195851
2.309414016148069e-09,0.9998182267361889,2.309414016148069e-09,0.0003557823562359843
2.30993986896535e-09,0.999835145238202,2.30993986896535e-09,0.0003218639970552194
2.310439500520706e-09,0.9998467494800495,2.310439500520706e-09,0.0002984042841705783
2.310942725605397e-09,0.9998556766526295,2.310942725605397e-09,0.0002806511351867747
2.311478406996328e-09,0.9998623998243151,2.311478406996328e-09,0.0002668481327202594
2.312009772450735e-09,0.9998675232181763,2.312009772450735e-09,0.000256766977843438
2.312528285889104e-09,0.999870929181955,2.312528285889104e-09,0.0002497049619071313
2.313071315894741e-09,0.999873790841428,2.313071315894741e-09,0.0002440944389681893
2.313775875193189e-09,0.9998760773369036,2.313775875193189e-09,0.0002390292054887301
2.314285404410023e-09,0.9998774368495027,2.314285404410023e-09,0.0002362894378521422
2.314803211804774e-09,0.9998781952585014,2.314803211804774e-09,0.0002343069892424999
2.315300992538823e-09,0.999878994958921,2.315300992538823e-09,0.0002327336583617686
2.315863719419011e-09,0.999879389665104,2.315863719419011e-09,0.0002315543858265768
2.316372034989806e-09,0.9998799011959806,2.316372034989806e-09,0.0002306471864872956
2.316875118835951e-09,0.9998800187380938,2.316875118835951e-09,0.0002301102299449244
2.317451791623768e-09,0.9998803926854009,2.317451791623768e-09,0.0002295167281509289
2.317939524620242e-09,0.9998803840968786,2.317939524620242e-09,0.0002292743669640198
2.31844500857163e-09,0.9998806433776198,2.31844500857163e-09,0.0002289505434595269
2.318931965359955e-09,0.9998805743882637,2.318931965359955e-09,0.0002288505500511894
2.31943013671239e-09,0.999880792813728,2.31943013671239e-09,0.0002286402930450497
2.319966277890199e-09,0.9998807093919702,2.319966277890199e-09,0.0002286126873093313
2.320502639716059e-09,0.9998809230001672,2.320502639716059e-09,0.000228461225933176
2.321025821838857e-09,0.9998807969967708,2.321025821838857e-09,0.0002284798310368568
2.321563056403471e-09,0.9998808885991524,2.321563056403471e-09,0.0002283491594034216
2.322257885660881e-09,0.9998806435256781,2.322257885660881e-09,0.000228379375611856
2.322771228729248e-09,0.9998806699441284,2.322771228729248e-09,0.0002282735374122941
2.323283479677809e-09,0.9998804194111147,2.323283479677809e-09,0.0002283350209855324
2.323782438309886e-09,0.9998807607034359,2.323782438309886e-09,0.0002282903779650254
2.324336443705512e-09,0.9998815308325415,2.324336443705512e-09,0.0002284827799731447
2.324849967835294e-09,0.9998834956315493,2.324849967835294e-09,0.0002285935943261658
2.325356389551281e-09,0.9998848871081002,2.325356389551281e-09,0.0002287209644366451
2.325925501336803e-09,0.9998834310171433,2.325925501336803e-09,0.0002281930824458444
2.326411927910056e-09,0.9998795651238463,2.326411927910056e-09,0.0002277424216480971
2.326924464417398e-09,0.9998713109936433,2.326924464417398e-09,0.0002267336488391738
2.327405601986925e-09,0.9998589113923634,2.327405601986925e-09,0.0002257378431365946
2.327905941184888e-09,0.999848259341605,2.327905941184888e-09,0.0002253963034004891
2.328434387401699e-09,0.9998579775670304,2.328434387401699e-09,0.0002284403057638428
2.328982444686044e-09,0.9999298148103281,2.328982444686044e-09,0.0002386366952749036
2.329513914650548e-09,1.000063500295966,2.329513914650548e-09,0.0002525950247220989
2.330043777331525e-09,1.000183809438595,2.330043777331525e-09,0.0002569998167301623
2.330722455079533e-09,1.00017276254547,2.330722455079533e-09,0.0002371241574676459
2.331243118737376e-09,0.9998424460122712,2.331243118737376e-09,0.0001838762081619807
2.331747409119887e-09,0.9990483788835113,2.331747409119887e-09,8.964595306116735e-05
2.33224868494726e-09,0.9979081597168502,2.33224868494726e-09,-8.182099465342732e-06
2.332790964059858e-09,0.9971927700851319,2.332790964059858e-09,1.795629555367387e-05
2.333314673367541e-09,0.9992228956221721,2.333314673367541e-09,0.0004260874302428211
2.333827819237331e-09,1.005555192866561,2.333827819237331e-09,0.001257338770926751
2.334379757416604e-09,1.016348962506491,2.334379757416604e-09,0.00225133526647095
2.335099253061024e-09,1.030551363773429,2.335099253061024e-09,0.002794669514807515
2.33560350692766e-09,1.028384787719541,2.33560350692766e-09,0.001145981533213423
2.336130529847714e-09,0.9962230366997126,2.336130529847714e-09,-0.004364033532734402
2.336627561181893e-09,0.9276389273665845,2.336627561181893e-09,-0.01270777444202242
2.337200502106026e-09,0.8084235415663766,2.337200502106026e-09,-0.0190939355002115
2.337710610888919e-09,0.6832449994085257,2.337710610888919e-09,-0.007568136538324888
2.338212235057211e-09,0.5510981695510511,2.338212235057211e-09,0.02909603361035492
2.338806168534609e-09,0.3916541378564273,2.338806168534609e-09,0.1100251555591333
2.339475807163233e-09,0.239824277935879,2.339475807163233e-09,0.2463197318926232
2.339964141073199e-09,0.1620798674317459,2.339964141073199e-09,0.3633365578938754
2.340519982848635e-09,0.1050383775066238,2.340519982848635e-09,0.4976377529460333
2.341017133052376e-09,0.07414327066619736,2.341017133052376e-09,0.6102883392663428
2.341635343270113e-09,0.04935999091501041,2.341635343270113e-09,0.7215277954756673
2.342167174327233e-09,0.03523429513986021,2.342167174327233e-09,0.7916318785006489
2.342681575816427e-09,0.02547757352639256,2.342681575816427e-09,0.8409386075767645
2.343312206738333e-09,0.01715475352249935,2.343312206738333e-09,0.8834664359970561
2.343873525680797e-09,0.01245550074211543,2.343873525680797e-09,0.9117398642568069
2.344358996587186e-09,0.009802793347146815,2.344358996587186e-09,0.9318901957985725
2.344876845831725e-09,0.007761870365923716,2.344876845831725e-09,0.9494573978107742
2.345388620435121e-09,0.006173268745433402,2.345388620435121e-09,0.9629403139393778
2.345964243976466e-09,0.00469170335155393,2.345964243976466e-09,0.9739666674705539
2.346513635121641e-09,0.003559311381137888,2.346513635121641e-09,0.9813969529600179
2.34703582974831e-09,0.002719795467844678,2.34703582974831e-09,0.9864470887145985
2.347689719384943e-09,0.001942279880400724,2.347689719384943e-09,0.9908983176010303
2.34822159920659e-09,0.00149411049086939,2.34822159920659e-09,0.9934456064612739
2.348716439720104e-09,0.001179836715540658,2.348716439720104e-09,0.9951883196169743
2.349221986299342e-09,0.0009335781047564446,2.349221986299342e-09,0.9964767135087897
2.349751056277358e-09,0.000736779505948397,2.349751056277358e-09,0.9974251711916415
2.350291558865575e-09,0.0005896933446989343,2.350291558865575e-09,0.9980952413535005
2.350816226526397e-09,0.000487145281463327,2.350816226526397e-09,0.9985578289794587
2.35135166330078e-09,0.0004141803641828318,2.35135166330078e-09,0.9988999826089988
2.352041728942547e-09,0.0003500885106251699,2.352041728942547e-09,0.9992149600484286
2.352556884417008e-09,0.0003187969346817734,2.352556884417008e-09,0.9993811288530232
2.353066777201469e-09,0.000295234881935215,2.353066777201469e-09,0.9995055635000161
2.353566234347899e-09,0.0002788877572847352,2.353566234347899e-09,0.9995957580073319
2.354116693635472e-09,0.0002647709439696065,2.354116693635472e-09,0.9996712108702288
2.354632833820843e-09,0.000255972284777271,2.354632833820843e-09,0.9997230211182434
2.355140888981991e-09,0.0002487574871539175,2.355140888981991e-09,0.9997631416371986
2.355705315009435e-09,0.0002436951636381372,2.355705315009435e-09,0.9997953686692285
2.356192843134032e-09,0.0002396361980500434,2.356192843134032e-09,0.9998172360347908
2.356708249169221e-09,0.0002372140660501315,2.356708249169221e-09,0.9998333916912373
2.357187407175801e-09,0.0002346659840619722,2.357187407175801e-09,0.9998457307303231
2.357688802713424e-09,0.0002334860271826839,2.357688802713424e-09,0.9998541718828611
2.358214304843409e-09,0.0002317006221131028,2.358214304843409e-09,0.9998619022989297
2.358767480002318e-09,0.0002311718970274458,2.358767480002318e-09,0.999866630101805
2.359302489514512e-09,0.0002299785569319522,2.359302489514512e-09,0.9998710911676468
2.359829962830681e-09,0.0002299429685294053,2.359829962830681e-09,0.9998731296814515
2.360502833679946e-09,0.0002289929596641327,2.360502833679946e-09,0.9998762328804424
2.361026182505482e-09,0.0002292212266464176,2.361026182505482e-09,0.9998768661342086
2.361527908857425e-09,0.0002285593288870991,2.361527908857425e-09,0.9998784632724628
2.362030094474436e-09,0.0002289110387445127,2.362030094474436e-09,0.9998784818152695
2.36256873202158e-09,0.0002283253554209312,2.36256873202158e-09,0.9998797046779129
2.363096384776298e-09,0.0002287377782078065,2.363096384776298e-09,0.9998794323933969
2.363612238747686e-09,0.000228196399629647,2.363612238747686e-09,0.9998803909256732
2.364159042213383e-09,0.0002286267136018368,2.364159042213383e-09,0.9998799458080758
2.364869938509651e-09,0.0002280959732087876,2.364869938509651e-09,0.9998808218328543
2.365377054002617e-09,0.0002285527539257509,2.365377054002617e-09,0.9998802560822514
2.365898618408442e-09,0.0002280536995925907,2.365898618408442e-09,0.9998810044222965
2.366395820655781e-09,0.0002285782684045278,2.366395820655781e-09,0.9998804037879504
2.366963320416726e-09,0.0002282204561113079,2.366963320416726e-09,0.9998811390239467
2.367470916629701e-09,0.0002288886645498763,2.367470916629701e-09,0.9998805283901816
2.367972830952906e-09,0.0002284293358600467,2.367972830952906e-09,0.9998812027768302
2.368555762153891e-09,0.0002284023038550241,2.368555762153891e-09,0.999880451160391
2.36925282943905e-09,0.0002270969198042032,2.36925282943905e-09,0.9998810225884571
2.369743889266551e-09,0.0002265162004556864,2.369743889266551e-09,0.9998802330402072
2.370294266479691e-09,0.0002249918202688989,2.370294266479691e-09,0.9998808350145926
2.370790560377973e-09,0.0002267410372605101,2.370790560377973e-09,0.9998805437036175
2.371408471380798e-09,0.0002348075187497742,2.371408471380798e-09,0.9998827184786014
2.371935846308305e-09,0.000248738039887235,2.371935846308305e-09,0.999883941041212
2.372447470490815e-09,0.000257214912239387,2.372447470490815e-09,0.9998850060033051
2.37307672067426e-09,0.0002474303334916417,2.37307672067426e-09,0.9998809218703129
2.373646894184297e-09,0.0002050697109294071,2.373646894184297e-09,0.9998739534648818
2.374131756364485e-09,0.0001302325140845034,2.374131756364485e-09,0.9998619438095041
2.374654392385268e-09,1.744907276105517e-05,2.374654392385268e-09,0.9998490802710847
2.375162841068453e-09,-2.375798580928948e-05,2.375162841068453e-09,0.9998524655499007
2.375747498528383e-09,0.0002770210811922203,2.375747498528383e-09,0.9999181589914926
2.376302246126163e-09,0.001065128098849375,2.376302246126163e-09,1.000049782215606
2.376822986582643e-09,0.00203059090103091,2.376822986582643e-09,1.000176635254615
2.377470314721369e-09,0.002849332944334221,2.377470314721369e-09,1.000190170911309
2.378005531077734e-09,0.002010163278953713,2.378005531077734e-09,0.9999040729807861
2.378498207372958e-09,-0.001779983315473881,2.378498207372958e-09,0.9991985370991553
2.379005087711158e-09,-0.009340694592356289,2.379005087711158e-09,0.9980648097810928
2.37953145707733e-09,-0.01793883689595712,2.37953145707733e-09,0.9971861125364783
2.380076555107112e-09,-0.01488365501770573,2.380076555107112e-09,0.9987792829760676
2.380604513637001e-09,0.01306148653482589,2.380604513637001e-09,1.004747998648879
2.381137305584542e-09,0.07323137094508173,2.381137305584542e-09,1.014853372726983
2.381820821569309e-09,0.1966793623005056,2.381820821569309e-09,1.029234645627697
2.382338894434755e-09,0.3165198131379209,2.382338894434755e-09,1.03051303351118
2.382845754293783e-09,0.4394244883971137,2.382845754293783e-09,1.006158918820896
2.383346132356654e-09,0.5584524450172239,2.383346132356654e-09,0.9455724123971069
2.383892331269634e-09,0.6700993674937874,2.383892331269634e-09,0.8389176204455427
2.384412251529371e-09,0.7516638317111843,2.384412251529371e-09,0.7142801299099077
2.384922904740419e-09,0.8115656611163128,2.384922904740419e-09,0.5817882610292039
2.385480573401898e-09,0.858385504009942,2.385480573401898e-09,0.4311787858116141
2.385978062874781e-09,0.8887166660237269,2.385978062874781e-09,0.3062481308298344
2.386496400233861e-09,0.914108472765242,2.386496400233861e-09,0.2042654367006357
2.386975188020618e-09,0.9336495233089525,2.386975188020618e-09,0.1392077495047189
2.387477620675569e-09,0.9504217746939916,2.387477620675569e-09,0.09522354585491379
2.388001357202793e-09,0.9639351568868936,2.388001357202793e-09,0.06649871510417099
2.388557264046221e-09,0.9743571878483247,2.388557264046221e-09,0.04633765123331968
2.389094062813561e-09,0.9815315986998235,2.389094062813561e-09,0.03299573245646796
2.389620560960371e-09,0.9865828769910097,2.389620560960371e-09,0.02366348414865148
2.390290404807999e-09,0.9910810975078407,2.390290404807999e-09,0.01561405106815138
2.390815450717592e-09,0.9935542398752683,2.390815450717592e-09,0.01169693683051417
2.391315815077518e-09,0.99528359977472,2.391315815077518e-09,0.009201018813553214
2.391818701761606e-09,0.9965407873967915,2.391818701761606e-09,0.007355938101696936
2.392355442520007e-09,0.9974796170927497,2.392355442520007e-09,0.005766722983648438
2.392885447292392e-09,0.9981239171836891,2.392885447292392e-09,0.004462957007000876
2.393402998532739e-09,0.9985720055739989,2.393402998532739e-09,0.003437027507974273
2.393947408911876e-09,0.9989168374941942,2.393947408911876e-09,0.00259536103619847
2.394653982320559e-09,0.9992313930610158,2.394653982320559e-09,0.001807141652500825
2.395162642224336e-09,0.9993931470779078,2.395162642224336e-09,0.001409514031349557
2.395681743014932e-09,0.9995150746484129,2.395681743014932e-09,0.00110255619194971
2.396179269131835e-09,0.9996040769667641,2.396179269131835e-09,0.0008772831204000503
2.396744297282643e-09,0.9996776342323666,2.396744297282643e-09,0.0006845439939274886
2.397251437904373e-09,0.9997285605996661,2.397251437904373e-09,0.000558918224109631
2.397753922500087e-09,0.9997655826727379,2.397753922500087e-09,0.0004691146924375321
2.398332321635705e-09,0.9997992490934744,2.398332321635705e-09,0.0003965440799183653
2.398820733438193e-09,0.9998188019915195,2.398820733438193e-09,0.0003537722786413416
2.399324633746139e-09,0.9998356394890341,2.399324633746139e-09,0.0003216424210301906
2.399813300163343e-09,0.9998462095748019,2.399813300163343e-09,0.000298595512990189
2.400311026697769e-09,0.9998558720129233,2.400311026697769e-09,0.0002810132216588679
2.40084957921756e-09,0.9998619039695003,2.40084957921756e-09,0.0002669821856579163
2.401382972981731e-09,0.9998678519627608,2.401382972981731e-09,0.0002568939824364843
2.401904125054499e-09,0.9998705141595925,2.401904125054499e-09,0.0002497061476384678
2.402444000713658e-09,0.9998741464889795,2.402444000713658e-09,0.0002441881774462136
2.403143903230428e-09,0.9998756562756633,2.403143903230428e-09,0.0002390638182036546
2.403655314593612e-09,0.9998778031030788,2.403655314593612e-09,0.0002363718258134148
2.40417034793446e-09,0.9998777892869117,2.40417034793446e-09,0.0002343171554435867
2.404668693805536e-09,0.9998793672098253,2.404668693805536e-09,0.0002328036426704474
2.405226905823282e-09,0.9998789901182071,2.405226905823282e-09,0.0002315528440781105
2.405737657104657e-09,0.9998802776085127,2.405737657104657e-09,0.0002307053280289159
2.406242291070393e-09,0.9998796280809149,2.406242291070393e-09,0.0002300901355929782
2.406814824819963e-09,0.9998807716040448,2.406814824819963e-09,0.0002295670358938567
2.40730189942513e-09,0.9998799956342146,2.40730189942513e-09,0.0002292503752460837
2.407810939682473e-09,0.9998810243089763,2.407810939682473e-09,0.0002289932560300025
2.408294785644007e-09,0.999880188686305,2.408294785644007e-09,0.0002288215380955096
2.408794010345473e-09,0.9998811732920073,2.408794010345473e-09,0.000228680323738686
2.409325888896505e-09,0.9998803245391026,2.409325888896505e-09,0.0002285813882954876
2.409868200666631e-09,0.9998813032646501,2.409868200666631e-09,0.0002284988366136065
2.410395633438798e-09,0.999880415451364,2.410395633438798e-09,0.0002284460113451268
2.410928617985427e-09,0.9998812730731101,2.410928617985427e-09,0.0002283862871440381
2.411614173059713e-09,0.9998802661546347,2.411614173059713e-09,0.0002283455389687839
2.412131465729704e-09,0.9998810553840074,2.412131465729704e-09,0.0002283098892553178
2.412639087010912e-09,0.9998800421162735,2.412639087010912e-09,0.0002283003033119075
2.413139334882345e-09,0.9998811196875268,2.413139334882345e-09,0.000228322455831464
2.413686356082641e-09,0.9998810703249211,2.413686356082641e-09,0.0002284383921145597
2.414205331701603e-09,0.9998837796950977,2.414205331701603e-09,0.0002286209933362866
2.414715422647672e-09,0.9998844584392251,2.414715422647672e-09,0.0002286876097391235
2.415274488184559e-09,0.9998839999440224,2.415274488184559e-09,0.0002282651295601936
2.415770131819644e-09,0.9998794164626219,2.415770131819644e-09,0.0002277345798904335
2.416287667518072e-09,0.999872112724531,2.416287667518072e-09,0.0002268151295741561
2.416766632481868e-09,0.9998591894250848,2.416766632481868e-09,0.0002257561778439605
2.417268816304793e-09,0.9998488430337998,2.417268816304793e-09,0.0002253959869572409
2.417792997799498e-09,0.9998562116518226,2.417792997799498e-09,0.0002281500005870623
2.418348347168535e-09,0.9999269969845416,2.418348347168535e-09,0.0002382603070533341
2.41888495139034e-09,1.000059354808894,2.41888495139034e-09,0.0002521983782849496
2.41941154205007e-09,1.000182043095242,2.41941154205007e-09,0.0002571904423901167
2.420082120175592e-09,1.000178030553046,2.420082120175592e-09,0.0002383555600236588
2.420606658864256e-09,0.9998613540196881,2.420606658864256e-09,0.0001864541538366062
2.421107394607539e-09,0.9990928372059625,2.421107394607539e-09,9.439495077006449e-05
2.421610057423269e-09,0.9979546129428559,2.421610057423269e-09,-5.155614273116172e-06
2.422147316797204e-09,0.9971831620813971,2.422147316797204e-09,9.965908801960007e-06
2.422676688212132e-09,0.9990769089435674,2.422676688212132e-09,0.0004025050144162008
2.423193704209043e-09,1.005287545774247,2.423193704209043e-09,0.001225651565824308
2.423738775527913e-09,1.015844528831785,2.423738775527913e-09,0.002213313192373713
2.424446710151129e-09,1.030179761946346,2.424446710151129e-09,0.002824786742549126
2.424954941006102e-09,1.029210590229734,2.424954941006102e-09,0.001328789684307072
2.425474708167717e-09,0.9997839830683657,2.425474708167717e-09,-0.003851658438947036
2.42597204014755e-09,0.9341634427919676,2.42597204014755e-09,-0.01203269972483193
2.426538117732701e-09,0.8187130264011218,2.426538117732701e-09,-0.01914331209795766
2.427045185072181e-09,0.6951873712470401,2.427045185072181e-09,-0.009720271635586647
2.427547362686892e-09,0.5636701491171286,2.427547362686892e-09,0.0244886380744354
2.428127021529427e-09,0.4075193806843876,2.428127021529427e-09,0.1000375173896182
2.42861819887123e-09,0.2876958153341876,2.42861819887123e-09,0.1937219664440919
2.429121075236799e-09,0.1934565059829913,2.429121075236799e-09,0.3097521583622452
2.429611227140363e-09,0.130798501700112,2.429611227140363e-09,0.4287133984595166
2.430108595243695e-09,0.09036783113232096,2.430108595243695e-09,0.5475533651693975
2.430649084034773e-09,0.06266816887952169,2.430649084034773e-09,0.6603579633638366
2.431180117335984e-09,0.04446271126146178,2.431180117335984e-09,0.7458479160151981
2.43169944416335e-09,0.03202997250143936,2.43169944416335e-09,0.8081720749560598
2.432241717689715e-09,0.02273425880705465,2.432241717689715e-09,0.8548841760984895
2.432945828643641e-09,0.0147385018876934,2.432945828643641e-09,0.8973289421092631
2.433455587889285e-09,0.01120819856544433,2.433455587889285e-09,0.9207352682554227
2.43397300725974e-09,0.00878179708942366,2.43397300725974e-09,0.9404107531060495
2.434470755007219e-09,0.007046952907199052,2.434470755007219e-09,0.9556262492897009
2.43503311028642e-09,0.005443497203106422,2.43503311028642e-09,0.9685291325489616
2.435541718034574e-09,0.004245423632021263,2.435541718034574e-09,0.9769440268736119
2.436044878992219e-09,0.003289602350968079,2.436044878992219e-09,0.9830314007691098
2.436621162136915e-09,0.002442606726160649,2.436621162136915e-09,0.9880354905006862
2.437111005847881e-09,0.001903549570023293,2.437111005847881e-09,0.9911099498601781
2.437616817980373e-09,0.001484406003283358,2.437616817980373e-09,0.9934974762623134
2.438103789683968e-09,0.001177280720324067,2.438103789683968e-09,0.9952008023158104
2.4386017783566e-09,0.0009343043602681443,2.4386017783566e-09,0.9964695322720956
2.439138105195108e-09,0.0007354948228681259,2.439138105195108e-09,0.9974290850413876
2.439674432454387e-09,0.0005892964923185472,2.439674432454387e-09,0.9980944041463067
2.440197403276717e-09,0.000487720776032111,2.440197403276717e-09,0.9985545994123685
2.440734758448225e-09,0.0004139128161174072,2.440734758448225e-09,0.9989000279800062
2.441430087213526e-09,0.000350044359499371,2.441430087213526e-09,0.999215919436217
2.441943495640818e-09,0.0003183575742447616,2.441943495640818e-09,0.9993827199240084
2.442455767941031e-09,0.0002953345033983408,2.442455767941031e-09,0.9995060305359191
2.442954580969389e-09,0.0002784615901298222,2.442954580969389e-09,0.9995973332269811
2.443508797294391e-09,0.0002648966050017609,2.443508797294391e-09,0.9996715891101137
2.444022253050072e-09,0.0002555875038280367,2.444022253050072e-09,0.9997243907337643
2.44452847032979e-09,0.000249013327434383,2.44452847032979e-09,0.9997628036684515
2.445097717104905e-09,0.0002433193344871321,2.445097717104905e-09,0.9997966447864903
2.445586445827147e-09,0.0002398692718539337,2.445586445827147e-09,0.9998169814585368
2.446098656694096e-09,0.0002368743119826813,2.446098656694096e-09,0.9998343848883603
2.44658027881292e-09,0.0002349286810258871,2.44658027881292e-09,0.9998452616393698
2.44708032755766e-09,0.0002331559120201655,2.44708032755766e-09,0.9998550693927861
2.447609413272324e-09,0.0002319763012149649,2.447609413272324e-09,0.9998613479015056
2.448156545181141e-09,0.00023085587219018,2.448156545181141e-09,0.9998674279910127
2.448687210658965e-09,0.0002302800390711317,2.448687210658965e-09,0.9998703967379435
2.449217612742827e-09,0.0002296319767084675,2.449217612742827e-09,0.999873886891943
2.449897699035514e-09,0.000229291024402176,2.449897699035514e-09,0.9998755561320206
2.450417852565118e-09,0.0002289094978039521,2.450417852565118e-09,0.9998776141035987
2.45092267072857e-09,0.0002288625731929235,2.45092267072857e-09,0.9998777677919459
2.451423745075602e-09,0.0002285999911826945,2.451423745075602e-09,0.9998792195697151
2.451966696028204e-09,0.0002286316103249823,2.451966696028204e-09,0.9998790024560833
2.452489648892463e-09,0.0002284265895697081,2.452489648892463e-09,0.9998801606946719
2.453002200508309e-09,0.0002285056583552978,2.453002200508309e-09,0.9998796786442197
2.453555198607779e-09,0.0002283143882076682,2.453555198607779e-09,0.9998806695635848
2.454058278705499e-09,0.0002284171043921464,2.454058278705499e-09,0.999880056695248
2.454578712561093e-09,0.0002282501000044384,2.454578712561093e-09,0.9998809391124034
2.455056906705526e-09,0.0002283704372590422,2.455056906705526e-09,0.9998802569851797
2.455560213913281e-09,0.0002282422699668547,2.455560213913281e-09,0.9998810906409193
2.456081994241042e-09,0.0002284640173634261,2.456081994241042e-09,0.9998803935020438
2.456641113977449e-09,0.0002285108736222193,2.456641113977449e-09,0.999881223247433
2.457180119807533e-09,0.0002287527392381536,2.457180119807533e-09,0.999880490463265
2.457705292387859e-09,0.0002283351922301542,2.457705292387859e-09,0.999881204385994
2.458372436861626e-09,0.0002277685109193743,2.458372436861626e-09,0.9998803479538939
2.458898707679632e-09,0.0002266496746927185,2.458898707679632e-09,0.9998809907581856
2.459397875778202e-09,0.0002256653861904973,2.459397875778202e-09,0.9998801238800159
2.459901245365503e-09,0.0002254359946341678,2.459901245365503e-09,0.9998810075830576
2.460436139637517e-09,0.0002291872395193545,2.460436139637517e-09,0.9998810024924333
2.46096834409111e-09,0.0002397908920235454,2.46096834409111e-09,0.9998835264070604
2.461487225200805e-09,0.0002536440161774119,2.461487225200805e-09,0.999884433817771
2.462029419741881e-09,0.0002564484841561613,2.462029419741881e-09,0.9998842262262161
2.462732515902008e-09,0.0002326933327968278,2.462732515902008e-09,0.9998780046755359
2.463242445706415e-09,0.0001749392602011995,2.463242445706415e-09,0.9998691492194358
2.463759345810516e-09,7.402970014296503e-05,2.463759345810516e-09,0.999854429890528
2.464257223485694e-09,-1.684213272703828e-05,2.464257223485694e-09,0.9998478389664374
2.464818702516787e-09,5.30908598400488e-05,2.464818702516787e-09,0.9998727515565941
2.465327743866693e-09,0.0005172123999358999,2.465327743866693e-09,0.9999611916206229
2.465831213269792e-09,0.001380369843340979,2.465831213269792e-09,1.000099983258981
2.46640685400794e-09,0.002388158413392592,2.46640685400794e-09,1.000203069105566
2.466894368080397e-09,0.00289334170309807,2.466894368080397e-09,1.000180624012777
2.467400914779632e-09,0.001897215890740604,2.467400914779632e-09,0.9998741050722973
2.467886855495344e-09,-0.002056730133792279,2.467886855495344e-09,0.999147272110302
2.468385259862142e-09,-0.009589283624723537,2.468385259862142e-09,0.9980294499352182
2.468920445503303e-09,-0.01818416308502974,2.468920445503303e-09,0.9971792037846454
2.469458490920387e-09,-0.01454153523588618,2.469458490920387e-09,0.9988713653255722
2.469982876674831e-09,0.01393641451133917,2.469982876674831e-09,1.004925336093749
2.470519019041093e-09,0.07527875398196078,2.470519019041093e-09,1.015165764564436
2.471211391950861e-09,0.2016489692470224,2.471211391950861e-09,1.029574628617773
2.471725925815269e-09,0.3212040013683596,2.471725925815269e-09,1.030133130338655
2.472236900145234e-09,0.4450370917476242,2.472236900145234e-09,1.004173973788749
2.472736125514103e-09,0.5634979306209525,2.472736125514103e-09,0.9419675071405146
2.473288341514597e-09,0.6751465855465854,2.473288341514597e-09,0.8325488411203004
2.473803205978805e-09,0.754794085571602,2.473803205978805e-09,0.7084586127825085
2.474310497326269e-09,0.8135308463419244,2.474310497326269e-09,0.5764576382566261
2.474877720500189e-09,0.86043290195501,2.474877720500189e-09,0.423364377049274
2.475364005466055e-09,0.8896927445023435,2.475364005466055e-09,0.3020851590706751
2.475878208315606e-09,0.9147309735224314,2.475878208315606e-09,0.2019462757641592
2.476358216560422e-09,0.9342142384551319,2.476358216560422e-09,0.1375199738670929
2.476859080313945e-09,0.9508280775264598,2.476859080313945e-09,0.09429063558574428
2.477386015030625e-09,0.9643077435948445,2.477386015030625e-09,0.06574896927894214
2.477936521824444e-09,0.9745373194779562,2.477936521824444e-09,0.04599629127073109
2.47846950190512e-09,0.9816167854452875,2.47846950190512e-09,0.03283637960928361
2.47899831396646e-09,0.9866638240084624,2.47899831396646e-09,0.02351367692589576
2.479673854886299e-09,0.9911669455483414,2.479673854886299e-09,0.01546836616428823
2.48019615675548e-09,0.9936068088931119,2.48019615675548e-09,0.01161789541188963
2.480698960964301e-09,0.9953287111800118,2.480698960964301e-09,0.009134366610283814
2.48120081654161e-09,0.9965713900853842,2.48120081654161e-09,0.007308026843539197
2.481741066202158e-09,0.9975053515057137,2.481741066202158e-09,0.00571751638684327
2.48226695266102e-09,0.9981383079757864,2.48226695266102e-09,0.004431914511681271
2.482781683119009e-09,0.9985798905575983,2.482781683119009e-09,0.003417397876076269
2.483330749566985e-09,0.9989256145595478,2.483330749566985e-09,0.002574244953230738
2.484045026866631e-09,0.9992396934679021,2.484045026866631e-09,0.001785868199182043
2.484550910377196e-09,0.9993991379767562,2.484550910377196e-09,0.001395430827100719
2.485074796080557e-09,0.999520011661538,2.485074796080557e-09,0.001089365801803931
2.485571971303452e-09,0.9996082469141921,2.485571971303452e-09,0.0008673177565057223
2.486141574550196e-09,0.9996807167917247,2.486141574550196e-09,0.0006759574482925054
2.486650065720807e-09,0.9997315313847589,2.486650065720807e-09,0.0005524190656727197
2.487151831032011e-09,0.9997673081786217,2.487151831032011e-09,0.0004645103267879446
2.487739162962431e-09,0.9998014206708333,2.487739162962431e-09,0.0003925191598268483
2.488424897090087e-09,0.9998267163342641,2.488424897090087e-09,0.0003369708769312062
2.488914736597209e-09,0.99984169089741,2.488914736597209e-09,0.0003100514279720462
2.489467308111954e-09,0.9998513735991577,2.489467308111954e-09,0.0002876229856047656
2.489963960711488e-09,0.9998601921179565,2.489963960711488e-09,0.000272897117517779
2.490584968205553e-09,0.9998653172270466,2.490584968205553e-09,0.0002595345420296225
2.491114323092522e-09,0.9998708019221443,2.491114323092522e-09,0.0002515664902037016
2.491627802179425e-09,0.9998721504394354,2.491627802179425e-09,0.0002457963451596665
2.49225674489185e-09,0.9998761145940465,2.49225674489185e-09,0.00024068338070148
2.492822601485674e-09,0.9998761776198907,2.492822601485674e-09,0.0002372968127733853
2.493306787570347e-09,0.9998786279587656,2.493306787570347e-09,0.0002351679529295441
2.49382805950281e-09,0.9998779208618555,2.49382805950281e-09,0.0002333534879240258
2.494337453032258e-09,0.9998799672478602,2.494337453032258e-09,0.0002320874086976674
2.494917858033674e-09,0.999878959337078,2.494917858033674e-09,0.0002309622996098339
2.495470810060432e-09,0.9998807637916519,2.495470810060432e-09,0.000230251937539113
2.495992304854702e-09,0.9998795093383855,2.495992304854702e-09,0.0002297000919480924
2.496642326379336e-09,0.9998811880315177,2.496642326379336e-09,0.0002292763485674072
2.497175933502445e-09,0.9998798296700447,2.497175933502445e-09,0.0002289753344977411
2.49766958952991e-09,0.999881385868637,2.49766958952991e-09,0.0002288313169005182
2.498175672024847e-09,0.9998799816807831,2.498175672024847e-09,0.000228659343516709
2.498703408998601e-09,0.999881519035024,2.498703408998601e-09,0.0002285929619582135
2.499246080085772e-09,0.9998801129895618,2.499246080085772e-09,0.0002284812905828657
2.499772290506391e-09,0.999881606948248,2.499772290506391e-09,0.0002284591818801981
2.500306197297058e-09,0.9998800831941553,2.500306197297058e-09,0.0002283696830178733
2.500993150574793e-09,0.9998814552911567,2.500993150574793e-09,0.0002283597992414084
2.501509828211285e-09,0.9998798672785468,2.501509828211285e-09,0.0002282944513172352
2.502018033707302e-09,0.9998812285733475,2.502018033707302e-09,0.0002283146556100048
2.502517923302618e-09,0.999879936601603,2.502517923302618e-09,0.0002283075864920188
2.503066178215917e-09,0.9998822669007214,2.503066178215917e-09,0.0002284541766098115
2.503584266672262e-09,0.9998826097247772,2.503584266672262e-09,0.000228607229993446
2.504093673474644e-09,0.9998856517040426,2.504093673474644e-09,0.0002287024122342958
2.504654388449113e-09,0.9998827839448001,2.504654388449113e-09,0.0002282435867883567
2.505148400048515e-09,0.9998805749074865,2.505148400048515e-09,0.0002277471357375981
2.505665345644082e-09,0.9998705842212325,2.505665345644082e-09,0.0002267513707278481
2.506145001504061e-09,0.9998603116668657,2.506145001504061e-09,0.0002257905861461831
2.506645499775723e-09,0.9998477628728036,2.506645499775723e-09,0.0002254093403588264
2.507171309675171e-09,0.9998576966908737,2.507171309675171e-09,0.0002282109395284487
2.507725327965471e-09,0.9999262369582774,2.507725327965471e-09,0.0002382887034667161
2.508261317574289e-09,1.000061160429446,2.508261317574289e-09,0.0002522738606943233
2.508788156593773e-09,1.000180895097483,2.508788156593773e-09,0.0002571096393783831
2.509460115570283e-09,1.00017868697132,2.509460115570283e-09,0.0002382454680287456
2.509984117526818e-09,0.9998578069561322,2.509984117526818e-09,0.0001861023385754268
2.510485374552919e-09,0.9990881754232229,2.510485374552919e-09,9.378149479098431e-05
2.51098788520803e-09,0.9979472233996487,2.51098788520803e-09,-5.591268595287282e-06
2.511525712189451e-09,0.9971851085565839,2.511525712189451e-09,1.095675028274225e-05
2.512054348977511e-09,0.9990942598891779,2.512054348977511e-09,0.0004055108822838599
2.512570900153747e-09,1.005323632251182,2.512570900153747e-09,0.001229922906185428
2.513116755953802e-09,1.015906377993058,2.513116755953802e-09,0.002217880833345544
2.513826512283091e-09,1.030234870923897,2.513826512283091e-09,0.002821414030062465
2.514334158445765e-09,1.029103772444994,2.514334158445765e-09,0.0013047471548891
2.514854928646648e-09,0.9993175761102185,2.514854928646648e-09,-0.00391962313811849
2.515352290954469e-09,0.933275508931635,2.515352290954469e-09,-0.01212609915930804
2.515918883719451e-09,0.8174036353262901,2.515918883719451e-09,-0.0191463469583893
2.516426379112881e-09,0.6936520441252162,2.516426379112881e-09,-0.009458545909060416
2.516928487358986e-09,0.5620548345170558,2.516928487358986e-09,0.02506954231058554
2.517509893728336e-09,0.4054873827023665,2.517509893728336e-09,0.1012867018523867
2.517999720496661e-09,0.2862979779919478,2.517999720496661e-09,0.1950852003704669
2.518501500688766e-09,0.1926322742587444,2.518501500688766e-09,0.3110240380978693
2.518992731973179e-09,0.1301452285884034,2.518992731973179e-09,0.4302430413002737
2.519490023848562e-09,0.08996759619660033,2.519490023848562e-09,0.5489971191601083
2.520031828784212e-09,0.06235442477870626,2.520031828784212e-09,0.6617597105429363
2.520561224394975e-09,0.04429386268991892,2.520561224394975e-09,0.7466733730699333
2.521079435161266e-09,0.03193295207018647,2.521079435161266e-09,0.8086643181330553
2.521623494549386e-09,0.02263886198069206,2.521623494549386e-09,0.8553610861419855
2.522331037887523e-09,0.01465224280257101,2.522331037887523e-09,0.8978466048728015
2.522839485574809e-09,0.01115786493395381,2.522839485574809e-09,0.9211069771300459
2.523358937375497e-09,0.008738016414579339,2.523358937375497e-09,0.9407807669307165
2.523856435963289e-09,0.007013054203936761,2.523856435963289e-09,0.9559094314766063
2.524421823390398e-09,0.005408098573828219,2.524421823390398e-09,0.9687913484505219
2.524928951740764e-09,0.004219322399081613,2.524928951740764e-09,0.9771138669451723
2.525431303686907e-09,0.003270560105407823,2.525431303686907e-09,0.9831479161714874
2.526010327476961e-09,0.002424658826004086,2.526010327476961e-09,0.9881364331680722
2.526498991182489e-09,0.00189140380772037,2.526498991182489e-09,0.9911802909445482
2.527002514291902e-09,0.001476628633329524,2.527002514291902e-09,0.9935396954528976
2.527491616319704e-09,0.00117039690521698,2.527491616319704e-09,0.9952391129512602
2.527989305520174e-09,0.0009288327561344377,2.527989305520174e-09,0.9964955561304607
2.528528078690028e-09,0.000730935108638529,2.528528078690028e-09,0.9974514515674924
2.529060870067907e-09,0.0005865346379875602,2.529060870067907e-09,0.9981055391845939
2.529581487335041e-09,0.0004864389372524525,2.529581487335041e-09,0.9985616958688528
2.530121811084609e-09,0.0004123872755425484,2.530121811084609e-09,0.9989060417509877
2.530822628031232e-09,0.00034894496498391,2.530822628031232e-09,0.9992228780802825
2.531333451009211e-09,0.0003174079580819876,2.531333451009211e-09,0.9993863965283596
2.531849030956238e-09,0.0002947909455435362,2.531849030956238e-09,0.9995102956150906
2.532347199046742e-09,0.0002777895416596441,2.532347199046742e-09,0.999599620686064
2.532906213844284e-09,0.0002645917526173882,2.532906213844284e-09,0.9996746524109854
2.533416458660576e-09,0.0002551330572106005,2.533416458660576e-09,0.9997256078667813
2.533920699845526e-09,0.0002489764493590551,2.533920699845526e-09,0.999764432488942
2.53449448998382e-09,0.000242979154902044,2.53449448998382e-09,0.9997972447714328
2.534981281137004e-09,0.0002398995194078493,2.534981281137004e-09,0.9998181948120864
2.535489541984177e-09,0.000236640971072355,2.535489541984177e-09,0.9998343529419095
2.535973778105266e-09,0.000235013843399679,2.535973778105266e-09,0.9998461184248306
2.536472765942997e-09,0.0002329524410566392,2.536472765942997e-09,0.9998548673243822
2.537005451370198e-09,0.0002320841667085774,2.537005451370198e-09,0.9998620574466327
2.537546851957844e-09,0.0002306811322697234,2.537546851957844e-09,0.9998670817071821
2.538073546269847e-09,0.0002304173978688869,2.538073546269847e-09,0.9998709351962621
2.538607187567429e-09,0.0002294706028488522,2.538607187567429e-09,0.9998734787397519
2.539294920600346e-09,0.0002294269649325545,2.539294920600346e-09,0.9998760917137367
2.53981139001571e-09,0.0002287550428775576,2.53981139001571e-09,0.9998771826149496
2.540319914061175e-09,0.0002290015731443952,2.540319914061175e-09,0.9998782737522587
2.540819717502938e-09,0.0002284505340284127,2.540819717502938e-09,0.999878773615831
2.541368159924107e-09,0.000228770726376038,2.541368159924107e-09,0.9998794959927407
2.541886052005716e-09,0.0002282817324116366,2.541886052005716e-09,0.999879704007694
2.542395219762001e-09,0.0002286449047426968,2.542395219762001e-09,0.999880157631281
2.542956305802121e-09,0.0002281717314878615,2.542956305802121e-09,0.9998802082826812
2.543449759434544e-09,0.0002285550628353177,2.543449759434544e-09,0.9998805312710142
2.543966449224629e-09,0.0002281117509540393,2.543966449224629e-09,0.9998804716020817
2.544445563822869e-09,0.0002285062333962928,2.544445563822869e-09,0.9998807289236701
2.544947178453766e-09,0.0002281084554176615,2.544947178453766e-09,0.9998806225230927
2.545471987638151e-09,0.00022860137883812,2.545471987638151e-09,0.9998808649114086
2.546026065683828e-09,0.0002283812787786067,2.546026065683828e-09,0.9998807547307949
2.546561719321406e-09,0.0002288851938530991,2.546561719321406e-09,0.9998809600270782
2.547088563781886e-09,0.0002281956784499049,2.547088563781886e-09,0.9998807335093357
2.547760451758775e-09,0.0002278827965712227,2.547760451758775e-09,0.9998808156163486
2.54828445364467e-09,0.0002264998867819097,2.54828445364467e-09,0.9998805193615831
2.548785568571998e-09,0.0002257677740348601,2.548785568571998e-09,0.9998805910857058
2.549287955381335e-09,0.000225334712790385,2.549287955381335e-09,0.9998805465924433
2.549825793051325e-09,0.000229489352897697,2.549825793051325e-09,0.9998815033071171
2.550354456670679e-09,0.000239935753968478,2.550354456670679e-09,0.9998830980662544
2.550870951635073e-09,0.0002540023105065964,2.550870951635073e-09,0.99988492682424
2.551416638190618e-09,0.0002561684476896011,2.551416638190618e-09,0.9998836935046557
2.552125982132648e-09,0.0002315909747014635,2.552125982132648e-09,0.9998782566419512
2.552633779732967e-09,0.0001725459608876346,2.552633779732967e-09,0.999868339775611
2.553154238126361e-09,7.010224276481712e-05,2.553154238126361e-09,0.9998544082132795
2.553651555766014e-09,-1.907662810579672e-05,2.553651555766014e-09,0.9998473983594187
2.554218244270998e-09,6.494577906594947e-05,2.554218244270998e-09,0.9998757926436975
2.554725586814929e-09,0.0005455963019465053,2.554725586814929e-09,0.9999654732712627
2.555227701267811e-09,0.001419984560500138,2.555227701267811e-09,1.000106306645248
2.555808532251202e-09,0.002425740682271919,2.555808532251202e-09,1.000204291651652
2.556300218932099e-09,0.002896455845530154,2.556300218932099e-09,1.000174089306144
2.55680221598177e-09,0.001779738842067549,2.55680221598177e-09,0.999848593669643
2.557293541980873e-09,-0.002430127100398099,2.557293541980873e-09,0.9990858749301947
2.557790823387629e-09,-0.01010685602752557,2.557790823387629e-09,0.997961675119962
2.558332782530696e-09,-0.01852711437381654,2.558332782530696e-09,0.9971810050287091
2.558862056573622e-09,-0.01377453539015146,2.558862056573622e-09,0.9990612387816297
2.559380217035839e-09,0.01572028064940559,2.559380217035839e-09,1.005275728468349
2.559924423872627e-09,0.07960438676374437,2.559924423872627e-09,1.01581109003001
2.560631680640939e-09,0.2113150473485031,2.560631680640939e-09,1.03015675974582
2.561140177849755e-09,0.3304084411568989,2.561140177849755e-09,1.029260176326221
2.561659605861786e-09,0.4561137398330622,2.561659605861786e-09,0.9999945308579966
2.562157098651987e-09,0.5734967775490903,2.562157098651987e-09,0.9345217154268142
2.562722706684074e-09,0.6852678655496647,2.562722706684074e-09,0.8192996932138575
2.563229748510947e-09,0.7614200316182507,2.563229748510947e-09,0.6958306417787316
2.563732088935014e-09,0.8179232614368953,2.563732088935014e-09,0.5643119265341097
2.564311085995208e-09,0.864289369084394,2.564311085995208e-09,0.4083178635212043
2.564799905163646e-09,0.8928632289321989,2.564799905163646e-09,0.2888659347879861
2.565303514405872e-09,0.9168858387364511,2.565303514405872e-09,0.1941761310330034
2.565792635254361e-09,0.9363340806954031,2.565792635254361e-09,0.1313805598388346
2.56629029621674e-09,0.9524236100559942,2.56629029621674e-09,0.09070921880289964
2.566829525574606e-09,0.9657506668990481,2.566829525574606e-09,0.06294253771673385
2.567362179039558e-09,0.9752883260936552,2.567362179039558e-09,0.04460439306920114
2.567882711469382e-09,0.9820183832491445,2.567882711469382e-09,0.03210592624938818
2.568423487162906e-09,0.9870466255116395,2.568423487162906e-09,0.02281046654699449
2.569124861264763e-09,0.9915644894596779,2.569124861264763e-09,0.01480777672265166
2.569635691587861e-09,0.9938532043893041,2.569635691587861e-09,0.01124838130915048
2.570151586375839e-09,0.9955465493704367,2.570151586375839e-09,0.008816457026049655
2.570649724546018e-09,0.99671813277798,2.570649724546018e-09,0.007073058002270579
2.571209483802874e-09,0.9976347555073901,2.571209483802874e-09,0.005471551111498183
2.571719483876183e-09,0.9982129408676045,2.571719483876183e-09,0.004265572808217562
2.572223551938148e-09,0.998628340518994,2.572223551938148e-09,0.00330386607186103
2.572797605015878e-09,0.9989722684271223,2.572797605015878e-09,0.002456269006943268
2.573284559192761e-09,0.9991883054488256,2.573284559192761e-09,0.001916510970664119
2.573792437484106e-09,0.9993593469392716,2.573792437484106e-09,0.001492826244396868
2.574277145519916e-09,0.9994833119634529,2.574277145519916e-09,0.001184860299938284
2.574775918588273e-09,0.9995791656680255,2.574775918588273e-09,0.0009399890671541317
2.575309292702206e-09,0.999656532952597,2.575309292702206e-09,0.000740497150947481
2.57584978062435e-09,0.9997145064224989,2.57584978062435e-09,0.0005921207174538818
2.576375797485095e-09,0.99975762125809,2.576375797485095e-09,0.0004890227506759623
2.576910090439877e-09,0.9997900269907749,2.576910090439877e-09,0.000415375211378223
2.577598851343322e-09,0.999820635267993,2.577598851343322e-09,0.0003512817555286804
2.57811492235534e-09,0.9998362419815006,2.57811492235534e-09,0.000319310759483423
2.578623941001648e-09,0.9998481635600625,2.578623941001648e-09,0.0002959677918930663
2.579123725342757e-09,0.9998562602843204,2.579123725342757e-09,0.0002791057775548118
2.579672949039923e-09,0.9998633789521452,2.579672949039923e-09,0.0002652682911852177
2.5801901548393e-09,0.9998677175892128,2.5801901548393e-09,0.0002560034981337345
2.580698970264576e-09,0.9998714267919018,2.580698970264576e-09,0.0002490891858829554
2.581261460757856e-09,0.9998738225805501,2.581261460757856e-09,0.0002436351483180294
2.581751263063607e-09,0.9998758661367362,2.581751263063607e-09,0.0002398967771125578
2.582267581564782e-09,0.9998768849639068,2.582267581564782e-09,0.0002370832258163877
2.582746546404435e-09,0.9998781338123532,2.582746546404435e-09,0.000234889401296182
2.583248176950536e-09,0.9998785399166866,2.583248176950536e-09,0.0002333312462536705
2.583773142007848e-09,0.9998794319900157,2.583773142007848e-09,0.0002319062724678677
2.58432735247474e-09,0.9998795521359394,2.58432735247474e-09,0.0002310019605685315
2.58486302762733e-09,0.999880186872677,2.58486302762733e-09,0.000230171697150793
2.58539010607305e-09,0.9998800902238052,2.58539010607305e-09,0.0002297657819312666
2.586061827023434e-09,0.9998806185175665,2.586061827023434e-09,0.0002291823200752529
2.586585800959178e-09,0.9998804105019548,2.586585800959178e-09,0.0002290402996108204
2.587086993372517e-09,0.9998808137582049,2.587086993372517e-09,0.0002287464916985511
2.587589368945931e-09,0.9998805613635281,2.587589368945931e-09,0.0002287283021990086
2.588127348371442e-09,0.9998809488340752,2.588127348371442e-09,0.0002285115686716927
2.588655783168681e-09,0.9998806908560371,2.588655783168681e-09,0.0002285537893401369
2.589172173810537e-09,0.9998810319396365,2.589172173810537e-09,0.0002283821079212606
2.589718081588713e-09,0.9998806481366376,2.589718081588713e-09,0.0002284421288437253
2.590427357500169e-09,0.9998808725425913,2.590427357500169e-09,0.0002282816802139814
2.590935063608118e-09,0.99988042494727,2.590935063608118e-09,0.0002283676004305406
2.591455644278282e-09,0.9998806542535813,2.591455644278282e-09,0.0002282393374791315
2.591952930943411e-09,0.9998805656275558,2.591952930943411e-09,0.0002283921338473117
2.592519794901046e-09,0.9998819207743626,2.592519794901046e-09,0.000228404203372081
2.59302703158966e-09,0.9998834264991555,2.59302703158966e-09,0.0002287012101674775
2.593529125969622e-09,0.9998851976652519,2.593529125969622e-09,0.0002286184958105344
2.594110046631268e-09,0.9998828358907669,2.594110046631268e-09,0.0002282226456999539
2.594599893502906e-09,0.9998791755784655,2.594599893502906e-09,0.0002275745713452194
2.595101933767158e-09,0.9998699451779796,2.595101933767158e-09,0.0002267097525928881
2.595592949326848e-09,0.9998573538646793,2.595592949326848e-09,0.000225504948724419
2.596090221576124e-09,0.999847548531538,2.596090221576124e-09,0.0002256123977359751
2.596631925848135e-09,0.9998630186092907,2.596631925848135e-09,0.0002291806724501502
2.597161418851408e-09,0.9999401951925357,2.597161418851408e-09,0.0002400656713258345
2.597679832649397e-09,1.000076378099121,2.597679832649397e-09,0.0002536547007092669
2.598223593316418e-09,1.000190879338363,2.598223593316418e-09,0.0002564796991890294
2.598930322580787e-09,1.000147215674917,2.598930322580787e-09,0.0002318806231837247
2.599439080603527e-09,0.9997652965848247,2.599439080603527e-09,0.0001737681651248283
2.599958112730135e-09,0.9988720579872565,2.599958112730135e-09,7.153434893966012e-05
2.600455633886194e-09,0.9977344895744594,2.600455633886194e-09,-1.785178291405763e-05
2.601020472001143e-09,0.9973035706309306,2.601020472001143e-09,5.968458277865532e-05
2.601527769811486e-09,0.99992338043253,2.601527769811486e-09,0.0005330820341582804
2.602030253707683e-09,1.006830818171937,2.602030253707683e-09,0.001402026939195438
2.602608697234459e-09,1.018579487611223,2.602608697234459e-09,0.002408865871537253
2.603097244334025e-09,1.029246437882039,2.603097244334025e-09,0.002895665015221574
2.60360133036376e-09,1.031461532400272,2.60360133036376e-09,0.001840187973006512
2.604089852354158e-09,1.01064491481421,2.604089852354158e-09,-0.0022396939960121
2.60458757781212e-09,0.95456218032166,2.60458757781212e-09,-0.009841985178748985
2.60512589854319e-09,0.8533170659761253,2.60512589854319e-09,-0.01835850445142731
2.605659547906136e-09,0.7270481002038047,2.605659547906136e-09,-0.01418462148974747
2.606180729856377e-09,0.5926528245749536,2.606180729856377e-09,0.01476575454498149
2.606720430038054e-09,0.4468155905676505,2.606720430038054e-09,0.07726269519121032
2.607420035213317e-09,0.2759615881054177,2.607420035213317e-09,0.2061713005428957
2.607931541844395e-09,0.1837607535792798,2.607931541844395e-09,0.3254776302082464
2.608446342669349e-09,0.1219912071070755,2.608446342669349e-09,0.4501628889749729
2.608944699518097e-09,0.08483102836562861,2.608944699518097e-09,0.5681230640708567
2.609502706482368e-09,0.05836080655868316,2.609502706482368e-09,0.6797818874108065
2.610013679232294e-09,0.04203441350116904,2.610013679232294e-09,0.7577814131033561
2.610518383059344e-09,0.03057854800926546,2.610518383059344e-09,0.8154730620674169
2.611090862848254e-09,0.02128639303579183,2.611090862848254e-09,0.8621467065080269
2.611578069659826e-09,0.01579037814754386,2.611578069659826e-09,0.8910880419573698
2.612087371404783e-09,0.01192513755712496,2.612087371404783e-09,0.9156653394932885
2.612571051166266e-09,0.009438240167713764,2.612571051166266e-09,0.9351261450249404
2.613070300278125e-09,0.007547993614962143,2.613070300278125e-09,0.9515079952697841
2.613602175576191e-09,0.005933718503509051,2.613602175576191e-09,0.9649188320168637
2.614144807239685e-09,0.004568624128627803,2.614144807239685e-09,0.9748461541999781
2.614672376698881e-09,0.003500590432572195,2.614672376698881e-09,0.981777241253961
2.615205384159778e-09,0.002659161954926523,2.615205384159778e-09,0.9868122439369834
2.615891089759473e-09,0.001868964641711312,2.615891089759473e-09,0.9913231572171017
2.61640851118506e-09,0.001450045678720896,2.61640851118506e-09,0.9937016271406699
2.616916142322273e-09,0.001138731201667431,2.616916142322273e-09,0.9954125789389102
2.617416337920389e-09,0.000904355965134546,2.617416337920389e-09,0.9966271935102217
2.617963217093505e-09,0.0007091920536323642,2.617963217093505e-09,0.9975539601614879
2.618482289152255e-09,0.0005747553162856278,2.618482289152255e-09,0.9981650573763957
2.618992278840603e-09,0.0004787397803570028,2.618992278840603e-09,0.998596716728626
2.619551201948574e-09,0.0004057870003410108,2.619551201948574e-09,0.9989423522538975
2.620044779195474e-09,0.0003595092485092432,2.620044779195474e-09,0.9991673055768189
2.620562472211948e-09,0.0003255812360968937,2.620562472211948e-09,0.999347303568546
2.621040924997797e-09,0.000301414370477545,2.621040924997797e-09,0.9994719307681232
2.621543257266265e-09,0.0002835257545982302,2.621543257266265e-09,0.999572026750864
2.622066579393839e-09,0.0002686056340974469,2.622066579393839e-09,0.9996491291879515
2.62262298639201e-09,0.0002582330574116856,2.62262298639201e-09,0.9997113131346271
2.623160242808025e-09,0.0002499297060385255,2.623160242808025e-09,0.9997552147037934
2.623686303886591e-09,0.0002450413369691184,2.623686303886591e-09,0.9997885855282903
2.624355952307406e-09,0.0002392957874174041,2.624355952307406e-09,0.9998181702672705
2.624880992497632e-09,0.0002370520896701458,2.624880992497632e-09,0.9998354639776448
2.625381210609816e-09,0.0002343167208524897,2.625381210609816e-09,0.9998466141387699
2.625884135447639e-09,0.0002333598486649039,2.625884135447639e-09,0.9998559541774895
2.626420567139429e-09,0.0002314413035808106,2.626420567139429e-09,0.9998622310853209
2.626950891179138e-09,0.0002311587112904392,2.626950891179138e-09,0.9998677702041269
2.627468563456423e-09,0.0002298464333979199,2.627468563456423e-09,0.9998707267111794
2.628012649482701e-09,0.0002299736173986933,2.628012649482701e-09,0.999874024410122
2.628718779262298e-09,0.0002288586349691911,2.628718779262298e-09,0.9998758749201463
2.629227547931579e-09,0.0002292699114264337,2.629227547931579e-09,0.9998776632960218
2.629746342163599e-09,0.0002284485885835979,2.629746342163599e-09,0.9998779871611497
2.630243790319601e-09,0.0002289722809937573,2.630243790319601e-09,0.9998792169426913
2.630808419112373e-09,0.0002282254564756853,2.630808419112373e-09,0.9998791798822854
2.631315816159278e-09,0.0002288075542647477,2.631315816159278e-09,0.9998801202295773
2.631818283452493e-09,0.0002281067046433715,2.631818283452493e-09,0.9998798067063946
2.632396322335018e-09,0.0002286975856689083,2.632396322335018e-09,0.99988060934059
2.63288686763453e-09,0.0002280198538251047,2.63288686763453e-09,0.9998801728317644
2.633390992770274e-09,0.0002286393715019472,2.633390992770274e-09,0.9998808584577283
2.633879659396391e-09,0.0002279740865573042,2.633879659396391e-09,0.9998803629678802
2.634377167688382e-09,0.0002286452448037083,2.634377167688382e-09,0.9998810065404323
2.634915719955045e-09,0.0002280907214005859,2.634915719955045e-09,0.9998804987670451
2.635448946673248e-09,0.0002289302040296152,2.635448946673248e-09,0.9998811355437238
2.635969841176387e-09,0.0002283591540365204,2.635969841176387e-09,0.9998805857815551
2.63650961796871e-09,0.0002286647039782561,2.63650961796871e-09,0.999881097854263
2.637209444978855e-09,0.0002272557566128746,2.637209444978855e-09,0.9998804311499215
2.637720904558775e-09,0.0002268737707474882,2.637720904558775e-09,0.9998808754036516
2.638235720413561e-09,0.0002251005653025257,2.638235720413561e-09,0.9998802114535215
2.638733904253564e-09,0.0002260852196505047,2.638733904253564e-09,0.9998809826702718
2.639292102130819e-09,0.000230317608891128,2.639292102130819e-09,0.9998813690230861
2.639802881076122e-09,0.0002424369678072511,2.639802881076122e-09,0.9998837548161604
2.640307409554404e-09,0.000255117963223561,2.640307409554404e-09,0.999884700537452
2.640880277890028e-09,0.0002552657501514185,2.640880277890028e-09,0.9998835414900571
2.641369041999459e-09,0.0002383890502383381,2.641369041999459e-09,0.9998791663062809
2.641878013879466e-09,0.0001893403741606721,2.641878013879466e-09,0.999871172284611
2.642361954409255e-09,0.0001022435624636477,2.642361954409255e-09,0.999858150899906
2.642860927912113e-09,2.433428238483799e-06,2.642860927912113e-09,0.9998483059129961
2.643393319114356e-09,-3.865914128900005e-06,2.643393319114356e-09,0.999859101856288
2.643935312754685e-09,0.0003571984953961577,2.643935312754685e-09,0.9999330003592535
2.644462349025083e-09,0.001165357863577424,2.644462349025083e-09,1.000066757829384
2.64499573647793e-09,0.002142113058931948,2.64499573647793e-09,1.000186143057435
2.645682062236761e-09,0.00285560080710424,2.645682062236761e-09,1.000166431452614
2.646199261798199e-09,0.00162960674659905,2.646199261798199e-09,0.9998239218028945
2.646707135814946e-09,-0.002970024193663056,2.646707135814946e-09,0.9990033749416092
2.647207231451024e-09,-0.01091359460566917,2.647207231451024e-09,0.9978629835181519
2.647754938261205e-09,-0.01889464239802664,2.647754938261205e-09,0.9972091273758158
2.648273549945263e-09,-0.01239845552600474,2.648273549945263e-09,0.9993830094354723
2.648783277787305e-09,0.01871154306079445,2.648783277787305e-09,1.005847319531976
2.649343308417041e-09,0.08716858896046847,2.649343308417041e-09,1.016911130117888
2.649838175997048e-09,0.1772323033197493,2.649838175997048e-09,1.027904228043616
2.650355454472105e-09,0.2943871304273396,2.650355454472105e-09,1.032040938058306
2.650834534128569e-09,0.4106424462336607,2.650834534128569e-09,1.015216583794674
2.651336607726763e-09,0.5312335031074286,2.651336607726763e-09,0.9635610186389172
2.651860883779153e-09,0.6440380200070269,2.651860883779153e-09,0.8694836845820098
2.652415685228625e-09,0.7369988742044236,2.652415685228625e-09,0.7405090498924918
2.652951809913433e-09,0.8034501563820241,2.652951809913433e-09,0.603161081483548
2.653478655147839e-09,0.8503830878221382,2.653478655147839e-09,0.4608721790241557
2.654149932627541e-09,0.8923894170240344,2.654149932627541e-09,0.2930719525005986
2.654674247198475e-09,0.9172974919105167,2.654674247198475e-09,0.1938345671394902
2.655175198684341e-09,0.9370443618564309,2.655175198684341e-09,0.1298892444834996
2.65567779989664e-09,0.9531042706521434,2.65567779989664e-09,0.08945120168036529
2.65621548158157e-09,0.9662074329564374,2.65621548158157e-09,0.06219246513504731
2.656744469557612e-09,0.9755574997108883,2.656744469557612e-09,0.04419468576467348
2.657261247990693e-09,0.982168742656915,2.657261247990693e-09,0.03189022052278048
2.657806892996248e-09,0.9871910170427345,2.657806892996248e-09,0.02258683896408993
2.658515596940699e-09,0.9916966260786979,2.658515596940699e-09,0.01461022996054798
2.659023543683284e-09,0.9939393981154299,2.659023543683284e-09,0.01113374850936254
2.659543876717264e-09,0.9956202088586261,2.659543876717264e-09,0.008716107512127275
2.6600412588132e-09,0.9967694582977442,2.6600412588132e-09,0.00699733218883318
2.660607820935221e-09,0.9976783851740496,2.660607820935221e-09,0.005391046666890694
2.66111509924466e-09,0.9982418402208969,2.66111509924466e-09,0.004206373591108231
2.661617273398701e-09,0.9986478628075802,2.661617273398701e-09,0.003259364083575057
2.662197686300509e-09,0.9989897102518662,2.662197686300509e-09,0.002415778795242835
2.662687278142254e-09,0.9992022927401415,2.662687278142254e-09,0.001882606443804873
2.663189660289773e-09,0.9993685580175974,2.663189660289773e-09,0.001472009117139339
2.663680274035568e-09,0.999491269515973,2.663680274035568e-09,0.001164805026563719
2.664177591853273e-09,0.9995852016804236,2.664177591853273e-09,0.0009258786525072434
2.664718638477954e-09,0.9996616535098726,2.664718638477954e-09,0.0007268489417487354
2.66524889968289e-09,0.9997176856555912,2.66524889968289e-09,0.0005853173013012004
2.665767692645036e-09,0.9997592116555426,2.665767692645036e-09,0.0004847323408431542
2.666310727923836e-09,0.999791968436688,2.666310727923836e-09,0.000412014603537519
2.667015800400405e-09,0.9998222455529679,2.667015800400405e-09,0.0003473124828819017
2.667525065178994e-09,0.9998375506648396,2.667525065178994e-09,0.0003174478061046332
2.668043155883842e-09,0.9998490071096102,2.668043155883842e-09,0.0002935719359432972
2.668540854409563e-09,0.999857153797114,2.668540854409563e-09,0.0002780497237685784
2.669104294220232e-09,0.9998638765895022,2.669104294220232e-09,0.0002635515929678375
2.669612270685102e-09,0.9998683101754507,2.669612270685102e-09,0.0002555474926485272
2.67011516317859e-09,0.9998715349854418,2.67011516317859e-09,0.0002481500411536328
2.670692362645742e-09,0.999874249774011,2.670692362645742e-09,0.000243486465650851
2.671180450127991e-09,0.9998758825120995,2.671180450127991e-09,0.0002391189319606098
2.67168559007514e-09,0.9998771674642987,2.67168559007514e-09,0.000237217186584713
2.672172999887763e-09,0.9998780627178389,2.672172999887763e-09,0.0002342861649378905
2.672670931781864e-09,0.9998787790785074,2.672670931781864e-09,0.0002335537487466247
2.673207968371587e-09,0.9998793246503977,2.673207968371587e-09,0.000231383688486753
2.673743441282519e-09,0.9998797547095194,2.673743441282519e-09,0.0002313070695355382
2.674265887343324e-09,0.9998800349314667,2.674265887343324e-09,0.000229752301275883
2.674804051981739e-09,0.9998802765686979,2.674804051981739e-09,0.0002301062897082949
2.675500250612757e-09,0.999880466990272,2.675500250612757e-09,0.0002287634925486537
2.67601311842546e-09,0.9998805908120011,2.67601311842546e-09,0.00022939422075802
2.676526104400426e-09,0.9998806549334784,2.676526104400426e-09,0.0002283463634935013
2.6770247308125e-09,0.9998807393540405,2.6770247308125e-09,0.000229091281745624
2.677580078776823e-09,0.9998807899536186,2.677580078776823e-09,0.0002281203184278718
2.678092627743805e-09,0.9998808658542027,2.678092627743805e-09,0.0002289229467477656
2.678598333830913e-09,0.9998808627394304,2.678598333830913e-09,0.0002279992287241621
2.679168767996698e-09,0.9998808025038408,2.679168767996698e-09,0.000228811495649699
2.679656939368423e-09,0.9998807188599096,2.679656939368423e-09,0.0002279121220720103
2.680168181646085e-09,0.9998806242212774,2.680168181646085e-09,0.000228750938115499
2.680650287780952e-09,0.9998805030037449,2.680650287780952e-09,0.0002278659814940009
2.681149987147262e-09,0.9998806136270926,2.681149987147262e-09,0.000228749674548103
2.681679917753428e-09,0.9998812546191311,2.681679917753428e-09,0.0002279703695005875
2.682225601232952e-09,0.9998829934478641,2.682225601232952e-09,0.0002290254727133837
2.682755408887986e-09,0.999884705895572,2.682755408887986e-09,0.0002282507452635742
2.683286415244306e-09,0.9998840725999431,2.683286415244306e-09,0.0002288098183268535
2.683967616895675e-09,0.9998791111907751,2.683967616895675e-09,0.0002272167965649153
2.684487193577539e-09,0.9998700327673502,2.684487193577539e-09,0.0002270847682394322
2.684992570892458e-09,0.9998565497906644,2.684992570892458e-09,0.0002250825504695839
2.685493453842746e-09,0.9998474773704524,2.685493453842746e-09,0.0002260308183674102
2.686037494522451e-09,0.9998656400510727,2.686037494522451e-09,0.0002292673332811837
2.686559393830482e-09,0.9999464935362844,2.686559393830482e-09,0.0002411907864390897
2.687071441095346e-09,1.000083319508783,2.687071441095346e-09,0.0002539058750939715
2.687625848045101e-09,1.000195086001395,2.687625848045101e-09,0.0002564027939726326
2.688127423148603e-09,1.000192719787083,2.688127423148603e-09,0.0002408498195357139
2.688647334531803e-09,0.9999125877325178,2.688647334531803e-09,0.0001936752536776365
2.689126298696903e-09,0.9992597204420088,2.689126298696903e-09,0.0001125068899592153
2.689628008998515e-09,0.9981540135474027,2.689628008998515e-09,1.016442844532261e-05
2.690151466804118e-09,0.9972040492985398,2.690151466804118e-09,-1.424991191001385e-05
2.690709249979813e-09,0.9985683300903108,2.690709249979813e-09,0.0003182303667920356
2.691247687134442e-09,1.004376337975498,2.691247687134442e-09,0.001114294203766298
2.691773205430744e-09,1.014189760323974,2.691773205430744e-09,0.002083112321445514
2.6924414129148e-09,1.028489608124865,2.6924414129148e-09,0.002859594695505137
2.6929672722861e-09,1.031133280095213,2.6929672722861e-09,0.001838617237173283
2.693466921865161e-09,1.009721929033589,2.693466921865161e-09,-0.002331284562200765
2.693970069380481e-09,0.9521609965051845,2.693970069380481e-09,-0.01007554738020024
2.694505726488561e-09,0.8505534857793093,2.694505726488561e-09,-0.01845722692648252
2.695037058287286e-09,0.7245307650504377,2.695037058287286e-09,-0.0138774494262858
2.695555382122198e-09,0.5907287807037198,2.695555382122198e-09,0.01538660476970027
2.696098446810789e-09,0.443996831262748,2.696098446810789e-09,0.07883215749211142
2.696802817607863e-09,0.272800831555978,2.696802817607863e-09,0.2095253234414887
2.697312312356627e-09,0.1818524739279804,2.697312312356627e-09,0.328680680310257
2.697829995896956e-09,0.1204973127616108,2.697829995896956e-09,0.4539973244113933
2.698327746656749e-09,0.08393987530873122,2.698327746656749e-09,0.5715783228698995
2.698890563861101e-09,0.0575941886270019,2.698890563861101e-09,0.6833008159412869
2.699398867471e-09,0.04156885014205624,2.699398867471e-09,0.7600953358025255
2.699901942866933e-09,0.03026919754813823,2.699901942866933e-09,0.8170192635799304
2.700478731844212e-09,0.02101412492821435,2.700478731844212e-09,0.863514937043367
2.700966639130088e-09,0.01559500909061876,2.700966639130088e-09,0.8922015498390978
2.701472234540501e-09,0.01181941387886687,2.701472234540501e-09,0.9164251300776117
2.701959176753784e-09,0.009348315041640964,2.701959176753784e-09,0.9358730986600885
2.70245731242754e-09,0.00748312852018803,2.70245731242754e-09,0.9520717752747151
2.702993703779907e-09,0.005867213824217565,2.702993703779907e-09,0.9654305547684838
2.703530027865917e-09,0.004528792310888555,2.703530027865917e-09,0.975115942821303
2.70405312895368e-09,0.003476854059713743,2.70405312895368e-09,0.9819209678917393
2.704590627795102e-09,0.002635067377085493,2.704590627795102e-09,0.9869521693177737
2.705285913428814e-09,0.001843200977486658,2.705285913428814e-09,0.9914677457234566
2.705799245920925e-09,0.001433915598960084,2.705799245920925e-09,0.9937929041528029
2.706311695509425e-09,0.001123581883876993,2.706311695509425e-09,0.9954918461582548
2.706810562974358e-09,0.0008935563004342405,2.706810562974358e-09,0.9966818891982356
2.707364698398735e-09,0.0006987714273382395,2.707364698398735e-09,0.9976009068794639
2.707878036680101e-09,0.0005687137185379437,2.707878036680101e-09,0.9981934434349123
2.708384219710919e-09,0.0004747534713650976,2.708384219710919e-09,0.9986140764718063
2.708953716121607e-09,0.0004021348964962309,2.708953716121607e-09,0.9989611089453131
2.70944024633241e-09,0.0003571582763542024,2.70944024633241e-09,0.9991781233052563
2.709952457649923e-09,0.0003244513932318511,2.709952457649923e-09,0.9993544439909616
2.710433713352582e-09,0.0003001797053988775,2.710433713352582e-09,0.9994773328826965
2.710933858913371e-09,0.0002829388276220397,2.710933858913371e-09,0.9995763713732971
2.711462479054595e-09,0.0002677906980586292,2.711462479054595e-09,0.9996523883563562
2.712010138364191e-09,0.0002580550716234291,2.712010138364191e-09,0.9997135545079026
2.712541260876486e-09,0.0002496145251116338,2.712541260876486e-09,0.9997557977992496
2.713071225714033e-09,0.0002450338144520058,2.713071225714033e-09,0.9997898930196663
2.713750373603793e-09,0.0002389743245858665,2.713750373603793e-09,0.9998187852423387
2.714270884920128e-09,0.0002370954065721754,2.714270884920128e-09,0.9998364465949947
2.714775252653246e-09,0.0002340688949272841,2.714775252653246e-09,0.999846771654639
2.715276499992492e-09,0.0002334419711804545,2.715276499992492e-09,0.9998566998461634
2.715818888114955e-09,0.0002312278636939608,2.715818888114955e-09,0.9998621897472564
2.716342435901566e-09,0.0002312736148411477,2.716342435901566e-09,0.9998683351303439
2.71685546726605e-09,0.0002296740844149649,2.71685546726605e-09,0.9998704646472472
2.717407632473882e-09,0.0002301022692048456,2.717407632473882e-09,0.9998745136048526
2.718127090884258e-09,0.0002286858884945363,2.718127090884258e-09,0.9998756133971092
2.718631213906378e-09,0.0002294064566449246,2.718631213906378e-09,0.9998781103768293
2.719158392719802e-09,0.0002282848193111574,2.719158392719802e-09,0.9998776808162096
2.719655306454089e-09,0.0002291139172984698,2.719655306454089e-09,0.9998796392899034
2.720228524346733e-09,0.0002280668066643169,2.720228524346733e-09,0.9998788503503464
2.720738573873169e-09,0.0002289520793101784,2.720738573873169e-09,0.999880525915675
2.721240106660385e-09,0.0002279499858247185,2.721240106660385e-09,0.9998794596716629
2.721834208297729e-09,0.0002288433211734465,2.721834208297729e-09,0.9998810037651333
2.722502864840415e-09,0.0002278563648332112,2.722502864840415e-09,0.9998798606449217
2.722991159964113e-09,0.0002287806430084331,2.722991159964113e-09,0.9998812708673255
2.723546914117056e-09,0.0002278238990665095,2.723546914117056e-09,0.9998800341114905
2.724043952825752e-09,0.000228835225341351,2.724043952825752e-09,0.9998814145404402
2.724662152902673e-09,0.0002280640627139584,2.724662152902673e-09,0.9998801746988669
2.725193807115371e-09,0.0002291565986278372,2.725193807115371e-09,0.999881527523551
2.725708060277132e-09,0.0002280358322293887,2.725708060277132e-09,0.9998801874732521
2.72633869063462e-09,0.0002283504784566039,2.72633869063462e-09,0.9998814032004649
2.726899988395356e-09,0.0002265051056834689,2.726899988395356e-09,0.9998799891228465
2.727384635368408e-09,0.000226389816235721,2.727384635368408e-09,0.9998811851715487
2.72790374202162e-09,0.0002247788941312315,2.72790374202162e-09,0.9998798928899074
2.728414547298215e-09,0.0002280812318386317,2.728414547298215e-09,0.9998817527543618
2.728990745647328e-09,0.0002369761791740985,2.728990745647328e-09,0.9998821259282752
2.729540504970095e-09,0.0002520081769207724,2.729540504970095e-09,0.9998852351298623
2.730062551695548e-09,0.0002569416081534389,2.730062551695548e-09,0.9998836389029718
2.730715978177668e-09,0.0002410546757575594,2.730715978177668e-09,0.9998805096889687
2.731247933977446e-09,0.000190411939742784,2.731247933977446e-09,0.9998705972390283
2.731742616945695e-09,0.0001033531230607567,2.731742616945695e-09,0.9998591434410338
2.732248281226659e-09,-1.125411964644181e-07,2.732248281226659e-09,0.9998471788818531
2.732777198157914e-09,-1.320548444775017e-06,2.732777198157914e-09,0.9998604682841392
2.733318030644169e-09,0.0003643712409577438,2.733318030644169e-09,0.9999334889330257
2.73384299587372e-09,0.00117658845541629,2.73384299587372e-09,1.000069461760495
2.734378275194846e-09,0.002153245041549693,2.734378275194846e-09,1.000185985179569
2.735068186680773e-09,0.002853121421486911,2.735068186680773e-09,1.000164250149704
2.735583497490139e-09,0.001582203373898679,2.735583497490139e-09,0.9998136560267123
2.736093305756109e-09,-0.003109870279711822,2.736093305756109e-09,0.9989818185874979
2.736592887358883e-09,-0.01109669279882981,2.736592887358883e-09,0.997839486867507
2.73714327646616e-09,-0.01896284092959803,2.73714327646616e-09,0.9972211638180761
2.737659625890433e-09,-0.01202492001919189,2.737659625890433e-09,0.9994672216687374
2.738167898204874e-09,0.01954333343673353,2.738167898204874e-09,1.006004937715751
2.738732230785383e-09,0.08925770784942944,2.738732230785383e-09,1.017208566510565
2.73921997498384e-09,0.1785868912091676,2.73921997498384e-09,1.028044494903092
2.739735463096678e-09,0.2955253044539042,2.739735463096678e-09,1.03201201556792
2.740214759750531e-09,0.4118440653242175,2.740214759750531e-09,1.014901313856347
2.740716302923839e-09,0.5322718651816706,2.740716302923839e-09,0.9629351472136013
2.741241506969115e-09,0.6450708409991492,2.741241506969115e-09,0.8683597387333355
2.741794670791416e-09,0.7375324428206703,2.741794670791416e-09,0.7395915121375748
2.742329713327094e-09,0.8037251701114954,2.742329713327094e-09,0.602460554421449
2.742857156949195e-09,0.8506242648886033,2.742857156949195e-09,0.4599987440381856
2.743530311190462e-09,0.8926623574548933,2.743530311190462e-09,0.2919673491237404
2.744053582763257e-09,0.9174752891620013,2.744053582763257e-09,0.1932141178745662
2.744555427358907e-09,0.9372214973299138,2.744555427358907e-09,0.1293938909224552
2.745057735119114e-09,0.9532360863787555,2.745057735119114e-09,0.08916249743383281
2.745596442844505e-09,0.9663252141765076,2.745596442844505e-09,0.06196342210838259
2.746124152591124e-09,0.9756231120825061,2.746124152591124e-09,0.04407126729796647
2.746640106726292e-09,0.9822072721027661,2.746640106726292e-09,0.03182079228465039
2.747187136805152e-09,0.9872293507850041,2.747187136805152e-09,0.02251545633835973
2.747898609768188e-09,0.991736444210382,2.747898609768188e-09,0.01454590235631823
2.748405605399332e-09,0.9939652411072515,2.748405605399332e-09,0.01109424274848997
2.748927564893777e-09,0.9956432735588516,2.748927564893777e-09,0.008683443234476189
2.749424932936225e-09,0.9967858737166639,2.749424932936225e-09,0.006969404859839695
2.749992687348596e-09,0.9976911238460846,2.749992687348596e-09,0.005367223373899407
2.750500593266862e-09,0.9982515818075632,2.750500593266862e-09,0.004183616413317174
2.751002639555258e-09,0.9986549735633109,2.751002639555258e-09,0.003243494707902119
2.751586212384222e-09,0.998996359029826,2.751586212384222e-09,0.00239810407686644
2.752281919553036e-09,0.9992820751450957,2.752281919553036e-09,0.001685662628537192
2.752771494549615e-09,0.9994254881058566,2.752771494549615e-09,0.001329003932298026
2.75332793637147e-09,0.9995470262193872,2.75332793637147e-09,0.001024390307379174
2.753824155713901e-09,0.999627155052035,2.753824155713901e-09,0.0008165252922016126
2.754444755308386e-09,0.9997011536183454,2.754444755308386e-09,0.0006271628912501534
2.754973058345253e-09,0.9997473254769729,2.754973058345253e-09,0.0005122549057512474
2.755486032436246e-09,0.9997813663298022,2.755486032436246e-09,0.0004353478198569567
2.756114615757704e-09,0.999811999541741,2.756114615757704e-09,0.0003680184441616458
2.756682060313159e-09,0.999831694104502,2.756682060313159e-09,0.0003292928503353237
2.757166875113334e-09,0.9998439724681474,2.757166875113334e-09,0.0003033625342185672
2.757687934246237e-09,0.9998538029950023,2.757687934246237e-09,0.0002849771166572728
2.758197405344451e-09,0.9998608333368691,2.758197405344451e-09,0.0002694262894281962
2.758779038730755e-09,0.9998667074082342,2.758779038730755e-09,0.0002589693865194463
2.759333163527403e-09,0.9998706607647245,2.759333163527403e-09,0.0002496725197089737
2.759854364477419e-09,0.9998733929644018,2.759854364477419e-09,0.0002454903343236208
2.760503463833274e-09,0.9998757527765942,2.760503463833274e-09,0.000239174277177135
2.761037603441739e-09,0.9998771441664114,2.761037603441739e-09,0.0002375102883927684
2.761530941732979e-09,0.9998780465179293,2.761530941732979e-09,0.0002341004096889959
2.762037246430623e-09,0.9998787856017342,2.762037246430623e-09,0.0002337769198192585
2.762564599977636e-09,0.9998793115398159,2.762564599977636e-09,0.0002311861977265536
2.763108077907095e-09,0.9998797594480887,2.763108077907095e-09,0.0002315309004579457
2.763634749902245e-09,0.9998800310146004,2.763634749902245e-09,0.0002295314943927542
2.764168488101574e-09,0.9998802818982808,2.764168488101574e-09,0.000230328196980166
2.764853640186112e-09,0.9998804579937072,2.764853640186112e-09,0.0002285530773934983
2.76537094248377e-09,0.9998805953572657,2.76537094248377e-09,0.0002296171593730249
2.765878544866168e-09,0.9998806465730621,2.765878544866168e-09,0.0002281331669818758
2.766378528197492e-09,0.9998807436691428,2.766378528197492e-09,0.000229312441804349
2.766925935013736e-09,0.999880780232155,2.766925935013736e-09,0.0002279064595787493
2.767444555711531e-09,0.9998808709462125,2.767444555711531e-09,0.0002291422786395027
2.767954299364781e-09,0.9998808568343553,2.767954299364781e-09,0.00022778382787073
2.768513672728262e-09,0.9998808164438913,2.768513672728262e-09,0.0002290306128676252
2.769009145383921e-09,0.9998807157883585,2.769009145383921e-09,0.0002276968875611574
2.769526630647341e-09,0.9998806319358274,2.769526630647341e-09,0.0002289669190327766
2.770006029820826e-09,0.9998805105425668,2.770006029820826e-09,0.0002276527094715984
2.770506665683404e-09,0.9998806067243609,2.770506665683404e-09,0.000228961817615746
2.771031812779341e-09,0.9998811840770482,2.771031812779341e-09,0.0002277473312431081
2.771586663616464e-09,0.9998829163857926,2.771586663616464e-09,0.0002292315210094047
2.772123087556315e-09,0.9998846453285121,2.772123087556315e-09,0.00022803488490505
2.772649573311502e-09,0.9998841754802494,2.772649573311502e-09,0.0002290457060075546
2.773320216093804e-09,0.9998794259495865,2.773320216093804e-09,0.0002270395748035284
2.773844846197049e-09,0.9998705711567701,2.773844846197049e-09,0.0002273511931814331
2.774345485172236e-09,0.9998573691667156,2.774345485172236e-09,0.0002249282382761671
2.774848214923012e-09,0.9998476168449125,2.774848214923012e-09,0.0002261744015883053
2.775385427280689e-09,0.9998629067415316,2.775385427280689e-09,0.0002286046794384403
2.775914756973307e-09,0.9999408446403599,2.775914756973307e-09,0.0002407149358236245
2.776431939435252e-09,1.000076589345372,2.776431939435252e-09,0.0002531118980363739
2.776976873958285e-09,1.000191360714047,2.776976873958285e-09,0.0002570385105623028
2.777684510263672e-09,1.000145673654159,2.777684510263672e-09,0.0002310518530096923
2.778192845424181e-09,0.9997620168538529,2.778192845424181e-09,0.0001739140527450605
2.778712517496323e-09,0.998864019417971,2.778712517496323e-09,7.017184699241364e-05
2.779209930671573e-09,0.9977272010286465,2.779209930671573e-09,-1.759489852926763e-05
2.779775868995773e-09,0.9973117389811119,2.779775868995773e-09,6.142281485734632e-05
2.78028281823e-09,0.9999618844363369,2.78028281823e-09,0.0005392181886001679
2.780785108433727e-09,1.006902176879643,2.780785108433727e-09,0.001409264705698796
2.78136464513988e-09,1.018693618109643,2.78136464513988e-09,0.002416976450627578
2.781853652946655e-09,1.029346739088721,2.781853652946655e-09,0.002895573224081129
2.782356893940515e-09,1.031396445683535,2.782356893940515e-09,0.001818531052526101
2.782846420347813e-09,1.01021363693488,2.782846420347813e-09,-0.00231078843205316
2.78334394088787e-09,0.9537185086552159,2.78334394088787e-09,-0.009938800341877666
2.78388360185385e-09,0.8518096290664432,2.78388360185385e-09,-0.01842342740252837
2.784415573338292e-09,0.7257488226868367,2.784415573338292e-09,-0.01403759026140469
2.784935593913284e-09,0.5915658080638945,2.784935593913284e-09,0.01510535066844734
2.785476888377662e-09,0.4452975852512503,2.785476888377662e-09,0.07809688305425318
2.786179058567274e-09,0.2742536634670151,2.786179058567274e-09,0.2079681255765612
2.786689475221384e-09,0.182729632300922,2.786689475221384e-09,0.3271962815516269
2.787205840684635e-09,0.1211819162178605,2.787205840684635e-09,0.4522257783151775
2.787703884986433e-09,0.084347749153744,2.787703884986433e-09,0.5699880989638263
2.788264438703856e-09,0.05794702861268877,2.788264438703856e-09,0.6816750555043135
2.78877388027492e-09,0.04178613835033874,2.78877388027492e-09,0.7590139526285888
2.789277694034116e-09,0.03041216749807159,2.789277694034116e-09,0.8162957079011451
2.789852682215865e-09,0.02113768468496158,2.789852682215865e-09,0.862891009992293
2.79033983928291e-09,0.01568746516839305,2.79033983928291e-09,0.8916688533812087
2.790847093515372e-09,0.01187037277089146,2.790847093515372e-09,0.9160568725018361
2.791332408832908e-09,0.009391705704391797,2.791332408832908e-09,0.9355086705499074
2.791831057699954e-09,0.007514809818656027,2.791831057699954e-09,0.9517967324635818
2.792365211806232e-09,0.005899576916628513,2.792365211806232e-09,0.9651796813335197
2.792904561829908e-09,0.004548547923469158,2.792904561829908e-09,0.9749831714976578
2.793429830258481e-09,0.003488507802464314,2.793429830258481e-09,0.9818489131410527
2.793964948507502e-09,0.002647355827048233,2.793964948507502e-09,0.9868818751442365
2.794655550982299e-09,0.001855901898996976,2.794655550982299e-09,0.9913951406602092
2.795170813435434e-09,0.001442167719532641,2.795170813435434e-09,0.9937473730267667
2.795680818389737e-09,0.001131083276992854,2.795680818389737e-09,0.9954514138960959
2.796180322370431e-09,0.000899143776754114,2.796180322370431e-09,0.996654741226109
2.796730670546463e-09,0.0007039330618186751,2.796730670546463e-09,0.997576581859716
2.797246755444704e-09,0.0005719544359336414,2.797246755444704e-09,0.998179316384208
2.797754783420076e-09,0.0004766941184503998,2.797754783420076e-09,0.9986045522462719
2.798319162076922e-09,0.0004041186357634033,2.798319162076922e-09,0.9989520631079943
2.798806650390495e-09,0.0003584316724768156,2.798806650390495e-09,0.9991710789766323
2.799321910728158e-09,0.000325292738933915,2.799321910728158e-09,0.9993505735059257
2.799801102542867e-09,0.0003008075820543872,2.799801102542867e-09,0.9994734076619098
2.800302484972043e-09,0.0002834596358587444,2.800302484972043e-09,0.9995741407995689
2.800827674825647e-09,0.0002681605676708024,2.800827674825647e-09,0.9996497809559427
2.801380831325463e-09,0.0002583183593475878,2.801380831325463e-09,0.9997126445218983
2.801915772780755e-09,0.0002496693682192989,2.801915772780755e-09,0.9997548814849569
2.80244315258036e-09,0.0002451893501613968,2.80244315258036e-09,0.9997895704976958
2.803116060045369e-09,0.0002390340611866959,2.803116060045369e-09,0.9998178480203448
2.803639518767549e-09,0.0002372175261846828,2.803639518767549e-09,0.999836334795296
2.804141101795633e-09,0.0002340812530241909,2.804141101795633e-09,0.9998461338280037
2.804643397864243e-09,0.000233538582138178,2.804643397864243e-09,0.9998567405344422
2.805181860983969e-09,0.0002312181393751872,2.805181860983969e-09,0.999861683993498
2.805709760003116e-09,0.0002313483473873119,2.805709760003116e-09,0.9998684928916022
2.806225762583922e-09,0.0002296379515923249,2.806225762583922e-09,0.9998701046589895
2.806772464754498e-09,0.0002301676405469047,2.806772464754498e-09,0.9998747196410445
2.807482737176048e-09,0.0002286504328053762,2.807482737176048e-09,0.9998752540081318
2.807989958021506e-09,0.0002294661927259541,2.807989958021506e-09,0.9998783430268529
2.808511324031303e-09,0.0002282437678308747,2.808511324031303e-09,0.9998773530953091
2.809008473397474e-09,0.0002291698592594569,2.809008473397474e-09,0.9998798870176356
2.809575894241876e-09,0.0002280226822914983,2.809575894241876e-09,0.9998785399315597
2.810083390125074e-09,0.0002290056833662287,2.810083390125074e-09,0.9998807831739585
2.810585248917028e-09,0.0002279051537136116,2.810585248917028e-09,0.9998791622945818
2.811167593772683e-09,0.0002288956864632885,2.811167593772683e-09,0.9998812671595517
2.811865322467429e-09,0.0002278090994729685,2.811865322467429e-09,0.9998795769307807
2.812356549654285e-09,0.0002288296370498866,2.812356549654285e-09,0.9998815466712746
2.812906489233631e-09,0.0002277749182708206,2.812906489233631e-09,0.9998797527403301
2.813402696471617e-09,0.0002288783126704629,2.813402696471617e-09,0.9998816891770256
2.814019820831222e-09,0.0002280066323134105,2.814019820831222e-09,0.9998798944869166
2.814546759104e-09,0.0002292021672513397,2.814546759104e-09,0.9998818036340206
2.815057979373122e-09,0.0002280117295156551,2.815057979373122e-09,0.9998799152100466
2.815687315147864e-09,0.0002284388623469801,2.815687315147864e-09,0.9998816842863264
2.816258287275317e-09,0.0002265119674503011,2.816258287275317e-09,0.9998797203783214
2.816742340471791e-09,0.0002265053404853504,2.816742340471791e-09,0.9998814669353944
2.817266666984764e-09,0.0002247007730143513,2.817266666984764e-09,0.9998796058995451
2.817773969790486e-09,0.0002279115784421517,2.817773969790486e-09,0.9998819846507847
2.818359786301744e-09,0.0002365590907175204,2.818359786301744e-09,0.9998817930702684
2.818913363352385e-09,0.0002517169693577617,2.818913363352385e-09,0.9998854703711511
2.819433714509296e-09,0.0002569818959706581,2.819433714509296e-09,0.9998834240135978
2.820080507138963e-09,0.0002420594726263691,2.820080507138963e-09,0.9998809711397845
2.820616402099627e-09,0.0001923426083460354,2.820616402099627e-09,0.9998706426790319
2.821108688189822e-09,0.0001072037524912319,2.821108688189822e-09,0.999859928374755
2.821615986220701e-09,2.390284111002522e-06,2.821615986220701e-09,0.9998470382723533
2.822141455339285e-09,-5.736315939932195e-06,2.822141455339285e-09,0.9998594801854368
2.822687792077569e-09,0.0003494172685927506,2.822687792077569e-09,0.9999304980722485
2.823216610110518e-09,0.001156972216530046,2.823216610110518e-09,1.000066540586326
2.823748583295774e-09,0.00213051877030323,2.823748583295774e-09,1.00018383178651
2.824430737230958e-09,0.002858640321964353,2.824430737230958e-09,1.000170695536378
2.824949307908545e-09,0.001672150028674884,2.824949307908545e-09,0.9998315308689085
2.825455503474522e-09,-0.002838519155390559,2.825455503474522e-09,0.9990255707750793
2.82595618504617e-09,-0.01074586370584106,2.82595618504617e-09,0.9978828490026503
2.826501258857216e-09,-0.0188204270322578,2.826501258857216e-09,0.9972015801925124
2.827022227515301e-09,-0.01272989034645566,2.827022227515301e-09,0.999305633083755
2.827533641448181e-09,0.01799018584917186,2.827533641448181e-09,1.005711412206996
2.828089700032665e-09,0.08531255270984446,2.828089700032665e-09,1.016642494548448
2.828588902761876e-09,0.1756032243840225,2.828588902761876e-09,1.027741263754434
2.829107909169418e-09,0.2929138948803868,2.829107909169418e-09,1.032082189785355
2.829586546949627e-09,0.4090511024048725,2.829586546949627e-09,1.015638722682925
2.83008942865136e-09,0.529878571664318,2.83008942865136e-09,0.9643729460721694
2.830612220254161e-09,0.6426372963438093,2.830612220254161e-09,0.8710067327951129
2.831169513631499e-09,0.7363144289537141,2.831169513631499e-09,0.7416838372147679
2.831707431274273e-09,0.8031416777974252,2.831707431274273e-09,0.6039555226792407
2.83223326319571e-09,0.850085672805142,2.83223326319571e-09,0.4619456803556525
2.832902117676712e-09,0.892046767436271,2.832902117676712e-09,0.2944658935054167
2.833427389338347e-09,0.9170587213027829,2.833427389338347e-09,0.1946676955128009
2.833927470528724e-09,0.936818189234769,2.833927470528724e-09,0.1305268209530075
2.834430536126113e-09,0.9529382469258968,2.834430536126113e-09,0.08981196463180068
2.834966747729974e-09,0.9660553773358022,2.834966747729974e-09,0.0624918983221807
2.835497455341369e-09,0.9754737827579968,2.835497455341369e-09,0.04434910095847513
2.836015484605776e-09,0.9821220613650868,2.836015484605776e-09,0.03197731756312359
2.836559248077855e-09,0.9871427162705237,2.836559248077855e-09,0.02267385445165246
2.837264954083512e-09,0.9916490583607476,2.837264954083512e-09,0.01468998903353349
2.837774001702449e-09,0.9939082324888028,2.837774001702449e-09,0.01117851343712435
2.838292521256431e-09,0.9955929464897979,2.838292521256431e-09,0.008757560281953923
2.838790210324618e-09,0.9967504187035733,2.838790210324618e-09,0.007026735811051145
2.839354220123987e-09,0.9976621987600802,2.839354220123987e-09,0.00542410974050123
2.839861932441241e-09,0.9982304630732315,2.839861932441241e-09,0.00423008383405664
2.840364727926483e-09,0.998640081920411,2.840364727926483e-09,0.00327948715680413
2.84094243432399e-09,0.9989826142110015,2.84094243432399e-09,0.002431905599489776
2.841430482724917e-09,0.9991964342796729,2.841430482724917e-09,0.001898568961683673
2.841935066269114e-09,0.9993646152303953,2.841935066269114e-09,0.001480182827193673
2.842423025077847e-09,0.9994878587780269,2.842423025077847e-09,0.001174863598067041
2.842920830529239e-09,0.9995825537453862,2.842920830529239e-09,0.0009311383365425426
2.843458349763158e-09,0.9996594112070477,2.843458349763158e-09,0.0007341197955060597
2.843992818003771e-09,0.9997162311851649,2.843992818003771e-09,0.0005873934203211316
2.844514759020892e-09,0.9997584892787107,2.844514759020892e-09,0.000487874920303256
2.845053358688218e-09,0.9997910390211449,2.845053358688218e-09,0.000412553720474268
2.84575128933456e-09,0.9998215157564809,2.84575128933456e-09,0.0003502598140281433
2.846263545456155e-09,0.9998369292246277,2.846263545456155e-09,0.0003172352215085309
2.84677731119551e-09,0.9998486252744816,2.84677731119551e-09,0.0002957942696190232
2.847275883244904e-09,0.9998567225039385,2.847275883244904e-09,0.0002774614138558866
2.847832271884162e-09,0.9998636522537799,2.847832271884162e-09,0.0002654589240742742
2.848344216067371e-09,0.9998680136872941,2.848344216067371e-09,0.0002546866554486535
2.848849615667183e-09,0.999871490885441,2.848849615667183e-09,0.0002496944969198674
2.849420542752227e-09,0.9998740348659381,2.849420542752227e-09,0.0002424730333779372
2.84990725945947e-09,0.9998758807046587,2.84990725945947e-09,0.0002405887224381695
2.850417871518188e-09,0.9998770155725843,2.850417871518188e-09,0.0002360809516260059
2.850900448848526e-09,0.9998781049034146,2.850900448848526e-09,0.0002356673619178876
2.851400188777177e-09,0.9998786483678009,2.851400188777177e-09,0.0002323749049923808
2.851930332962478e-09,0.9998793859916072,2.851930332962478e-09,0.0002327219337418645
2.852475337763731e-09,0.9998796418762699,2.852475337763731e-09,0.0002300874460976419
2.853004672071648e-09,0.9998801202200491,2.853004672071648e-09,0.0002310345800550066
2.853536020944631e-09,0.9998801716613105,2.853536020944631e-09,0.0002288699764770205
2.854218406289445e-09,0.9998805523797425,2.854218406289445e-09,0.0002300439827141522
2.854737186018083e-09,0.9998804885134859,2.854737186018083e-09,0.0002281514917945891
2.85524323900795e-09,0.999880745050977,2.85524323900795e-09,0.0002296147593542134
2.855743939393073e-09,0.9998806378627941,2.855743939393073e-09,0.0002278453390054902
2.856288426160221e-09,0.9998808807939522,2.856288426160221e-09,0.0002293821339207229
2.856809678903956e-09,0.9998807653890431,2.856809678903956e-09,0.000227675135472814
2.85732117679314e-09,0.9998809603793163,2.85732117679314e-09,0.0002292544779731337
2.85787643691235e-09,0.9998807137515373,2.85787643691235e-09,0.0002275653770721431
2.858376422339657e-09,0.9998808214380315,2.858376422339657e-09,0.000229163828027333
2.858895632810042e-09,0.9998805356092856,2.858895632810042e-09,0.0002275041973966308
2.859374041033715e-09,0.9998806102581288,2.859374041033715e-09,0.0002291147174157566
2.859877012776612e-09,0.9998804918003787,2.859877012776612e-09,0.0002274993409281734
2.86039945751958e-09,0.9998812758500115,2.86039945751958e-09,0.0002292067676608401
2.86095703813807e-09,0.9998827930369043,2.86095703813807e-09,0.0002277712239959844
2.861494925660335e-09,0.9998847391579228,2.861494925660335e-09,0.0002294922228306362
2.862020703735493e-09,0.9998840957096122,2.862020703735493e-09,0.0002275952567861233
2.862688943291017e-09,0.9998795974769091,2.862688943291017e-09,0.0002285015406007715
2.863214660253619e-09,0.9998705812442056,2.863214660253619e-09,0.0002259091665638186
2.86371432439846e-09,0.9998576622492394,2.86371432439846e-09,0.0002263945142980317
2.864217512318869e-09,0.9998475255768717,2.864217512318869e-09,0.0002247063455091279
2.86475326798858e-09,0.9998624786541257,2.86475326798858e-09,0.0002299652139513905
2.865284597629323e-09,0.9999396080435482,2.865284597629323e-09,0.000239126176355339
2.86580298241554e-09,1.000075376110758,2.86580298241554e-09,0.0002544416726304305
2.866346187289159e-09,1.000190474685339,2.866346187289159e-09,0.0002556650162759568
2.867050844146349e-09,1.000149118956094,2.867050844146349e-09,0.00023311760516127
2.867560316573672e-09,0.9997706639866392,2.867560316573672e-09,0.000173594990004733
2.868078174326697e-09,0.9988845251540664,2.868078174326697e-09,7.365215233851887e-05
2.868575886821382e-09,0.9977464788892254,2.868575886821382e-09,-1.817509705948777e-05
2.86913900428962e-09,0.9972912274337161,2.86913900428962e-09,5.699455954485597e-05
2.869647269300091e-09,0.9998670723163593,2.869647269300091e-09,0.0005239632592831723
2.870150246044193e-09,1.006727358062593,2.870150246044193e-09,0.001391382258723889
2.870727178657503e-09,1.018416222539664,2.870727178657503e-09,0.002397258807298536
2.871217199511019e-09,1.029135815774741,2.871217199511019e-09,0.002895284855489661
2.871722406926236e-09,1.031521260349424,2.871722406926236e-09,0.001861310021345455
2.872210024152141e-09,1.011064553202872,2.872210024152141e-09,-0.002169223016524651
2.872708060083075e-09,0.9553766452112141,2.872708060083075e-09,-0.009747979729292432
2.873245121001951e-09,0.8547679872153252,2.873245121001951e-09,-0.01829294395244854
2.873780524913176e-09,0.7282700546964885,2.873780524913176e-09,-0.01431959239842421
2.874302907453768e-09,0.5936465690963069,2.874302907453768e-09,0.01445708642248919
2.874841234884743e-09,0.4481821278807092,2.874841234884743e-09,0.07651529187100374
2.875538374155005e-09,0.2775373232335894,2.875538374155005e-09,0.2045246503628907
2.876050942552713e-09,0.1847037412406986,2.876050942552713e-09,0.3239139960710858
2.876564378242425e-09,0.1227278750411553,2.876564378242425e-09,0.4482977647020982
2.877063004143287e-09,0.08527088067148934,2.877063004143287e-09,0.5664311905296745
2.877618971593473e-09,0.05872785856691033,2.877618971593473e-09,0.6781057990198752
2.878131401819988e-09,0.04225068218297116,2.878131401819988e-09,0.7567053684799624
2.878636962314856e-09,0.030719198348904,2.878636962314856e-09,0.8147671405695825
2.879207648897569e-09,0.02140774470664469,2.879207648897569e-09,0.8615314344716449
2.87969455233611e-09,0.01587863591823457,2.87969455233611e-09,0.8905897043577101
2.880205633110851e-09,0.01197102816756134,2.880205633110851e-09,0.9153304538474287
2.880687917239093e-09,0.009478253746077981,2.880687917239093e-09,0.934798460188235
2.881187624620064e-09,0.007575858752596726,2.881187624620064e-09,0.9512585297949566
2.88171776093969e-09,0.005962891484151346,2.88171776093969e-09,0.9646979247481017
2.882263298297275e-09,0.004584662971198164,2.882263298297275e-09,0.9747323700816426
2.882792814676514e-09,0.003510954391372641,2.882792814676514e-09,0.9817185597742299
2.883324159193673e-09,0.002668232025975662,2.883324159193673e-09,0.9867553551851463
2.884006327348049e-09,0.001879692299586064,2.884006327348049e-09,0.9912668924364973
2.884525500328595e-09,0.001455633674792236,2.884525500328595e-09,0.9936658913199019
2.885031323765425e-09,0.001145167548334913,2.885031323765425e-09,0.9953825879339091
2.885531929667403e-09,0.0009079281419091366,2.885531929667403e-09,0.9966053657343433
2.886076513200279e-09,0.0007137134762528195,2.886076513200279e-09,0.9975369038351514
2.886598017872726e-09,0.0005763249758654119,2.886598017872726e-09,0.9981542093343444
2.887109474214707e-09,0.0004807866165577308,2.887109474214707e-09,0.9985910758874362
2.887664703294915e-09,0.000406471793022682,2.887664703294915e-09,0.9989350864136688
2.888165098197998e-09,0.0003606216366994017,2.888165098197998e-09,0.9991657655401696
2.888684555667231e-09,0.0003251189611966176,2.888684555667231e-09,0.9993454649927307
2.889162907806735e-09,0.0003022572614948901,2.889162907806735e-09,0.9994717347448878
2.889665716390041e-09,0.0002829579833449955,2.889665716390041e-09,0.9995707484954187
2.890188316024522e-09,0.0002693796716550634,2.890188316024522e-09,0.9996492925264748
2.890746037523883e-09,0.0002576029158691107,2.890746037523883e-09,0.9997103568036514
2.891284149742925e-09,0.0002506306443785475,2.891284149742925e-09,0.9997557684157655
2.891809742257119e-09,0.0002443859102092483,2.891809742257119e-09,0.9997877684356316
2.892478232410482e-09,0.0002399959293632892,2.892478232410482e-09,0.9998187275665321
2.893003922498564e-09,0.0002363881853613259,2.893003922498564e-09,0.9998346983416713
2.893503642372484e-09,0.0002350072051988567,2.893503642372484e-09,0.9998472321333813
2.894006752132754e-09,0.0002326907563862829,2.894006752132754e-09,0.9998552216870955
2.894542595301036e-09,0.0002321274907943389,2.894542595301036e-09,0.9998628739411963
2.895073814774402e-09,0.000230484550508795,2.895073814774402e-09,0.9998670647562777
2.895592088208728e-09,0.000230527674818686,2.895592088208728e-09,0.9998713952933366
2.896135323797974e-09,0.0002292974944508818,2.896135323797974e-09,0.9998733308872786
2.896840257685329e-09,0.0002295397273384871,2.896840257685329e-09,0.9998765426860492
2.89734963620275e-09,0.0002285921202592624,2.89734963620275e-09,0.9998769771959447
2.89786759949576e-09,0.0002291292045942324,2.89786759949576e-09,0.9998786578048713
2.898365302806249e-09,0.0002282938375977345,2.898365302806249e-09,0.9998785359031267
2.898928203876265e-09,0.0002289060757858078,2.898928203876265e-09,0.9998798502013374
2.899436384959219e-09,0.0002281283431314079,2.899436384959219e-09,0.999879442940543
2.899939295976577e-09,0.0002287870506813756,2.899939295976577e-09,0.9998804774208507
2.900516135839053e-09,0.000228018019259181,2.900516135839053e-09,0.9998799354796318
2.901004014193111e-09,0.0002287006943215383,2.901004014193111e-09,0.9998808413967261
2.901509245173512e-09,0.0002279591327589805,2.901509245173512e-09,0.999880187418117
2.901996320886124e-09,0.0002286549675861722,2.901996320886124e-09,0.9998810300535136
2.90249444942388e-09,0.0002279636521881214,2.90249444942388e-09,0.9998803382050953
2.903030646410382e-09,0.000228768963730201,2.903030646410382e-09,0.9998811636457527
2.903566717077807e-09,0.000228246122645371,2.903566717077807e-09,0.9998804696097116
2.904089674202702e-09,0.000229041091223275,2.904089674202702e-09,0.9998812498890165
2.90462701197799e-09,0.0002279904063027726,2.90462701197799e-09,0.9998804360781907
2.905322430980755e-09,0.0002279564090731713,2.905322430980755e-09,0.9998810955108066
2.905835548112877e-09,0.0002262250260997668,2.905835548112877e-09,0.9998802186297789
2.906347991777196e-09,0.0002257952773659477,2.906347991777196e-09,0.9998808697236642
2.906846875546739e-09,0.0002253562404519625,2.906846875546739e-09,0.9998803120827182
2.907400985232471e-09,0.0002307453528349293,2.907400985232471e-09,0.9998819829548238
2.9079143590997e-09,0.0002414108527651804,2.9079143590997e-09,0.9998830510645265
2.908420590376538e-09,0.0002555540324591456,2.908420590376538e-09,0.9998853396290175
2.90899010951194e-09,0.0002548101208123299,2.90899010951194e-09,0.9998829693473806
2.909476590355275e-09,0.0002400153529599415,2.909476590355275e-09,0.9998800057889774
2.909988797563948e-09,0.0001906346129816154,2.909988797563948e-09,0.999870840465386
2.910470062097254e-09,0.0001067561716560318,2.910470062097254e-09,0.9998593219596328
2.910970330055188e-09,4.400223178550986e-06,2.910970330055188e-09,0.9998477989486796
2.911498897900733e-09,-7.67860305156397e-06,2.911498897900733e-09,0.9998584693225701
2.912046460804684e-09,0.000341098722116901,2.912046460804684e-09,0.9999295366415629
2.912577330749861e-09,0.001145316338033714,2.912577330749861e-09,1.000064090096193
2.913107548919295e-09,0.002117267439757517,2.913107548919295e-09,1.000183337840684
2.913786665208827e-09,0.002859967321097621,2.913786665208827e-09,1.000173028699712
2.914307158225508e-09,0.001717364383973047,2.914307158225508e-09,0.9998412805181359
2.914811584962261e-09,-0.002701993254532044,2.914811584962261e-09,0.9990471090463824
2.91531289937647e-09,-0.01056773358483571,2.91531289937647e-09,0.9979057542210783
2.915855368596379e-09,-0.01873501874199453,2.915855368596379e-09,0.9971937080879137
2.916378876891853e-09,-0.01305994967725833,2.916378876891853e-09,0.9992290592488916
2.916892015885635e-09,0.01725195255871356,2.916892015885635e-09,1.005569846420012
2.917444279154907e-09,0.08345939082021278,2.917444279154907e-09,1.016374286018977
2.918164323468305e-09,0.2197900080190575,2.918164323468305e-09,1.030568220126561
2.918668400324944e-09,0.3385831988765459,2.918668400324944e-09,1.028339220138423
2.919195881064217e-09,0.4662479607347069,2.919195881064217e-09,0.9960268362790412
2.919692958951107e-09,0.5825440177172112,2.919692958951107e-09,0.9272749721992255
2.920266336179674e-09,0.6935512059339887,2.920266336179674e-09,0.8078421865528108
2.920776627795831e-09,0.7681190755332639,2.920776627795831e-09,0.6825678354752009
2.92127834382929e-09,0.8227774514387034,2.92127834382929e-09,0.5503540895273321
2.921873189336689e-09,0.8686996584690573,2.921873189336689e-09,0.3907054030027182
2.92254108149907e-09,0.9054384990300447,2.92254108149907e-09,0.2396780426579814
2.923028052053665e-09,0.926609274061766,2.923028052053665e-09,0.1621466347023093
2.923589920568974e-09,0.946593554181378,2.923589920568974e-09,0.1045856718419244
2.924087018265283e-09,0.9604145841909293,2.924087018265283e-09,0.07385236843977581
2.924704479590705e-09,0.9729031339260694,2.924704479590705e-09,0.04920006689007874
2.925237111318841e-09,0.9804382860894234,2.925237111318841e-09,0.03510326866141712
2.925752181526569e-09,0.9856913208221564,2.925752181526569e-09,0.02537189653946209
2.926383387828327e-09,0.9902486705518413,2.926383387828327e-09,0.01707996612371408
2.926942818737967e-09,0.9930891216046359,2.926942818737967e-09,0.01242412585001287
2.927427792941015e-09,0.994894077111391,2.927427792941015e-09,0.009781788745066061
2.927945778537244e-09,0.9962945629571329,2.927945778537244e-09,0.007745691573980121
2.928457748864567e-09,0.9972716843767149,2.928457748864567e-09,0.006158935317891571
2.929031413400957e-09,0.9980254169942446,2.929031413400957e-09,0.004685027502466061
2.929579316138214e-09,0.998525621366657,2.929579316138214e-09,0.003556549658191032
2.930102035850679e-09,0.9988688791124655,2.930102035850679e-09,0.002717310201695462
2.930757173000122e-09,0.9991799132483741,2.930757173000122e-09,0.00193903659552947
2.931288457688679e-09,0.9993594288911284,2.931288457688679e-09,0.001492478689268822
2.931783745187016e-09,0.9994861982167258,2.931783745187016e-09,0.001178018633000918
2.932289013920575e-09,0.9995820049569055,2.932289013920575e-09,0.0009326215497963366
2.932818815848201e-09,0.9996586311456704,2.932818815848201e-09,0.0007355148235664936
2.933358181597183e-09,0.9997155261724417,2.933358181597183e-09,0.0005893534150256548
2.933882116902573e-09,0.9997586748775812,2.933882116902573e-09,0.0004867251511053306
2.934418322763302e-09,0.9997904789390568,2.934418322763302e-09,0.0004140960170029603
2.935109638779092e-09,0.9998214522429214,2.935109638779092e-09,0.0003496545566247028
2.935624292459203e-09,0.9998363805403422,2.935624292459203e-09,0.0003188096600268944
2.936134837492215e-09,0.9998487286894094,2.936134837492215e-09,0.0002949151232176147
2.936634155674043e-09,0.9998562455112074,2.936634155674043e-09,0.0002789561402112377
2.937185802396362e-09,0.9998638193724462,2.937185802396362e-09,0.0002644968450282094
2.937701088013834e-09,0.9998676013712229,2.937701088013834e-09,0.0002560833825527062
2.938208639032231e-09,0.9998717607703581,2.938208639032231e-09,0.0002485458285978109
2.938774979234455e-09,0.9998736579301318,2.938774979234455e-09,0.0002438209175104452
2.939261202561999e-09,0.9998761591967229,2.939261202561999e-09,0.0002394388309133521
2.939775877645024e-09,0.9998766740264701,2.939775877645024e-09,0.0002373675219982429
2.940255492417849e-09,0.9998784024952327,2.940255492417849e-09,0.000234481592939479
2.940756446398833e-09,0.9998783159412664,2.940756446398833e-09,0.0002336452725344754
2.941282811182851e-09,0.9998796888418408,2.941282811182851e-09,0.0002315227755399453
2.941834475263352e-09,0.9998793197195576,2.941834475263352e-09,0.0002313356637443233
2.942368356879326e-09,0.9998804335649865,2.942368356879326e-09,0.0002298090049395389
2.942896451466137e-09,0.9998798543238022,2.942896451466137e-09,0.0002301082004128875
2.943570707265067e-09,0.9998808624419195,2.943570707265067e-09,0.0002288241643256482
2.944093435332414e-09,0.9998801733854747,2.944093435332414e-09,0.0002293861901865449
2.944595694872276e-09,0.9998810549166723,2.944595694872276e-09,0.0002283924970039352
2.945097556736135e-09,0.9998803244384559,2.945097556736135e-09,0.0002290755411195135
2.94563706334798e-09,0.9998811884907821,2.94563706334798e-09,0.000228159972160927
2.946163617917309e-09,0.9998804542107365,2.946163617917309e-09,0.000228901606135689
2.94667871493065e-09,0.9998812694267127,2.94667871493065e-09,0.0002280324570033402
2.94722658563676e-09,0.9998804103944514,2.94722658563676e-09,0.0002287896192540324
2.947939152093721e-09,0.9998811078378165,2.947939152093721e-09,0.0002279330021396123
2.948445646477821e-09,0.9998801873900971,2.948445646477821e-09,0.000228714882506023
2.948968234439009e-09,0.9998808898717262,2.948968234439009e-09,0.0002278918993569522
2.949465398324844e-09,0.9998803389127341,2.949465398324844e-09,0.0002287402386526819
2.950033905950766e-09,0.9998821928411954,2.950033905950766e-09,0.0002280619503493973
2.950541838282887e-09,0.9998832399128998,2.950541838282887e-09,0.0002290508586905098
2.951043652947033e-09,0.9998854253744208,2.951043652947033e-09,0.0002282664550158217
2.951628542818461e-09,0.9998825081920609,2.951628542818461e-09,0.0002285524768986045
2.952320365379159e-09,0.9998766112193757,2.952320365379159e-09,0.0002269324633382312
2.952810872186058e-09,0.9998653742326561,2.952810872186058e-09,0.0002266666116052338
2.953362181229962e-09,0.9998512437496729,2.953362181229962e-09,0.0002248316806941255
2.953858684588489e-09,0.9998486194203281,2.953858684588489e-09,0.0002269260122321766
2.954479097121605e-09,0.999904083309114,2.954479097121605e-09,0.0002347899599017745
2.955007352290013e-09,1.000021436512853,2.955007352290013e-09,0.0002491053156502308
2.955520101103655e-09,1.000154964425193,2.955520101103655e-09,0.0002571107181488378
2.956148874041078e-09,1.000205485920815,2.956148874041078e-09,0.0002472584936005129
2.956716922970692e-09,0.999984436522626,2.956716922970692e-09,0.0002041280658768802
2.957201793714492e-09,0.9993956605126983,2.957201793714492e-09,0.0001290841878658328
2.957723103895517e-09,0.9982712144386736,2.957723103895517e-09,1.646240517789842e-05
2.958232415480539e-09,0.9972597148457325,2.958232415480539e-09,-2.299732604410255e-05
2.958814721275642e-09,0.9983730179617476,2.958814721275642e-09,0.0002800756776654297
2.959369137402797e-09,1.004046094496576,2.959369137402797e-09,0.001070824453122253
2.959890312882633e-09,1.01364843305687,2.959890312882633e-09,0.002036721462726193
2.960539316439361e-09,1.027705512575105,2.960539316439361e-09,0.002851299213533195
2.961073535462412e-09,1.03157761679664,2.961073535462412e-09,0.001993186824355469
2.961566831986546e-09,1.012749160928007,2.961566831986546e-09,-0.001834934969118077
2.962073238766886e-09,0.9579024132021309,2.962073238766886e-09,-0.009413256194907085
2.96260045546166e-09,0.8606398328613667,2.96260045546166e-09,-0.01799407874414501
2.963144180870386e-09,0.7329957288989386,2.963144180870386e-09,-0.01479405390887135
2.963671012087832e-09,0.5975453386097418,2.963671012087832e-09,0.01326409498832344
2.964204669718008e-09,0.4533729968431995,2.964204669718008e-09,0.07371709136356397
2.964890301202838e-09,0.2840201519814372,2.964890301202838e-09,0.1978585828564624
2.96540750723167e-09,0.188551936340264,2.96540750723167e-09,0.317627099753179
2.965915283575432e-09,0.1257622921767533,2.965915283575432e-09,0.4407387171639606
2.966415327181834e-09,0.08706372534174753,2.966415327181834e-09,0.5596210923388484
2.966962925693887e-09,0.06022841368546791,2.966962925693887e-09,0.6712737656748479
2.96748171394627e-09,0.04312240528372319,2.96748171394627e-09,0.7523962328415149
2.967991466565032e-09,0.03126393274445147,2.967991466565032e-09,0.8120142446344152
2.968551280773747e-09,0.02194066473127789,2.968551280773747e-09,0.8588511300781734
2.969046210447447e-09,0.01617124775350408,2.969046210447447e-09,0.8889370746572952
2.969563585687066e-09,0.01212333887916761,2.969563585687066e-09,0.9142466007949707
2.970042562928677e-09,0.009600720200394869,2.970042562928677e-09,0.9337728431216603
2.970544514756647e-09,0.007662034409228938,2.970544514756647e-09,0.9505055444986925
2.971068942681151e-09,0.00604995185384306,2.971068942681151e-09,0.9640136394408054
2.971623745385173e-09,0.004635650346709648,2.971623745385173e-09,0.9743947278374525
2.972159584662028e-09,0.00353905858201323,2.972159584662028e-09,0.9815482519412944
2.972686535023977e-09,0.002696402941394733,2.972686535023977e-09,0.9865979006311167
2.973357742058769e-09,0.001909015695129554,2.973357742058769e-09,0.9910995856131487
2.97388218640225e-09,0.001474209573593838,2.97388218640225e-09,0.993564676941823
2.974383024609239e-09,0.00116150472657847,2.974383024609239e-09,0.9952933527632446
2.974885545731128e-09,0.0009202133591127216,2.974885545731128e-09,0.9965462811396961
2.975422932046669e-09,0.0007245013587265365,2.975422932046669e-09,0.9974850539043053
2.975952127314611e-09,0.0005829540511454554,2.975952127314611e-09,0.9981262053761164
2.976468898237188e-09,0.0004840936641744377,2.976468898237188e-09,0.9985738020964455
2.977014088313696e-09,0.0004104607264837456,2.977014088313696e-09,0.998917861019891
2.977722356408443e-09,0.0003468096187424352,2.977722356408443e-09,0.9992334103889411
2.97823043896491e-09,0.000316311440050289,2.97823043896491e-09,0.9993937838813007
2.978750320983684e-09,0.0002934681006047738,2.978750320983684e-09,0.9995164278769342
2.979247637077345e-09,0.0002771597017553029,2.979247637077345e-09,0.9996043437949813
2.979813775600001e-09,0.0002636580660250552,2.979813775600001e-09,0.9996786687092107
2.98032080796052e-09,0.0002548243822831409,2.98032080796052e-09,0.9997286175267279
2.980822991321644e-09,0.0002484345643037547,2.980822991321644e-09,0.9997663297079872
2.981402794713798e-09,0.0002428643023233112,2.981402794713798e-09,0.9997991536052765
2.98189390406417e-09,0.0002394503186640159,2.98189390406417e-09,0.9998195476949699
2.982396567933659e-09,0.0002366571359293228,2.982396567933659e-09,0.9998354489791569
2.982886910823519e-09,0.0002346735618308562,2.982886910823519e-09,0.9998468139488327
2.983384252431866e-09,0.0002330264053161714,2.983384252431866e-09,0.9998556058201535
2.983924861905247e-09,0.0002318012827584223,2.983924861905247e-09,0.9998624352580755
2.984455670513934e-09,0.0002308088120387722,2.984455670513934e-09,0.9998675166134616
2.984974855598323e-09,0.0002302022717505892,2.984974855598323e-09,0.9998709592269618
2.985517276910623e-09,0.0002296212265855989,2.985517276910623e-09,0.9998737815898938
2.986221809947198e-09,0.0002292159050595366,2.986221809947198e-09,0.9998760998124673
2.98673138099428e-09,0.0002289154563220494,2.98673138099428e-09,0.9998774246964963
2.987249027849835e-09,0.0002288059057694621,2.987249027849835e-09,0.9998782149599046
2.987746810805934e-09,0.0002286166845583901,2.987746810805934e-09,0.9998789810442943
2.98830913288363e-09,0.0002285833577240347,2.98830913288363e-09,0.9998794073277252
2.988817565463923e-09,0.0002284507270458279,2.988817565463923e-09,0.9998798862228998
2.989320671590038e-09,0.0002284648540290882,2.989320671590038e-09,0.9998800355933041
2.989897022508044e-09,0.0002283399639284321,2.989897022508044e-09,0.9998803773716496
2.990384657263069e-09,0.0002283790925230834,2.990384657263069e-09,0.9998804001829534
2.990890315208933e-09,0.0002282805008215953,2.990890315208933e-09,0.9998806281201277
2.991376961911534e-09,0.0002283338944764717,2.991376961911534e-09,0.9998805899122533
2.991875233302147e-09,0.0002282841032219735,2.991875233302147e-09,0.9998807776504348
2.992410803332186e-09,0.0002284476049257089,2.992410803332186e-09,0.9998807244117768
2.992947626071378e-09,0.0002285654585597829,2.992947626071378e-09,0.9998809079732816
2.993471166937258e-09,0.0002287210362152246,2.993471166937258e-09,0.9998808119652928
2.994007812632656e-09,0.0002283129467750708,2.994007812632656e-09,0.999880874091677
2.99470185860404e-09,0.0002276417891495869,2.99470185860404e-09,0.9998806589287986
2.995215500931082e-09,0.0002265511476061193,2.995215500931082e-09,0.9998806559289223
2.995727236570884e-09,0.0002254834346678942,2.995727236570884e-09,0.9998804340613752
2.99622630768783e-09,0.0002256633823024178,2.99622630768783e-09,0.9998807443845504
2.996779264430544e-09,0.0002303523428262072,2.996779264430544e-09,0.999881534912164
2.997293376239326e-09,0.0002416238294226937,2.997293376239326e-09,0.9998834707781413
2.997800130680036e-09,0.0002551424187903528,2.997800130680036e-09,0.9998848971911299
2.998368703511935e-09,0.0002552217612471217,2.998368703511935e-09,0.9998834334007023
2.998854996572623e-09,0.0002399293622265647,2.998854996572623e-09,0.9998796181360583
2.999368111033912e-09,0.0001914869057527253,2.999368111033912e-09,0.9998713605920363
2.999684055516956e-09,0.0001402594807832306,2.999684055516956e-09,0.9998634885959219
3e-09,6.718381692328664e-05,3e-09,0.9998534768142402
