freq,imag(leafValue( i("PORT1:p" ?result "sweepVG_ac1-sweep" ?resultsDir "./cgs_nmos_vdd.raw") "VG_VAL" 0.2 ))/(2*3.14*xval(leafValue( i("PORT1:p" ?result "sweepVG_ac1-sweep" ?resultsDir "./cgs_nmos_vdd.raw") "VG_VAL" 0.2 ))*1m),imag(leafValue( i("PORT1:p" ?result "sweepVG_ac1-sweep" ?resultsDir "./cgs_nmos_vdd.raw") "VG_VAL" 0.4 ))/(2*3.14*xval(leafValue( i("PORT1:p" ?result "sweepVG_ac1-sweep" ?resultsDir "./cgs_nmos_vdd.raw") "VG_VAL" 0.4 ))*1m),imag(leafValue( i("PORT1:p" ?result "sweepVG_ac1-sweep" ?resultsDir "./cgs_nmos_vdd.raw") "VG_VAL" 0.6 ))/(2*3.14*xval(leafValue( i("PORT1:p" ?result "sweepVG_ac1-sweep" ?resultsDir "./cgs_nmos_vdd.raw") "VG_VAL" 0.6 ))*1m),imag(leafValue( i("PORT1:p" ?result "sweepVG_ac1-sweep" ?resultsDir "./cgs_nmos_vdd.raw") "VG_VAL" 0.8 ))/(2*3.14*xval(leafValue( i("PORT1:p" ?result "sweepVG_ac1-sweep" ?resultsDir "./cgs_nmos_vdd.raw") "VG_VAL" 0.8 ))*1m)
100.0,-27.63E-18,-33.42E-18,-35.75E-18,-38.79E-18
1.100E3,-27.63E-18,-33.42E-18,-35.75E-18,-38.79E-18
2.100E3,-27.63E-18,-33.42E-18,-35.75E-18,-38.79E-18
3.100E3,-27.63E-18,-33.42E-18,-35.75E-18,-38.79E-18
4.100E3,-27.63E-18,-33.42E-18,-35.75E-18,-38.79E-18
5.100E3,-27.63E-18,-33.42E-18,-35.75E-18,-38.79E-18
6.100E3,-27.63E-18,-33.42E-18,-35.75E-18,-38.79E-18
7.100E3,-27.63E-18,-33.42E-18,-35.75E-18,-38.79E-18
8.100E3,-27.63E-18,-33.42E-18,-35.75E-18,-38.79E-18
9.100E3,-27.63E-18,-33.42E-18,-35.75E-18,-38.79E-18
10.10E3,-27.63E-18,-33.42E-18,-35.75E-18,-38.79E-18
11.10E3,-27.63E-18,-33.42E-18,-35.75E-18,-38.79E-18
12.10E3,-27.63E-18,-33.42E-18,-35.75E-18,-38.79E-18
13.10E3,-27.63E-18,-33.42E-18,-35.75E-18,-38.79E-18
14.10E3,-27.63E-18,-33.42E-18,-35.75E-18,-38.79E-18
15.10E3,-27.63E-18,-33.42E-18,-35.75E-18,-38.79E-18
16.10E3,-27.63E-18,-33.42E-18,-35.75E-18,-38.79E-18
17.10E3,-27.63E-18,-33.42E-18,-35.75E-18,-38.79E-18
18.10E3,-27.63E-18,-33.42E-18,-35.75E-18,-38.79E-18
19.10E3,-27.63E-18,-33.42E-18,-35.75E-18,-38.79E-18
20.10E3,-27.63E-18,-33.42E-18,-35.75E-18,-38.79E-18
21.10E3,-27.63E-18,-33.42E-18,-35.75E-18,-38.79E-18
22.10E3,-27.63E-18,-33.42E-18,-35.75E-18,-38.79E-18
23.10E3,-27.63E-18,-33.42E-18,-35.75E-18,-38.79E-18
24.10E3,-27.63E-18,-33.42E-18,-35.75E-18,-38.79E-18
25.10E3,-27.63E-18,-33.42E-18,-35.75E-18,-38.79E-18
26.10E3,-27.63E-18,-33.42E-18,-35.75E-18,-38.79E-18
27.10E3,-27.63E-18,-33.42E-18,-35.75E-18,-38.79E-18
28.10E3,-27.63E-18,-33.42E-18,-35.75E-18,-38.79E-18
29.10E3,-27.63E-18,-33.42E-18,-35.75E-18,-38.79E-18
30.10E3,-27.63E-18,-33.42E-18,-35.75E-18,-38.79E-18
31.10E3,-27.63E-18,-33.42E-18,-35.75E-18,-38.79E-18
32.10E3,-27.63E-18,-33.42E-18,-35.75E-18,-38.79E-18
33.10E3,-27.63E-18,-33.42E-18,-35.75E-18,-38.79E-18
34.10E3,-27.63E-18,-33.42E-18,-35.75E-18,-38.79E-18
35.10E3,-27.63E-18,-33.42E-18,-35.75E-18,-38.79E-18
36.10E3,-27.63E-18,-33.42E-18,-35.75E-18,-38.79E-18
37.10E3,-27.63E-18,-33.42E-18,-35.75E-18,-38.79E-18
38.10E3,-27.63E-18,-33.42E-18,-35.75E-18,-38.79E-18
39.10E3,-27.63E-18,-33.42E-18,-35.75E-18,-38.79E-18
40.10E3,-27.63E-18,-33.42E-18,-35.75E-18,-38.79E-18
41.10E3,-27.63E-18,-33.42E-18,-35.75E-18,-38.79E-18
42.10E3,-27.63E-18,-33.42E-18,-35.75E-18,-38.79E-18
43.10E3,-27.63E-18,-33.42E-18,-35.75E-18,-38.79E-18
44.10E3,-27.63E-18,-33.42E-18,-35.75E-18,-38.79E-18
45.10E3,-27.63E-18,-33.42E-18,-35.75E-18,-38.79E-18
46.10E3,-27.63E-18,-33.42E-18,-35.75E-18,-38.79E-18
47.10E3,-27.63E-18,-33.42E-18,-35.75E-18,-38.79E-18
48.10E3,-27.63E-18,-33.42E-18,-35.75E-18,-38.79E-18
49.10E3,-27.63E-18,-33.42E-18,-35.75E-18,-38.79E-18
50.10E3,-27.63E-18,-33.42E-18,-35.75E-18,-38.79E-18
51.10E3,-27.63E-18,-33.42E-18,-35.75E-18,-38.79E-18
52.10E3,-27.63E-18,-33.42E-18,-35.75E-18,-38.79E-18
53.10E3,-27.63E-18,-33.42E-18,-35.75E-18,-38.79E-18
54.10E3,-27.63E-18,-33.42E-18,-35.75E-18,-38.79E-18
55.10E3,-27.63E-18,-33.42E-18,-35.75E-18,-38.79E-18
56.10E3,-27.63E-18,-33.42E-18,-35.75E-18,-38.79E-18
57.10E3,-27.63E-18,-33.42E-18,-35.75E-18,-38.79E-18
58.10E3,-27.63E-18,-33.42E-18,-35.75E-18,-38.79E-18
59.10E3,-27.63E-18,-33.42E-18,-35.75E-18,-38.79E-18
60.10E3,-27.63E-18,-33.42E-18,-35.75E-18,-38.79E-18
61.10E3,-27.63E-18,-33.42E-18,-35.75E-18,-38.79E-18
62.10E3,-27.63E-18,-33.42E-18,-35.75E-18,-38.79E-18
63.10E3,-27.63E-18,-33.42E-18,-35.75E-18,-38.79E-18
64.10E3,-27.63E-18,-33.42E-18,-35.75E-18,-38.79E-18
65.10E3,-27.63E-18,-33.42E-18,-35.75E-18,-38.79E-18
66.10E3,-27.63E-18,-33.42E-18,-35.75E-18,-38.79E-18
67.10E3,-27.63E-18,-33.42E-18,-35.75E-18,-38.79E-18
68.10E3,-27.63E-18,-33.42E-18,-35.75E-18,-38.79E-18
69.10E3,-27.63E-18,-33.42E-18,-35.75E-18,-38.79E-18
70.10E3,-27.63E-18,-33.42E-18,-35.75E-18,-38.79E-18
71.10E3,-27.63E-18,-33.42E-18,-35.75E-18,-38.79E-18
72.10E3,-27.63E-18,-33.42E-18,-35.75E-18,-38.79E-18
73.10E3,-27.63E-18,-33.42E-18,-35.75E-18,-38.79E-18
74.10E3,-27.63E-18,-33.42E-18,-35.75E-18,-38.79E-18
75.10E3,-27.63E-18,-33.42E-18,-35.75E-18,-38.79E-18
76.10E3,-27.63E-18,-33.42E-18,-35.75E-18,-38.79E-18
77.10E3,-27.63E-18,-33.42E-18,-35.75E-18,-38.79E-18
78.10E3,-27.63E-18,-33.42E-18,-35.75E-18,-38.79E-18
79.10E3,-27.63E-18,-33.42E-18,-35.75E-18,-38.79E-18
80.10E3,-27.63E-18,-33.42E-18,-35.75E-18,-38.79E-18
81.10E3,-27.63E-18,-33.42E-18,-35.75E-18,-38.79E-18
82.10E3,-27.63E-18,-33.42E-18,-35.75E-18,-38.79E-18
83.10E3,-27.63E-18,-33.42E-18,-35.75E-18,-38.79E-18
84.10E3,-27.63E-18,-33.42E-18,-35.75E-18,-38.79E-18
85.10E3,-27.63E-18,-33.42E-18,-35.75E-18,-38.79E-18
86.10E3,-27.63E-18,-33.42E-18,-35.75E-18,-38.79E-18
87.10E3,-27.63E-18,-33.42E-18,-35.75E-18,-38.79E-18
88.10E3,-27.63E-18,-33.42E-18,-35.75E-18,-38.79E-18
89.10E3,-27.63E-18,-33.42E-18,-35.75E-18,-38.79E-18
90.10E3,-27.63E-18,-33.42E-18,-35.75E-18,-38.79E-18
91.10E3,-27.63E-18,-33.42E-18,-35.75E-18,-38.79E-18
92.10E3,-27.63E-18,-33.42E-18,-35.75E-18,-38.79E-18
93.10E3,-27.63E-18,-33.42E-18,-35.75E-18,-38.79E-18
94.10E3,-27.63E-18,-33.42E-18,-35.75E-18,-38.79E-18
95.10E3,-27.63E-18,-33.42E-18,-35.75E-18,-38.79E-18
96.10E3,-27.63E-18,-33.42E-18,-35.75E-18,-38.79E-18
97.10E3,-27.63E-18,-33.42E-18,-35.75E-18,-38.79E-18
98.10E3,-27.63E-18,-33.42E-18,-35.75E-18,-38.79E-18
99.10E3,-27.63E-18,-33.42E-18,-35.75E-18,-38.79E-18
100.1E3,-27.63E-18,-33.42E-18,-35.75E-18,-38.79E-18
101.1E3,-27.63E-18,-33.42E-18,-35.75E-18,-38.79E-18
102.1E3,-27.63E-18,-33.42E-18,-35.75E-18,-38.79E-18
103.1E3,-27.63E-18,-33.42E-18,-35.75E-18,-38.79E-18
104.1E3,-27.63E-18,-33.42E-18,-35.75E-18,-38.79E-18
105.1E3,-27.63E-18,-33.42E-18,-35.75E-18,-38.79E-18
106.1E3,-27.63E-18,-33.42E-18,-35.75E-18,-38.79E-18
107.1E3,-27.63E-18,-33.42E-18,-35.75E-18,-38.79E-18
108.1E3,-27.63E-18,-33.42E-18,-35.75E-18,-38.79E-18
109.1E3,-27.63E-18,-33.42E-18,-35.75E-18,-38.79E-18
110.1E3,-27.63E-18,-33.42E-18,-35.75E-18,-38.79E-18
111.1E3,-27.63E-18,-33.42E-18,-35.75E-18,-38.79E-18
112.1E3,-27.63E-18,-33.42E-18,-35.75E-18,-38.79E-18
113.1E3,-27.63E-18,-33.42E-18,-35.75E-18,-38.79E-18
114.1E3,-27.63E-18,-33.42E-18,-35.75E-18,-38.79E-18
115.1E3,-27.63E-18,-33.42E-18,-35.75E-18,-38.79E-18
116.1E3,-27.63E-18,-33.42E-18,-35.75E-18,-38.79E-18
117.1E3,-27.63E-18,-33.42E-18,-35.75E-18,-38.79E-18
118.1E3,-27.63E-18,-33.42E-18,-35.75E-18,-38.79E-18
119.1E3,-27.63E-18,-33.42E-18,-35.75E-18,-38.79E-18
120.1E3,-27.63E-18,-33.42E-18,-35.75E-18,-38.79E-18
121.1E3,-27.63E-18,-33.42E-18,-35.75E-18,-38.79E-18
122.1E3,-27.63E-18,-33.42E-18,-35.75E-18,-38.79E-18
123.1E3,-27.63E-18,-33.42E-18,-35.75E-18,-38.79E-18
124.1E3,-27.63E-18,-33.42E-18,-35.75E-18,-38.79E-18
125.1E3,-27.63E-18,-33.42E-18,-35.75E-18,-38.79E-18
126.1E3,-27.63E-18,-33.42E-18,-35.75E-18,-38.79E-18
127.1E3,-27.63E-18,-33.42E-18,-35.75E-18,-38.79E-18
128.1E3,-27.63E-18,-33.42E-18,-35.75E-18,-38.79E-18
129.1E3,-27.63E-18,-33.42E-18,-35.75E-18,-38.79E-18
130.1E3,-27.63E-18,-33.42E-18,-35.75E-18,-38.79E-18
131.1E3,-27.63E-18,-33.42E-18,-35.75E-18,-38.79E-18
132.1E3,-27.63E-18,-33.42E-18,-35.75E-18,-38.79E-18
133.1E3,-27.63E-18,-33.42E-18,-35.75E-18,-38.79E-18
134.1E3,-27.63E-18,-33.42E-18,-35.75E-18,-38.79E-18
135.1E3,-27.63E-18,-33.42E-18,-35.75E-18,-38.79E-18
136.1E3,-27.63E-18,-33.42E-18,-35.75E-18,-38.79E-18
137.1E3,-27.63E-18,-33.42E-18,-35.75E-18,-38.79E-18
138.1E3,-27.63E-18,-33.42E-18,-35.75E-18,-38.79E-18
139.1E3,-27.63E-18,-33.42E-18,-35.75E-18,-38.79E-18
140.1E3,-27.63E-18,-33.42E-18,-35.75E-18,-38.79E-18
141.1E3,-27.63E-18,-33.42E-18,-35.75E-18,-38.79E-18
142.1E3,-27.63E-18,-33.42E-18,-35.75E-18,-38.79E-18
143.1E3,-27.63E-18,-33.42E-18,-35.75E-18,-38.79E-18
144.1E3,-27.63E-18,-33.42E-18,-35.75E-18,-38.79E-18
145.1E3,-27.63E-18,-33.42E-18,-35.75E-18,-38.79E-18
146.1E3,-27.63E-18,-33.42E-18,-35.75E-18,-38.79E-18
147.1E3,-27.63E-18,-33.42E-18,-35.75E-18,-38.79E-18
148.1E3,-27.63E-18,-33.42E-18,-35.75E-18,-38.79E-18
149.1E3,-27.63E-18,-33.42E-18,-35.75E-18,-38.79E-18
150.1E3,-27.63E-18,-33.42E-18,-35.75E-18,-38.79E-18
151.1E3,-27.63E-18,-33.42E-18,-35.75E-18,-38.79E-18
152.1E3,-27.63E-18,-33.42E-18,-35.75E-18,-38.79E-18
153.1E3,-27.63E-18,-33.42E-18,-35.75E-18,-38.79E-18
154.1E3,-27.63E-18,-33.42E-18,-35.75E-18,-38.79E-18
155.1E3,-27.63E-18,-33.42E-18,-35.75E-18,-38.79E-18
156.1E3,-27.63E-18,-33.42E-18,-35.75E-18,-38.79E-18
157.1E3,-27.63E-18,-33.42E-18,-35.75E-18,-38.79E-18
158.1E3,-27.63E-18,-33.42E-18,-35.75E-18,-38.79E-18
159.1E3,-27.63E-18,-33.42E-18,-35.75E-18,-38.79E-18
160.1E3,-27.63E-18,-33.42E-18,-35.75E-18,-38.79E-18
161.1E3,-27.63E-18,-33.42E-18,-35.75E-18,-38.79E-18
162.1E3,-27.63E-18,-33.42E-18,-35.75E-18,-38.79E-18
163.1E3,-27.63E-18,-33.42E-18,-35.75E-18,-38.79E-18
164.1E3,-27.63E-18,-33.42E-18,-35.75E-18,-38.79E-18
165.1E3,-27.63E-18,-33.42E-18,-35.75E-18,-38.79E-18
166.1E3,-27.63E-18,-33.42E-18,-35.75E-18,-38.79E-18
167.1E3,-27.63E-18,-33.42E-18,-35.75E-18,-38.79E-18
168.1E3,-27.63E-18,-33.42E-18,-35.75E-18,-38.79E-18
169.1E3,-27.63E-18,-33.42E-18,-35.75E-18,-38.79E-18
170.1E3,-27.63E-18,-33.42E-18,-35.75E-18,-38.79E-18
171.1E3,-27.63E-18,-33.42E-18,-35.75E-18,-38.79E-18
172.1E3,-27.63E-18,-33.42E-18,-35.75E-18,-38.79E-18
173.1E3,-27.63E-18,-33.42E-18,-35.75E-18,-38.79E-18
174.1E3,-27.63E-18,-33.42E-18,-35.75E-18,-38.79E-18
175.1E3,-27.63E-18,-33.42E-18,-35.75E-18,-38.79E-18
176.1E3,-27.63E-18,-33.42E-18,-35.75E-18,-38.79E-18
177.1E3,-27.63E-18,-33.42E-18,-35.75E-18,-38.79E-18
178.1E3,-27.63E-18,-33.42E-18,-35.75E-18,-38.79E-18
179.1E3,-27.63E-18,-33.42E-18,-35.75E-18,-38.79E-18
180.1E3,-27.63E-18,-33.42E-18,-35.75E-18,-38.79E-18
181.1E3,-27.63E-18,-33.42E-18,-35.75E-18,-38.79E-18
182.1E3,-27.63E-18,-33.42E-18,-35.75E-18,-38.79E-18
183.1E3,-27.63E-18,-33.42E-18,-35.75E-18,-38.79E-18
184.1E3,-27.63E-18,-33.42E-18,-35.75E-18,-38.79E-18
185.1E3,-27.63E-18,-33.42E-18,-35.75E-18,-38.79E-18
186.1E3,-27.63E-18,-33.42E-18,-35.75E-18,-38.79E-18
187.1E3,-27.63E-18,-33.42E-18,-35.75E-18,-38.79E-18
188.1E3,-27.63E-18,-33.42E-18,-35.75E-18,-38.79E-18
189.1E3,-27.63E-18,-33.42E-18,-35.75E-18,-38.79E-18
190.1E3,-27.63E-18,-33.42E-18,-35.75E-18,-38.79E-18
191.1E3,-27.63E-18,-33.42E-18,-35.75E-18,-38.79E-18
192.1E3,-27.63E-18,-33.42E-18,-35.75E-18,-38.79E-18
193.1E3,-27.63E-18,-33.42E-18,-35.75E-18,-38.79E-18
194.1E3,-27.63E-18,-33.42E-18,-35.75E-18,-38.79E-18
195.1E3,-27.63E-18,-33.42E-18,-35.75E-18,-38.79E-18
196.1E3,-27.63E-18,-33.42E-18,-35.75E-18,-38.79E-18
197.1E3,-27.63E-18,-33.42E-18,-35.75E-18,-38.79E-18
198.1E3,-27.63E-18,-33.42E-18,-35.75E-18,-38.79E-18
199.1E3,-27.63E-18,-33.42E-18,-35.75E-18,-38.79E-18
200.1E3,-27.63E-18,-33.42E-18,-35.75E-18,-38.79E-18
201.1E3,-27.63E-18,-33.42E-18,-35.75E-18,-38.79E-18
202.1E3,-27.63E-18,-33.42E-18,-35.75E-18,-38.79E-18
203.1E3,-27.63E-18,-33.42E-18,-35.75E-18,-38.79E-18
204.1E3,-27.63E-18,-33.42E-18,-35.75E-18,-38.79E-18
205.1E3,-27.63E-18,-33.42E-18,-35.75E-18,-38.79E-18
206.1E3,-27.63E-18,-33.42E-18,-35.75E-18,-38.79E-18
207.1E3,-27.63E-18,-33.42E-18,-35.75E-18,-38.79E-18
208.1E3,-27.63E-18,-33.42E-18,-35.75E-18,-38.79E-18
209.1E3,-27.63E-18,-33.42E-18,-35.75E-18,-38.79E-18
210.1E3,-27.63E-18,-33.42E-18,-35.75E-18,-38.79E-18
211.1E3,-27.63E-18,-33.42E-18,-35.75E-18,-38.79E-18
212.1E3,-27.63E-18,-33.42E-18,-35.75E-18,-38.79E-18
213.1E3,-27.63E-18,-33.42E-18,-35.75E-18,-38.79E-18
214.1E3,-27.63E-18,-33.42E-18,-35.75E-18,-38.79E-18
215.1E3,-27.63E-18,-33.42E-18,-35.75E-18,-38.79E-18
216.1E3,-27.63E-18,-33.42E-18,-35.75E-18,-38.79E-18
217.1E3,-27.63E-18,-33.42E-18,-35.75E-18,-38.79E-18
218.1E3,-27.63E-18,-33.42E-18,-35.75E-18,-38.79E-18
219.1E3,-27.63E-18,-33.42E-18,-35.75E-18,-38.79E-18
220.1E3,-27.63E-18,-33.42E-18,-35.75E-18,-38.79E-18
221.1E3,-27.63E-18,-33.42E-18,-35.75E-18,-38.79E-18
222.1E3,-27.63E-18,-33.42E-18,-35.75E-18,-38.79E-18
223.1E3,-27.63E-18,-33.42E-18,-35.75E-18,-38.79E-18
224.1E3,-27.63E-18,-33.42E-18,-35.75E-18,-38.79E-18
225.1E3,-27.63E-18,-33.42E-18,-35.75E-18,-38.79E-18
226.1E3,-27.63E-18,-33.42E-18,-35.75E-18,-38.79E-18
227.1E3,-27.63E-18,-33.42E-18,-35.75E-18,-38.79E-18
228.1E3,-27.63E-18,-33.42E-18,-35.75E-18,-38.79E-18
229.1E3,-27.63E-18,-33.42E-18,-35.75E-18,-38.79E-18
230.1E3,-27.63E-18,-33.42E-18,-35.75E-18,-38.79E-18
231.1E3,-27.63E-18,-33.42E-18,-35.75E-18,-38.79E-18
232.1E3,-27.63E-18,-33.42E-18,-35.75E-18,-38.79E-18
233.1E3,-27.63E-18,-33.42E-18,-35.75E-18,-38.79E-18
234.1E3,-27.63E-18,-33.42E-18,-35.75E-18,-38.79E-18
235.1E3,-27.63E-18,-33.42E-18,-35.75E-18,-38.79E-18
236.1E3,-27.63E-18,-33.42E-18,-35.75E-18,-38.79E-18
237.1E3,-27.63E-18,-33.42E-18,-35.75E-18,-38.79E-18
238.1E3,-27.63E-18,-33.42E-18,-35.75E-18,-38.79E-18
239.1E3,-27.63E-18,-33.42E-18,-35.75E-18,-38.79E-18
240.1E3,-27.63E-18,-33.42E-18,-35.75E-18,-38.79E-18
241.1E3,-27.63E-18,-33.42E-18,-35.75E-18,-38.79E-18
242.1E3,-27.63E-18,-33.42E-18,-35.75E-18,-38.79E-18
243.1E3,-27.63E-18,-33.42E-18,-35.75E-18,-38.79E-18
244.1E3,-27.63E-18,-33.42E-18,-35.75E-18,-38.79E-18
245.1E3,-27.63E-18,-33.42E-18,-35.75E-18,-38.79E-18
246.1E3,-27.63E-18,-33.42E-18,-35.75E-18,-38.79E-18
247.1E3,-27.63E-18,-33.42E-18,-35.75E-18,-38.79E-18
248.1E3,-27.63E-18,-33.42E-18,-35.75E-18,-38.79E-18
249.1E3,-27.63E-18,-33.42E-18,-35.75E-18,-38.79E-18
250.1E3,-27.63E-18,-33.42E-18,-35.75E-18,-38.79E-18
251.1E3,-27.63E-18,-33.42E-18,-35.75E-18,-38.79E-18
252.1E3,-27.63E-18,-33.42E-18,-35.75E-18,-38.79E-18
253.1E3,-27.63E-18,-33.42E-18,-35.75E-18,-38.79E-18
254.1E3,-27.63E-18,-33.42E-18,-35.75E-18,-38.79E-18
255.1E3,-27.63E-18,-33.42E-18,-35.75E-18,-38.79E-18
256.1E3,-27.63E-18,-33.42E-18,-35.75E-18,-38.79E-18
257.1E3,-27.63E-18,-33.42E-18,-35.75E-18,-38.79E-18
258.1E3,-27.63E-18,-33.42E-18,-35.75E-18,-38.79E-18
259.1E3,-27.63E-18,-33.42E-18,-35.75E-18,-38.79E-18
260.1E3,-27.63E-18,-33.42E-18,-35.75E-18,-38.79E-18
261.1E3,-27.63E-18,-33.42E-18,-35.75E-18,-38.79E-18
262.1E3,-27.63E-18,-33.42E-18,-35.75E-18,-38.79E-18
263.1E3,-27.63E-18,-33.42E-18,-35.75E-18,-38.79E-18
264.1E3,-27.63E-18,-33.42E-18,-35.75E-18,-38.79E-18
265.1E3,-27.63E-18,-33.42E-18,-35.75E-18,-38.79E-18
266.1E3,-27.63E-18,-33.42E-18,-35.75E-18,-38.79E-18
267.1E3,-27.63E-18,-33.42E-18,-35.75E-18,-38.79E-18
268.1E3,-27.63E-18,-33.42E-18,-35.75E-18,-38.79E-18
269.1E3,-27.63E-18,-33.42E-18,-35.75E-18,-38.79E-18
270.1E3,-27.63E-18,-33.42E-18,-35.75E-18,-38.79E-18
271.1E3,-27.63E-18,-33.42E-18,-35.75E-18,-38.79E-18
272.1E3,-27.63E-18,-33.42E-18,-35.75E-18,-38.79E-18
273.1E3,-27.63E-18,-33.42E-18,-35.75E-18,-38.79E-18
274.1E3,-27.63E-18,-33.42E-18,-35.75E-18,-38.79E-18
275.1E3,-27.63E-18,-33.42E-18,-35.75E-18,-38.79E-18
276.1E3,-27.63E-18,-33.42E-18,-35.75E-18,-38.79E-18
277.1E3,-27.63E-18,-33.42E-18,-35.75E-18,-38.79E-18
278.1E3,-27.63E-18,-33.42E-18,-35.75E-18,-38.79E-18
279.1E3,-27.63E-18,-33.42E-18,-35.75E-18,-38.79E-18
280.1E3,-27.63E-18,-33.42E-18,-35.75E-18,-38.79E-18
281.1E3,-27.63E-18,-33.42E-18,-35.75E-18,-38.79E-18
282.1E3,-27.63E-18,-33.42E-18,-35.75E-18,-38.79E-18
283.1E3,-27.63E-18,-33.42E-18,-35.75E-18,-38.79E-18
284.1E3,-27.63E-18,-33.42E-18,-35.75E-18,-38.79E-18
285.1E3,-27.63E-18,-33.42E-18,-35.75E-18,-38.79E-18
286.1E3,-27.63E-18,-33.42E-18,-35.75E-18,-38.79E-18
287.1E3,-27.63E-18,-33.42E-18,-35.75E-18,-38.79E-18
288.1E3,-27.63E-18,-33.42E-18,-35.75E-18,-38.79E-18
289.1E3,-27.63E-18,-33.42E-18,-35.75E-18,-38.79E-18
290.1E3,-27.63E-18,-33.42E-18,-35.75E-18,-38.79E-18
291.1E3,-27.63E-18,-33.42E-18,-35.75E-18,-38.79E-18
292.1E3,-27.63E-18,-33.42E-18,-35.75E-18,-38.79E-18
293.1E3,-27.63E-18,-33.42E-18,-35.75E-18,-38.79E-18
294.1E3,-27.63E-18,-33.42E-18,-35.75E-18,-38.79E-18
295.1E3,-27.63E-18,-33.42E-18,-35.75E-18,-38.79E-18
296.1E3,-27.63E-18,-33.42E-18,-35.75E-18,-38.79E-18
297.1E3,-27.63E-18,-33.42E-18,-35.75E-18,-38.79E-18
298.1E3,-27.63E-18,-33.42E-18,-35.75E-18,-38.79E-18
299.1E3,-27.63E-18,-33.42E-18,-35.75E-18,-38.79E-18
300.1E3,-27.63E-18,-33.42E-18,-35.75E-18,-38.79E-18
301.1E3,-27.63E-18,-33.42E-18,-35.75E-18,-38.79E-18
302.1E3,-27.63E-18,-33.42E-18,-35.75E-18,-38.79E-18
303.1E3,-27.63E-18,-33.42E-18,-35.75E-18,-38.79E-18
304.1E3,-27.63E-18,-33.42E-18,-35.75E-18,-38.79E-18
305.1E3,-27.63E-18,-33.42E-18,-35.75E-18,-38.79E-18
306.1E3,-27.63E-18,-33.42E-18,-35.75E-18,-38.79E-18
307.1E3,-27.63E-18,-33.42E-18,-35.75E-18,-38.79E-18
308.1E3,-27.63E-18,-33.42E-18,-35.75E-18,-38.79E-18
309.1E3,-27.63E-18,-33.42E-18,-35.75E-18,-38.79E-18
310.1E3,-27.63E-18,-33.42E-18,-35.75E-18,-38.79E-18
311.1E3,-27.63E-18,-33.42E-18,-35.75E-18,-38.79E-18
312.1E3,-27.63E-18,-33.42E-18,-35.75E-18,-38.79E-18
313.1E3,-27.63E-18,-33.42E-18,-35.75E-18,-38.79E-18
314.1E3,-27.63E-18,-33.42E-18,-35.75E-18,-38.79E-18
315.1E3,-27.63E-18,-33.42E-18,-35.75E-18,-38.79E-18
316.1E3,-27.63E-18,-33.42E-18,-35.75E-18,-38.79E-18
317.1E3,-27.63E-18,-33.42E-18,-35.75E-18,-38.79E-18
318.1E3,-27.63E-18,-33.42E-18,-35.75E-18,-38.79E-18
319.1E3,-27.63E-18,-33.42E-18,-35.75E-18,-38.79E-18
320.1E3,-27.63E-18,-33.42E-18,-35.75E-18,-38.79E-18
321.1E3,-27.63E-18,-33.42E-18,-35.75E-18,-38.79E-18
322.1E3,-27.63E-18,-33.42E-18,-35.75E-18,-38.79E-18
323.1E3,-27.63E-18,-33.42E-18,-35.75E-18,-38.79E-18
324.1E3,-27.63E-18,-33.42E-18,-35.75E-18,-38.79E-18
325.1E3,-27.63E-18,-33.42E-18,-35.75E-18,-38.79E-18
326.1E3,-27.63E-18,-33.42E-18,-35.75E-18,-38.79E-18
327.1E3,-27.63E-18,-33.42E-18,-35.75E-18,-38.79E-18
328.1E3,-27.63E-18,-33.42E-18,-35.75E-18,-38.79E-18
329.1E3,-27.63E-18,-33.42E-18,-35.75E-18,-38.79E-18
330.1E3,-27.63E-18,-33.42E-18,-35.75E-18,-38.79E-18
331.1E3,-27.63E-18,-33.42E-18,-35.75E-18,-38.79E-18
332.1E3,-27.63E-18,-33.42E-18,-35.75E-18,-38.79E-18
333.1E3,-27.63E-18,-33.42E-18,-35.75E-18,-38.79E-18
334.1E3,-27.63E-18,-33.42E-18,-35.75E-18,-38.79E-18
335.1E3,-27.63E-18,-33.42E-18,-35.75E-18,-38.79E-18
336.1E3,-27.63E-18,-33.42E-18,-35.75E-18,-38.79E-18
337.1E3,-27.63E-18,-33.42E-18,-35.75E-18,-38.79E-18
338.1E3,-27.63E-18,-33.42E-18,-35.75E-18,-38.79E-18
339.1E3,-27.63E-18,-33.42E-18,-35.75E-18,-38.79E-18
340.1E3,-27.63E-18,-33.42E-18,-35.75E-18,-38.79E-18
341.1E3,-27.63E-18,-33.42E-18,-35.75E-18,-38.79E-18
342.1E3,-27.63E-18,-33.42E-18,-35.75E-18,-38.79E-18
343.1E3,-27.63E-18,-33.42E-18,-35.75E-18,-38.79E-18
344.1E3,-27.63E-18,-33.42E-18,-35.75E-18,-38.79E-18
345.1E3,-27.63E-18,-33.42E-18,-35.75E-18,-38.79E-18
346.1E3,-27.63E-18,-33.42E-18,-35.75E-18,-38.79E-18
347.1E3,-27.63E-18,-33.42E-18,-35.75E-18,-38.79E-18
348.1E3,-27.63E-18,-33.42E-18,-35.75E-18,-38.79E-18
349.1E3,-27.63E-18,-33.42E-18,-35.75E-18,-38.79E-18
350.1E3,-27.63E-18,-33.42E-18,-35.75E-18,-38.79E-18
351.1E3,-27.63E-18,-33.42E-18,-35.75E-18,-38.79E-18
352.1E3,-27.63E-18,-33.42E-18,-35.75E-18,-38.79E-18
353.1E3,-27.63E-18,-33.42E-18,-35.75E-18,-38.79E-18
354.1E3,-27.63E-18,-33.42E-18,-35.75E-18,-38.79E-18
355.1E3,-27.63E-18,-33.42E-18,-35.75E-18,-38.79E-18
356.1E3,-27.63E-18,-33.42E-18,-35.75E-18,-38.79E-18
357.1E3,-27.63E-18,-33.42E-18,-35.75E-18,-38.79E-18
358.1E3,-27.63E-18,-33.42E-18,-35.75E-18,-38.79E-18
359.1E3,-27.63E-18,-33.42E-18,-35.75E-18,-38.79E-18
360.1E3,-27.63E-18,-33.42E-18,-35.75E-18,-38.79E-18
361.1E3,-27.63E-18,-33.42E-18,-35.75E-18,-38.79E-18
362.1E3,-27.63E-18,-33.42E-18,-35.75E-18,-38.79E-18
363.1E3,-27.63E-18,-33.42E-18,-35.75E-18,-38.79E-18
364.1E3,-27.63E-18,-33.42E-18,-35.75E-18,-38.79E-18
365.1E3,-27.63E-18,-33.42E-18,-35.75E-18,-38.79E-18
366.1E3,-27.63E-18,-33.42E-18,-35.75E-18,-38.79E-18
367.1E3,-27.63E-18,-33.42E-18,-35.75E-18,-38.79E-18
368.1E3,-27.63E-18,-33.42E-18,-35.75E-18,-38.79E-18
369.1E3,-27.63E-18,-33.42E-18,-35.75E-18,-38.79E-18
370.1E3,-27.63E-18,-33.42E-18,-35.75E-18,-38.79E-18
371.1E3,-27.63E-18,-33.42E-18,-35.75E-18,-38.79E-18
372.1E3,-27.63E-18,-33.42E-18,-35.75E-18,-38.79E-18
373.1E3,-27.63E-18,-33.42E-18,-35.75E-18,-38.79E-18
374.1E3,-27.63E-18,-33.42E-18,-35.75E-18,-38.79E-18
375.1E3,-27.63E-18,-33.42E-18,-35.75E-18,-38.79E-18
376.1E3,-27.63E-18,-33.42E-18,-35.75E-18,-38.79E-18
377.1E3,-27.63E-18,-33.42E-18,-35.75E-18,-38.79E-18
378.1E3,-27.63E-18,-33.42E-18,-35.75E-18,-38.79E-18
379.1E3,-27.63E-18,-33.42E-18,-35.75E-18,-38.79E-18
380.1E3,-27.63E-18,-33.42E-18,-35.75E-18,-38.79E-18
381.1E3,-27.63E-18,-33.42E-18,-35.75E-18,-38.79E-18
382.1E3,-27.63E-18,-33.42E-18,-35.75E-18,-38.79E-18
383.1E3,-27.63E-18,-33.42E-18,-35.75E-18,-38.79E-18
384.1E3,-27.63E-18,-33.42E-18,-35.75E-18,-38.79E-18
385.1E3,-27.63E-18,-33.42E-18,-35.75E-18,-38.79E-18
386.1E3,-27.63E-18,-33.42E-18,-35.75E-18,-38.79E-18
387.1E3,-27.63E-18,-33.42E-18,-35.75E-18,-38.79E-18
388.1E3,-27.63E-18,-33.42E-18,-35.75E-18,-38.79E-18
389.1E3,-27.63E-18,-33.42E-18,-35.75E-18,-38.79E-18
390.1E3,-27.63E-18,-33.42E-18,-35.75E-18,-38.79E-18
391.1E3,-27.63E-18,-33.42E-18,-35.75E-18,-38.79E-18
392.1E3,-27.63E-18,-33.42E-18,-35.75E-18,-38.79E-18
393.1E3,-27.63E-18,-33.42E-18,-35.75E-18,-38.79E-18
394.1E3,-27.63E-18,-33.42E-18,-35.75E-18,-38.79E-18
395.1E3,-27.63E-18,-33.42E-18,-35.75E-18,-38.79E-18
396.1E3,-27.63E-18,-33.42E-18,-35.75E-18,-38.79E-18
397.1E3,-27.63E-18,-33.42E-18,-35.75E-18,-38.79E-18
398.1E3,-27.63E-18,-33.42E-18,-35.75E-18,-38.79E-18
399.1E3,-27.63E-18,-33.42E-18,-35.75E-18,-38.79E-18
400.1E3,-27.63E-18,-33.42E-18,-35.75E-18,-38.79E-18
401.1E3,-27.63E-18,-33.42E-18,-35.75E-18,-38.79E-18
402.1E3,-27.63E-18,-33.42E-18,-35.75E-18,-38.79E-18
403.1E3,-27.63E-18,-33.42E-18,-35.75E-18,-38.79E-18
404.1E3,-27.63E-18,-33.42E-18,-35.75E-18,-38.79E-18
405.1E3,-27.63E-18,-33.42E-18,-35.75E-18,-38.79E-18
406.1E3,-27.63E-18,-33.42E-18,-35.75E-18,-38.79E-18
407.1E3,-27.63E-18,-33.42E-18,-35.75E-18,-38.79E-18
408.1E3,-27.63E-18,-33.42E-18,-35.75E-18,-38.79E-18
409.1E3,-27.63E-18,-33.42E-18,-35.75E-18,-38.79E-18
410.1E3,-27.63E-18,-33.42E-18,-35.75E-18,-38.79E-18
411.1E3,-27.63E-18,-33.42E-18,-35.75E-18,-38.79E-18
412.1E3,-27.63E-18,-33.42E-18,-35.75E-18,-38.79E-18
413.1E3,-27.63E-18,-33.42E-18,-35.75E-18,-38.79E-18
414.1E3,-27.63E-18,-33.42E-18,-35.75E-18,-38.79E-18
415.1E3,-27.63E-18,-33.42E-18,-35.75E-18,-38.79E-18
416.1E3,-27.63E-18,-33.42E-18,-35.75E-18,-38.79E-18
417.1E3,-27.63E-18,-33.42E-18,-35.75E-18,-38.79E-18
418.1E3,-27.63E-18,-33.42E-18,-35.75E-18,-38.79E-18
419.1E3,-27.63E-18,-33.42E-18,-35.75E-18,-38.79E-18
420.1E3,-27.63E-18,-33.42E-18,-35.75E-18,-38.79E-18
421.1E3,-27.63E-18,-33.42E-18,-35.75E-18,-38.79E-18
422.1E3,-27.63E-18,-33.42E-18,-35.75E-18,-38.79E-18
423.1E3,-27.63E-18,-33.42E-18,-35.75E-18,-38.79E-18
424.1E3,-27.63E-18,-33.42E-18,-35.75E-18,-38.79E-18
425.1E3,-27.63E-18,-33.42E-18,-35.75E-18,-38.79E-18
426.1E3,-27.63E-18,-33.42E-18,-35.75E-18,-38.79E-18
427.1E3,-27.63E-18,-33.42E-18,-35.75E-18,-38.79E-18
428.1E3,-27.63E-18,-33.42E-18,-35.75E-18,-38.79E-18
429.1E3,-27.63E-18,-33.42E-18,-35.75E-18,-38.79E-18
430.1E3,-27.63E-18,-33.42E-18,-35.75E-18,-38.79E-18
431.1E3,-27.63E-18,-33.42E-18,-35.75E-18,-38.79E-18
432.1E3,-27.63E-18,-33.42E-18,-35.75E-18,-38.79E-18
433.1E3,-27.63E-18,-33.42E-18,-35.75E-18,-38.79E-18
434.1E3,-27.63E-18,-33.42E-18,-35.75E-18,-38.79E-18
435.1E3,-27.63E-18,-33.42E-18,-35.75E-18,-38.79E-18
436.1E3,-27.63E-18,-33.42E-18,-35.75E-18,-38.79E-18
437.1E3,-27.63E-18,-33.42E-18,-35.75E-18,-38.79E-18
438.1E3,-27.63E-18,-33.42E-18,-35.75E-18,-38.79E-18
439.1E3,-27.63E-18,-33.42E-18,-35.75E-18,-38.79E-18
440.1E3,-27.63E-18,-33.42E-18,-35.75E-18,-38.79E-18
441.1E3,-27.63E-18,-33.42E-18,-35.75E-18,-38.79E-18
442.1E3,-27.63E-18,-33.42E-18,-35.75E-18,-38.79E-18
443.1E3,-27.63E-18,-33.42E-18,-35.75E-18,-38.79E-18
444.1E3,-27.63E-18,-33.42E-18,-35.75E-18,-38.79E-18
445.1E3,-27.63E-18,-33.42E-18,-35.75E-18,-38.79E-18
446.1E3,-27.63E-18,-33.42E-18,-35.75E-18,-38.79E-18
447.1E3,-27.63E-18,-33.42E-18,-35.75E-18,-38.79E-18
448.1E3,-27.63E-18,-33.42E-18,-35.75E-18,-38.79E-18
449.1E3,-27.63E-18,-33.42E-18,-35.75E-18,-38.79E-18
450.1E3,-27.63E-18,-33.42E-18,-35.75E-18,-38.79E-18
451.1E3,-27.63E-18,-33.42E-18,-35.75E-18,-38.79E-18
452.1E3,-27.63E-18,-33.42E-18,-35.75E-18,-38.79E-18
453.1E3,-27.63E-18,-33.42E-18,-35.75E-18,-38.79E-18
454.1E3,-27.63E-18,-33.42E-18,-35.75E-18,-38.79E-18
455.1E3,-27.63E-18,-33.42E-18,-35.75E-18,-38.79E-18
456.1E3,-27.63E-18,-33.42E-18,-35.75E-18,-38.79E-18
457.1E3,-27.63E-18,-33.42E-18,-35.75E-18,-38.79E-18
458.1E3,-27.63E-18,-33.42E-18,-35.75E-18,-38.79E-18
459.1E3,-27.63E-18,-33.42E-18,-35.75E-18,-38.79E-18
460.1E3,-27.63E-18,-33.42E-18,-35.75E-18,-38.79E-18
461.1E3,-27.63E-18,-33.42E-18,-35.75E-18,-38.79E-18
462.1E3,-27.63E-18,-33.42E-18,-35.75E-18,-38.79E-18
463.1E3,-27.63E-18,-33.42E-18,-35.75E-18,-38.79E-18
464.1E3,-27.63E-18,-33.42E-18,-35.75E-18,-38.79E-18
465.1E3,-27.63E-18,-33.42E-18,-35.75E-18,-38.79E-18
466.1E3,-27.63E-18,-33.42E-18,-35.75E-18,-38.79E-18
467.1E3,-27.63E-18,-33.42E-18,-35.75E-18,-38.79E-18
468.1E3,-27.63E-18,-33.42E-18,-35.75E-18,-38.79E-18
469.1E3,-27.63E-18,-33.42E-18,-35.75E-18,-38.79E-18
470.1E3,-27.63E-18,-33.42E-18,-35.75E-18,-38.79E-18
471.1E3,-27.63E-18,-33.42E-18,-35.75E-18,-38.79E-18
472.1E3,-27.63E-18,-33.42E-18,-35.75E-18,-38.79E-18
473.1E3,-27.63E-18,-33.42E-18,-35.75E-18,-38.79E-18
474.1E3,-27.63E-18,-33.42E-18,-35.75E-18,-38.79E-18
475.1E3,-27.63E-18,-33.42E-18,-35.75E-18,-38.79E-18
476.1E3,-27.63E-18,-33.42E-18,-35.75E-18,-38.79E-18
477.1E3,-27.63E-18,-33.42E-18,-35.75E-18,-38.79E-18
478.1E3,-27.63E-18,-33.42E-18,-35.75E-18,-38.79E-18
479.1E3,-27.63E-18,-33.42E-18,-35.75E-18,-38.79E-18
480.1E3,-27.63E-18,-33.42E-18,-35.75E-18,-38.79E-18
481.1E3,-27.63E-18,-33.42E-18,-35.75E-18,-38.79E-18
482.1E3,-27.63E-18,-33.42E-18,-35.75E-18,-38.79E-18
483.1E3,-27.63E-18,-33.42E-18,-35.75E-18,-38.79E-18
484.1E3,-27.63E-18,-33.42E-18,-35.75E-18,-38.79E-18
485.1E3,-27.63E-18,-33.42E-18,-35.75E-18,-38.79E-18
486.1E3,-27.63E-18,-33.42E-18,-35.75E-18,-38.79E-18
487.1E3,-27.63E-18,-33.42E-18,-35.75E-18,-38.79E-18
488.1E3,-27.63E-18,-33.42E-18,-35.75E-18,-38.79E-18
489.1E3,-27.63E-18,-33.42E-18,-35.75E-18,-38.79E-18
490.1E3,-27.63E-18,-33.42E-18,-35.75E-18,-38.79E-18
491.1E3,-27.63E-18,-33.42E-18,-35.75E-18,-38.79E-18
492.1E3,-27.63E-18,-33.42E-18,-35.75E-18,-38.79E-18
493.1E3,-27.63E-18,-33.42E-18,-35.75E-18,-38.79E-18
494.1E3,-27.63E-18,-33.42E-18,-35.75E-18,-38.79E-18
495.1E3,-27.63E-18,-33.42E-18,-35.75E-18,-38.79E-18
496.1E3,-27.63E-18,-33.42E-18,-35.75E-18,-38.79E-18
497.1E3,-27.63E-18,-33.42E-18,-35.75E-18,-38.79E-18
498.1E3,-27.63E-18,-33.42E-18,-35.75E-18,-38.79E-18
499.1E3,-27.63E-18,-33.42E-18,-35.75E-18,-38.79E-18
500.1E3,-27.63E-18,-33.42E-18,-35.75E-18,-38.79E-18
501.1E3,-27.63E-18,-33.42E-18,-35.75E-18,-38.79E-18
502.1E3,-27.63E-18,-33.42E-18,-35.75E-18,-38.79E-18
503.1E3,-27.63E-18,-33.42E-18,-35.75E-18,-38.79E-18
504.1E3,-27.63E-18,-33.42E-18,-35.75E-18,-38.79E-18
505.1E3,-27.63E-18,-33.42E-18,-35.75E-18,-38.79E-18
506.1E3,-27.63E-18,-33.42E-18,-35.75E-18,-38.79E-18
507.1E3,-27.63E-18,-33.42E-18,-35.75E-18,-38.79E-18
508.1E3,-27.63E-18,-33.42E-18,-35.75E-18,-38.79E-18
509.1E3,-27.63E-18,-33.42E-18,-35.75E-18,-38.79E-18
510.1E3,-27.63E-18,-33.42E-18,-35.75E-18,-38.79E-18
511.1E3,-27.63E-18,-33.42E-18,-35.75E-18,-38.79E-18
512.1E3,-27.63E-18,-33.42E-18,-35.75E-18,-38.79E-18
513.1E3,-27.63E-18,-33.42E-18,-35.75E-18,-38.79E-18
514.1E3,-27.63E-18,-33.42E-18,-35.75E-18,-38.79E-18
515.1E3,-27.63E-18,-33.42E-18,-35.75E-18,-38.79E-18
516.1E3,-27.63E-18,-33.42E-18,-35.75E-18,-38.79E-18
517.1E3,-27.63E-18,-33.42E-18,-35.75E-18,-38.79E-18
518.1E3,-27.63E-18,-33.42E-18,-35.75E-18,-38.79E-18
519.1E3,-27.63E-18,-33.42E-18,-35.75E-18,-38.79E-18
520.1E3,-27.63E-18,-33.42E-18,-35.75E-18,-38.79E-18
521.1E3,-27.63E-18,-33.42E-18,-35.75E-18,-38.79E-18
522.1E3,-27.63E-18,-33.42E-18,-35.75E-18,-38.79E-18
523.1E3,-27.63E-18,-33.42E-18,-35.75E-18,-38.79E-18
524.1E3,-27.63E-18,-33.42E-18,-35.75E-18,-38.79E-18
525.1E3,-27.63E-18,-33.42E-18,-35.75E-18,-38.79E-18
526.1E3,-27.63E-18,-33.42E-18,-35.75E-18,-38.79E-18
527.1E3,-27.63E-18,-33.42E-18,-35.75E-18,-38.79E-18
528.1E3,-27.63E-18,-33.42E-18,-35.75E-18,-38.79E-18
529.1E3,-27.63E-18,-33.42E-18,-35.75E-18,-38.79E-18
530.1E3,-27.63E-18,-33.42E-18,-35.75E-18,-38.79E-18
531.1E3,-27.63E-18,-33.42E-18,-35.75E-18,-38.79E-18
532.1E3,-27.63E-18,-33.42E-18,-35.75E-18,-38.79E-18
533.1E3,-27.63E-18,-33.42E-18,-35.75E-18,-38.79E-18
534.1E3,-27.63E-18,-33.42E-18,-35.75E-18,-38.79E-18
535.1E3,-27.63E-18,-33.42E-18,-35.75E-18,-38.79E-18
536.1E3,-27.63E-18,-33.42E-18,-35.75E-18,-38.79E-18
537.1E3,-27.63E-18,-33.42E-18,-35.75E-18,-38.79E-18
538.1E3,-27.63E-18,-33.42E-18,-35.75E-18,-38.79E-18
539.1E3,-27.63E-18,-33.42E-18,-35.75E-18,-38.79E-18
540.1E3,-27.63E-18,-33.42E-18,-35.75E-18,-38.79E-18
541.1E3,-27.63E-18,-33.42E-18,-35.75E-18,-38.79E-18
542.1E3,-27.63E-18,-33.42E-18,-35.75E-18,-38.79E-18
543.1E3,-27.63E-18,-33.42E-18,-35.75E-18,-38.79E-18
544.1E3,-27.63E-18,-33.42E-18,-35.75E-18,-38.79E-18
545.1E3,-27.63E-18,-33.42E-18,-35.75E-18,-38.79E-18
546.1E3,-27.63E-18,-33.42E-18,-35.75E-18,-38.79E-18
547.1E3,-27.63E-18,-33.42E-18,-35.75E-18,-38.79E-18
548.1E3,-27.63E-18,-33.42E-18,-35.75E-18,-38.79E-18
549.1E3,-27.63E-18,-33.42E-18,-35.75E-18,-38.79E-18
550.1E3,-27.63E-18,-33.42E-18,-35.75E-18,-38.79E-18
551.1E3,-27.63E-18,-33.42E-18,-35.75E-18,-38.79E-18
552.1E3,-27.63E-18,-33.42E-18,-35.75E-18,-38.79E-18
553.1E3,-27.63E-18,-33.42E-18,-35.75E-18,-38.79E-18
554.1E3,-27.63E-18,-33.42E-18,-35.75E-18,-38.79E-18
555.1E3,-27.63E-18,-33.42E-18,-35.75E-18,-38.79E-18
556.1E3,-27.63E-18,-33.42E-18,-35.75E-18,-38.79E-18
557.1E3,-27.63E-18,-33.42E-18,-35.75E-18,-38.79E-18
558.1E3,-27.63E-18,-33.42E-18,-35.75E-18,-38.79E-18
559.1E3,-27.63E-18,-33.42E-18,-35.75E-18,-38.79E-18
560.1E3,-27.63E-18,-33.42E-18,-35.75E-18,-38.79E-18
561.1E3,-27.63E-18,-33.42E-18,-35.75E-18,-38.79E-18
562.1E3,-27.63E-18,-33.42E-18,-35.75E-18,-38.79E-18
563.1E3,-27.63E-18,-33.42E-18,-35.75E-18,-38.79E-18
564.1E3,-27.63E-18,-33.42E-18,-35.75E-18,-38.79E-18
565.1E3,-27.63E-18,-33.42E-18,-35.75E-18,-38.79E-18
566.1E3,-27.63E-18,-33.42E-18,-35.75E-18,-38.79E-18
567.1E3,-27.63E-18,-33.42E-18,-35.75E-18,-38.79E-18
568.1E3,-27.63E-18,-33.42E-18,-35.75E-18,-38.79E-18
569.1E3,-27.63E-18,-33.42E-18,-35.75E-18,-38.79E-18
570.1E3,-27.63E-18,-33.42E-18,-35.75E-18,-38.79E-18
571.1E3,-27.63E-18,-33.42E-18,-35.75E-18,-38.79E-18
572.1E3,-27.63E-18,-33.42E-18,-35.75E-18,-38.79E-18
573.1E3,-27.63E-18,-33.42E-18,-35.75E-18,-38.79E-18
574.1E3,-27.63E-18,-33.42E-18,-35.75E-18,-38.79E-18
575.1E3,-27.63E-18,-33.42E-18,-35.75E-18,-38.79E-18
576.1E3,-27.63E-18,-33.42E-18,-35.75E-18,-38.79E-18
577.1E3,-27.63E-18,-33.42E-18,-35.75E-18,-38.79E-18
578.1E3,-27.63E-18,-33.42E-18,-35.75E-18,-38.79E-18
579.1E3,-27.63E-18,-33.42E-18,-35.75E-18,-38.79E-18
580.1E3,-27.63E-18,-33.42E-18,-35.75E-18,-38.79E-18
581.1E3,-27.63E-18,-33.42E-18,-35.75E-18,-38.79E-18
582.1E3,-27.63E-18,-33.42E-18,-35.75E-18,-38.79E-18
583.1E3,-27.63E-18,-33.42E-18,-35.75E-18,-38.79E-18
584.1E3,-27.63E-18,-33.42E-18,-35.75E-18,-38.79E-18
585.1E3,-27.63E-18,-33.42E-18,-35.75E-18,-38.79E-18
586.1E3,-27.63E-18,-33.42E-18,-35.75E-18,-38.79E-18
587.1E3,-27.63E-18,-33.42E-18,-35.75E-18,-38.79E-18
588.1E3,-27.63E-18,-33.42E-18,-35.75E-18,-38.79E-18
589.1E3,-27.63E-18,-33.42E-18,-35.75E-18,-38.79E-18
590.1E3,-27.63E-18,-33.42E-18,-35.75E-18,-38.79E-18
591.1E3,-27.63E-18,-33.42E-18,-35.75E-18,-38.79E-18
592.1E3,-27.63E-18,-33.42E-18,-35.75E-18,-38.79E-18
593.1E3,-27.63E-18,-33.42E-18,-35.75E-18,-38.79E-18
594.1E3,-27.63E-18,-33.42E-18,-35.75E-18,-38.79E-18
595.1E3,-27.63E-18,-33.42E-18,-35.75E-18,-38.79E-18
596.1E3,-27.63E-18,-33.42E-18,-35.75E-18,-38.79E-18
597.1E3,-27.63E-18,-33.42E-18,-35.75E-18,-38.79E-18
598.1E3,-27.63E-18,-33.42E-18,-35.75E-18,-38.79E-18
599.1E3,-27.63E-18,-33.42E-18,-35.75E-18,-38.79E-18
600.1E3,-27.63E-18,-33.42E-18,-35.75E-18,-38.79E-18
601.1E3,-27.63E-18,-33.42E-18,-35.75E-18,-38.79E-18
602.1E3,-27.63E-18,-33.42E-18,-35.75E-18,-38.79E-18
603.1E3,-27.63E-18,-33.42E-18,-35.75E-18,-38.79E-18
604.1E3,-27.63E-18,-33.42E-18,-35.75E-18,-38.79E-18
605.1E3,-27.63E-18,-33.42E-18,-35.75E-18,-38.79E-18
606.1E3,-27.63E-18,-33.42E-18,-35.75E-18,-38.79E-18
607.1E3,-27.63E-18,-33.42E-18,-35.75E-18,-38.79E-18
608.1E3,-27.63E-18,-33.42E-18,-35.75E-18,-38.79E-18
609.1E3,-27.63E-18,-33.42E-18,-35.75E-18,-38.79E-18
610.1E3,-27.63E-18,-33.42E-18,-35.75E-18,-38.79E-18
611.1E3,-27.63E-18,-33.42E-18,-35.75E-18,-38.79E-18
612.1E3,-27.63E-18,-33.42E-18,-35.75E-18,-38.79E-18
613.1E3,-27.63E-18,-33.42E-18,-35.75E-18,-38.79E-18
614.1E3,-27.63E-18,-33.42E-18,-35.75E-18,-38.79E-18
615.1E3,-27.63E-18,-33.42E-18,-35.75E-18,-38.79E-18
616.1E3,-27.63E-18,-33.42E-18,-35.75E-18,-38.79E-18
617.1E3,-27.63E-18,-33.42E-18,-35.75E-18,-38.79E-18
618.1E3,-27.63E-18,-33.42E-18,-35.75E-18,-38.79E-18
619.1E3,-27.63E-18,-33.42E-18,-35.75E-18,-38.79E-18
620.1E3,-27.63E-18,-33.42E-18,-35.75E-18,-38.79E-18
621.1E3,-27.63E-18,-33.42E-18,-35.75E-18,-38.79E-18
622.1E3,-27.63E-18,-33.42E-18,-35.75E-18,-38.79E-18
623.1E3,-27.63E-18,-33.42E-18,-35.75E-18,-38.79E-18
624.1E3,-27.63E-18,-33.42E-18,-35.75E-18,-38.79E-18
625.1E3,-27.63E-18,-33.42E-18,-35.75E-18,-38.79E-18
626.1E3,-27.63E-18,-33.42E-18,-35.75E-18,-38.79E-18
627.1E3,-27.63E-18,-33.42E-18,-35.75E-18,-38.79E-18
628.1E3,-27.63E-18,-33.42E-18,-35.75E-18,-38.79E-18
629.1E3,-27.63E-18,-33.42E-18,-35.75E-18,-38.79E-18
630.1E3,-27.63E-18,-33.42E-18,-35.75E-18,-38.79E-18
631.1E3,-27.63E-18,-33.42E-18,-35.75E-18,-38.79E-18
632.1E3,-27.63E-18,-33.42E-18,-35.75E-18,-38.79E-18
633.1E3,-27.63E-18,-33.42E-18,-35.75E-18,-38.79E-18
634.1E3,-27.63E-18,-33.42E-18,-35.75E-18,-38.79E-18
635.1E3,-27.63E-18,-33.42E-18,-35.75E-18,-38.79E-18
636.1E3,-27.63E-18,-33.42E-18,-35.75E-18,-38.79E-18
637.1E3,-27.63E-18,-33.42E-18,-35.75E-18,-38.79E-18
638.1E3,-27.63E-18,-33.42E-18,-35.75E-18,-38.79E-18
639.1E3,-27.63E-18,-33.42E-18,-35.75E-18,-38.79E-18
640.1E3,-27.63E-18,-33.42E-18,-35.75E-18,-38.79E-18
641.1E3,-27.63E-18,-33.42E-18,-35.75E-18,-38.79E-18
642.1E3,-27.63E-18,-33.42E-18,-35.75E-18,-38.79E-18
643.1E3,-27.63E-18,-33.42E-18,-35.75E-18,-38.79E-18
644.1E3,-27.63E-18,-33.42E-18,-35.75E-18,-38.79E-18
645.1E3,-27.63E-18,-33.42E-18,-35.75E-18,-38.79E-18
646.1E3,-27.63E-18,-33.42E-18,-35.75E-18,-38.79E-18
647.1E3,-27.63E-18,-33.42E-18,-35.75E-18,-38.79E-18
648.1E3,-27.63E-18,-33.42E-18,-35.75E-18,-38.79E-18
649.1E3,-27.63E-18,-33.42E-18,-35.75E-18,-38.79E-18
650.1E3,-27.63E-18,-33.42E-18,-35.75E-18,-38.79E-18
651.1E3,-27.63E-18,-33.42E-18,-35.75E-18,-38.79E-18
652.1E3,-27.63E-18,-33.42E-18,-35.75E-18,-38.79E-18
653.1E3,-27.63E-18,-33.42E-18,-35.75E-18,-38.79E-18
654.1E3,-27.63E-18,-33.42E-18,-35.75E-18,-38.79E-18
655.1E3,-27.63E-18,-33.42E-18,-35.75E-18,-38.79E-18
656.1E3,-27.63E-18,-33.42E-18,-35.75E-18,-38.79E-18
657.1E3,-27.63E-18,-33.42E-18,-35.75E-18,-38.79E-18
658.1E3,-27.63E-18,-33.42E-18,-35.75E-18,-38.79E-18
659.1E3,-27.63E-18,-33.42E-18,-35.75E-18,-38.79E-18
660.1E3,-27.63E-18,-33.42E-18,-35.75E-18,-38.79E-18
661.1E3,-27.63E-18,-33.42E-18,-35.75E-18,-38.79E-18
662.1E3,-27.63E-18,-33.42E-18,-35.75E-18,-38.79E-18
663.1E3,-27.63E-18,-33.42E-18,-35.75E-18,-38.79E-18
664.1E3,-27.63E-18,-33.42E-18,-35.75E-18,-38.79E-18
665.1E3,-27.63E-18,-33.42E-18,-35.75E-18,-38.79E-18
666.1E3,-27.63E-18,-33.42E-18,-35.75E-18,-38.79E-18
667.1E3,-27.63E-18,-33.42E-18,-35.75E-18,-38.79E-18
668.1E3,-27.63E-18,-33.42E-18,-35.75E-18,-38.79E-18
669.1E3,-27.63E-18,-33.42E-18,-35.75E-18,-38.79E-18
670.1E3,-27.63E-18,-33.42E-18,-35.75E-18,-38.79E-18
671.1E3,-27.63E-18,-33.42E-18,-35.75E-18,-38.79E-18
672.1E3,-27.63E-18,-33.42E-18,-35.75E-18,-38.79E-18
673.1E3,-27.63E-18,-33.42E-18,-35.75E-18,-38.79E-18
674.1E3,-27.63E-18,-33.42E-18,-35.75E-18,-38.79E-18
675.1E3,-27.63E-18,-33.42E-18,-35.75E-18,-38.79E-18
676.1E3,-27.63E-18,-33.42E-18,-35.75E-18,-38.79E-18
677.1E3,-27.63E-18,-33.42E-18,-35.75E-18,-38.79E-18
678.1E3,-27.63E-18,-33.42E-18,-35.75E-18,-38.79E-18
679.1E3,-27.63E-18,-33.42E-18,-35.75E-18,-38.79E-18
680.1E3,-27.63E-18,-33.42E-18,-35.75E-18,-38.79E-18
681.1E3,-27.63E-18,-33.42E-18,-35.75E-18,-38.79E-18
682.1E3,-27.63E-18,-33.42E-18,-35.75E-18,-38.79E-18
683.1E3,-27.63E-18,-33.42E-18,-35.75E-18,-38.79E-18
684.1E3,-27.63E-18,-33.42E-18,-35.75E-18,-38.79E-18
685.1E3,-27.63E-18,-33.42E-18,-35.75E-18,-38.79E-18
686.1E3,-27.63E-18,-33.42E-18,-35.75E-18,-38.79E-18
687.1E3,-27.63E-18,-33.42E-18,-35.75E-18,-38.79E-18
688.1E3,-27.63E-18,-33.42E-18,-35.75E-18,-38.79E-18
689.1E3,-27.63E-18,-33.42E-18,-35.75E-18,-38.79E-18
690.1E3,-27.63E-18,-33.42E-18,-35.75E-18,-38.79E-18
691.1E3,-27.63E-18,-33.42E-18,-35.75E-18,-38.79E-18
692.1E3,-27.63E-18,-33.42E-18,-35.75E-18,-38.79E-18
693.1E3,-27.63E-18,-33.42E-18,-35.75E-18,-38.79E-18
694.1E3,-27.63E-18,-33.42E-18,-35.75E-18,-38.79E-18
695.1E3,-27.63E-18,-33.42E-18,-35.75E-18,-38.79E-18
696.1E3,-27.63E-18,-33.42E-18,-35.75E-18,-38.79E-18
697.1E3,-27.63E-18,-33.42E-18,-35.75E-18,-38.79E-18
698.1E3,-27.63E-18,-33.42E-18,-35.75E-18,-38.79E-18
699.1E3,-27.63E-18,-33.42E-18,-35.75E-18,-38.79E-18
700.1E3,-27.63E-18,-33.42E-18,-35.75E-18,-38.79E-18
701.1E3,-27.63E-18,-33.42E-18,-35.75E-18,-38.79E-18
702.1E3,-27.63E-18,-33.42E-18,-35.75E-18,-38.79E-18
703.1E3,-27.63E-18,-33.42E-18,-35.75E-18,-38.79E-18
704.1E3,-27.63E-18,-33.42E-18,-35.75E-18,-38.79E-18
705.1E3,-27.63E-18,-33.42E-18,-35.75E-18,-38.79E-18
706.1E3,-27.63E-18,-33.42E-18,-35.75E-18,-38.79E-18
707.1E3,-27.63E-18,-33.42E-18,-35.75E-18,-38.79E-18
708.1E3,-27.63E-18,-33.42E-18,-35.75E-18,-38.79E-18
709.1E3,-27.63E-18,-33.42E-18,-35.75E-18,-38.79E-18
710.1E3,-27.63E-18,-33.42E-18,-35.75E-18,-38.79E-18
711.1E3,-27.63E-18,-33.42E-18,-35.75E-18,-38.79E-18
712.1E3,-27.63E-18,-33.42E-18,-35.75E-18,-38.79E-18
713.1E3,-27.63E-18,-33.42E-18,-35.75E-18,-38.79E-18
714.1E3,-27.63E-18,-33.42E-18,-35.75E-18,-38.79E-18
715.1E3,-27.63E-18,-33.42E-18,-35.75E-18,-38.79E-18
716.1E3,-27.63E-18,-33.42E-18,-35.75E-18,-38.79E-18
717.1E3,-27.63E-18,-33.42E-18,-35.75E-18,-38.79E-18
718.1E3,-27.63E-18,-33.42E-18,-35.75E-18,-38.79E-18
719.1E3,-27.63E-18,-33.42E-18,-35.75E-18,-38.79E-18
720.1E3,-27.63E-18,-33.42E-18,-35.75E-18,-38.79E-18
721.1E3,-27.63E-18,-33.42E-18,-35.75E-18,-38.79E-18
722.1E3,-27.63E-18,-33.42E-18,-35.75E-18,-38.79E-18
723.1E3,-27.63E-18,-33.42E-18,-35.75E-18,-38.79E-18
724.1E3,-27.63E-18,-33.42E-18,-35.75E-18,-38.79E-18
725.1E3,-27.63E-18,-33.42E-18,-35.75E-18,-38.79E-18
726.1E3,-27.63E-18,-33.42E-18,-35.75E-18,-38.79E-18
727.1E3,-27.63E-18,-33.42E-18,-35.75E-18,-38.79E-18
728.1E3,-27.63E-18,-33.42E-18,-35.75E-18,-38.79E-18
729.1E3,-27.63E-18,-33.42E-18,-35.75E-18,-38.79E-18
730.1E3,-27.63E-18,-33.42E-18,-35.75E-18,-38.79E-18
731.1E3,-27.63E-18,-33.42E-18,-35.75E-18,-38.79E-18
732.1E3,-27.63E-18,-33.42E-18,-35.75E-18,-38.79E-18
733.1E3,-27.63E-18,-33.42E-18,-35.75E-18,-38.79E-18
734.1E3,-27.63E-18,-33.42E-18,-35.75E-18,-38.79E-18
735.1E3,-27.63E-18,-33.42E-18,-35.75E-18,-38.79E-18
736.1E3,-27.63E-18,-33.42E-18,-35.75E-18,-38.79E-18
737.1E3,-27.63E-18,-33.42E-18,-35.75E-18,-38.79E-18
738.1E3,-27.63E-18,-33.42E-18,-35.75E-18,-38.79E-18
739.1E3,-27.63E-18,-33.42E-18,-35.75E-18,-38.79E-18
740.1E3,-27.63E-18,-33.42E-18,-35.75E-18,-38.79E-18
741.1E3,-27.63E-18,-33.42E-18,-35.75E-18,-38.79E-18
742.1E3,-27.63E-18,-33.42E-18,-35.75E-18,-38.79E-18
743.1E3,-27.63E-18,-33.42E-18,-35.75E-18,-38.79E-18
744.1E3,-27.63E-18,-33.42E-18,-35.75E-18,-38.79E-18
745.1E3,-27.63E-18,-33.42E-18,-35.75E-18,-38.79E-18
746.1E3,-27.63E-18,-33.42E-18,-35.75E-18,-38.79E-18
747.1E3,-27.63E-18,-33.42E-18,-35.75E-18,-38.79E-18
748.1E3,-27.63E-18,-33.42E-18,-35.75E-18,-38.79E-18
749.1E3,-27.63E-18,-33.42E-18,-35.75E-18,-38.79E-18
750.1E3,-27.63E-18,-33.42E-18,-35.75E-18,-38.79E-18
751.1E3,-27.63E-18,-33.42E-18,-35.75E-18,-38.79E-18
752.1E3,-27.63E-18,-33.42E-18,-35.75E-18,-38.79E-18
753.1E3,-27.63E-18,-33.42E-18,-35.75E-18,-38.79E-18
754.1E3,-27.63E-18,-33.42E-18,-35.75E-18,-38.79E-18
755.1E3,-27.63E-18,-33.42E-18,-35.75E-18,-38.79E-18
756.1E3,-27.63E-18,-33.42E-18,-35.75E-18,-38.79E-18
757.1E3,-27.63E-18,-33.42E-18,-35.75E-18,-38.79E-18
758.1E3,-27.63E-18,-33.42E-18,-35.75E-18,-38.79E-18
759.1E3,-27.63E-18,-33.42E-18,-35.75E-18,-38.79E-18
760.1E3,-27.63E-18,-33.42E-18,-35.75E-18,-38.79E-18
761.1E3,-27.63E-18,-33.42E-18,-35.75E-18,-38.79E-18
762.1E3,-27.63E-18,-33.42E-18,-35.75E-18,-38.79E-18
763.1E3,-27.63E-18,-33.42E-18,-35.75E-18,-38.79E-18
764.1E3,-27.63E-18,-33.42E-18,-35.75E-18,-38.79E-18
765.1E3,-27.63E-18,-33.42E-18,-35.75E-18,-38.79E-18
766.1E3,-27.63E-18,-33.42E-18,-35.75E-18,-38.79E-18
767.1E3,-27.63E-18,-33.42E-18,-35.75E-18,-38.79E-18
768.1E3,-27.63E-18,-33.42E-18,-35.75E-18,-38.79E-18
769.1E3,-27.63E-18,-33.42E-18,-35.75E-18,-38.79E-18
770.1E3,-27.63E-18,-33.42E-18,-35.75E-18,-38.79E-18
771.1E3,-27.63E-18,-33.42E-18,-35.75E-18,-38.79E-18
772.1E3,-27.63E-18,-33.42E-18,-35.75E-18,-38.79E-18
773.1E3,-27.63E-18,-33.42E-18,-35.75E-18,-38.79E-18
774.1E3,-27.63E-18,-33.42E-18,-35.75E-18,-38.79E-18
775.1E3,-27.63E-18,-33.42E-18,-35.75E-18,-38.79E-18
776.1E3,-27.63E-18,-33.42E-18,-35.75E-18,-38.79E-18
777.1E3,-27.63E-18,-33.42E-18,-35.75E-18,-38.79E-18
778.1E3,-27.63E-18,-33.42E-18,-35.75E-18,-38.79E-18
779.1E3,-27.63E-18,-33.42E-18,-35.75E-18,-38.79E-18
780.1E3,-27.63E-18,-33.42E-18,-35.75E-18,-38.79E-18
781.1E3,-27.63E-18,-33.42E-18,-35.75E-18,-38.79E-18
782.1E3,-27.63E-18,-33.42E-18,-35.75E-18,-38.79E-18
783.1E3,-27.63E-18,-33.42E-18,-35.75E-18,-38.79E-18
784.1E3,-27.63E-18,-33.42E-18,-35.75E-18,-38.79E-18
785.1E3,-27.63E-18,-33.42E-18,-35.75E-18,-38.79E-18
786.1E3,-27.63E-18,-33.42E-18,-35.75E-18,-38.79E-18
787.1E3,-27.63E-18,-33.42E-18,-35.75E-18,-38.79E-18
788.1E3,-27.63E-18,-33.42E-18,-35.75E-18,-38.79E-18
789.1E3,-27.63E-18,-33.42E-18,-35.75E-18,-38.79E-18
790.1E3,-27.63E-18,-33.42E-18,-35.75E-18,-38.79E-18
791.1E3,-27.63E-18,-33.42E-18,-35.75E-18,-38.79E-18
792.1E3,-27.63E-18,-33.42E-18,-35.75E-18,-38.79E-18
793.1E3,-27.63E-18,-33.42E-18,-35.75E-18,-38.79E-18
794.1E3,-27.63E-18,-33.42E-18,-35.75E-18,-38.79E-18
795.1E3,-27.63E-18,-33.42E-18,-35.75E-18,-38.79E-18
796.1E3,-27.63E-18,-33.42E-18,-35.75E-18,-38.79E-18
797.1E3,-27.63E-18,-33.42E-18,-35.75E-18,-38.79E-18
798.1E3,-27.63E-18,-33.42E-18,-35.75E-18,-38.79E-18
799.1E3,-27.63E-18,-33.42E-18,-35.75E-18,-38.79E-18
800.1E3,-27.63E-18,-33.42E-18,-35.75E-18,-38.79E-18
801.1E3,-27.63E-18,-33.42E-18,-35.75E-18,-38.79E-18
802.1E3,-27.63E-18,-33.42E-18,-35.75E-18,-38.79E-18
803.1E3,-27.63E-18,-33.42E-18,-35.75E-18,-38.79E-18
804.1E3,-27.63E-18,-33.42E-18,-35.75E-18,-38.79E-18
805.1E3,-27.63E-18,-33.42E-18,-35.75E-18,-38.79E-18
806.1E3,-27.63E-18,-33.42E-18,-35.75E-18,-38.79E-18
807.1E3,-27.63E-18,-33.42E-18,-35.75E-18,-38.79E-18
808.1E3,-27.63E-18,-33.42E-18,-35.75E-18,-38.79E-18
809.1E3,-27.63E-18,-33.42E-18,-35.75E-18,-38.79E-18
810.1E3,-27.63E-18,-33.42E-18,-35.75E-18,-38.79E-18
811.1E3,-27.63E-18,-33.42E-18,-35.75E-18,-38.79E-18
812.1E3,-27.63E-18,-33.42E-18,-35.75E-18,-38.79E-18
813.1E3,-27.63E-18,-33.42E-18,-35.75E-18,-38.79E-18
814.1E3,-27.63E-18,-33.42E-18,-35.75E-18,-38.79E-18
815.1E3,-27.63E-18,-33.42E-18,-35.75E-18,-38.79E-18
816.1E3,-27.63E-18,-33.42E-18,-35.75E-18,-38.79E-18
817.1E3,-27.63E-18,-33.42E-18,-35.75E-18,-38.79E-18
818.1E3,-27.63E-18,-33.42E-18,-35.75E-18,-38.79E-18
819.1E3,-27.63E-18,-33.42E-18,-35.75E-18,-38.79E-18
820.1E3,-27.63E-18,-33.42E-18,-35.75E-18,-38.79E-18
821.1E3,-27.63E-18,-33.42E-18,-35.75E-18,-38.79E-18
822.1E3,-27.63E-18,-33.42E-18,-35.75E-18,-38.79E-18
823.1E3,-27.63E-18,-33.42E-18,-35.75E-18,-38.79E-18
824.1E3,-27.63E-18,-33.42E-18,-35.75E-18,-38.79E-18
825.1E3,-27.63E-18,-33.42E-18,-35.75E-18,-38.79E-18
826.1E3,-27.63E-18,-33.42E-18,-35.75E-18,-38.79E-18
827.1E3,-27.63E-18,-33.42E-18,-35.75E-18,-38.79E-18
828.1E3,-27.63E-18,-33.42E-18,-35.75E-18,-38.79E-18
829.1E3,-27.63E-18,-33.42E-18,-35.75E-18,-38.79E-18
830.1E3,-27.63E-18,-33.42E-18,-35.75E-18,-38.79E-18
831.1E3,-27.63E-18,-33.42E-18,-35.75E-18,-38.79E-18
832.1E3,-27.63E-18,-33.42E-18,-35.75E-18,-38.79E-18
833.1E3,-27.63E-18,-33.42E-18,-35.75E-18,-38.79E-18
834.1E3,-27.63E-18,-33.42E-18,-35.75E-18,-38.79E-18
835.1E3,-27.63E-18,-33.42E-18,-35.75E-18,-38.79E-18
836.1E3,-27.63E-18,-33.42E-18,-35.75E-18,-38.79E-18
837.1E3,-27.63E-18,-33.42E-18,-35.75E-18,-38.79E-18
838.1E3,-27.63E-18,-33.42E-18,-35.75E-18,-38.79E-18
839.1E3,-27.63E-18,-33.42E-18,-35.75E-18,-38.79E-18
840.1E3,-27.63E-18,-33.42E-18,-35.75E-18,-38.79E-18
841.1E3,-27.63E-18,-33.42E-18,-35.75E-18,-38.79E-18
842.1E3,-27.63E-18,-33.42E-18,-35.75E-18,-38.79E-18
843.1E3,-27.63E-18,-33.42E-18,-35.75E-18,-38.79E-18
844.1E3,-27.63E-18,-33.42E-18,-35.75E-18,-38.79E-18
845.1E3,-27.63E-18,-33.42E-18,-35.75E-18,-38.79E-18
846.1E3,-27.63E-18,-33.42E-18,-35.75E-18,-38.79E-18
847.1E3,-27.63E-18,-33.42E-18,-35.75E-18,-38.79E-18
848.1E3,-27.63E-18,-33.42E-18,-35.75E-18,-38.79E-18
849.1E3,-27.63E-18,-33.42E-18,-35.75E-18,-38.79E-18
850.1E3,-27.63E-18,-33.42E-18,-35.75E-18,-38.79E-18
851.1E3,-27.63E-18,-33.42E-18,-35.75E-18,-38.79E-18
852.1E3,-27.63E-18,-33.42E-18,-35.75E-18,-38.79E-18
853.1E3,-27.63E-18,-33.42E-18,-35.75E-18,-38.79E-18
854.1E3,-27.63E-18,-33.42E-18,-35.75E-18,-38.79E-18
855.1E3,-27.63E-18,-33.42E-18,-35.75E-18,-38.79E-18
856.1E3,-27.63E-18,-33.42E-18,-35.75E-18,-38.79E-18
857.1E3,-27.63E-18,-33.42E-18,-35.75E-18,-38.79E-18
858.1E3,-27.63E-18,-33.42E-18,-35.75E-18,-38.79E-18
859.1E3,-27.63E-18,-33.42E-18,-35.75E-18,-38.79E-18
860.1E3,-27.63E-18,-33.42E-18,-35.75E-18,-38.79E-18
861.1E3,-27.63E-18,-33.42E-18,-35.75E-18,-38.79E-18
862.1E3,-27.63E-18,-33.42E-18,-35.75E-18,-38.79E-18
863.1E3,-27.63E-18,-33.42E-18,-35.75E-18,-38.79E-18
864.1E3,-27.63E-18,-33.42E-18,-35.75E-18,-38.79E-18
865.1E3,-27.63E-18,-33.42E-18,-35.75E-18,-38.79E-18
866.1E3,-27.63E-18,-33.42E-18,-35.75E-18,-38.79E-18
867.1E3,-27.63E-18,-33.42E-18,-35.75E-18,-38.79E-18
868.1E3,-27.63E-18,-33.42E-18,-35.75E-18,-38.79E-18
869.1E3,-27.63E-18,-33.42E-18,-35.75E-18,-38.79E-18
870.1E3,-27.63E-18,-33.42E-18,-35.75E-18,-38.79E-18
871.1E3,-27.63E-18,-33.42E-18,-35.75E-18,-38.79E-18
872.1E3,-27.63E-18,-33.42E-18,-35.75E-18,-38.79E-18
873.1E3,-27.63E-18,-33.42E-18,-35.75E-18,-38.79E-18
874.1E3,-27.63E-18,-33.42E-18,-35.75E-18,-38.79E-18
875.1E3,-27.63E-18,-33.42E-18,-35.75E-18,-38.79E-18
876.1E3,-27.63E-18,-33.42E-18,-35.75E-18,-38.79E-18
877.1E3,-27.63E-18,-33.42E-18,-35.75E-18,-38.79E-18
878.1E3,-27.63E-18,-33.42E-18,-35.75E-18,-38.79E-18
879.1E3,-27.63E-18,-33.42E-18,-35.75E-18,-38.79E-18
880.1E3,-27.63E-18,-33.42E-18,-35.75E-18,-38.79E-18
881.1E3,-27.63E-18,-33.42E-18,-35.75E-18,-38.79E-18
882.1E3,-27.63E-18,-33.42E-18,-35.75E-18,-38.79E-18
883.1E3,-27.63E-18,-33.42E-18,-35.75E-18,-38.79E-18
884.1E3,-27.63E-18,-33.42E-18,-35.75E-18,-38.79E-18
885.1E3,-27.63E-18,-33.42E-18,-35.75E-18,-38.79E-18
886.1E3,-27.63E-18,-33.42E-18,-35.75E-18,-38.79E-18
887.1E3,-27.63E-18,-33.42E-18,-35.75E-18,-38.79E-18
888.1E3,-27.63E-18,-33.42E-18,-35.75E-18,-38.79E-18
889.1E3,-27.63E-18,-33.42E-18,-35.75E-18,-38.79E-18
890.1E3,-27.63E-18,-33.42E-18,-35.75E-18,-38.79E-18
891.1E3,-27.63E-18,-33.42E-18,-35.75E-18,-38.79E-18
892.1E3,-27.63E-18,-33.42E-18,-35.75E-18,-38.79E-18
893.1E3,-27.63E-18,-33.42E-18,-35.75E-18,-38.79E-18
894.1E3,-27.63E-18,-33.42E-18,-35.75E-18,-38.79E-18
895.1E3,-27.63E-18,-33.42E-18,-35.75E-18,-38.79E-18
896.1E3,-27.63E-18,-33.42E-18,-35.75E-18,-38.79E-18
897.1E3,-27.63E-18,-33.42E-18,-35.75E-18,-38.79E-18
898.1E3,-27.63E-18,-33.42E-18,-35.75E-18,-38.79E-18
899.1E3,-27.63E-18,-33.42E-18,-35.75E-18,-38.79E-18
900.1E3,-27.63E-18,-33.42E-18,-35.75E-18,-38.79E-18
901.1E3,-27.63E-18,-33.42E-18,-35.75E-18,-38.79E-18
902.1E3,-27.63E-18,-33.42E-18,-35.75E-18,-38.79E-18
903.1E3,-27.63E-18,-33.42E-18,-35.75E-18,-38.79E-18
904.1E3,-27.63E-18,-33.42E-18,-35.75E-18,-38.79E-18
905.1E3,-27.63E-18,-33.42E-18,-35.75E-18,-38.79E-18
906.1E3,-27.63E-18,-33.42E-18,-35.75E-18,-38.79E-18
907.1E3,-27.63E-18,-33.42E-18,-35.75E-18,-38.79E-18
908.1E3,-27.63E-18,-33.42E-18,-35.75E-18,-38.79E-18
909.1E3,-27.63E-18,-33.42E-18,-35.75E-18,-38.79E-18
910.1E3,-27.63E-18,-33.42E-18,-35.75E-18,-38.79E-18
911.1E3,-27.63E-18,-33.42E-18,-35.75E-18,-38.79E-18
912.1E3,-27.63E-18,-33.42E-18,-35.75E-18,-38.79E-18
913.1E3,-27.63E-18,-33.42E-18,-35.75E-18,-38.79E-18
914.1E3,-27.63E-18,-33.42E-18,-35.75E-18,-38.79E-18
915.1E3,-27.63E-18,-33.42E-18,-35.75E-18,-38.79E-18
916.1E3,-27.63E-18,-33.42E-18,-35.75E-18,-38.79E-18
917.1E3,-27.63E-18,-33.42E-18,-35.75E-18,-38.79E-18
918.1E3,-27.63E-18,-33.42E-18,-35.75E-18,-38.79E-18
919.1E3,-27.63E-18,-33.42E-18,-35.75E-18,-38.79E-18
920.1E3,-27.63E-18,-33.42E-18,-35.75E-18,-38.79E-18
921.1E3,-27.63E-18,-33.42E-18,-35.75E-18,-38.79E-18
922.1E3,-27.63E-18,-33.42E-18,-35.75E-18,-38.79E-18
923.1E3,-27.63E-18,-33.42E-18,-35.75E-18,-38.79E-18
924.1E3,-27.63E-18,-33.42E-18,-35.75E-18,-38.79E-18
925.1E3,-27.63E-18,-33.42E-18,-35.75E-18,-38.79E-18
926.1E3,-27.63E-18,-33.42E-18,-35.75E-18,-38.79E-18
927.1E3,-27.63E-18,-33.42E-18,-35.75E-18,-38.79E-18
928.1E3,-27.63E-18,-33.42E-18,-35.75E-18,-38.79E-18
929.1E3,-27.63E-18,-33.42E-18,-35.75E-18,-38.79E-18
930.1E3,-27.63E-18,-33.42E-18,-35.75E-18,-38.79E-18
931.1E3,-27.63E-18,-33.42E-18,-35.75E-18,-38.79E-18
932.1E3,-27.63E-18,-33.42E-18,-35.75E-18,-38.79E-18
933.1E3,-27.63E-18,-33.42E-18,-35.75E-18,-38.79E-18
934.1E3,-27.63E-18,-33.42E-18,-35.75E-18,-38.79E-18
935.1E3,-27.63E-18,-33.42E-18,-35.75E-18,-38.79E-18
936.1E3,-27.63E-18,-33.42E-18,-35.75E-18,-38.79E-18
937.1E3,-27.63E-18,-33.42E-18,-35.75E-18,-38.79E-18
938.1E3,-27.63E-18,-33.42E-18,-35.75E-18,-38.79E-18
939.1E3,-27.63E-18,-33.42E-18,-35.75E-18,-38.79E-18
940.1E3,-27.63E-18,-33.42E-18,-35.75E-18,-38.79E-18
941.1E3,-27.63E-18,-33.42E-18,-35.75E-18,-38.79E-18
942.1E3,-27.63E-18,-33.42E-18,-35.75E-18,-38.79E-18
943.1E3,-27.63E-18,-33.42E-18,-35.75E-18,-38.79E-18
944.1E3,-27.63E-18,-33.42E-18,-35.75E-18,-38.79E-18
945.1E3,-27.63E-18,-33.42E-18,-35.75E-18,-38.79E-18
946.1E3,-27.63E-18,-33.42E-18,-35.75E-18,-38.79E-18
947.1E3,-27.63E-18,-33.42E-18,-35.75E-18,-38.79E-18
948.1E3,-27.63E-18,-33.42E-18,-35.75E-18,-38.79E-18
949.1E3,-27.63E-18,-33.42E-18,-35.75E-18,-38.79E-18
950.1E3,-27.63E-18,-33.42E-18,-35.75E-18,-38.79E-18
951.1E3,-27.63E-18,-33.42E-18,-35.75E-18,-38.79E-18
952.1E3,-27.63E-18,-33.42E-18,-35.75E-18,-38.79E-18
953.1E3,-27.63E-18,-33.42E-18,-35.75E-18,-38.79E-18
954.1E3,-27.63E-18,-33.42E-18,-35.75E-18,-38.79E-18
955.1E3,-27.63E-18,-33.42E-18,-35.75E-18,-38.79E-18
956.1E3,-27.63E-18,-33.42E-18,-35.75E-18,-38.79E-18
957.1E3,-27.63E-18,-33.42E-18,-35.75E-18,-38.79E-18
958.1E3,-27.63E-18,-33.42E-18,-35.75E-18,-38.79E-18
959.1E3,-27.63E-18,-33.42E-18,-35.75E-18,-38.79E-18
960.1E3,-27.63E-18,-33.42E-18,-35.75E-18,-38.79E-18
961.1E3,-27.63E-18,-33.42E-18,-35.75E-18,-38.79E-18
962.1E3,-27.63E-18,-33.42E-18,-35.75E-18,-38.79E-18
963.1E3,-27.63E-18,-33.42E-18,-35.75E-18,-38.79E-18
964.1E3,-27.63E-18,-33.42E-18,-35.75E-18,-38.79E-18
965.1E3,-27.63E-18,-33.42E-18,-35.75E-18,-38.79E-18
966.1E3,-27.63E-18,-33.42E-18,-35.75E-18,-38.79E-18
967.1E3,-27.63E-18,-33.42E-18,-35.75E-18,-38.79E-18
968.1E3,-27.63E-18,-33.42E-18,-35.75E-18,-38.79E-18
969.1E3,-27.63E-18,-33.42E-18,-35.75E-18,-38.79E-18
970.1E3,-27.63E-18,-33.42E-18,-35.75E-18,-38.79E-18
971.1E3,-27.63E-18,-33.42E-18,-35.75E-18,-38.79E-18
972.1E3,-27.63E-18,-33.42E-18,-35.75E-18,-38.79E-18
973.1E3,-27.63E-18,-33.42E-18,-35.75E-18,-38.79E-18
974.1E3,-27.63E-18,-33.42E-18,-35.75E-18,-38.79E-18
975.1E3,-27.63E-18,-33.42E-18,-35.75E-18,-38.79E-18
976.1E3,-27.63E-18,-33.42E-18,-35.75E-18,-38.79E-18
977.1E3,-27.63E-18,-33.42E-18,-35.75E-18,-38.79E-18
978.1E3,-27.63E-18,-33.42E-18,-35.75E-18,-38.79E-18
979.1E3,-27.63E-18,-33.42E-18,-35.75E-18,-38.79E-18
980.1E3,-27.63E-18,-33.42E-18,-35.75E-18,-38.79E-18
981.1E3,-27.63E-18,-33.42E-18,-35.75E-18,-38.79E-18
982.1E3,-27.63E-18,-33.42E-18,-35.75E-18,-38.79E-18
983.1E3,-27.63E-18,-33.42E-18,-35.75E-18,-38.79E-18
984.1E3,-27.63E-18,-33.42E-18,-35.75E-18,-38.79E-18
985.1E3,-27.63E-18,-33.42E-18,-35.75E-18,-38.79E-18
986.1E3,-27.63E-18,-33.42E-18,-35.75E-18,-38.79E-18
987.1E3,-27.63E-18,-33.42E-18,-35.75E-18,-38.79E-18
988.1E3,-27.63E-18,-33.42E-18,-35.75E-18,-38.79E-18
989.1E3,-27.63E-18,-33.42E-18,-35.75E-18,-38.79E-18
990.1E3,-27.63E-18,-33.42E-18,-35.75E-18,-38.79E-18
991.1E3,-27.63E-18,-33.42E-18,-35.75E-18,-38.79E-18
992.1E3,-27.63E-18,-33.42E-18,-35.75E-18,-38.79E-18
993.1E3,-27.63E-18,-33.42E-18,-35.75E-18,-38.79E-18
994.1E3,-27.63E-18,-33.42E-18,-35.75E-18,-38.79E-18
995.1E3,-27.63E-18,-33.42E-18,-35.75E-18,-38.79E-18
996.1E3,-27.63E-18,-33.42E-18,-35.75E-18,-38.79E-18
997.1E3,-27.63E-18,-33.42E-18,-35.75E-18,-38.79E-18
998.1E3,-27.63E-18,-33.42E-18,-35.75E-18,-38.79E-18
999.1E3,-27.63E-18,-33.42E-18,-35.75E-18,-38.79E-18
1.000E6,-27.63E-18,-33.42E-18,-35.75E-18,-38.79E-18
1.001E6,-27.63E-18,-33.42E-18,-35.75E-18,-38.79E-18
1.002E6,-27.63E-18,-33.42E-18,-35.75E-18,-38.79E-18
1.003E6,-27.63E-18,-33.42E-18,-35.75E-18,-38.79E-18
1.004E6,-27.63E-18,-33.42E-18,-35.75E-18,-38.79E-18
1.005E6,-27.63E-18,-33.42E-18,-35.75E-18,-38.79E-18
1.006E6,-27.63E-18,-33.42E-18,-35.75E-18,-38.79E-18
1.007E6,-27.63E-18,-33.42E-18,-35.75E-18,-38.79E-18
1.008E6,-27.63E-18,-33.42E-18,-35.75E-18,-38.79E-18
1.009E6,-27.63E-18,-33.42E-18,-35.75E-18,-38.79E-18
1.010E6,-27.63E-18,-33.42E-18,-35.75E-18,-38.79E-18
1.011E6,-27.63E-18,-33.42E-18,-35.75E-18,-38.79E-18
1.012E6,-27.63E-18,-33.42E-18,-35.75E-18,-38.79E-18
1.013E6,-27.63E-18,-33.42E-18,-35.75E-18,-38.79E-18
1.014E6,-27.63E-18,-33.42E-18,-35.75E-18,-38.79E-18
1.015E6,-27.63E-18,-33.42E-18,-35.75E-18,-38.79E-18
1.016E6,-27.63E-18,-33.42E-18,-35.75E-18,-38.79E-18
1.017E6,-27.63E-18,-33.42E-18,-35.75E-18,-38.79E-18
1.018E6,-27.63E-18,-33.42E-18,-35.75E-18,-38.79E-18
1.019E6,-27.63E-18,-33.42E-18,-35.75E-18,-38.79E-18
1.020E6,-27.63E-18,-33.42E-18,-35.75E-18,-38.79E-18
1.021E6,-27.63E-18,-33.42E-18,-35.75E-18,-38.79E-18
1.022E6,-27.63E-18,-33.42E-18,-35.75E-18,-38.79E-18
1.023E6,-27.63E-18,-33.42E-18,-35.75E-18,-38.79E-18
1.024E6,-27.63E-18,-33.42E-18,-35.75E-18,-38.79E-18
1.025E6,-27.63E-18,-33.42E-18,-35.75E-18,-38.79E-18
1.026E6,-27.63E-18,-33.42E-18,-35.75E-18,-38.79E-18
1.027E6,-27.63E-18,-33.42E-18,-35.75E-18,-38.79E-18
1.028E6,-27.63E-18,-33.42E-18,-35.75E-18,-38.79E-18
1.029E6,-27.63E-18,-33.42E-18,-35.75E-18,-38.79E-18
1.030E6,-27.63E-18,-33.42E-18,-35.75E-18,-38.79E-18
1.031E6,-27.63E-18,-33.42E-18,-35.75E-18,-38.79E-18
1.032E6,-27.63E-18,-33.42E-18,-35.75E-18,-38.79E-18
1.033E6,-27.63E-18,-33.42E-18,-35.75E-18,-38.79E-18
1.034E6,-27.63E-18,-33.42E-18,-35.75E-18,-38.79E-18
1.035E6,-27.63E-18,-33.42E-18,-35.75E-18,-38.79E-18
1.036E6,-27.63E-18,-33.42E-18,-35.75E-18,-38.79E-18
1.037E6,-27.63E-18,-33.42E-18,-35.75E-18,-38.79E-18
1.038E6,-27.63E-18,-33.42E-18,-35.75E-18,-38.79E-18
1.039E6,-27.63E-18,-33.42E-18,-35.75E-18,-38.79E-18
1.040E6,-27.63E-18,-33.42E-18,-35.75E-18,-38.79E-18
1.041E6,-27.63E-18,-33.42E-18,-35.75E-18,-38.79E-18
1.042E6,-27.63E-18,-33.42E-18,-35.75E-18,-38.79E-18
1.043E6,-27.63E-18,-33.42E-18,-35.75E-18,-38.79E-18
1.044E6,-27.63E-18,-33.42E-18,-35.75E-18,-38.79E-18
1.045E6,-27.63E-18,-33.42E-18,-35.75E-18,-38.79E-18
1.046E6,-27.63E-18,-33.42E-18,-35.75E-18,-38.79E-18
1.047E6,-27.63E-18,-33.42E-18,-35.75E-18,-38.79E-18
1.048E6,-27.63E-18,-33.42E-18,-35.75E-18,-38.79E-18
1.049E6,-27.63E-18,-33.42E-18,-35.75E-18,-38.79E-18
1.050E6,-27.63E-18,-33.42E-18,-35.75E-18,-38.79E-18
1.051E6,-27.63E-18,-33.42E-18,-35.75E-18,-38.79E-18
1.052E6,-27.63E-18,-33.42E-18,-35.75E-18,-38.79E-18
1.053E6,-27.63E-18,-33.42E-18,-35.75E-18,-38.79E-18
1.054E6,-27.63E-18,-33.42E-18,-35.75E-18,-38.79E-18
1.055E6,-27.63E-18,-33.42E-18,-35.75E-18,-38.79E-18
1.056E6,-27.63E-18,-33.42E-18,-35.75E-18,-38.79E-18
1.057E6,-27.63E-18,-33.42E-18,-35.75E-18,-38.79E-18
1.058E6,-27.63E-18,-33.42E-18,-35.75E-18,-38.79E-18
1.059E6,-27.63E-18,-33.42E-18,-35.75E-18,-38.79E-18
1.060E6,-27.63E-18,-33.42E-18,-35.75E-18,-38.79E-18
1.061E6,-27.63E-18,-33.42E-18,-35.75E-18,-38.79E-18
1.062E6,-27.63E-18,-33.42E-18,-35.75E-18,-38.79E-18
1.063E6,-27.63E-18,-33.42E-18,-35.75E-18,-38.79E-18
1.064E6,-27.63E-18,-33.42E-18,-35.75E-18,-38.79E-18
1.065E6,-27.63E-18,-33.42E-18,-35.75E-18,-38.79E-18
1.066E6,-27.63E-18,-33.42E-18,-35.75E-18,-38.79E-18
1.067E6,-27.63E-18,-33.42E-18,-35.75E-18,-38.79E-18
1.068E6,-27.63E-18,-33.42E-18,-35.75E-18,-38.79E-18
1.069E6,-27.63E-18,-33.42E-18,-35.75E-18,-38.79E-18
1.070E6,-27.63E-18,-33.42E-18,-35.75E-18,-38.79E-18
1.071E6,-27.63E-18,-33.42E-18,-35.75E-18,-38.79E-18
1.072E6,-27.63E-18,-33.42E-18,-35.75E-18,-38.79E-18
1.073E6,-27.63E-18,-33.42E-18,-35.75E-18,-38.79E-18
1.074E6,-27.63E-18,-33.42E-18,-35.75E-18,-38.79E-18
1.075E6,-27.63E-18,-33.42E-18,-35.75E-18,-38.79E-18
1.076E6,-27.63E-18,-33.42E-18,-35.75E-18,-38.79E-18
1.077E6,-27.63E-18,-33.42E-18,-35.75E-18,-38.79E-18
1.078E6,-27.63E-18,-33.42E-18,-35.75E-18,-38.79E-18
1.079E6,-27.63E-18,-33.42E-18,-35.75E-18,-38.79E-18
1.080E6,-27.63E-18,-33.42E-18,-35.75E-18,-38.79E-18
1.081E6,-27.63E-18,-33.42E-18,-35.75E-18,-38.79E-18
1.082E6,-27.63E-18,-33.42E-18,-35.75E-18,-38.79E-18
1.083E6,-27.63E-18,-33.42E-18,-35.75E-18,-38.79E-18
1.084E6,-27.63E-18,-33.42E-18,-35.75E-18,-38.79E-18
1.085E6,-27.63E-18,-33.42E-18,-35.75E-18,-38.79E-18
1.086E6,-27.63E-18,-33.42E-18,-35.75E-18,-38.79E-18
1.087E6,-27.63E-18,-33.42E-18,-35.75E-18,-38.79E-18
1.088E6,-27.63E-18,-33.42E-18,-35.75E-18,-38.79E-18
1.089E6,-27.63E-18,-33.42E-18,-35.75E-18,-38.79E-18
1.090E6,-27.63E-18,-33.42E-18,-35.75E-18,-38.79E-18
1.091E6,-27.63E-18,-33.42E-18,-35.75E-18,-38.79E-18
1.092E6,-27.63E-18,-33.42E-18,-35.75E-18,-38.79E-18
1.093E6,-27.63E-18,-33.42E-18,-35.75E-18,-38.79E-18
1.094E6,-27.63E-18,-33.42E-18,-35.75E-18,-38.79E-18
1.095E6,-27.63E-18,-33.42E-18,-35.75E-18,-38.79E-18
1.096E6,-27.63E-18,-33.42E-18,-35.75E-18,-38.79E-18
1.097E6,-27.63E-18,-33.42E-18,-35.75E-18,-38.79E-18
1.098E6,-27.63E-18,-33.42E-18,-35.75E-18,-38.79E-18
1.099E6,-27.63E-18,-33.42E-18,-35.75E-18,-38.79E-18
1.100E6,-27.63E-18,-33.42E-18,-35.75E-18,-38.79E-18
1.101E6,-27.63E-18,-33.42E-18,-35.75E-18,-38.79E-18
1.102E6,-27.63E-18,-33.42E-18,-35.75E-18,-38.79E-18
1.103E6,-27.63E-18,-33.42E-18,-35.75E-18,-38.79E-18
1.104E6,-27.63E-18,-33.42E-18,-35.75E-18,-38.79E-18
1.105E6,-27.63E-18,-33.42E-18,-35.75E-18,-38.79E-18
1.106E6,-27.63E-18,-33.42E-18,-35.75E-18,-38.79E-18
1.107E6,-27.63E-18,-33.42E-18,-35.75E-18,-38.79E-18
1.108E6,-27.63E-18,-33.42E-18,-35.75E-18,-38.79E-18
1.109E6,-27.63E-18,-33.42E-18,-35.75E-18,-38.79E-18
1.110E6,-27.63E-18,-33.42E-18,-35.75E-18,-38.79E-18
1.111E6,-27.63E-18,-33.42E-18,-35.75E-18,-38.79E-18
1.112E6,-27.63E-18,-33.42E-18,-35.75E-18,-38.79E-18
1.113E6,-27.63E-18,-33.42E-18,-35.75E-18,-38.79E-18
1.114E6,-27.63E-18,-33.42E-18,-35.75E-18,-38.79E-18
1.115E6,-27.63E-18,-33.42E-18,-35.75E-18,-38.79E-18
1.116E6,-27.63E-18,-33.42E-18,-35.75E-18,-38.79E-18
1.117E6,-27.63E-18,-33.42E-18,-35.75E-18,-38.79E-18
1.118E6,-27.63E-18,-33.42E-18,-35.75E-18,-38.79E-18
1.119E6,-27.63E-18,-33.42E-18,-35.75E-18,-38.79E-18
1.120E6,-27.63E-18,-33.42E-18,-35.75E-18,-38.79E-18
1.121E6,-27.63E-18,-33.42E-18,-35.75E-18,-38.79E-18
1.122E6,-27.63E-18,-33.42E-18,-35.75E-18,-38.79E-18
1.123E6,-27.63E-18,-33.42E-18,-35.75E-18,-38.79E-18
1.124E6,-27.63E-18,-33.42E-18,-35.75E-18,-38.79E-18
1.125E6,-27.63E-18,-33.42E-18,-35.75E-18,-38.79E-18
1.126E6,-27.63E-18,-33.42E-18,-35.75E-18,-38.79E-18
1.127E6,-27.63E-18,-33.42E-18,-35.75E-18,-38.79E-18
1.128E6,-27.63E-18,-33.42E-18,-35.75E-18,-38.79E-18
1.129E6,-27.63E-18,-33.42E-18,-35.75E-18,-38.79E-18
1.130E6,-27.63E-18,-33.42E-18,-35.75E-18,-38.79E-18
1.131E6,-27.63E-18,-33.42E-18,-35.75E-18,-38.79E-18
1.132E6,-27.63E-18,-33.42E-18,-35.75E-18,-38.79E-18
1.133E6,-27.63E-18,-33.42E-18,-35.75E-18,-38.79E-18
1.134E6,-27.63E-18,-33.42E-18,-35.75E-18,-38.79E-18
1.135E6,-27.63E-18,-33.42E-18,-35.75E-18,-38.79E-18
1.136E6,-27.63E-18,-33.42E-18,-35.75E-18,-38.79E-18
1.137E6,-27.63E-18,-33.42E-18,-35.75E-18,-38.79E-18
1.138E6,-27.63E-18,-33.42E-18,-35.75E-18,-38.79E-18
1.139E6,-27.63E-18,-33.42E-18,-35.75E-18,-38.79E-18
1.140E6,-27.63E-18,-33.42E-18,-35.75E-18,-38.79E-18
1.141E6,-27.63E-18,-33.42E-18,-35.75E-18,-38.79E-18
1.142E6,-27.63E-18,-33.42E-18,-35.75E-18,-38.79E-18
1.143E6,-27.63E-18,-33.42E-18,-35.75E-18,-38.79E-18
1.144E6,-27.63E-18,-33.42E-18,-35.75E-18,-38.79E-18
1.145E6,-27.63E-18,-33.42E-18,-35.75E-18,-38.79E-18
1.146E6,-27.63E-18,-33.42E-18,-35.75E-18,-38.79E-18
1.147E6,-27.63E-18,-33.42E-18,-35.75E-18,-38.79E-18
1.148E6,-27.63E-18,-33.42E-18,-35.75E-18,-38.79E-18
1.149E6,-27.63E-18,-33.42E-18,-35.75E-18,-38.79E-18
1.150E6,-27.63E-18,-33.42E-18,-35.75E-18,-38.79E-18
1.151E6,-27.63E-18,-33.42E-18,-35.75E-18,-38.79E-18
1.152E6,-27.63E-18,-33.42E-18,-35.75E-18,-38.79E-18
1.153E6,-27.63E-18,-33.42E-18,-35.75E-18,-38.79E-18
1.154E6,-27.63E-18,-33.42E-18,-35.75E-18,-38.79E-18
1.155E6,-27.63E-18,-33.42E-18,-35.75E-18,-38.79E-18
1.156E6,-27.63E-18,-33.42E-18,-35.75E-18,-38.79E-18
1.157E6,-27.63E-18,-33.42E-18,-35.75E-18,-38.79E-18
1.158E6,-27.63E-18,-33.42E-18,-35.75E-18,-38.79E-18
1.159E6,-27.63E-18,-33.42E-18,-35.75E-18,-38.79E-18
1.160E6,-27.63E-18,-33.42E-18,-35.75E-18,-38.79E-18
1.161E6,-27.63E-18,-33.42E-18,-35.75E-18,-38.79E-18
1.162E6,-27.63E-18,-33.42E-18,-35.75E-18,-38.79E-18
1.163E6,-27.63E-18,-33.42E-18,-35.75E-18,-38.79E-18
1.164E6,-27.63E-18,-33.42E-18,-35.75E-18,-38.79E-18
1.165E6,-27.63E-18,-33.42E-18,-35.75E-18,-38.79E-18
1.166E6,-27.63E-18,-33.42E-18,-35.75E-18,-38.79E-18
1.167E6,-27.63E-18,-33.42E-18,-35.75E-18,-38.79E-18
1.168E6,-27.63E-18,-33.42E-18,-35.75E-18,-38.79E-18
1.169E6,-27.63E-18,-33.42E-18,-35.75E-18,-38.79E-18
1.170E6,-27.63E-18,-33.42E-18,-35.75E-18,-38.79E-18
1.171E6,-27.63E-18,-33.42E-18,-35.75E-18,-38.79E-18
1.172E6,-27.63E-18,-33.42E-18,-35.75E-18,-38.79E-18
1.173E6,-27.63E-18,-33.42E-18,-35.75E-18,-38.79E-18
1.174E6,-27.63E-18,-33.42E-18,-35.75E-18,-38.79E-18
1.175E6,-27.63E-18,-33.42E-18,-35.75E-18,-38.79E-18
1.176E6,-27.63E-18,-33.42E-18,-35.75E-18,-38.79E-18
1.177E6,-27.63E-18,-33.42E-18,-35.75E-18,-38.79E-18
1.178E6,-27.63E-18,-33.42E-18,-35.75E-18,-38.79E-18
1.179E6,-27.63E-18,-33.42E-18,-35.75E-18,-38.79E-18
1.180E6,-27.63E-18,-33.42E-18,-35.75E-18,-38.79E-18
1.181E6,-27.63E-18,-33.42E-18,-35.75E-18,-38.79E-18
1.182E6,-27.63E-18,-33.42E-18,-35.75E-18,-38.79E-18
1.183E6,-27.63E-18,-33.42E-18,-35.75E-18,-38.79E-18
1.184E6,-27.63E-18,-33.42E-18,-35.75E-18,-38.79E-18
1.185E6,-27.63E-18,-33.42E-18,-35.75E-18,-38.79E-18
1.186E6,-27.63E-18,-33.42E-18,-35.75E-18,-38.79E-18
1.187E6,-27.63E-18,-33.42E-18,-35.75E-18,-38.79E-18
1.188E6,-27.63E-18,-33.42E-18,-35.75E-18,-38.79E-18
1.189E6,-27.63E-18,-33.42E-18,-35.75E-18,-38.79E-18
1.190E6,-27.63E-18,-33.42E-18,-35.75E-18,-38.79E-18
1.191E6,-27.63E-18,-33.42E-18,-35.75E-18,-38.79E-18
1.192E6,-27.63E-18,-33.42E-18,-35.75E-18,-38.79E-18
1.193E6,-27.63E-18,-33.42E-18,-35.75E-18,-38.79E-18
1.194E6,-27.63E-18,-33.42E-18,-35.75E-18,-38.79E-18
1.195E6,-27.63E-18,-33.42E-18,-35.75E-18,-38.79E-18
1.196E6,-27.63E-18,-33.42E-18,-35.75E-18,-38.79E-18
1.197E6,-27.63E-18,-33.42E-18,-35.75E-18,-38.79E-18
1.198E6,-27.63E-18,-33.42E-18,-35.75E-18,-38.79E-18
1.199E6,-27.63E-18,-33.42E-18,-35.75E-18,-38.79E-18
1.200E6,-27.63E-18,-33.42E-18,-35.75E-18,-38.79E-18
1.201E6,-27.63E-18,-33.42E-18,-35.75E-18,-38.79E-18
1.202E6,-27.63E-18,-33.42E-18,-35.75E-18,-38.79E-18
1.203E6,-27.63E-18,-33.42E-18,-35.75E-18,-38.79E-18
1.204E6,-27.63E-18,-33.42E-18,-35.75E-18,-38.79E-18
1.205E6,-27.63E-18,-33.42E-18,-35.75E-18,-38.79E-18
1.206E6,-27.63E-18,-33.42E-18,-35.75E-18,-38.79E-18
1.207E6,-27.63E-18,-33.42E-18,-35.75E-18,-38.79E-18
1.208E6,-27.63E-18,-33.42E-18,-35.75E-18,-38.79E-18
1.209E6,-27.63E-18,-33.42E-18,-35.75E-18,-38.79E-18
1.210E6,-27.63E-18,-33.42E-18,-35.75E-18,-38.79E-18
1.211E6,-27.63E-18,-33.42E-18,-35.75E-18,-38.79E-18
1.212E6,-27.63E-18,-33.42E-18,-35.75E-18,-38.79E-18
1.213E6,-27.63E-18,-33.42E-18,-35.75E-18,-38.79E-18
1.214E6,-27.63E-18,-33.42E-18,-35.75E-18,-38.79E-18
1.215E6,-27.63E-18,-33.42E-18,-35.75E-18,-38.79E-18
1.216E6,-27.63E-18,-33.42E-18,-35.75E-18,-38.79E-18
1.217E6,-27.63E-18,-33.42E-18,-35.75E-18,-38.79E-18
1.218E6,-27.63E-18,-33.42E-18,-35.75E-18,-38.79E-18
1.219E6,-27.63E-18,-33.42E-18,-35.75E-18,-38.79E-18
1.220E6,-27.63E-18,-33.42E-18,-35.75E-18,-38.79E-18
1.221E6,-27.63E-18,-33.42E-18,-35.75E-18,-38.79E-18
1.222E6,-27.63E-18,-33.42E-18,-35.75E-18,-38.79E-18
1.223E6,-27.63E-18,-33.42E-18,-35.75E-18,-38.79E-18
1.224E6,-27.63E-18,-33.42E-18,-35.75E-18,-38.79E-18
1.225E6,-27.63E-18,-33.42E-18,-35.75E-18,-38.79E-18
1.226E6,-27.63E-18,-33.42E-18,-35.75E-18,-38.79E-18
1.227E6,-27.63E-18,-33.42E-18,-35.75E-18,-38.79E-18
1.228E6,-27.63E-18,-33.42E-18,-35.75E-18,-38.79E-18
1.229E6,-27.63E-18,-33.42E-18,-35.75E-18,-38.79E-18
1.230E6,-27.63E-18,-33.42E-18,-35.75E-18,-38.79E-18
1.231E6,-27.63E-18,-33.42E-18,-35.75E-18,-38.79E-18
1.232E6,-27.63E-18,-33.42E-18,-35.75E-18,-38.79E-18
1.233E6,-27.63E-18,-33.42E-18,-35.75E-18,-38.79E-18
1.234E6,-27.63E-18,-33.42E-18,-35.75E-18,-38.79E-18
1.235E6,-27.63E-18,-33.42E-18,-35.75E-18,-38.79E-18
1.236E6,-27.63E-18,-33.42E-18,-35.75E-18,-38.79E-18
1.237E6,-27.63E-18,-33.42E-18,-35.75E-18,-38.79E-18
1.238E6,-27.63E-18,-33.42E-18,-35.75E-18,-38.79E-18
1.239E6,-27.63E-18,-33.42E-18,-35.75E-18,-38.79E-18
1.240E6,-27.63E-18,-33.42E-18,-35.75E-18,-38.79E-18
1.241E6,-27.63E-18,-33.42E-18,-35.75E-18,-38.79E-18
1.242E6,-27.63E-18,-33.42E-18,-35.75E-18,-38.79E-18
1.243E6,-27.63E-18,-33.42E-18,-35.75E-18,-38.79E-18
1.244E6,-27.63E-18,-33.42E-18,-35.75E-18,-38.79E-18
1.245E6,-27.63E-18,-33.42E-18,-35.75E-18,-38.79E-18
1.246E6,-27.63E-18,-33.42E-18,-35.75E-18,-38.79E-18
1.247E6,-27.63E-18,-33.42E-18,-35.75E-18,-38.79E-18
1.248E6,-27.63E-18,-33.42E-18,-35.75E-18,-38.79E-18
1.249E6,-27.63E-18,-33.42E-18,-35.75E-18,-38.79E-18
1.250E6,-27.63E-18,-33.42E-18,-35.75E-18,-38.79E-18
1.251E6,-27.63E-18,-33.42E-18,-35.75E-18,-38.79E-18
1.252E6,-27.63E-18,-33.42E-18,-35.75E-18,-38.79E-18
1.253E6,-27.63E-18,-33.42E-18,-35.75E-18,-38.79E-18
1.254E6,-27.63E-18,-33.42E-18,-35.75E-18,-38.79E-18
1.255E6,-27.63E-18,-33.42E-18,-35.75E-18,-38.79E-18
1.256E6,-27.63E-18,-33.42E-18,-35.75E-18,-38.79E-18
1.257E6,-27.63E-18,-33.42E-18,-35.75E-18,-38.79E-18
1.258E6,-27.63E-18,-33.42E-18,-35.75E-18,-38.79E-18
1.259E6,-27.63E-18,-33.42E-18,-35.75E-18,-38.79E-18
1.260E6,-27.63E-18,-33.42E-18,-35.75E-18,-38.79E-18
1.261E6,-27.63E-18,-33.42E-18,-35.75E-18,-38.79E-18
1.262E6,-27.63E-18,-33.42E-18,-35.75E-18,-38.79E-18
1.263E6,-27.63E-18,-33.42E-18,-35.75E-18,-38.79E-18
1.264E6,-27.63E-18,-33.42E-18,-35.75E-18,-38.79E-18
1.265E6,-27.63E-18,-33.42E-18,-35.75E-18,-38.79E-18
1.266E6,-27.63E-18,-33.42E-18,-35.75E-18,-38.79E-18
1.267E6,-27.63E-18,-33.42E-18,-35.75E-18,-38.79E-18
1.268E6,-27.63E-18,-33.42E-18,-35.75E-18,-38.79E-18
1.269E6,-27.63E-18,-33.42E-18,-35.75E-18,-38.79E-18
1.270E6,-27.63E-18,-33.42E-18,-35.75E-18,-38.79E-18
1.271E6,-27.63E-18,-33.42E-18,-35.75E-18,-38.79E-18
1.272E6,-27.63E-18,-33.42E-18,-35.75E-18,-38.79E-18
1.273E6,-27.63E-18,-33.42E-18,-35.75E-18,-38.79E-18
1.274E6,-27.63E-18,-33.42E-18,-35.75E-18,-38.79E-18
1.275E6,-27.63E-18,-33.42E-18,-35.75E-18,-38.79E-18
1.276E6,-27.63E-18,-33.42E-18,-35.75E-18,-38.79E-18
1.277E6,-27.63E-18,-33.42E-18,-35.75E-18,-38.79E-18
1.278E6,-27.63E-18,-33.42E-18,-35.75E-18,-38.79E-18
1.279E6,-27.63E-18,-33.42E-18,-35.75E-18,-38.79E-18
1.280E6,-27.63E-18,-33.42E-18,-35.75E-18,-38.79E-18
1.281E6,-27.63E-18,-33.42E-18,-35.75E-18,-38.79E-18
1.282E6,-27.63E-18,-33.42E-18,-35.75E-18,-38.79E-18
1.283E6,-27.63E-18,-33.42E-18,-35.75E-18,-38.79E-18
1.284E6,-27.63E-18,-33.42E-18,-35.75E-18,-38.79E-18
1.285E6,-27.63E-18,-33.42E-18,-35.75E-18,-38.79E-18
1.286E6,-27.63E-18,-33.42E-18,-35.75E-18,-38.79E-18
1.287E6,-27.63E-18,-33.42E-18,-35.75E-18,-38.79E-18
1.288E6,-27.63E-18,-33.42E-18,-35.75E-18,-38.79E-18
1.289E6,-27.63E-18,-33.42E-18,-35.75E-18,-38.79E-18
1.290E6,-27.63E-18,-33.42E-18,-35.75E-18,-38.79E-18
1.291E6,-27.63E-18,-33.42E-18,-35.75E-18,-38.79E-18
1.292E6,-27.63E-18,-33.42E-18,-35.75E-18,-38.79E-18
1.293E6,-27.63E-18,-33.42E-18,-35.75E-18,-38.79E-18
1.294E6,-27.63E-18,-33.42E-18,-35.75E-18,-38.79E-18
1.295E6,-27.63E-18,-33.42E-18,-35.75E-18,-38.79E-18
1.296E6,-27.63E-18,-33.42E-18,-35.75E-18,-38.79E-18
1.297E6,-27.63E-18,-33.42E-18,-35.75E-18,-38.79E-18
1.298E6,-27.63E-18,-33.42E-18,-35.75E-18,-38.79E-18
1.299E6,-27.63E-18,-33.42E-18,-35.75E-18,-38.79E-18
1.300E6,-27.63E-18,-33.42E-18,-35.75E-18,-38.79E-18
1.301E6,-27.63E-18,-33.42E-18,-35.75E-18,-38.79E-18
1.302E6,-27.63E-18,-33.42E-18,-35.75E-18,-38.79E-18
1.303E6,-27.63E-18,-33.42E-18,-35.75E-18,-38.79E-18
1.304E6,-27.63E-18,-33.42E-18,-35.75E-18,-38.79E-18
1.305E6,-27.63E-18,-33.42E-18,-35.75E-18,-38.79E-18
1.306E6,-27.63E-18,-33.42E-18,-35.75E-18,-38.79E-18
1.307E6,-27.63E-18,-33.42E-18,-35.75E-18,-38.79E-18
1.308E6,-27.63E-18,-33.42E-18,-35.75E-18,-38.79E-18
1.309E6,-27.63E-18,-33.42E-18,-35.75E-18,-38.79E-18
1.310E6,-27.63E-18,-33.42E-18,-35.75E-18,-38.79E-18
1.311E6,-27.63E-18,-33.42E-18,-35.75E-18,-38.79E-18
1.312E6,-27.63E-18,-33.42E-18,-35.75E-18,-38.79E-18
1.313E6,-27.63E-18,-33.42E-18,-35.75E-18,-38.79E-18
1.314E6,-27.63E-18,-33.42E-18,-35.75E-18,-38.79E-18
1.315E6,-27.63E-18,-33.42E-18,-35.75E-18,-38.79E-18
1.316E6,-27.63E-18,-33.42E-18,-35.75E-18,-38.79E-18
1.317E6,-27.63E-18,-33.42E-18,-35.75E-18,-38.79E-18
1.318E6,-27.63E-18,-33.42E-18,-35.75E-18,-38.79E-18
1.319E6,-27.63E-18,-33.42E-18,-35.75E-18,-38.79E-18
1.320E6,-27.63E-18,-33.42E-18,-35.75E-18,-38.79E-18
1.321E6,-27.63E-18,-33.42E-18,-35.75E-18,-38.79E-18
1.322E6,-27.63E-18,-33.42E-18,-35.75E-18,-38.79E-18
1.323E6,-27.63E-18,-33.42E-18,-35.75E-18,-38.79E-18
1.324E6,-27.63E-18,-33.42E-18,-35.75E-18,-38.79E-18
1.325E6,-27.63E-18,-33.42E-18,-35.75E-18,-38.79E-18
1.326E6,-27.63E-18,-33.42E-18,-35.75E-18,-38.79E-18
1.327E6,-27.63E-18,-33.42E-18,-35.75E-18,-38.79E-18
1.328E6,-27.63E-18,-33.42E-18,-35.75E-18,-38.79E-18
1.329E6,-27.63E-18,-33.42E-18,-35.75E-18,-38.79E-18
1.330E6,-27.63E-18,-33.42E-18,-35.75E-18,-38.79E-18
1.331E6,-27.63E-18,-33.42E-18,-35.75E-18,-38.79E-18
1.332E6,-27.63E-18,-33.42E-18,-35.75E-18,-38.79E-18
1.333E6,-27.63E-18,-33.42E-18,-35.75E-18,-38.79E-18
1.334E6,-27.63E-18,-33.42E-18,-35.75E-18,-38.79E-18
1.335E6,-27.63E-18,-33.42E-18,-35.75E-18,-38.79E-18
1.336E6,-27.63E-18,-33.42E-18,-35.75E-18,-38.79E-18
1.337E6,-27.63E-18,-33.42E-18,-35.75E-18,-38.79E-18
1.338E6,-27.63E-18,-33.42E-18,-35.75E-18,-38.79E-18
1.339E6,-27.63E-18,-33.42E-18,-35.75E-18,-38.79E-18
1.340E6,-27.63E-18,-33.42E-18,-35.75E-18,-38.79E-18
1.341E6,-27.63E-18,-33.42E-18,-35.75E-18,-38.79E-18
1.342E6,-27.63E-18,-33.42E-18,-35.75E-18,-38.79E-18
1.343E6,-27.63E-18,-33.42E-18,-35.75E-18,-38.79E-18
1.344E6,-27.63E-18,-33.42E-18,-35.75E-18,-38.79E-18
1.345E6,-27.63E-18,-33.42E-18,-35.75E-18,-38.79E-18
1.346E6,-27.63E-18,-33.42E-18,-35.75E-18,-38.79E-18
1.347E6,-27.63E-18,-33.42E-18,-35.75E-18,-38.79E-18
1.348E6,-27.63E-18,-33.42E-18,-35.75E-18,-38.79E-18
1.349E6,-27.63E-18,-33.42E-18,-35.75E-18,-38.79E-18
1.350E6,-27.63E-18,-33.42E-18,-35.75E-18,-38.79E-18
1.351E6,-27.63E-18,-33.42E-18,-35.75E-18,-38.79E-18
1.352E6,-27.63E-18,-33.42E-18,-35.75E-18,-38.79E-18
1.353E6,-27.63E-18,-33.42E-18,-35.75E-18,-38.79E-18
1.354E6,-27.63E-18,-33.42E-18,-35.75E-18,-38.79E-18
1.355E6,-27.63E-18,-33.42E-18,-35.75E-18,-38.79E-18
1.356E6,-27.63E-18,-33.42E-18,-35.75E-18,-38.79E-18
1.357E6,-27.63E-18,-33.42E-18,-35.75E-18,-38.79E-18
1.358E6,-27.63E-18,-33.42E-18,-35.75E-18,-38.79E-18
1.359E6,-27.63E-18,-33.42E-18,-35.75E-18,-38.79E-18
1.360E6,-27.63E-18,-33.42E-18,-35.75E-18,-38.79E-18
1.361E6,-27.63E-18,-33.42E-18,-35.75E-18,-38.79E-18
1.362E6,-27.63E-18,-33.42E-18,-35.75E-18,-38.79E-18
1.363E6,-27.63E-18,-33.42E-18,-35.75E-18,-38.79E-18
1.364E6,-27.63E-18,-33.42E-18,-35.75E-18,-38.79E-18
1.365E6,-27.63E-18,-33.42E-18,-35.75E-18,-38.79E-18
1.366E6,-27.63E-18,-33.42E-18,-35.75E-18,-38.79E-18
1.367E6,-27.63E-18,-33.42E-18,-35.75E-18,-38.79E-18
1.368E6,-27.63E-18,-33.42E-18,-35.75E-18,-38.79E-18
1.369E6,-27.63E-18,-33.42E-18,-35.75E-18,-38.79E-18
1.370E6,-27.63E-18,-33.42E-18,-35.75E-18,-38.79E-18
1.371E6,-27.63E-18,-33.42E-18,-35.75E-18,-38.79E-18
1.372E6,-27.63E-18,-33.42E-18,-35.75E-18,-38.79E-18
1.373E6,-27.63E-18,-33.42E-18,-35.75E-18,-38.79E-18
1.374E6,-27.63E-18,-33.42E-18,-35.75E-18,-38.79E-18
1.375E6,-27.63E-18,-33.42E-18,-35.75E-18,-38.79E-18
1.376E6,-27.63E-18,-33.42E-18,-35.75E-18,-38.79E-18
1.377E6,-27.63E-18,-33.42E-18,-35.75E-18,-38.79E-18
1.378E6,-27.63E-18,-33.42E-18,-35.75E-18,-38.79E-18
1.379E6,-27.63E-18,-33.42E-18,-35.75E-18,-38.79E-18
1.380E6,-27.63E-18,-33.42E-18,-35.75E-18,-38.79E-18
1.381E6,-27.63E-18,-33.42E-18,-35.75E-18,-38.79E-18
1.382E6,-27.63E-18,-33.42E-18,-35.75E-18,-38.79E-18
1.383E6,-27.63E-18,-33.42E-18,-35.75E-18,-38.79E-18
1.384E6,-27.63E-18,-33.42E-18,-35.75E-18,-38.79E-18
1.385E6,-27.63E-18,-33.42E-18,-35.75E-18,-38.79E-18
1.386E6,-27.63E-18,-33.42E-18,-35.75E-18,-38.79E-18
1.387E6,-27.63E-18,-33.42E-18,-35.75E-18,-38.79E-18
1.388E6,-27.63E-18,-33.42E-18,-35.75E-18,-38.79E-18
1.389E6,-27.63E-18,-33.42E-18,-35.75E-18,-38.79E-18
1.390E6,-27.63E-18,-33.42E-18,-35.75E-18,-38.79E-18
1.391E6,-27.63E-18,-33.42E-18,-35.75E-18,-38.79E-18
1.392E6,-27.63E-18,-33.42E-18,-35.75E-18,-38.79E-18
1.393E6,-27.63E-18,-33.42E-18,-35.75E-18,-38.79E-18
1.394E6,-27.63E-18,-33.42E-18,-35.75E-18,-38.79E-18
1.395E6,-27.63E-18,-33.42E-18,-35.75E-18,-38.79E-18
1.396E6,-27.63E-18,-33.42E-18,-35.75E-18,-38.79E-18
1.397E6,-27.63E-18,-33.42E-18,-35.75E-18,-38.79E-18
1.398E6,-27.63E-18,-33.42E-18,-35.75E-18,-38.79E-18
1.399E6,-27.63E-18,-33.42E-18,-35.75E-18,-38.79E-18
1.400E6,-27.63E-18,-33.42E-18,-35.75E-18,-38.79E-18
1.401E6,-27.63E-18,-33.42E-18,-35.75E-18,-38.79E-18
1.402E6,-27.63E-18,-33.42E-18,-35.75E-18,-38.79E-18
1.403E6,-27.63E-18,-33.42E-18,-35.75E-18,-38.79E-18
1.404E6,-27.63E-18,-33.42E-18,-35.75E-18,-38.79E-18
1.405E6,-27.63E-18,-33.42E-18,-35.75E-18,-38.79E-18
1.406E6,-27.63E-18,-33.42E-18,-35.75E-18,-38.79E-18
1.407E6,-27.63E-18,-33.42E-18,-35.75E-18,-38.79E-18
1.408E6,-27.63E-18,-33.42E-18,-35.75E-18,-38.79E-18
1.409E6,-27.63E-18,-33.42E-18,-35.75E-18,-38.79E-18
1.410E6,-27.63E-18,-33.42E-18,-35.75E-18,-38.79E-18
1.411E6,-27.63E-18,-33.42E-18,-35.75E-18,-38.79E-18
1.412E6,-27.63E-18,-33.42E-18,-35.75E-18,-38.79E-18
1.413E6,-27.63E-18,-33.42E-18,-35.75E-18,-38.79E-18
1.414E6,-27.63E-18,-33.42E-18,-35.75E-18,-38.79E-18
1.415E6,-27.63E-18,-33.42E-18,-35.75E-18,-38.79E-18
1.416E6,-27.63E-18,-33.42E-18,-35.75E-18,-38.79E-18
1.417E6,-27.63E-18,-33.42E-18,-35.75E-18,-38.79E-18
1.418E6,-27.63E-18,-33.42E-18,-35.75E-18,-38.79E-18
1.419E6,-27.63E-18,-33.42E-18,-35.75E-18,-38.79E-18
1.420E6,-27.63E-18,-33.42E-18,-35.75E-18,-38.79E-18
1.421E6,-27.63E-18,-33.42E-18,-35.75E-18,-38.79E-18
1.422E6,-27.63E-18,-33.42E-18,-35.75E-18,-38.79E-18
1.423E6,-27.63E-18,-33.42E-18,-35.75E-18,-38.79E-18
1.424E6,-27.63E-18,-33.42E-18,-35.75E-18,-38.79E-18
1.425E6,-27.63E-18,-33.42E-18,-35.75E-18,-38.79E-18
1.426E6,-27.63E-18,-33.42E-18,-35.75E-18,-38.79E-18
1.427E6,-27.63E-18,-33.42E-18,-35.75E-18,-38.79E-18
1.428E6,-27.63E-18,-33.42E-18,-35.75E-18,-38.79E-18
1.429E6,-27.63E-18,-33.42E-18,-35.75E-18,-38.79E-18
1.430E6,-27.63E-18,-33.42E-18,-35.75E-18,-38.79E-18
1.431E6,-27.63E-18,-33.42E-18,-35.75E-18,-38.79E-18
1.432E6,-27.63E-18,-33.42E-18,-35.75E-18,-38.79E-18
1.433E6,-27.63E-18,-33.42E-18,-35.75E-18,-38.79E-18
1.434E6,-27.63E-18,-33.42E-18,-35.75E-18,-38.79E-18
1.435E6,-27.63E-18,-33.42E-18,-35.75E-18,-38.79E-18
1.436E6,-27.63E-18,-33.42E-18,-35.75E-18,-38.79E-18
1.437E6,-27.63E-18,-33.42E-18,-35.75E-18,-38.79E-18
1.438E6,-27.63E-18,-33.42E-18,-35.75E-18,-38.79E-18
1.439E6,-27.63E-18,-33.42E-18,-35.75E-18,-38.79E-18
1.440E6,-27.63E-18,-33.42E-18,-35.75E-18,-38.79E-18
1.441E6,-27.63E-18,-33.42E-18,-35.75E-18,-38.79E-18
1.442E6,-27.63E-18,-33.42E-18,-35.75E-18,-38.79E-18
1.443E6,-27.63E-18,-33.42E-18,-35.75E-18,-38.79E-18
1.444E6,-27.63E-18,-33.42E-18,-35.75E-18,-38.79E-18
1.445E6,-27.63E-18,-33.42E-18,-35.75E-18,-38.79E-18
1.446E6,-27.63E-18,-33.42E-18,-35.75E-18,-38.79E-18
1.447E6,-27.63E-18,-33.42E-18,-35.75E-18,-38.79E-18
1.448E6,-27.63E-18,-33.42E-18,-35.75E-18,-38.79E-18
1.449E6,-27.63E-18,-33.42E-18,-35.75E-18,-38.79E-18
1.450E6,-27.63E-18,-33.42E-18,-35.75E-18,-38.79E-18
1.451E6,-27.63E-18,-33.42E-18,-35.75E-18,-38.79E-18
1.452E6,-27.63E-18,-33.42E-18,-35.75E-18,-38.79E-18
1.453E6,-27.63E-18,-33.42E-18,-35.75E-18,-38.79E-18
1.454E6,-27.63E-18,-33.42E-18,-35.75E-18,-38.79E-18
1.455E6,-27.63E-18,-33.42E-18,-35.75E-18,-38.79E-18
1.456E6,-27.63E-18,-33.42E-18,-35.75E-18,-38.79E-18
1.457E6,-27.63E-18,-33.42E-18,-35.75E-18,-38.79E-18
1.458E6,-27.63E-18,-33.42E-18,-35.75E-18,-38.79E-18
1.459E6,-27.63E-18,-33.42E-18,-35.75E-18,-38.79E-18
1.460E6,-27.63E-18,-33.42E-18,-35.75E-18,-38.79E-18
1.461E6,-27.63E-18,-33.42E-18,-35.75E-18,-38.79E-18
1.462E6,-27.63E-18,-33.42E-18,-35.75E-18,-38.79E-18
1.463E6,-27.63E-18,-33.42E-18,-35.75E-18,-38.79E-18
1.464E6,-27.63E-18,-33.42E-18,-35.75E-18,-38.79E-18
1.465E6,-27.63E-18,-33.42E-18,-35.75E-18,-38.79E-18
1.466E6,-27.63E-18,-33.42E-18,-35.75E-18,-38.79E-18
1.467E6,-27.63E-18,-33.42E-18,-35.75E-18,-38.79E-18
1.468E6,-27.63E-18,-33.42E-18,-35.75E-18,-38.79E-18
1.469E6,-27.63E-18,-33.42E-18,-35.75E-18,-38.79E-18
1.470E6,-27.63E-18,-33.42E-18,-35.75E-18,-38.79E-18
1.471E6,-27.63E-18,-33.42E-18,-35.75E-18,-38.79E-18
1.472E6,-27.63E-18,-33.42E-18,-35.75E-18,-38.79E-18
1.473E6,-27.63E-18,-33.42E-18,-35.75E-18,-38.79E-18
1.474E6,-27.63E-18,-33.42E-18,-35.75E-18,-38.79E-18
1.475E6,-27.63E-18,-33.42E-18,-35.75E-18,-38.79E-18
1.476E6,-27.63E-18,-33.42E-18,-35.75E-18,-38.79E-18
1.477E6,-27.63E-18,-33.42E-18,-35.75E-18,-38.79E-18
1.478E6,-27.63E-18,-33.42E-18,-35.75E-18,-38.79E-18
1.479E6,-27.63E-18,-33.42E-18,-35.75E-18,-38.79E-18
1.480E6,-27.63E-18,-33.42E-18,-35.75E-18,-38.79E-18
1.481E6,-27.63E-18,-33.42E-18,-35.75E-18,-38.79E-18
1.482E6,-27.63E-18,-33.42E-18,-35.75E-18,-38.79E-18
1.483E6,-27.63E-18,-33.42E-18,-35.75E-18,-38.79E-18
1.484E6,-27.63E-18,-33.42E-18,-35.75E-18,-38.79E-18
1.485E6,-27.63E-18,-33.42E-18,-35.75E-18,-38.79E-18
1.486E6,-27.63E-18,-33.42E-18,-35.75E-18,-38.79E-18
1.487E6,-27.63E-18,-33.42E-18,-35.75E-18,-38.79E-18
1.488E6,-27.63E-18,-33.42E-18,-35.75E-18,-38.79E-18
1.489E6,-27.63E-18,-33.42E-18,-35.75E-18,-38.79E-18
1.490E6,-27.63E-18,-33.42E-18,-35.75E-18,-38.79E-18
1.491E6,-27.63E-18,-33.42E-18,-35.75E-18,-38.79E-18
1.492E6,-27.63E-18,-33.42E-18,-35.75E-18,-38.79E-18
1.493E6,-27.63E-18,-33.42E-18,-35.75E-18,-38.79E-18
1.494E6,-27.63E-18,-33.42E-18,-35.75E-18,-38.79E-18
1.495E6,-27.63E-18,-33.42E-18,-35.75E-18,-38.79E-18
1.496E6,-27.63E-18,-33.42E-18,-35.75E-18,-38.79E-18
1.497E6,-27.63E-18,-33.42E-18,-35.75E-18,-38.79E-18
1.498E6,-27.63E-18,-33.42E-18,-35.75E-18,-38.79E-18
1.499E6,-27.63E-18,-33.42E-18,-35.75E-18,-38.79E-18
1.500E6,-27.63E-18,-33.42E-18,-35.75E-18,-38.79E-18
1.501E6,-27.63E-18,-33.42E-18,-35.75E-18,-38.79E-18
1.502E6,-27.63E-18,-33.42E-18,-35.75E-18,-38.79E-18
1.503E6,-27.63E-18,-33.42E-18,-35.75E-18,-38.79E-18
1.504E6,-27.63E-18,-33.42E-18,-35.75E-18,-38.79E-18
1.505E6,-27.63E-18,-33.42E-18,-35.75E-18,-38.79E-18
1.506E6,-27.63E-18,-33.42E-18,-35.75E-18,-38.79E-18
1.507E6,-27.63E-18,-33.42E-18,-35.75E-18,-38.79E-18
1.508E6,-27.63E-18,-33.42E-18,-35.75E-18,-38.79E-18
1.509E6,-27.63E-18,-33.42E-18,-35.75E-18,-38.79E-18
1.510E6,-27.63E-18,-33.42E-18,-35.75E-18,-38.79E-18
1.511E6,-27.63E-18,-33.42E-18,-35.75E-18,-38.79E-18
1.512E6,-27.63E-18,-33.42E-18,-35.75E-18,-38.79E-18
1.513E6,-27.63E-18,-33.42E-18,-35.75E-18,-38.79E-18
1.514E6,-27.63E-18,-33.42E-18,-35.75E-18,-38.79E-18
1.515E6,-27.63E-18,-33.42E-18,-35.75E-18,-38.79E-18
1.516E6,-27.63E-18,-33.42E-18,-35.75E-18,-38.79E-18
1.517E6,-27.63E-18,-33.42E-18,-35.75E-18,-38.79E-18
1.518E6,-27.63E-18,-33.42E-18,-35.75E-18,-38.79E-18
1.519E6,-27.63E-18,-33.42E-18,-35.75E-18,-38.79E-18
1.520E6,-27.63E-18,-33.42E-18,-35.75E-18,-38.79E-18
1.521E6,-27.63E-18,-33.42E-18,-35.75E-18,-38.79E-18
1.522E6,-27.63E-18,-33.42E-18,-35.75E-18,-38.79E-18
1.523E6,-27.63E-18,-33.42E-18,-35.75E-18,-38.79E-18
1.524E6,-27.63E-18,-33.42E-18,-35.75E-18,-38.79E-18
1.525E6,-27.63E-18,-33.42E-18,-35.75E-18,-38.79E-18
1.526E6,-27.63E-18,-33.42E-18,-35.75E-18,-38.79E-18
1.527E6,-27.63E-18,-33.42E-18,-35.75E-18,-38.79E-18
1.528E6,-27.63E-18,-33.42E-18,-35.75E-18,-38.79E-18
1.529E6,-27.63E-18,-33.42E-18,-35.75E-18,-38.79E-18
1.530E6,-27.63E-18,-33.42E-18,-35.75E-18,-38.79E-18
1.531E6,-27.63E-18,-33.42E-18,-35.75E-18,-38.79E-18
1.532E6,-27.63E-18,-33.42E-18,-35.75E-18,-38.79E-18
1.533E6,-27.63E-18,-33.42E-18,-35.75E-18,-38.79E-18
1.534E6,-27.63E-18,-33.42E-18,-35.75E-18,-38.79E-18
1.535E6,-27.63E-18,-33.42E-18,-35.75E-18,-38.79E-18
1.536E6,-27.63E-18,-33.42E-18,-35.75E-18,-38.79E-18
1.537E6,-27.63E-18,-33.42E-18,-35.75E-18,-38.79E-18
1.538E6,-27.63E-18,-33.42E-18,-35.75E-18,-38.79E-18
1.539E6,-27.63E-18,-33.42E-18,-35.75E-18,-38.79E-18
1.540E6,-27.63E-18,-33.42E-18,-35.75E-18,-38.79E-18
1.541E6,-27.63E-18,-33.42E-18,-35.75E-18,-38.79E-18
1.542E6,-27.63E-18,-33.42E-18,-35.75E-18,-38.79E-18
1.543E6,-27.63E-18,-33.42E-18,-35.75E-18,-38.79E-18
1.544E6,-27.63E-18,-33.42E-18,-35.75E-18,-38.79E-18
1.545E6,-27.63E-18,-33.42E-18,-35.75E-18,-38.79E-18
1.546E6,-27.63E-18,-33.42E-18,-35.75E-18,-38.79E-18
1.547E6,-27.63E-18,-33.42E-18,-35.75E-18,-38.79E-18
1.548E6,-27.63E-18,-33.42E-18,-35.75E-18,-38.79E-18
1.549E6,-27.63E-18,-33.42E-18,-35.75E-18,-38.79E-18
1.550E6,-27.63E-18,-33.42E-18,-35.75E-18,-38.79E-18
1.551E6,-27.63E-18,-33.42E-18,-35.75E-18,-38.79E-18
1.552E6,-27.63E-18,-33.42E-18,-35.75E-18,-38.79E-18
1.553E6,-27.63E-18,-33.42E-18,-35.75E-18,-38.79E-18
1.554E6,-27.63E-18,-33.42E-18,-35.75E-18,-38.79E-18
1.555E6,-27.63E-18,-33.42E-18,-35.75E-18,-38.79E-18
1.556E6,-27.63E-18,-33.42E-18,-35.75E-18,-38.79E-18
1.557E6,-27.63E-18,-33.42E-18,-35.75E-18,-38.79E-18
1.558E6,-27.63E-18,-33.42E-18,-35.75E-18,-38.79E-18
1.559E6,-27.63E-18,-33.42E-18,-35.75E-18,-38.79E-18
1.560E6,-27.63E-18,-33.42E-18,-35.75E-18,-38.79E-18
1.561E6,-27.63E-18,-33.42E-18,-35.75E-18,-38.79E-18
1.562E6,-27.63E-18,-33.42E-18,-35.75E-18,-38.79E-18
1.563E6,-27.63E-18,-33.42E-18,-35.75E-18,-38.79E-18
1.564E6,-27.63E-18,-33.42E-18,-35.75E-18,-38.79E-18
1.565E6,-27.63E-18,-33.42E-18,-35.75E-18,-38.79E-18
1.566E6,-27.63E-18,-33.42E-18,-35.75E-18,-38.79E-18
1.567E6,-27.63E-18,-33.42E-18,-35.75E-18,-38.79E-18
1.568E6,-27.63E-18,-33.42E-18,-35.75E-18,-38.79E-18
1.569E6,-27.63E-18,-33.42E-18,-35.75E-18,-38.79E-18
1.570E6,-27.63E-18,-33.42E-18,-35.75E-18,-38.79E-18
1.571E6,-27.63E-18,-33.42E-18,-35.75E-18,-38.79E-18
1.572E6,-27.63E-18,-33.42E-18,-35.75E-18,-38.79E-18
1.573E6,-27.63E-18,-33.42E-18,-35.75E-18,-38.79E-18
1.574E6,-27.63E-18,-33.42E-18,-35.75E-18,-38.79E-18
1.575E6,-27.63E-18,-33.42E-18,-35.75E-18,-38.79E-18
1.576E6,-27.63E-18,-33.42E-18,-35.75E-18,-38.79E-18
1.577E6,-27.63E-18,-33.42E-18,-35.75E-18,-38.79E-18
1.578E6,-27.63E-18,-33.42E-18,-35.75E-18,-38.79E-18
1.579E6,-27.63E-18,-33.42E-18,-35.75E-18,-38.79E-18
1.580E6,-27.63E-18,-33.42E-18,-35.75E-18,-38.79E-18
1.581E6,-27.63E-18,-33.42E-18,-35.75E-18,-38.79E-18
1.582E6,-27.63E-18,-33.42E-18,-35.75E-18,-38.79E-18
1.583E6,-27.63E-18,-33.42E-18,-35.75E-18,-38.79E-18
1.584E6,-27.63E-18,-33.42E-18,-35.75E-18,-38.79E-18
1.585E6,-27.63E-18,-33.42E-18,-35.75E-18,-38.79E-18
1.586E6,-27.63E-18,-33.42E-18,-35.75E-18,-38.79E-18
1.587E6,-27.63E-18,-33.42E-18,-35.75E-18,-38.79E-18
1.588E6,-27.63E-18,-33.42E-18,-35.75E-18,-38.79E-18
1.589E6,-27.63E-18,-33.42E-18,-35.75E-18,-38.79E-18
1.590E6,-27.63E-18,-33.42E-18,-35.75E-18,-38.79E-18
1.591E6,-27.63E-18,-33.42E-18,-35.75E-18,-38.79E-18
1.592E6,-27.63E-18,-33.42E-18,-35.75E-18,-38.79E-18
1.593E6,-27.63E-18,-33.42E-18,-35.75E-18,-38.79E-18
1.594E6,-27.63E-18,-33.42E-18,-35.75E-18,-38.79E-18
1.595E6,-27.63E-18,-33.42E-18,-35.75E-18,-38.79E-18
1.596E6,-27.63E-18,-33.42E-18,-35.75E-18,-38.79E-18
1.597E6,-27.63E-18,-33.42E-18,-35.75E-18,-38.79E-18
1.598E6,-27.63E-18,-33.42E-18,-35.75E-18,-38.79E-18
1.599E6,-27.63E-18,-33.42E-18,-35.75E-18,-38.79E-18
1.600E6,-27.63E-18,-33.42E-18,-35.75E-18,-38.79E-18
1.601E6,-27.63E-18,-33.42E-18,-35.75E-18,-38.79E-18
1.602E6,-27.63E-18,-33.42E-18,-35.75E-18,-38.79E-18
1.603E6,-27.63E-18,-33.42E-18,-35.75E-18,-38.79E-18
1.604E6,-27.63E-18,-33.42E-18,-35.75E-18,-38.79E-18
1.605E6,-27.63E-18,-33.42E-18,-35.75E-18,-38.79E-18
1.606E6,-27.63E-18,-33.42E-18,-35.75E-18,-38.79E-18
1.607E6,-27.63E-18,-33.42E-18,-35.75E-18,-38.79E-18
1.608E6,-27.63E-18,-33.42E-18,-35.75E-18,-38.79E-18
1.609E6,-27.63E-18,-33.42E-18,-35.75E-18,-38.79E-18
1.610E6,-27.63E-18,-33.42E-18,-35.75E-18,-38.79E-18
1.611E6,-27.63E-18,-33.42E-18,-35.75E-18,-38.79E-18
1.612E6,-27.63E-18,-33.42E-18,-35.75E-18,-38.79E-18
1.613E6,-27.63E-18,-33.42E-18,-35.75E-18,-38.79E-18
1.614E6,-27.63E-18,-33.42E-18,-35.75E-18,-38.79E-18
1.615E6,-27.63E-18,-33.42E-18,-35.75E-18,-38.79E-18
1.616E6,-27.63E-18,-33.42E-18,-35.75E-18,-38.79E-18
1.617E6,-27.63E-18,-33.42E-18,-35.75E-18,-38.79E-18
1.618E6,-27.63E-18,-33.42E-18,-35.75E-18,-38.79E-18
1.619E6,-27.63E-18,-33.42E-18,-35.75E-18,-38.79E-18
1.620E6,-27.63E-18,-33.42E-18,-35.75E-18,-38.79E-18
1.621E6,-27.63E-18,-33.42E-18,-35.75E-18,-38.79E-18
1.622E6,-27.63E-18,-33.42E-18,-35.75E-18,-38.79E-18
1.623E6,-27.63E-18,-33.42E-18,-35.75E-18,-38.79E-18
1.624E6,-27.63E-18,-33.42E-18,-35.75E-18,-38.79E-18
1.625E6,-27.63E-18,-33.42E-18,-35.75E-18,-38.79E-18
1.626E6,-27.63E-18,-33.42E-18,-35.75E-18,-38.79E-18
1.627E6,-27.63E-18,-33.42E-18,-35.75E-18,-38.79E-18
1.628E6,-27.63E-18,-33.42E-18,-35.75E-18,-38.79E-18
1.629E6,-27.63E-18,-33.42E-18,-35.75E-18,-38.79E-18
1.630E6,-27.63E-18,-33.42E-18,-35.75E-18,-38.79E-18
1.631E6,-27.63E-18,-33.42E-18,-35.75E-18,-38.79E-18
1.632E6,-27.63E-18,-33.42E-18,-35.75E-18,-38.79E-18
1.633E6,-27.63E-18,-33.42E-18,-35.75E-18,-38.79E-18
1.634E6,-27.63E-18,-33.42E-18,-35.75E-18,-38.79E-18
1.635E6,-27.63E-18,-33.42E-18,-35.75E-18,-38.79E-18
1.636E6,-27.63E-18,-33.42E-18,-35.75E-18,-38.79E-18
1.637E6,-27.63E-18,-33.42E-18,-35.75E-18,-38.79E-18
1.638E6,-27.63E-18,-33.42E-18,-35.75E-18,-38.79E-18
1.639E6,-27.63E-18,-33.42E-18,-35.75E-18,-38.79E-18
1.640E6,-27.63E-18,-33.42E-18,-35.75E-18,-38.79E-18
1.641E6,-27.63E-18,-33.42E-18,-35.75E-18,-38.79E-18
1.642E6,-27.63E-18,-33.42E-18,-35.75E-18,-38.79E-18
1.643E6,-27.63E-18,-33.42E-18,-35.75E-18,-38.79E-18
1.644E6,-27.63E-18,-33.42E-18,-35.75E-18,-38.79E-18
1.645E6,-27.63E-18,-33.42E-18,-35.75E-18,-38.79E-18
1.646E6,-27.63E-18,-33.42E-18,-35.75E-18,-38.79E-18
1.647E6,-27.63E-18,-33.42E-18,-35.75E-18,-38.79E-18
1.648E6,-27.63E-18,-33.42E-18,-35.75E-18,-38.79E-18
1.649E6,-27.63E-18,-33.42E-18,-35.75E-18,-38.79E-18
1.650E6,-27.63E-18,-33.42E-18,-35.75E-18,-38.79E-18
1.651E6,-27.63E-18,-33.42E-18,-35.75E-18,-38.79E-18
1.652E6,-27.63E-18,-33.42E-18,-35.75E-18,-38.79E-18
1.653E6,-27.63E-18,-33.42E-18,-35.75E-18,-38.79E-18
1.654E6,-27.63E-18,-33.42E-18,-35.75E-18,-38.79E-18
1.655E6,-27.63E-18,-33.42E-18,-35.75E-18,-38.79E-18
1.656E6,-27.63E-18,-33.42E-18,-35.75E-18,-38.79E-18
1.657E6,-27.63E-18,-33.42E-18,-35.75E-18,-38.79E-18
1.658E6,-27.63E-18,-33.42E-18,-35.75E-18,-38.79E-18
1.659E6,-27.63E-18,-33.42E-18,-35.75E-18,-38.79E-18
1.660E6,-27.63E-18,-33.42E-18,-35.75E-18,-38.79E-18
1.661E6,-27.63E-18,-33.42E-18,-35.75E-18,-38.79E-18
1.662E6,-27.63E-18,-33.42E-18,-35.75E-18,-38.79E-18
1.663E6,-27.63E-18,-33.42E-18,-35.75E-18,-38.79E-18
1.664E6,-27.63E-18,-33.42E-18,-35.75E-18,-38.79E-18
1.665E6,-27.63E-18,-33.42E-18,-35.75E-18,-38.79E-18
1.666E6,-27.63E-18,-33.42E-18,-35.75E-18,-38.79E-18
1.667E6,-27.63E-18,-33.42E-18,-35.75E-18,-38.79E-18
1.668E6,-27.63E-18,-33.42E-18,-35.75E-18,-38.79E-18
1.669E6,-27.63E-18,-33.42E-18,-35.75E-18,-38.79E-18
1.670E6,-27.63E-18,-33.42E-18,-35.75E-18,-38.79E-18
1.671E6,-27.63E-18,-33.42E-18,-35.75E-18,-38.79E-18
1.672E6,-27.63E-18,-33.42E-18,-35.75E-18,-38.79E-18
1.673E6,-27.63E-18,-33.42E-18,-35.75E-18,-38.79E-18
1.674E6,-27.63E-18,-33.42E-18,-35.75E-18,-38.79E-18
1.675E6,-27.63E-18,-33.42E-18,-35.75E-18,-38.79E-18
1.676E6,-27.63E-18,-33.42E-18,-35.75E-18,-38.79E-18
1.677E6,-27.63E-18,-33.42E-18,-35.75E-18,-38.79E-18
1.678E6,-27.63E-18,-33.42E-18,-35.75E-18,-38.79E-18
1.679E6,-27.63E-18,-33.42E-18,-35.75E-18,-38.79E-18
1.680E6,-27.63E-18,-33.42E-18,-35.75E-18,-38.79E-18
1.681E6,-27.63E-18,-33.42E-18,-35.75E-18,-38.79E-18
1.682E6,-27.63E-18,-33.42E-18,-35.75E-18,-38.79E-18
1.683E6,-27.63E-18,-33.42E-18,-35.75E-18,-38.79E-18
1.684E6,-27.63E-18,-33.42E-18,-35.75E-18,-38.79E-18
1.685E6,-27.63E-18,-33.42E-18,-35.75E-18,-38.79E-18
1.686E6,-27.63E-18,-33.42E-18,-35.75E-18,-38.79E-18
1.687E6,-27.63E-18,-33.42E-18,-35.75E-18,-38.79E-18
1.688E6,-27.63E-18,-33.42E-18,-35.75E-18,-38.79E-18
1.689E6,-27.63E-18,-33.42E-18,-35.75E-18,-38.79E-18
1.690E6,-27.63E-18,-33.42E-18,-35.75E-18,-38.79E-18
1.691E6,-27.63E-18,-33.42E-18,-35.75E-18,-38.79E-18
1.692E6,-27.63E-18,-33.42E-18,-35.75E-18,-38.79E-18
1.693E6,-27.63E-18,-33.42E-18,-35.75E-18,-38.79E-18
1.694E6,-27.63E-18,-33.42E-18,-35.75E-18,-38.79E-18
1.695E6,-27.63E-18,-33.42E-18,-35.75E-18,-38.79E-18
1.696E6,-27.63E-18,-33.42E-18,-35.75E-18,-38.79E-18
1.697E6,-27.63E-18,-33.42E-18,-35.75E-18,-38.79E-18
1.698E6,-27.63E-18,-33.42E-18,-35.75E-18,-38.79E-18
1.699E6,-27.63E-18,-33.42E-18,-35.75E-18,-38.79E-18
1.700E6,-27.63E-18,-33.42E-18,-35.75E-18,-38.79E-18
1.701E6,-27.63E-18,-33.42E-18,-35.75E-18,-38.79E-18
1.702E6,-27.63E-18,-33.42E-18,-35.75E-18,-38.79E-18
1.703E6,-27.63E-18,-33.42E-18,-35.75E-18,-38.79E-18
1.704E6,-27.63E-18,-33.42E-18,-35.75E-18,-38.79E-18
1.705E6,-27.63E-18,-33.42E-18,-35.75E-18,-38.79E-18
1.706E6,-27.63E-18,-33.42E-18,-35.75E-18,-38.79E-18
1.707E6,-27.63E-18,-33.42E-18,-35.75E-18,-38.79E-18
1.708E6,-27.63E-18,-33.42E-18,-35.75E-18,-38.79E-18
1.709E6,-27.63E-18,-33.42E-18,-35.75E-18,-38.79E-18
1.710E6,-27.63E-18,-33.42E-18,-35.75E-18,-38.79E-18
1.711E6,-27.63E-18,-33.42E-18,-35.75E-18,-38.79E-18
1.712E6,-27.63E-18,-33.42E-18,-35.75E-18,-38.79E-18
1.713E6,-27.63E-18,-33.42E-18,-35.75E-18,-38.79E-18
1.714E6,-27.63E-18,-33.42E-18,-35.75E-18,-38.79E-18
1.715E6,-27.63E-18,-33.42E-18,-35.75E-18,-38.79E-18
1.716E6,-27.63E-18,-33.42E-18,-35.75E-18,-38.79E-18
1.717E6,-27.63E-18,-33.42E-18,-35.75E-18,-38.79E-18
1.718E6,-27.63E-18,-33.42E-18,-35.75E-18,-38.79E-18
1.719E6,-27.63E-18,-33.42E-18,-35.75E-18,-38.79E-18
1.720E6,-27.63E-18,-33.42E-18,-35.75E-18,-38.79E-18
1.721E6,-27.63E-18,-33.42E-18,-35.75E-18,-38.79E-18
1.722E6,-27.63E-18,-33.42E-18,-35.75E-18,-38.79E-18
1.723E6,-27.63E-18,-33.42E-18,-35.75E-18,-38.79E-18
1.724E6,-27.63E-18,-33.42E-18,-35.75E-18,-38.79E-18
1.725E6,-27.63E-18,-33.42E-18,-35.75E-18,-38.79E-18
1.726E6,-27.63E-18,-33.42E-18,-35.75E-18,-38.79E-18
1.727E6,-27.63E-18,-33.42E-18,-35.75E-18,-38.79E-18
1.728E6,-27.63E-18,-33.42E-18,-35.75E-18,-38.79E-18
1.729E6,-27.63E-18,-33.42E-18,-35.75E-18,-38.79E-18
1.730E6,-27.63E-18,-33.42E-18,-35.75E-18,-38.79E-18
1.731E6,-27.63E-18,-33.42E-18,-35.75E-18,-38.79E-18
1.732E6,-27.63E-18,-33.42E-18,-35.75E-18,-38.79E-18
1.733E6,-27.63E-18,-33.42E-18,-35.75E-18,-38.79E-18
1.734E6,-27.63E-18,-33.42E-18,-35.75E-18,-38.79E-18
1.735E6,-27.63E-18,-33.42E-18,-35.75E-18,-38.79E-18
1.736E6,-27.63E-18,-33.42E-18,-35.75E-18,-38.79E-18
1.737E6,-27.63E-18,-33.42E-18,-35.75E-18,-38.79E-18
1.738E6,-27.63E-18,-33.42E-18,-35.75E-18,-38.79E-18
1.739E6,-27.63E-18,-33.42E-18,-35.75E-18,-38.79E-18
1.740E6,-27.63E-18,-33.42E-18,-35.75E-18,-38.79E-18
1.741E6,-27.63E-18,-33.42E-18,-35.75E-18,-38.79E-18
1.742E6,-27.63E-18,-33.42E-18,-35.75E-18,-38.79E-18
1.743E6,-27.63E-18,-33.42E-18,-35.75E-18,-38.79E-18
1.744E6,-27.63E-18,-33.42E-18,-35.75E-18,-38.79E-18
1.745E6,-27.63E-18,-33.42E-18,-35.75E-18,-38.79E-18
1.746E6,-27.63E-18,-33.42E-18,-35.75E-18,-38.79E-18
1.747E6,-27.63E-18,-33.42E-18,-35.75E-18,-38.79E-18
1.748E6,-27.63E-18,-33.42E-18,-35.75E-18,-38.79E-18
1.749E6,-27.63E-18,-33.42E-18,-35.75E-18,-38.79E-18
1.750E6,-27.63E-18,-33.42E-18,-35.75E-18,-38.79E-18
1.751E6,-27.63E-18,-33.42E-18,-35.75E-18,-38.79E-18
1.752E6,-27.63E-18,-33.42E-18,-35.75E-18,-38.79E-18
1.753E6,-27.63E-18,-33.42E-18,-35.75E-18,-38.79E-18
1.754E6,-27.63E-18,-33.42E-18,-35.75E-18,-38.79E-18
1.755E6,-27.63E-18,-33.42E-18,-35.75E-18,-38.79E-18
1.756E6,-27.63E-18,-33.42E-18,-35.75E-18,-38.79E-18
1.757E6,-27.63E-18,-33.42E-18,-35.75E-18,-38.79E-18
1.758E6,-27.63E-18,-33.42E-18,-35.75E-18,-38.79E-18
1.759E6,-27.63E-18,-33.42E-18,-35.75E-18,-38.79E-18
1.760E6,-27.63E-18,-33.42E-18,-35.75E-18,-38.79E-18
1.761E6,-27.63E-18,-33.42E-18,-35.75E-18,-38.79E-18
1.762E6,-27.63E-18,-33.42E-18,-35.75E-18,-38.79E-18
1.763E6,-27.63E-18,-33.42E-18,-35.75E-18,-38.79E-18
1.764E6,-27.63E-18,-33.42E-18,-35.75E-18,-38.79E-18
1.765E6,-27.63E-18,-33.42E-18,-35.75E-18,-38.79E-18
1.766E6,-27.63E-18,-33.42E-18,-35.75E-18,-38.79E-18
1.767E6,-27.63E-18,-33.42E-18,-35.75E-18,-38.79E-18
1.768E6,-27.63E-18,-33.42E-18,-35.75E-18,-38.79E-18
1.769E6,-27.63E-18,-33.42E-18,-35.75E-18,-38.79E-18
1.770E6,-27.63E-18,-33.42E-18,-35.75E-18,-38.79E-18
1.771E6,-27.63E-18,-33.42E-18,-35.75E-18,-38.79E-18
1.772E6,-27.63E-18,-33.42E-18,-35.75E-18,-38.79E-18
1.773E6,-27.63E-18,-33.42E-18,-35.75E-18,-38.79E-18
1.774E6,-27.63E-18,-33.42E-18,-35.75E-18,-38.79E-18
1.775E6,-27.63E-18,-33.42E-18,-35.75E-18,-38.79E-18
1.776E6,-27.63E-18,-33.42E-18,-35.75E-18,-38.79E-18
1.777E6,-27.63E-18,-33.42E-18,-35.75E-18,-38.79E-18
1.778E6,-27.63E-18,-33.42E-18,-35.75E-18,-38.79E-18
1.779E6,-27.63E-18,-33.42E-18,-35.75E-18,-38.79E-18
1.780E6,-27.63E-18,-33.42E-18,-35.75E-18,-38.79E-18
1.781E6,-27.63E-18,-33.42E-18,-35.75E-18,-38.79E-18
1.782E6,-27.63E-18,-33.42E-18,-35.75E-18,-38.79E-18
1.783E6,-27.63E-18,-33.42E-18,-35.75E-18,-38.79E-18
1.784E6,-27.63E-18,-33.42E-18,-35.75E-18,-38.79E-18
1.785E6,-27.63E-18,-33.42E-18,-35.75E-18,-38.79E-18
1.786E6,-27.63E-18,-33.42E-18,-35.75E-18,-38.79E-18
1.787E6,-27.63E-18,-33.42E-18,-35.75E-18,-38.79E-18
1.788E6,-27.63E-18,-33.42E-18,-35.75E-18,-38.79E-18
1.789E6,-27.63E-18,-33.42E-18,-35.75E-18,-38.79E-18
1.790E6,-27.63E-18,-33.42E-18,-35.75E-18,-38.79E-18
1.791E6,-27.63E-18,-33.42E-18,-35.75E-18,-38.79E-18
1.792E6,-27.63E-18,-33.42E-18,-35.75E-18,-38.79E-18
1.793E6,-27.63E-18,-33.42E-18,-35.75E-18,-38.79E-18
1.794E6,-27.63E-18,-33.42E-18,-35.75E-18,-38.79E-18
1.795E6,-27.63E-18,-33.42E-18,-35.75E-18,-38.79E-18
1.796E6,-27.63E-18,-33.42E-18,-35.75E-18,-38.79E-18
1.797E6,-27.63E-18,-33.42E-18,-35.75E-18,-38.79E-18
1.798E6,-27.63E-18,-33.42E-18,-35.75E-18,-38.79E-18
1.799E6,-27.63E-18,-33.42E-18,-35.75E-18,-38.79E-18
1.800E6,-27.63E-18,-33.42E-18,-35.75E-18,-38.79E-18
1.801E6,-27.63E-18,-33.42E-18,-35.75E-18,-38.79E-18
1.802E6,-27.63E-18,-33.42E-18,-35.75E-18,-38.79E-18
1.803E6,-27.63E-18,-33.42E-18,-35.75E-18,-38.79E-18
1.804E6,-27.63E-18,-33.42E-18,-35.75E-18,-38.79E-18
1.805E6,-27.63E-18,-33.42E-18,-35.75E-18,-38.79E-18
1.806E6,-27.63E-18,-33.42E-18,-35.75E-18,-38.79E-18
1.807E6,-27.63E-18,-33.42E-18,-35.75E-18,-38.79E-18
1.808E6,-27.63E-18,-33.42E-18,-35.75E-18,-38.79E-18
1.809E6,-27.63E-18,-33.42E-18,-35.75E-18,-38.79E-18
1.810E6,-27.63E-18,-33.42E-18,-35.75E-18,-38.79E-18
1.811E6,-27.63E-18,-33.42E-18,-35.75E-18,-38.79E-18
1.812E6,-27.63E-18,-33.42E-18,-35.75E-18,-38.79E-18
1.813E6,-27.63E-18,-33.42E-18,-35.75E-18,-38.79E-18
1.814E6,-27.63E-18,-33.42E-18,-35.75E-18,-38.79E-18
1.815E6,-27.63E-18,-33.42E-18,-35.75E-18,-38.79E-18
1.816E6,-27.63E-18,-33.42E-18,-35.75E-18,-38.79E-18
1.817E6,-27.63E-18,-33.42E-18,-35.75E-18,-38.79E-18
1.818E6,-27.63E-18,-33.42E-18,-35.75E-18,-38.79E-18
1.819E6,-27.63E-18,-33.42E-18,-35.75E-18,-38.79E-18
1.820E6,-27.63E-18,-33.42E-18,-35.75E-18,-38.79E-18
1.821E6,-27.63E-18,-33.42E-18,-35.75E-18,-38.79E-18
1.822E6,-27.63E-18,-33.42E-18,-35.75E-18,-38.79E-18
1.823E6,-27.63E-18,-33.42E-18,-35.75E-18,-38.79E-18
1.824E6,-27.63E-18,-33.42E-18,-35.75E-18,-38.79E-18
1.825E6,-27.63E-18,-33.42E-18,-35.75E-18,-38.79E-18
1.826E6,-27.63E-18,-33.42E-18,-35.75E-18,-38.79E-18
1.827E6,-27.63E-18,-33.42E-18,-35.75E-18,-38.79E-18
1.828E6,-27.63E-18,-33.42E-18,-35.75E-18,-38.79E-18
1.829E6,-27.63E-18,-33.42E-18,-35.75E-18,-38.79E-18
1.830E6,-27.63E-18,-33.42E-18,-35.75E-18,-38.79E-18
1.831E6,-27.63E-18,-33.42E-18,-35.75E-18,-38.79E-18
1.832E6,-27.63E-18,-33.42E-18,-35.75E-18,-38.79E-18
1.833E6,-27.63E-18,-33.42E-18,-35.75E-18,-38.79E-18
1.834E6,-27.63E-18,-33.42E-18,-35.75E-18,-38.79E-18
1.835E6,-27.63E-18,-33.42E-18,-35.75E-18,-38.79E-18
1.836E6,-27.63E-18,-33.42E-18,-35.75E-18,-38.79E-18
1.837E6,-27.63E-18,-33.42E-18,-35.75E-18,-38.79E-18
1.838E6,-27.63E-18,-33.42E-18,-35.75E-18,-38.79E-18
1.839E6,-27.63E-18,-33.42E-18,-35.75E-18,-38.79E-18
1.840E6,-27.63E-18,-33.42E-18,-35.75E-18,-38.79E-18
1.841E6,-27.63E-18,-33.42E-18,-35.75E-18,-38.79E-18
1.842E6,-27.63E-18,-33.42E-18,-35.75E-18,-38.79E-18
1.843E6,-27.63E-18,-33.42E-18,-35.75E-18,-38.79E-18
1.844E6,-27.63E-18,-33.42E-18,-35.75E-18,-38.79E-18
1.845E6,-27.63E-18,-33.42E-18,-35.75E-18,-38.79E-18
1.846E6,-27.63E-18,-33.42E-18,-35.75E-18,-38.79E-18
1.847E6,-27.63E-18,-33.42E-18,-35.75E-18,-38.79E-18
1.848E6,-27.63E-18,-33.42E-18,-35.75E-18,-38.79E-18
1.849E6,-27.63E-18,-33.42E-18,-35.75E-18,-38.79E-18
1.850E6,-27.63E-18,-33.42E-18,-35.75E-18,-38.79E-18
1.851E6,-27.63E-18,-33.42E-18,-35.75E-18,-38.79E-18
1.852E6,-27.63E-18,-33.42E-18,-35.75E-18,-38.79E-18
1.853E6,-27.63E-18,-33.42E-18,-35.75E-18,-38.79E-18
1.854E6,-27.63E-18,-33.42E-18,-35.75E-18,-38.79E-18
1.855E6,-27.63E-18,-33.42E-18,-35.75E-18,-38.79E-18
1.856E6,-27.63E-18,-33.42E-18,-35.75E-18,-38.79E-18
1.857E6,-27.63E-18,-33.42E-18,-35.75E-18,-38.79E-18
1.858E6,-27.63E-18,-33.42E-18,-35.75E-18,-38.79E-18
1.859E6,-27.63E-18,-33.42E-18,-35.75E-18,-38.79E-18
1.860E6,-27.63E-18,-33.42E-18,-35.75E-18,-38.79E-18
1.861E6,-27.63E-18,-33.42E-18,-35.75E-18,-38.79E-18
1.862E6,-27.63E-18,-33.42E-18,-35.75E-18,-38.79E-18
1.863E6,-27.63E-18,-33.42E-18,-35.75E-18,-38.79E-18
1.864E6,-27.63E-18,-33.42E-18,-35.75E-18,-38.79E-18
1.865E6,-27.63E-18,-33.42E-18,-35.75E-18,-38.79E-18
1.866E6,-27.63E-18,-33.42E-18,-35.75E-18,-38.79E-18
1.867E6,-27.63E-18,-33.42E-18,-35.75E-18,-38.79E-18
1.868E6,-27.63E-18,-33.42E-18,-35.75E-18,-38.79E-18
1.869E6,-27.63E-18,-33.42E-18,-35.75E-18,-38.79E-18
1.870E6,-27.63E-18,-33.42E-18,-35.75E-18,-38.79E-18
1.871E6,-27.63E-18,-33.42E-18,-35.75E-18,-38.79E-18
1.872E6,-27.63E-18,-33.42E-18,-35.75E-18,-38.79E-18
1.873E6,-27.63E-18,-33.42E-18,-35.75E-18,-38.79E-18
1.874E6,-27.63E-18,-33.42E-18,-35.75E-18,-38.79E-18
1.875E6,-27.63E-18,-33.42E-18,-35.75E-18,-38.79E-18
1.876E6,-27.63E-18,-33.42E-18,-35.75E-18,-38.79E-18
1.877E6,-27.63E-18,-33.42E-18,-35.75E-18,-38.79E-18
1.878E6,-27.63E-18,-33.42E-18,-35.75E-18,-38.79E-18
1.879E6,-27.63E-18,-33.42E-18,-35.75E-18,-38.79E-18
1.880E6,-27.63E-18,-33.42E-18,-35.75E-18,-38.79E-18
1.881E6,-27.63E-18,-33.42E-18,-35.75E-18,-38.79E-18
1.882E6,-27.63E-18,-33.42E-18,-35.75E-18,-38.79E-18
1.883E6,-27.63E-18,-33.42E-18,-35.75E-18,-38.79E-18
1.884E6,-27.63E-18,-33.42E-18,-35.75E-18,-38.79E-18
1.885E6,-27.63E-18,-33.42E-18,-35.75E-18,-38.79E-18
1.886E6,-27.63E-18,-33.42E-18,-35.75E-18,-38.79E-18
1.887E6,-27.63E-18,-33.42E-18,-35.75E-18,-38.79E-18
1.888E6,-27.63E-18,-33.42E-18,-35.75E-18,-38.79E-18
1.889E6,-27.63E-18,-33.42E-18,-35.75E-18,-38.79E-18
1.890E6,-27.63E-18,-33.42E-18,-35.75E-18,-38.79E-18
1.891E6,-27.63E-18,-33.42E-18,-35.75E-18,-38.79E-18
1.892E6,-27.63E-18,-33.42E-18,-35.75E-18,-38.79E-18
1.893E6,-27.63E-18,-33.42E-18,-35.75E-18,-38.79E-18
1.894E6,-27.63E-18,-33.42E-18,-35.75E-18,-38.79E-18
1.895E6,-27.63E-18,-33.42E-18,-35.75E-18,-38.79E-18
1.896E6,-27.63E-18,-33.42E-18,-35.75E-18,-38.79E-18
1.897E6,-27.63E-18,-33.42E-18,-35.75E-18,-38.79E-18
1.898E6,-27.63E-18,-33.42E-18,-35.75E-18,-38.79E-18
1.899E6,-27.63E-18,-33.42E-18,-35.75E-18,-38.79E-18
1.900E6,-27.63E-18,-33.42E-18,-35.75E-18,-38.79E-18
1.901E6,-27.63E-18,-33.42E-18,-35.75E-18,-38.79E-18
1.902E6,-27.63E-18,-33.42E-18,-35.75E-18,-38.79E-18
1.903E6,-27.63E-18,-33.42E-18,-35.75E-18,-38.79E-18
1.904E6,-27.63E-18,-33.42E-18,-35.75E-18,-38.79E-18
1.905E6,-27.63E-18,-33.42E-18,-35.75E-18,-38.79E-18
1.906E6,-27.63E-18,-33.42E-18,-35.75E-18,-38.79E-18
1.907E6,-27.63E-18,-33.42E-18,-35.75E-18,-38.79E-18
1.908E6,-27.63E-18,-33.42E-18,-35.75E-18,-38.79E-18
1.909E6,-27.63E-18,-33.42E-18,-35.75E-18,-38.79E-18
1.910E6,-27.63E-18,-33.42E-18,-35.75E-18,-38.79E-18
1.911E6,-27.63E-18,-33.42E-18,-35.75E-18,-38.79E-18
1.912E6,-27.63E-18,-33.42E-18,-35.75E-18,-38.79E-18
1.913E6,-27.63E-18,-33.42E-18,-35.75E-18,-38.79E-18
1.914E6,-27.63E-18,-33.42E-18,-35.75E-18,-38.79E-18
1.915E6,-27.63E-18,-33.42E-18,-35.75E-18,-38.79E-18
1.916E6,-27.63E-18,-33.42E-18,-35.75E-18,-38.79E-18
1.917E6,-27.63E-18,-33.42E-18,-35.75E-18,-38.79E-18
1.918E6,-27.63E-18,-33.42E-18,-35.75E-18,-38.79E-18
1.919E6,-27.63E-18,-33.42E-18,-35.75E-18,-38.79E-18
1.920E6,-27.63E-18,-33.42E-18,-35.75E-18,-38.79E-18
1.921E6,-27.63E-18,-33.42E-18,-35.75E-18,-38.79E-18
1.922E6,-27.63E-18,-33.42E-18,-35.75E-18,-38.79E-18
1.923E6,-27.63E-18,-33.42E-18,-35.75E-18,-38.79E-18
1.924E6,-27.63E-18,-33.42E-18,-35.75E-18,-38.79E-18
1.925E6,-27.63E-18,-33.42E-18,-35.75E-18,-38.79E-18
1.926E6,-27.63E-18,-33.42E-18,-35.75E-18,-38.79E-18
1.927E6,-27.63E-18,-33.42E-18,-35.75E-18,-38.79E-18
1.928E6,-27.63E-18,-33.42E-18,-35.75E-18,-38.79E-18
1.929E6,-27.63E-18,-33.42E-18,-35.75E-18,-38.79E-18
1.930E6,-27.63E-18,-33.42E-18,-35.75E-18,-38.79E-18
1.931E6,-27.63E-18,-33.42E-18,-35.75E-18,-38.79E-18
1.932E6,-27.63E-18,-33.42E-18,-35.75E-18,-38.79E-18
1.933E6,-27.63E-18,-33.42E-18,-35.75E-18,-38.79E-18
1.934E6,-27.63E-18,-33.42E-18,-35.75E-18,-38.79E-18
1.935E6,-27.63E-18,-33.42E-18,-35.75E-18,-38.79E-18
1.936E6,-27.63E-18,-33.42E-18,-35.75E-18,-38.79E-18
1.937E6,-27.63E-18,-33.42E-18,-35.75E-18,-38.79E-18
1.938E6,-27.63E-18,-33.42E-18,-35.75E-18,-38.79E-18
1.939E6,-27.63E-18,-33.42E-18,-35.75E-18,-38.79E-18
1.940E6,-27.63E-18,-33.42E-18,-35.75E-18,-38.79E-18
1.941E6,-27.63E-18,-33.42E-18,-35.75E-18,-38.79E-18
1.942E6,-27.63E-18,-33.42E-18,-35.75E-18,-38.79E-18
1.943E6,-27.63E-18,-33.42E-18,-35.75E-18,-38.79E-18
1.944E6,-27.63E-18,-33.42E-18,-35.75E-18,-38.79E-18
1.945E6,-27.63E-18,-33.42E-18,-35.75E-18,-38.79E-18
1.946E6,-27.63E-18,-33.42E-18,-35.75E-18,-38.79E-18
1.947E6,-27.63E-18,-33.42E-18,-35.75E-18,-38.79E-18
1.948E6,-27.63E-18,-33.42E-18,-35.75E-18,-38.79E-18
1.949E6,-27.63E-18,-33.42E-18,-35.75E-18,-38.79E-18
1.950E6,-27.63E-18,-33.42E-18,-35.75E-18,-38.79E-18
1.951E6,-27.63E-18,-33.42E-18,-35.75E-18,-38.79E-18
1.952E6,-27.63E-18,-33.42E-18,-35.75E-18,-38.79E-18
1.953E6,-27.63E-18,-33.42E-18,-35.75E-18,-38.79E-18
1.954E6,-27.63E-18,-33.42E-18,-35.75E-18,-38.79E-18
1.955E6,-27.63E-18,-33.42E-18,-35.75E-18,-38.79E-18
1.956E6,-27.63E-18,-33.42E-18,-35.75E-18,-38.79E-18
1.957E6,-27.63E-18,-33.42E-18,-35.75E-18,-38.79E-18
1.958E6,-27.63E-18,-33.42E-18,-35.75E-18,-38.79E-18
1.959E6,-27.63E-18,-33.42E-18,-35.75E-18,-38.79E-18
1.960E6,-27.63E-18,-33.42E-18,-35.75E-18,-38.79E-18
1.961E6,-27.63E-18,-33.42E-18,-35.75E-18,-38.79E-18
1.962E6,-27.63E-18,-33.42E-18,-35.75E-18,-38.79E-18
1.963E6,-27.63E-18,-33.42E-18,-35.75E-18,-38.79E-18
1.964E6,-27.63E-18,-33.42E-18,-35.75E-18,-38.79E-18
1.965E6,-27.63E-18,-33.42E-18,-35.75E-18,-38.79E-18
1.966E6,-27.63E-18,-33.42E-18,-35.75E-18,-38.79E-18
1.967E6,-27.63E-18,-33.42E-18,-35.75E-18,-38.79E-18
1.968E6,-27.63E-18,-33.42E-18,-35.75E-18,-38.79E-18
1.969E6,-27.63E-18,-33.42E-18,-35.75E-18,-38.79E-18
1.970E6,-27.63E-18,-33.42E-18,-35.75E-18,-38.79E-18
1.971E6,-27.63E-18,-33.42E-18,-35.75E-18,-38.79E-18
1.972E6,-27.63E-18,-33.42E-18,-35.75E-18,-38.79E-18
1.973E6,-27.63E-18,-33.42E-18,-35.75E-18,-38.79E-18
1.974E6,-27.63E-18,-33.42E-18,-35.75E-18,-38.79E-18
1.975E6,-27.63E-18,-33.42E-18,-35.75E-18,-38.79E-18
1.976E6,-27.63E-18,-33.42E-18,-35.75E-18,-38.79E-18
1.977E6,-27.63E-18,-33.42E-18,-35.75E-18,-38.79E-18
1.978E6,-27.63E-18,-33.42E-18,-35.75E-18,-38.79E-18
1.979E6,-27.63E-18,-33.42E-18,-35.75E-18,-38.79E-18
1.980E6,-27.63E-18,-33.42E-18,-35.75E-18,-38.79E-18
1.981E6,-27.63E-18,-33.42E-18,-35.75E-18,-38.79E-18
1.982E6,-27.63E-18,-33.42E-18,-35.75E-18,-38.79E-18
1.983E6,-27.63E-18,-33.42E-18,-35.75E-18,-38.79E-18
1.984E6,-27.63E-18,-33.42E-18,-35.75E-18,-38.79E-18
1.985E6,-27.63E-18,-33.42E-18,-35.75E-18,-38.79E-18
1.986E6,-27.63E-18,-33.42E-18,-35.75E-18,-38.79E-18
1.987E6,-27.63E-18,-33.42E-18,-35.75E-18,-38.79E-18
1.988E6,-27.63E-18,-33.42E-18,-35.75E-18,-38.79E-18
1.989E6,-27.63E-18,-33.42E-18,-35.75E-18,-38.79E-18
1.990E6,-27.63E-18,-33.42E-18,-35.75E-18,-38.79E-18
1.991E6,-27.63E-18,-33.42E-18,-35.75E-18,-38.79E-18
1.992E6,-27.63E-18,-33.42E-18,-35.75E-18,-38.79E-18
1.993E6,-27.63E-18,-33.42E-18,-35.75E-18,-38.79E-18
1.994E6,-27.63E-18,-33.42E-18,-35.75E-18,-38.79E-18
1.995E6,-27.63E-18,-33.42E-18,-35.75E-18,-38.79E-18
1.996E6,-27.63E-18,-33.42E-18,-35.75E-18,-38.79E-18
1.997E6,-27.63E-18,-33.42E-18,-35.75E-18,-38.79E-18
1.998E6,-27.63E-18,-33.42E-18,-35.75E-18,-38.79E-18
1.999E6,-27.63E-18,-33.42E-18,-35.75E-18,-38.79E-18
2.000E6,-27.63E-18,-33.42E-18,-35.75E-18,-38.79E-18
2.001E6,-27.63E-18,-33.42E-18,-35.75E-18,-38.79E-18
2.002E6,-27.63E-18,-33.42E-18,-35.75E-18,-38.79E-18
2.003E6,-27.63E-18,-33.42E-18,-35.75E-18,-38.79E-18
2.004E6,-27.63E-18,-33.42E-18,-35.75E-18,-38.79E-18
2.005E6,-27.63E-18,-33.42E-18,-35.75E-18,-38.79E-18
2.006E6,-27.63E-18,-33.42E-18,-35.75E-18,-38.79E-18
2.007E6,-27.63E-18,-33.42E-18,-35.75E-18,-38.79E-18
2.008E6,-27.63E-18,-33.42E-18,-35.75E-18,-38.79E-18
2.009E6,-27.63E-18,-33.42E-18,-35.75E-18,-38.79E-18
2.010E6,-27.63E-18,-33.42E-18,-35.75E-18,-38.79E-18
2.011E6,-27.63E-18,-33.42E-18,-35.75E-18,-38.79E-18
2.012E6,-27.63E-18,-33.42E-18,-35.75E-18,-38.79E-18
2.013E6,-27.63E-18,-33.42E-18,-35.75E-18,-38.79E-18
2.014E6,-27.63E-18,-33.42E-18,-35.75E-18,-38.79E-18
2.015E6,-27.63E-18,-33.42E-18,-35.75E-18,-38.79E-18
2.016E6,-27.63E-18,-33.42E-18,-35.75E-18,-38.79E-18
2.017E6,-27.63E-18,-33.42E-18,-35.75E-18,-38.79E-18
2.018E6,-27.63E-18,-33.42E-18,-35.75E-18,-38.79E-18
2.019E6,-27.63E-18,-33.42E-18,-35.75E-18,-38.79E-18
2.020E6,-27.63E-18,-33.42E-18,-35.75E-18,-38.79E-18
2.021E6,-27.63E-18,-33.42E-18,-35.75E-18,-38.79E-18
2.022E6,-27.63E-18,-33.42E-18,-35.75E-18,-38.79E-18
2.023E6,-27.63E-18,-33.42E-18,-35.75E-18,-38.79E-18
2.024E6,-27.63E-18,-33.42E-18,-35.75E-18,-38.79E-18
2.025E6,-27.63E-18,-33.42E-18,-35.75E-18,-38.79E-18
2.026E6,-27.63E-18,-33.42E-18,-35.75E-18,-38.79E-18
2.027E6,-27.63E-18,-33.42E-18,-35.75E-18,-38.79E-18
2.028E6,-27.63E-18,-33.42E-18,-35.75E-18,-38.79E-18
2.029E6,-27.63E-18,-33.42E-18,-35.75E-18,-38.79E-18
2.030E6,-27.63E-18,-33.42E-18,-35.75E-18,-38.79E-18
2.031E6,-27.63E-18,-33.42E-18,-35.75E-18,-38.79E-18
2.032E6,-27.63E-18,-33.42E-18,-35.75E-18,-38.79E-18
2.033E6,-27.63E-18,-33.42E-18,-35.75E-18,-38.79E-18
2.034E6,-27.63E-18,-33.42E-18,-35.75E-18,-38.79E-18
2.035E6,-27.63E-18,-33.42E-18,-35.75E-18,-38.79E-18
2.036E6,-27.63E-18,-33.42E-18,-35.75E-18,-38.79E-18
2.037E6,-27.63E-18,-33.42E-18,-35.75E-18,-38.79E-18
2.038E6,-27.63E-18,-33.42E-18,-35.75E-18,-38.79E-18
2.039E6,-27.63E-18,-33.42E-18,-35.75E-18,-38.79E-18
2.040E6,-27.63E-18,-33.42E-18,-35.75E-18,-38.79E-18
2.041E6,-27.63E-18,-33.42E-18,-35.75E-18,-38.79E-18
2.042E6,-27.63E-18,-33.42E-18,-35.75E-18,-38.79E-18
2.043E6,-27.63E-18,-33.42E-18,-35.75E-18,-38.79E-18
2.044E6,-27.63E-18,-33.42E-18,-35.75E-18,-38.79E-18
2.045E6,-27.63E-18,-33.42E-18,-35.75E-18,-38.79E-18
2.046E6,-27.63E-18,-33.42E-18,-35.75E-18,-38.79E-18
2.047E6,-27.63E-18,-33.42E-18,-35.75E-18,-38.79E-18
2.048E6,-27.63E-18,-33.42E-18,-35.75E-18,-38.79E-18
2.049E6,-27.63E-18,-33.42E-18,-35.75E-18,-38.79E-18
2.050E6,-27.63E-18,-33.42E-18,-35.75E-18,-38.79E-18
2.051E6,-27.63E-18,-33.42E-18,-35.75E-18,-38.79E-18
2.052E6,-27.63E-18,-33.42E-18,-35.75E-18,-38.79E-18
2.053E6,-27.63E-18,-33.42E-18,-35.75E-18,-38.79E-18
2.054E6,-27.63E-18,-33.42E-18,-35.75E-18,-38.79E-18
2.055E6,-27.63E-18,-33.42E-18,-35.75E-18,-38.79E-18
2.056E6,-27.63E-18,-33.42E-18,-35.75E-18,-38.79E-18
2.057E6,-27.63E-18,-33.42E-18,-35.75E-18,-38.79E-18
2.058E6,-27.63E-18,-33.42E-18,-35.75E-18,-38.79E-18
2.059E6,-27.63E-18,-33.42E-18,-35.75E-18,-38.79E-18
2.060E6,-27.63E-18,-33.42E-18,-35.75E-18,-38.79E-18
2.061E6,-27.63E-18,-33.42E-18,-35.75E-18,-38.79E-18
2.062E6,-27.63E-18,-33.42E-18,-35.75E-18,-38.79E-18
2.063E6,-27.63E-18,-33.42E-18,-35.75E-18,-38.79E-18
2.064E6,-27.63E-18,-33.42E-18,-35.75E-18,-38.79E-18
2.065E6,-27.63E-18,-33.42E-18,-35.75E-18,-38.79E-18
2.066E6,-27.63E-18,-33.42E-18,-35.75E-18,-38.79E-18
2.067E6,-27.63E-18,-33.42E-18,-35.75E-18,-38.79E-18
2.068E6,-27.63E-18,-33.42E-18,-35.75E-18,-38.79E-18
2.069E6,-27.63E-18,-33.42E-18,-35.75E-18,-38.79E-18
2.070E6,-27.63E-18,-33.42E-18,-35.75E-18,-38.79E-18
2.071E6,-27.63E-18,-33.42E-18,-35.75E-18,-38.79E-18
2.072E6,-27.63E-18,-33.42E-18,-35.75E-18,-38.79E-18
2.073E6,-27.63E-18,-33.42E-18,-35.75E-18,-38.79E-18
2.074E6,-27.63E-18,-33.42E-18,-35.75E-18,-38.79E-18
2.075E6,-27.63E-18,-33.42E-18,-35.75E-18,-38.79E-18
2.076E6,-27.63E-18,-33.42E-18,-35.75E-18,-38.79E-18
2.077E6,-27.63E-18,-33.42E-18,-35.75E-18,-38.79E-18
2.078E6,-27.63E-18,-33.42E-18,-35.75E-18,-38.79E-18
2.079E6,-27.63E-18,-33.42E-18,-35.75E-18,-38.79E-18
2.080E6,-27.63E-18,-33.42E-18,-35.75E-18,-38.79E-18
2.081E6,-27.63E-18,-33.42E-18,-35.75E-18,-38.79E-18
2.082E6,-27.63E-18,-33.42E-18,-35.75E-18,-38.79E-18
2.083E6,-27.63E-18,-33.42E-18,-35.75E-18,-38.79E-18
2.084E6,-27.63E-18,-33.42E-18,-35.75E-18,-38.79E-18
2.085E6,-27.63E-18,-33.42E-18,-35.75E-18,-38.79E-18
2.086E6,-27.63E-18,-33.42E-18,-35.75E-18,-38.79E-18
2.087E6,-27.63E-18,-33.42E-18,-35.75E-18,-38.79E-18
2.088E6,-27.63E-18,-33.42E-18,-35.75E-18,-38.79E-18
2.089E6,-27.63E-18,-33.42E-18,-35.75E-18,-38.79E-18
2.090E6,-27.63E-18,-33.42E-18,-35.75E-18,-38.79E-18
2.091E6,-27.63E-18,-33.42E-18,-35.75E-18,-38.79E-18
2.092E6,-27.63E-18,-33.42E-18,-35.75E-18,-38.79E-18
2.093E6,-27.63E-18,-33.42E-18,-35.75E-18,-38.79E-18
2.094E6,-27.63E-18,-33.42E-18,-35.75E-18,-38.79E-18
2.095E6,-27.63E-18,-33.42E-18,-35.75E-18,-38.79E-18
2.096E6,-27.63E-18,-33.42E-18,-35.75E-18,-38.79E-18
2.097E6,-27.63E-18,-33.42E-18,-35.75E-18,-38.79E-18
2.098E6,-27.63E-18,-33.42E-18,-35.75E-18,-38.79E-18
2.099E6,-27.63E-18,-33.42E-18,-35.75E-18,-38.79E-18
2.100E6,-27.63E-18,-33.42E-18,-35.75E-18,-38.79E-18
2.101E6,-27.63E-18,-33.42E-18,-35.75E-18,-38.79E-18
2.102E6,-27.63E-18,-33.42E-18,-35.75E-18,-38.79E-18
2.103E6,-27.63E-18,-33.42E-18,-35.75E-18,-38.79E-18
2.104E6,-27.63E-18,-33.42E-18,-35.75E-18,-38.79E-18
2.105E6,-27.63E-18,-33.42E-18,-35.75E-18,-38.79E-18
2.106E6,-27.63E-18,-33.42E-18,-35.75E-18,-38.79E-18
2.107E6,-27.63E-18,-33.42E-18,-35.75E-18,-38.79E-18
2.108E6,-27.63E-18,-33.42E-18,-35.75E-18,-38.79E-18
2.109E6,-27.63E-18,-33.42E-18,-35.75E-18,-38.79E-18
2.110E6,-27.63E-18,-33.42E-18,-35.75E-18,-38.79E-18
2.111E6,-27.63E-18,-33.42E-18,-35.75E-18,-38.79E-18
2.112E6,-27.63E-18,-33.42E-18,-35.75E-18,-38.79E-18
2.113E6,-27.63E-18,-33.42E-18,-35.75E-18,-38.79E-18
2.114E6,-27.63E-18,-33.42E-18,-35.75E-18,-38.79E-18
2.115E6,-27.63E-18,-33.42E-18,-35.75E-18,-38.79E-18
2.116E6,-27.63E-18,-33.42E-18,-35.75E-18,-38.79E-18
2.117E6,-27.63E-18,-33.42E-18,-35.75E-18,-38.79E-18
2.118E6,-27.63E-18,-33.42E-18,-35.75E-18,-38.79E-18
2.119E6,-27.63E-18,-33.42E-18,-35.75E-18,-38.79E-18
2.120E6,-27.63E-18,-33.42E-18,-35.75E-18,-38.79E-18
2.121E6,-27.63E-18,-33.42E-18,-35.75E-18,-38.79E-18
2.122E6,-27.63E-18,-33.42E-18,-35.75E-18,-38.79E-18
2.123E6,-27.63E-18,-33.42E-18,-35.75E-18,-38.79E-18
2.124E6,-27.63E-18,-33.42E-18,-35.75E-18,-38.79E-18
2.125E6,-27.63E-18,-33.42E-18,-35.75E-18,-38.79E-18
2.126E6,-27.63E-18,-33.42E-18,-35.75E-18,-38.79E-18
2.127E6,-27.63E-18,-33.42E-18,-35.75E-18,-38.79E-18
2.128E6,-27.63E-18,-33.42E-18,-35.75E-18,-38.79E-18
2.129E6,-27.63E-18,-33.42E-18,-35.75E-18,-38.79E-18
2.130E6,-27.63E-18,-33.42E-18,-35.75E-18,-38.79E-18
2.131E6,-27.63E-18,-33.42E-18,-35.75E-18,-38.79E-18
2.132E6,-27.63E-18,-33.42E-18,-35.75E-18,-38.79E-18
2.133E6,-27.63E-18,-33.42E-18,-35.75E-18,-38.79E-18
2.134E6,-27.63E-18,-33.42E-18,-35.75E-18,-38.79E-18
2.135E6,-27.63E-18,-33.42E-18,-35.75E-18,-38.79E-18
2.136E6,-27.63E-18,-33.42E-18,-35.75E-18,-38.79E-18
2.137E6,-27.63E-18,-33.42E-18,-35.75E-18,-38.79E-18
2.138E6,-27.63E-18,-33.42E-18,-35.75E-18,-38.79E-18
2.139E6,-27.63E-18,-33.42E-18,-35.75E-18,-38.79E-18
2.140E6,-27.63E-18,-33.42E-18,-35.75E-18,-38.79E-18
2.141E6,-27.63E-18,-33.42E-18,-35.75E-18,-38.79E-18
2.142E6,-27.63E-18,-33.42E-18,-35.75E-18,-38.79E-18
2.143E6,-27.63E-18,-33.42E-18,-35.75E-18,-38.79E-18
2.144E6,-27.63E-18,-33.42E-18,-35.75E-18,-38.79E-18
2.145E6,-27.63E-18,-33.42E-18,-35.75E-18,-38.79E-18
2.146E6,-27.63E-18,-33.42E-18,-35.75E-18,-38.79E-18
2.147E6,-27.63E-18,-33.42E-18,-35.75E-18,-38.79E-18
2.148E6,-27.63E-18,-33.42E-18,-35.75E-18,-38.79E-18
2.149E6,-27.63E-18,-33.42E-18,-35.75E-18,-38.79E-18
2.150E6,-27.63E-18,-33.42E-18,-35.75E-18,-38.79E-18
2.151E6,-27.63E-18,-33.42E-18,-35.75E-18,-38.79E-18
2.152E6,-27.63E-18,-33.42E-18,-35.75E-18,-38.79E-18
2.153E6,-27.63E-18,-33.42E-18,-35.75E-18,-38.79E-18
2.154E6,-27.63E-18,-33.42E-18,-35.75E-18,-38.79E-18
2.155E6,-27.63E-18,-33.42E-18,-35.75E-18,-38.79E-18
2.156E6,-27.63E-18,-33.42E-18,-35.75E-18,-38.79E-18
2.157E6,-27.63E-18,-33.42E-18,-35.75E-18,-38.79E-18
2.158E6,-27.63E-18,-33.42E-18,-35.75E-18,-38.79E-18
2.159E6,-27.63E-18,-33.42E-18,-35.75E-18,-38.79E-18
2.160E6,-27.63E-18,-33.42E-18,-35.75E-18,-38.79E-18
2.161E6,-27.63E-18,-33.42E-18,-35.75E-18,-38.79E-18
2.162E6,-27.63E-18,-33.42E-18,-35.75E-18,-38.79E-18
2.163E6,-27.63E-18,-33.42E-18,-35.75E-18,-38.79E-18
2.164E6,-27.63E-18,-33.42E-18,-35.75E-18,-38.79E-18
2.165E6,-27.63E-18,-33.42E-18,-35.75E-18,-38.79E-18
2.166E6,-27.63E-18,-33.42E-18,-35.75E-18,-38.79E-18
2.167E6,-27.63E-18,-33.42E-18,-35.75E-18,-38.79E-18
2.168E6,-27.63E-18,-33.42E-18,-35.75E-18,-38.79E-18
2.169E6,-27.63E-18,-33.42E-18,-35.75E-18,-38.79E-18
2.170E6,-27.63E-18,-33.42E-18,-35.75E-18,-38.79E-18
2.171E6,-27.63E-18,-33.42E-18,-35.75E-18,-38.79E-18
2.172E6,-27.63E-18,-33.42E-18,-35.75E-18,-38.79E-18
2.173E6,-27.63E-18,-33.42E-18,-35.75E-18,-38.79E-18
2.174E6,-27.63E-18,-33.42E-18,-35.75E-18,-38.79E-18
2.175E6,-27.63E-18,-33.42E-18,-35.75E-18,-38.79E-18
2.176E6,-27.63E-18,-33.42E-18,-35.75E-18,-38.79E-18
2.177E6,-27.63E-18,-33.42E-18,-35.75E-18,-38.79E-18
2.178E6,-27.63E-18,-33.42E-18,-35.75E-18,-38.79E-18
2.179E6,-27.63E-18,-33.42E-18,-35.75E-18,-38.79E-18
2.180E6,-27.63E-18,-33.42E-18,-35.75E-18,-38.79E-18
2.181E6,-27.63E-18,-33.42E-18,-35.75E-18,-38.79E-18
2.182E6,-27.63E-18,-33.42E-18,-35.75E-18,-38.79E-18
2.183E6,-27.63E-18,-33.42E-18,-35.75E-18,-38.79E-18
2.184E6,-27.63E-18,-33.42E-18,-35.75E-18,-38.79E-18
2.185E6,-27.63E-18,-33.42E-18,-35.75E-18,-38.79E-18
2.186E6,-27.63E-18,-33.42E-18,-35.75E-18,-38.79E-18
2.187E6,-27.63E-18,-33.42E-18,-35.75E-18,-38.79E-18
2.188E6,-27.63E-18,-33.42E-18,-35.75E-18,-38.79E-18
2.189E6,-27.63E-18,-33.42E-18,-35.75E-18,-38.79E-18
2.190E6,-27.63E-18,-33.42E-18,-35.75E-18,-38.79E-18
2.191E6,-27.63E-18,-33.42E-18,-35.75E-18,-38.79E-18
2.192E6,-27.63E-18,-33.42E-18,-35.75E-18,-38.79E-18
2.193E6,-27.63E-18,-33.42E-18,-35.75E-18,-38.79E-18
2.194E6,-27.63E-18,-33.42E-18,-35.75E-18,-38.79E-18
2.195E6,-27.63E-18,-33.42E-18,-35.75E-18,-38.79E-18
2.196E6,-27.63E-18,-33.42E-18,-35.75E-18,-38.79E-18
2.197E6,-27.63E-18,-33.42E-18,-35.75E-18,-38.79E-18
2.198E6,-27.63E-18,-33.42E-18,-35.75E-18,-38.79E-18
2.199E6,-27.63E-18,-33.42E-18,-35.75E-18,-38.79E-18
2.200E6,-27.63E-18,-33.42E-18,-35.75E-18,-38.79E-18
2.201E6,-27.63E-18,-33.42E-18,-35.75E-18,-38.79E-18
2.202E6,-27.63E-18,-33.42E-18,-35.75E-18,-38.79E-18
2.203E6,-27.63E-18,-33.42E-18,-35.75E-18,-38.79E-18
2.204E6,-27.63E-18,-33.42E-18,-35.75E-18,-38.79E-18
2.205E6,-27.63E-18,-33.42E-18,-35.75E-18,-38.79E-18
2.206E6,-27.63E-18,-33.42E-18,-35.75E-18,-38.79E-18
2.207E6,-27.63E-18,-33.42E-18,-35.75E-18,-38.79E-18
2.208E6,-27.63E-18,-33.42E-18,-35.75E-18,-38.79E-18
2.209E6,-27.63E-18,-33.42E-18,-35.75E-18,-38.79E-18
2.210E6,-27.63E-18,-33.42E-18,-35.75E-18,-38.79E-18
2.211E6,-27.63E-18,-33.42E-18,-35.75E-18,-38.79E-18
2.212E6,-27.63E-18,-33.42E-18,-35.75E-18,-38.79E-18
2.213E6,-27.63E-18,-33.42E-18,-35.75E-18,-38.79E-18
2.214E6,-27.63E-18,-33.42E-18,-35.75E-18,-38.79E-18
2.215E6,-27.63E-18,-33.42E-18,-35.75E-18,-38.79E-18
2.216E6,-27.63E-18,-33.42E-18,-35.75E-18,-38.79E-18
2.217E6,-27.63E-18,-33.42E-18,-35.75E-18,-38.79E-18
2.218E6,-27.63E-18,-33.42E-18,-35.75E-18,-38.79E-18
2.219E6,-27.63E-18,-33.42E-18,-35.75E-18,-38.79E-18
2.220E6,-27.63E-18,-33.42E-18,-35.75E-18,-38.79E-18
2.221E6,-27.63E-18,-33.42E-18,-35.75E-18,-38.79E-18
2.222E6,-27.63E-18,-33.42E-18,-35.75E-18,-38.79E-18
2.223E6,-27.63E-18,-33.42E-18,-35.75E-18,-38.79E-18
2.224E6,-27.63E-18,-33.42E-18,-35.75E-18,-38.79E-18
2.225E6,-27.63E-18,-33.42E-18,-35.75E-18,-38.79E-18
2.226E6,-27.63E-18,-33.42E-18,-35.75E-18,-38.79E-18
2.227E6,-27.63E-18,-33.42E-18,-35.75E-18,-38.79E-18
2.228E6,-27.63E-18,-33.42E-18,-35.75E-18,-38.79E-18
2.229E6,-27.63E-18,-33.42E-18,-35.75E-18,-38.79E-18
2.230E6,-27.63E-18,-33.42E-18,-35.75E-18,-38.79E-18
2.231E6,-27.63E-18,-33.42E-18,-35.75E-18,-38.79E-18
2.232E6,-27.63E-18,-33.42E-18,-35.75E-18,-38.79E-18
2.233E6,-27.63E-18,-33.42E-18,-35.75E-18,-38.79E-18
2.234E6,-27.63E-18,-33.42E-18,-35.75E-18,-38.79E-18
2.235E6,-27.63E-18,-33.42E-18,-35.75E-18,-38.79E-18
2.236E6,-27.63E-18,-33.42E-18,-35.75E-18,-38.79E-18
2.237E6,-27.63E-18,-33.42E-18,-35.75E-18,-38.79E-18
2.238E6,-27.63E-18,-33.42E-18,-35.75E-18,-38.79E-18
2.239E6,-27.63E-18,-33.42E-18,-35.75E-18,-38.79E-18
2.240E6,-27.63E-18,-33.42E-18,-35.75E-18,-38.79E-18
2.241E6,-27.63E-18,-33.42E-18,-35.75E-18,-38.79E-18
2.242E6,-27.63E-18,-33.42E-18,-35.75E-18,-38.79E-18
2.243E6,-27.63E-18,-33.42E-18,-35.75E-18,-38.79E-18
2.244E6,-27.63E-18,-33.42E-18,-35.75E-18,-38.79E-18
2.245E6,-27.63E-18,-33.42E-18,-35.75E-18,-38.79E-18
2.246E6,-27.63E-18,-33.42E-18,-35.75E-18,-38.79E-18
2.247E6,-27.63E-18,-33.42E-18,-35.75E-18,-38.79E-18
2.248E6,-27.63E-18,-33.42E-18,-35.75E-18,-38.79E-18
2.249E6,-27.63E-18,-33.42E-18,-35.75E-18,-38.79E-18
2.250E6,-27.63E-18,-33.42E-18,-35.75E-18,-38.79E-18
2.251E6,-27.63E-18,-33.42E-18,-35.75E-18,-38.79E-18
2.252E6,-27.63E-18,-33.42E-18,-35.75E-18,-38.79E-18
2.253E6,-27.63E-18,-33.42E-18,-35.75E-18,-38.79E-18
2.254E6,-27.63E-18,-33.42E-18,-35.75E-18,-38.79E-18
2.255E6,-27.63E-18,-33.42E-18,-35.75E-18,-38.79E-18
2.256E6,-27.63E-18,-33.42E-18,-35.75E-18,-38.79E-18
2.257E6,-27.63E-18,-33.42E-18,-35.75E-18,-38.79E-18
2.258E6,-27.63E-18,-33.42E-18,-35.75E-18,-38.79E-18
2.259E6,-27.63E-18,-33.42E-18,-35.75E-18,-38.79E-18
2.260E6,-27.63E-18,-33.42E-18,-35.75E-18,-38.79E-18
2.261E6,-27.63E-18,-33.42E-18,-35.75E-18,-38.79E-18
2.262E6,-27.63E-18,-33.42E-18,-35.75E-18,-38.79E-18
2.263E6,-27.63E-18,-33.42E-18,-35.75E-18,-38.79E-18
2.264E6,-27.63E-18,-33.42E-18,-35.75E-18,-38.79E-18
2.265E6,-27.63E-18,-33.42E-18,-35.75E-18,-38.79E-18
2.266E6,-27.63E-18,-33.42E-18,-35.75E-18,-38.79E-18
2.267E6,-27.63E-18,-33.42E-18,-35.75E-18,-38.79E-18
2.268E6,-27.63E-18,-33.42E-18,-35.75E-18,-38.79E-18
2.269E6,-27.63E-18,-33.42E-18,-35.75E-18,-38.79E-18
2.270E6,-27.63E-18,-33.42E-18,-35.75E-18,-38.79E-18
2.271E6,-27.63E-18,-33.42E-18,-35.75E-18,-38.79E-18
2.272E6,-27.63E-18,-33.42E-18,-35.75E-18,-38.79E-18
2.273E6,-27.63E-18,-33.42E-18,-35.75E-18,-38.79E-18
2.274E6,-27.63E-18,-33.42E-18,-35.75E-18,-38.79E-18
2.275E6,-27.63E-18,-33.42E-18,-35.75E-18,-38.79E-18
2.276E6,-27.63E-18,-33.42E-18,-35.75E-18,-38.79E-18
2.277E6,-27.63E-18,-33.42E-18,-35.75E-18,-38.79E-18
2.278E6,-27.63E-18,-33.42E-18,-35.75E-18,-38.79E-18
2.279E6,-27.63E-18,-33.42E-18,-35.75E-18,-38.79E-18
2.280E6,-27.63E-18,-33.42E-18,-35.75E-18,-38.79E-18
2.281E6,-27.63E-18,-33.42E-18,-35.75E-18,-38.79E-18
2.282E6,-27.63E-18,-33.42E-18,-35.75E-18,-38.79E-18
2.283E6,-27.63E-18,-33.42E-18,-35.75E-18,-38.79E-18
2.284E6,-27.63E-18,-33.42E-18,-35.75E-18,-38.79E-18
2.285E6,-27.63E-18,-33.42E-18,-35.75E-18,-38.79E-18
2.286E6,-27.63E-18,-33.42E-18,-35.75E-18,-38.79E-18
2.287E6,-27.63E-18,-33.42E-18,-35.75E-18,-38.79E-18
2.288E6,-27.63E-18,-33.42E-18,-35.75E-18,-38.79E-18
2.289E6,-27.63E-18,-33.42E-18,-35.75E-18,-38.79E-18
2.290E6,-27.63E-18,-33.42E-18,-35.75E-18,-38.79E-18
2.291E6,-27.63E-18,-33.42E-18,-35.75E-18,-38.79E-18
2.292E6,-27.63E-18,-33.42E-18,-35.75E-18,-38.79E-18
2.293E6,-27.63E-18,-33.42E-18,-35.75E-18,-38.79E-18
2.294E6,-27.63E-18,-33.42E-18,-35.75E-18,-38.79E-18
2.295E6,-27.63E-18,-33.42E-18,-35.75E-18,-38.79E-18
2.296E6,-27.63E-18,-33.42E-18,-35.75E-18,-38.79E-18
2.297E6,-27.63E-18,-33.42E-18,-35.75E-18,-38.79E-18
2.298E6,-27.63E-18,-33.42E-18,-35.75E-18,-38.79E-18
2.299E6,-27.63E-18,-33.42E-18,-35.75E-18,-38.79E-18
2.300E6,-27.63E-18,-33.42E-18,-35.75E-18,-38.79E-18
2.301E6,-27.63E-18,-33.42E-18,-35.75E-18,-38.79E-18
2.302E6,-27.63E-18,-33.42E-18,-35.75E-18,-38.79E-18
2.303E6,-27.63E-18,-33.42E-18,-35.75E-18,-38.79E-18
2.304E6,-27.63E-18,-33.42E-18,-35.75E-18,-38.79E-18
2.305E6,-27.63E-18,-33.42E-18,-35.75E-18,-38.79E-18
2.306E6,-27.63E-18,-33.42E-18,-35.75E-18,-38.79E-18
2.307E6,-27.63E-18,-33.42E-18,-35.75E-18,-38.79E-18
2.308E6,-27.63E-18,-33.42E-18,-35.75E-18,-38.79E-18
2.309E6,-27.63E-18,-33.42E-18,-35.75E-18,-38.79E-18
2.310E6,-27.63E-18,-33.42E-18,-35.75E-18,-38.79E-18
2.311E6,-27.63E-18,-33.42E-18,-35.75E-18,-38.79E-18
2.312E6,-27.63E-18,-33.42E-18,-35.75E-18,-38.79E-18
2.313E6,-27.63E-18,-33.42E-18,-35.75E-18,-38.79E-18
2.314E6,-27.63E-18,-33.42E-18,-35.75E-18,-38.79E-18
2.315E6,-27.63E-18,-33.42E-18,-35.75E-18,-38.79E-18
2.316E6,-27.63E-18,-33.42E-18,-35.75E-18,-38.79E-18
2.317E6,-27.63E-18,-33.42E-18,-35.75E-18,-38.79E-18
2.318E6,-27.63E-18,-33.42E-18,-35.75E-18,-38.79E-18
2.319E6,-27.63E-18,-33.42E-18,-35.75E-18,-38.79E-18
2.320E6,-27.63E-18,-33.42E-18,-35.75E-18,-38.79E-18
2.321E6,-27.63E-18,-33.42E-18,-35.75E-18,-38.79E-18
2.322E6,-27.63E-18,-33.42E-18,-35.75E-18,-38.79E-18
2.323E6,-27.63E-18,-33.42E-18,-35.75E-18,-38.79E-18
2.324E6,-27.63E-18,-33.42E-18,-35.75E-18,-38.79E-18
2.325E6,-27.63E-18,-33.42E-18,-35.75E-18,-38.79E-18
2.326E6,-27.63E-18,-33.42E-18,-35.75E-18,-38.79E-18
2.327E6,-27.63E-18,-33.42E-18,-35.75E-18,-38.79E-18
2.328E6,-27.63E-18,-33.42E-18,-35.75E-18,-38.79E-18
2.329E6,-27.63E-18,-33.42E-18,-35.75E-18,-38.79E-18
2.330E6,-27.63E-18,-33.42E-18,-35.75E-18,-38.79E-18
2.331E6,-27.63E-18,-33.42E-18,-35.75E-18,-38.79E-18
2.332E6,-27.63E-18,-33.42E-18,-35.75E-18,-38.79E-18
2.333E6,-27.63E-18,-33.42E-18,-35.75E-18,-38.79E-18
2.334E6,-27.63E-18,-33.42E-18,-35.75E-18,-38.79E-18
2.335E6,-27.63E-18,-33.42E-18,-35.75E-18,-38.79E-18
2.336E6,-27.63E-18,-33.42E-18,-35.75E-18,-38.79E-18
2.337E6,-27.63E-18,-33.42E-18,-35.75E-18,-38.79E-18
2.338E6,-27.63E-18,-33.42E-18,-35.75E-18,-38.79E-18
2.339E6,-27.63E-18,-33.42E-18,-35.75E-18,-38.79E-18
2.340E6,-27.63E-18,-33.42E-18,-35.75E-18,-38.79E-18
2.341E6,-27.63E-18,-33.42E-18,-35.75E-18,-38.79E-18
2.342E6,-27.63E-18,-33.42E-18,-35.75E-18,-38.79E-18
2.343E6,-27.63E-18,-33.42E-18,-35.75E-18,-38.79E-18
2.344E6,-27.63E-18,-33.42E-18,-35.75E-18,-38.79E-18
2.345E6,-27.63E-18,-33.42E-18,-35.75E-18,-38.79E-18
2.346E6,-27.63E-18,-33.42E-18,-35.75E-18,-38.79E-18
2.347E6,-27.63E-18,-33.42E-18,-35.75E-18,-38.79E-18
2.348E6,-27.63E-18,-33.42E-18,-35.75E-18,-38.79E-18
2.349E6,-27.63E-18,-33.42E-18,-35.75E-18,-38.79E-18
2.350E6,-27.63E-18,-33.42E-18,-35.75E-18,-38.79E-18
2.351E6,-27.63E-18,-33.42E-18,-35.75E-18,-38.79E-18
2.352E6,-27.63E-18,-33.42E-18,-35.75E-18,-38.79E-18
2.353E6,-27.63E-18,-33.42E-18,-35.75E-18,-38.79E-18
2.354E6,-27.63E-18,-33.42E-18,-35.75E-18,-38.79E-18
2.355E6,-27.63E-18,-33.42E-18,-35.75E-18,-38.79E-18
2.356E6,-27.63E-18,-33.42E-18,-35.75E-18,-38.79E-18
2.357E6,-27.63E-18,-33.42E-18,-35.75E-18,-38.79E-18
2.358E6,-27.63E-18,-33.42E-18,-35.75E-18,-38.79E-18
2.359E6,-27.63E-18,-33.42E-18,-35.75E-18,-38.79E-18
2.360E6,-27.63E-18,-33.42E-18,-35.75E-18,-38.79E-18
2.361E6,-27.63E-18,-33.42E-18,-35.75E-18,-38.79E-18
2.362E6,-27.63E-18,-33.42E-18,-35.75E-18,-38.79E-18
2.363E6,-27.63E-18,-33.42E-18,-35.75E-18,-38.79E-18
2.364E6,-27.63E-18,-33.42E-18,-35.75E-18,-38.79E-18
2.365E6,-27.63E-18,-33.42E-18,-35.75E-18,-38.79E-18
2.366E6,-27.63E-18,-33.42E-18,-35.75E-18,-38.79E-18
2.367E6,-27.63E-18,-33.42E-18,-35.75E-18,-38.79E-18
2.368E6,-27.63E-18,-33.42E-18,-35.75E-18,-38.79E-18
2.369E6,-27.63E-18,-33.42E-18,-35.75E-18,-38.79E-18
2.370E6,-27.63E-18,-33.42E-18,-35.75E-18,-38.79E-18
2.371E6,-27.63E-18,-33.42E-18,-35.75E-18,-38.79E-18
2.372E6,-27.63E-18,-33.42E-18,-35.75E-18,-38.79E-18
2.373E6,-27.63E-18,-33.42E-18,-35.75E-18,-38.79E-18
2.374E6,-27.63E-18,-33.42E-18,-35.75E-18,-38.79E-18
2.375E6,-27.63E-18,-33.42E-18,-35.75E-18,-38.79E-18
2.376E6,-27.63E-18,-33.42E-18,-35.75E-18,-38.79E-18
2.377E6,-27.63E-18,-33.42E-18,-35.75E-18,-38.79E-18
2.378E6,-27.63E-18,-33.42E-18,-35.75E-18,-38.79E-18
2.379E6,-27.63E-18,-33.42E-18,-35.75E-18,-38.79E-18
2.380E6,-27.63E-18,-33.42E-18,-35.75E-18,-38.79E-18
2.381E6,-27.63E-18,-33.42E-18,-35.75E-18,-38.79E-18
2.382E6,-27.63E-18,-33.42E-18,-35.75E-18,-38.79E-18
2.383E6,-27.63E-18,-33.42E-18,-35.75E-18,-38.79E-18
2.384E6,-27.63E-18,-33.42E-18,-35.75E-18,-38.79E-18
2.385E6,-27.63E-18,-33.42E-18,-35.75E-18,-38.79E-18
2.386E6,-27.63E-18,-33.42E-18,-35.75E-18,-38.79E-18
2.387E6,-27.63E-18,-33.42E-18,-35.75E-18,-38.79E-18
2.388E6,-27.63E-18,-33.42E-18,-35.75E-18,-38.79E-18
2.389E6,-27.63E-18,-33.42E-18,-35.75E-18,-38.79E-18
2.390E6,-27.63E-18,-33.42E-18,-35.75E-18,-38.79E-18
2.391E6,-27.63E-18,-33.42E-18,-35.75E-18,-38.79E-18
2.392E6,-27.63E-18,-33.42E-18,-35.75E-18,-38.79E-18
2.393E6,-27.63E-18,-33.42E-18,-35.75E-18,-38.79E-18
2.394E6,-27.63E-18,-33.42E-18,-35.75E-18,-38.79E-18
2.395E6,-27.63E-18,-33.42E-18,-35.75E-18,-38.79E-18
2.396E6,-27.63E-18,-33.42E-18,-35.75E-18,-38.79E-18
2.397E6,-27.63E-18,-33.42E-18,-35.75E-18,-38.79E-18
2.398E6,-27.63E-18,-33.42E-18,-35.75E-18,-38.79E-18
2.399E6,-27.63E-18,-33.42E-18,-35.75E-18,-38.79E-18
2.400E6,-27.63E-18,-33.42E-18,-35.75E-18,-38.79E-18
2.401E6,-27.63E-18,-33.42E-18,-35.75E-18,-38.79E-18
2.402E6,-27.63E-18,-33.42E-18,-35.75E-18,-38.79E-18
2.403E6,-27.63E-18,-33.42E-18,-35.75E-18,-38.79E-18
2.404E6,-27.63E-18,-33.42E-18,-35.75E-18,-38.79E-18
2.405E6,-27.63E-18,-33.42E-18,-35.75E-18,-38.79E-18
2.406E6,-27.63E-18,-33.42E-18,-35.75E-18,-38.79E-18
2.407E6,-27.63E-18,-33.42E-18,-35.75E-18,-38.79E-18
2.408E6,-27.63E-18,-33.42E-18,-35.75E-18,-38.79E-18
2.409E6,-27.63E-18,-33.42E-18,-35.75E-18,-38.79E-18
2.410E6,-27.63E-18,-33.42E-18,-35.75E-18,-38.79E-18
2.411E6,-27.63E-18,-33.42E-18,-35.75E-18,-38.79E-18
2.412E6,-27.63E-18,-33.42E-18,-35.75E-18,-38.79E-18
2.413E6,-27.63E-18,-33.42E-18,-35.75E-18,-38.79E-18
2.414E6,-27.63E-18,-33.42E-18,-35.75E-18,-38.79E-18
2.415E6,-27.63E-18,-33.42E-18,-35.75E-18,-38.79E-18
2.416E6,-27.63E-18,-33.42E-18,-35.75E-18,-38.79E-18
2.417E6,-27.63E-18,-33.42E-18,-35.75E-18,-38.79E-18
2.418E6,-27.63E-18,-33.42E-18,-35.75E-18,-38.79E-18
2.419E6,-27.63E-18,-33.42E-18,-35.75E-18,-38.79E-18
2.420E6,-27.63E-18,-33.42E-18,-35.75E-18,-38.79E-18
2.421E6,-27.63E-18,-33.42E-18,-35.75E-18,-38.79E-18
2.422E6,-27.63E-18,-33.42E-18,-35.75E-18,-38.79E-18
2.423E6,-27.63E-18,-33.42E-18,-35.75E-18,-38.79E-18
2.424E6,-27.63E-18,-33.42E-18,-35.75E-18,-38.79E-18
2.425E6,-27.63E-18,-33.42E-18,-35.75E-18,-38.79E-18
2.426E6,-27.63E-18,-33.42E-18,-35.75E-18,-38.79E-18
2.427E6,-27.63E-18,-33.42E-18,-35.75E-18,-38.79E-18
2.428E6,-27.63E-18,-33.42E-18,-35.75E-18,-38.79E-18
2.429E6,-27.63E-18,-33.42E-18,-35.75E-18,-38.79E-18
2.430E6,-27.63E-18,-33.42E-18,-35.75E-18,-38.79E-18
2.431E6,-27.63E-18,-33.42E-18,-35.75E-18,-38.79E-18
2.432E6,-27.63E-18,-33.42E-18,-35.75E-18,-38.79E-18
2.433E6,-27.63E-18,-33.42E-18,-35.75E-18,-38.79E-18
2.434E6,-27.63E-18,-33.42E-18,-35.75E-18,-38.79E-18
2.435E6,-27.63E-18,-33.42E-18,-35.75E-18,-38.79E-18
2.436E6,-27.63E-18,-33.42E-18,-35.75E-18,-38.79E-18
2.437E6,-27.63E-18,-33.42E-18,-35.75E-18,-38.79E-18
2.438E6,-27.63E-18,-33.42E-18,-35.75E-18,-38.79E-18
2.439E6,-27.63E-18,-33.42E-18,-35.75E-18,-38.79E-18
2.440E6,-27.63E-18,-33.42E-18,-35.75E-18,-38.79E-18
2.441E6,-27.63E-18,-33.42E-18,-35.75E-18,-38.79E-18
2.442E6,-27.63E-18,-33.42E-18,-35.75E-18,-38.79E-18
2.443E6,-27.63E-18,-33.42E-18,-35.75E-18,-38.79E-18
2.444E6,-27.63E-18,-33.42E-18,-35.75E-18,-38.79E-18
2.445E6,-27.63E-18,-33.42E-18,-35.75E-18,-38.79E-18
2.446E6,-27.63E-18,-33.42E-18,-35.75E-18,-38.79E-18
2.447E6,-27.63E-18,-33.42E-18,-35.75E-18,-38.79E-18
2.448E6,-27.63E-18,-33.42E-18,-35.75E-18,-38.79E-18
2.449E6,-27.63E-18,-33.42E-18,-35.75E-18,-38.79E-18
2.450E6,-27.63E-18,-33.42E-18,-35.75E-18,-38.79E-18
2.451E6,-27.63E-18,-33.42E-18,-35.75E-18,-38.79E-18
2.452E6,-27.63E-18,-33.42E-18,-35.75E-18,-38.79E-18
2.453E6,-27.63E-18,-33.42E-18,-35.75E-18,-38.79E-18
2.454E6,-27.63E-18,-33.42E-18,-35.75E-18,-38.79E-18
2.455E6,-27.63E-18,-33.42E-18,-35.75E-18,-38.79E-18
2.456E6,-27.63E-18,-33.42E-18,-35.75E-18,-38.79E-18
2.457E6,-27.63E-18,-33.42E-18,-35.75E-18,-38.79E-18
2.458E6,-27.63E-18,-33.42E-18,-35.75E-18,-38.79E-18
2.459E6,-27.63E-18,-33.42E-18,-35.75E-18,-38.79E-18
2.460E6,-27.63E-18,-33.42E-18,-35.75E-18,-38.79E-18
2.461E6,-27.63E-18,-33.42E-18,-35.75E-18,-38.79E-18
2.462E6,-27.63E-18,-33.42E-18,-35.75E-18,-38.79E-18
2.463E6,-27.63E-18,-33.42E-18,-35.75E-18,-38.79E-18
2.464E6,-27.63E-18,-33.42E-18,-35.75E-18,-38.79E-18
2.465E6,-27.63E-18,-33.42E-18,-35.75E-18,-38.79E-18
2.466E6,-27.63E-18,-33.42E-18,-35.75E-18,-38.79E-18
2.467E6,-27.63E-18,-33.42E-18,-35.75E-18,-38.79E-18
2.468E6,-27.63E-18,-33.42E-18,-35.75E-18,-38.79E-18
2.469E6,-27.63E-18,-33.42E-18,-35.75E-18,-38.79E-18
2.470E6,-27.63E-18,-33.42E-18,-35.75E-18,-38.79E-18
2.471E6,-27.63E-18,-33.42E-18,-35.75E-18,-38.79E-18
2.472E6,-27.63E-18,-33.42E-18,-35.75E-18,-38.79E-18
2.473E6,-27.63E-18,-33.42E-18,-35.75E-18,-38.79E-18
2.474E6,-27.63E-18,-33.42E-18,-35.75E-18,-38.79E-18
2.475E6,-27.63E-18,-33.42E-18,-35.75E-18,-38.79E-18
2.476E6,-27.63E-18,-33.42E-18,-35.75E-18,-38.79E-18
2.477E6,-27.63E-18,-33.42E-18,-35.75E-18,-38.79E-18
2.478E6,-27.63E-18,-33.42E-18,-35.75E-18,-38.79E-18
2.479E6,-27.63E-18,-33.42E-18,-35.75E-18,-38.79E-18
2.480E6,-27.63E-18,-33.42E-18,-35.75E-18,-38.79E-18
2.481E6,-27.63E-18,-33.42E-18,-35.75E-18,-38.79E-18
2.482E6,-27.63E-18,-33.42E-18,-35.75E-18,-38.79E-18
2.483E6,-27.63E-18,-33.42E-18,-35.75E-18,-38.79E-18
2.484E6,-27.63E-18,-33.42E-18,-35.75E-18,-38.79E-18
2.485E6,-27.63E-18,-33.42E-18,-35.75E-18,-38.79E-18
2.486E6,-27.63E-18,-33.42E-18,-35.75E-18,-38.79E-18
2.487E6,-27.63E-18,-33.42E-18,-35.75E-18,-38.79E-18
2.488E6,-27.63E-18,-33.42E-18,-35.75E-18,-38.79E-18
2.489E6,-27.63E-18,-33.42E-18,-35.75E-18,-38.79E-18
2.490E6,-27.63E-18,-33.42E-18,-35.75E-18,-38.79E-18
2.491E6,-27.63E-18,-33.42E-18,-35.75E-18,-38.79E-18
2.492E6,-27.63E-18,-33.42E-18,-35.75E-18,-38.79E-18
2.493E6,-27.63E-18,-33.42E-18,-35.75E-18,-38.79E-18
2.494E6,-27.63E-18,-33.42E-18,-35.75E-18,-38.79E-18
2.495E6,-27.63E-18,-33.42E-18,-35.75E-18,-38.79E-18
2.496E6,-27.63E-18,-33.42E-18,-35.75E-18,-38.79E-18
2.497E6,-27.63E-18,-33.42E-18,-35.75E-18,-38.79E-18
2.498E6,-27.63E-18,-33.42E-18,-35.75E-18,-38.79E-18
2.499E6,-27.63E-18,-33.42E-18,-35.75E-18,-38.79E-18
2.500E6,-27.63E-18,-33.42E-18,-35.75E-18,-38.79E-18
2.501E6,-27.63E-18,-33.42E-18,-35.75E-18,-38.79E-18
2.502E6,-27.63E-18,-33.42E-18,-35.75E-18,-38.79E-18
2.503E6,-27.63E-18,-33.42E-18,-35.75E-18,-38.79E-18
2.504E6,-27.63E-18,-33.42E-18,-35.75E-18,-38.79E-18
2.505E6,-27.63E-18,-33.42E-18,-35.75E-18,-38.79E-18
2.506E6,-27.63E-18,-33.42E-18,-35.75E-18,-38.79E-18
2.507E6,-27.63E-18,-33.42E-18,-35.75E-18,-38.79E-18
2.508E6,-27.63E-18,-33.42E-18,-35.75E-18,-38.79E-18
2.509E6,-27.63E-18,-33.42E-18,-35.75E-18,-38.79E-18
2.510E6,-27.63E-18,-33.42E-18,-35.75E-18,-38.79E-18
2.511E6,-27.63E-18,-33.42E-18,-35.75E-18,-38.79E-18
2.512E6,-27.63E-18,-33.42E-18,-35.75E-18,-38.79E-18
2.513E6,-27.63E-18,-33.42E-18,-35.75E-18,-38.79E-18
2.514E6,-27.63E-18,-33.42E-18,-35.75E-18,-38.79E-18
2.515E6,-27.63E-18,-33.42E-18,-35.75E-18,-38.79E-18
2.516E6,-27.63E-18,-33.42E-18,-35.75E-18,-38.79E-18
2.517E6,-27.63E-18,-33.42E-18,-35.75E-18,-38.79E-18
2.518E6,-27.63E-18,-33.42E-18,-35.75E-18,-38.79E-18
2.519E6,-27.63E-18,-33.42E-18,-35.75E-18,-38.79E-18
2.520E6,-27.63E-18,-33.42E-18,-35.75E-18,-38.79E-18
2.521E6,-27.63E-18,-33.42E-18,-35.75E-18,-38.79E-18
2.522E6,-27.63E-18,-33.42E-18,-35.75E-18,-38.79E-18
2.523E6,-27.63E-18,-33.42E-18,-35.75E-18,-38.79E-18
2.524E6,-27.63E-18,-33.42E-18,-35.75E-18,-38.79E-18
2.525E6,-27.63E-18,-33.42E-18,-35.75E-18,-38.79E-18
2.526E6,-27.63E-18,-33.42E-18,-35.75E-18,-38.79E-18
2.527E6,-27.63E-18,-33.42E-18,-35.75E-18,-38.79E-18
2.528E6,-27.63E-18,-33.42E-18,-35.75E-18,-38.79E-18
2.529E6,-27.63E-18,-33.42E-18,-35.75E-18,-38.79E-18
2.530E6,-27.63E-18,-33.42E-18,-35.75E-18,-38.79E-18
2.531E6,-27.63E-18,-33.42E-18,-35.75E-18,-38.79E-18
2.532E6,-27.63E-18,-33.42E-18,-35.75E-18,-38.79E-18
2.533E6,-27.63E-18,-33.42E-18,-35.75E-18,-38.79E-18
2.534E6,-27.63E-18,-33.42E-18,-35.75E-18,-38.79E-18
2.535E6,-27.63E-18,-33.42E-18,-35.75E-18,-38.79E-18
2.536E6,-27.63E-18,-33.42E-18,-35.75E-18,-38.79E-18
2.537E6,-27.63E-18,-33.42E-18,-35.75E-18,-38.79E-18
2.538E6,-27.63E-18,-33.42E-18,-35.75E-18,-38.79E-18
2.539E6,-27.63E-18,-33.42E-18,-35.75E-18,-38.79E-18
2.540E6,-27.63E-18,-33.42E-18,-35.75E-18,-38.79E-18
2.541E6,-27.63E-18,-33.42E-18,-35.75E-18,-38.79E-18
2.542E6,-27.63E-18,-33.42E-18,-35.75E-18,-38.79E-18
2.543E6,-27.63E-18,-33.42E-18,-35.75E-18,-38.79E-18
2.544E6,-27.63E-18,-33.42E-18,-35.75E-18,-38.79E-18
2.545E6,-27.63E-18,-33.42E-18,-35.75E-18,-38.79E-18
2.546E6,-27.63E-18,-33.42E-18,-35.75E-18,-38.79E-18
2.547E6,-27.63E-18,-33.42E-18,-35.75E-18,-38.79E-18
2.548E6,-27.63E-18,-33.42E-18,-35.75E-18,-38.79E-18
2.549E6,-27.63E-18,-33.42E-18,-35.75E-18,-38.79E-18
2.550E6,-27.63E-18,-33.42E-18,-35.75E-18,-38.79E-18
2.551E6,-27.63E-18,-33.42E-18,-35.75E-18,-38.79E-18
2.552E6,-27.63E-18,-33.42E-18,-35.75E-18,-38.79E-18
2.553E6,-27.63E-18,-33.42E-18,-35.75E-18,-38.79E-18
2.554E6,-27.63E-18,-33.42E-18,-35.75E-18,-38.79E-18
2.555E6,-27.63E-18,-33.42E-18,-35.75E-18,-38.79E-18
2.556E6,-27.63E-18,-33.42E-18,-35.75E-18,-38.79E-18
2.557E6,-27.63E-18,-33.42E-18,-35.75E-18,-38.79E-18
2.558E6,-27.63E-18,-33.42E-18,-35.75E-18,-38.79E-18
2.559E6,-27.63E-18,-33.42E-18,-35.75E-18,-38.79E-18
2.560E6,-27.63E-18,-33.42E-18,-35.75E-18,-38.79E-18
2.561E6,-27.63E-18,-33.42E-18,-35.75E-18,-38.79E-18
2.562E6,-27.63E-18,-33.42E-18,-35.75E-18,-38.79E-18
2.563E6,-27.63E-18,-33.42E-18,-35.75E-18,-38.79E-18
2.564E6,-27.63E-18,-33.42E-18,-35.75E-18,-38.79E-18
2.565E6,-27.63E-18,-33.42E-18,-35.75E-18,-38.79E-18
2.566E6,-27.63E-18,-33.42E-18,-35.75E-18,-38.79E-18
2.567E6,-27.63E-18,-33.42E-18,-35.75E-18,-38.79E-18
2.568E6,-27.63E-18,-33.42E-18,-35.75E-18,-38.79E-18
2.569E6,-27.63E-18,-33.42E-18,-35.75E-18,-38.79E-18
2.570E6,-27.63E-18,-33.42E-18,-35.75E-18,-38.79E-18
2.571E6,-27.63E-18,-33.42E-18,-35.75E-18,-38.79E-18
2.572E6,-27.63E-18,-33.42E-18,-35.75E-18,-38.79E-18
2.573E6,-27.63E-18,-33.42E-18,-35.75E-18,-38.79E-18
2.574E6,-27.63E-18,-33.42E-18,-35.75E-18,-38.79E-18
2.575E6,-27.63E-18,-33.42E-18,-35.75E-18,-38.79E-18
2.576E6,-27.63E-18,-33.42E-18,-35.75E-18,-38.79E-18
2.577E6,-27.63E-18,-33.42E-18,-35.75E-18,-38.79E-18
2.578E6,-27.63E-18,-33.42E-18,-35.75E-18,-38.79E-18
2.579E6,-27.63E-18,-33.42E-18,-35.75E-18,-38.79E-18
2.580E6,-27.63E-18,-33.42E-18,-35.75E-18,-38.79E-18
2.581E6,-27.63E-18,-33.42E-18,-35.75E-18,-38.79E-18
2.582E6,-27.63E-18,-33.42E-18,-35.75E-18,-38.79E-18
2.583E6,-27.63E-18,-33.42E-18,-35.75E-18,-38.79E-18
2.584E6,-27.63E-18,-33.42E-18,-35.75E-18,-38.79E-18
2.585E6,-27.63E-18,-33.42E-18,-35.75E-18,-38.79E-18
2.586E6,-27.63E-18,-33.42E-18,-35.75E-18,-38.79E-18
2.587E6,-27.63E-18,-33.42E-18,-35.75E-18,-38.79E-18
2.588E6,-27.63E-18,-33.42E-18,-35.75E-18,-38.79E-18
2.589E6,-27.63E-18,-33.42E-18,-35.75E-18,-38.79E-18
2.590E6,-27.63E-18,-33.42E-18,-35.75E-18,-38.79E-18
2.591E6,-27.63E-18,-33.42E-18,-35.75E-18,-38.79E-18
2.592E6,-27.63E-18,-33.42E-18,-35.75E-18,-38.79E-18
2.593E6,-27.63E-18,-33.42E-18,-35.75E-18,-38.79E-18
2.594E6,-27.63E-18,-33.42E-18,-35.75E-18,-38.79E-18
2.595E6,-27.63E-18,-33.42E-18,-35.75E-18,-38.79E-18
2.596E6,-27.63E-18,-33.42E-18,-35.75E-18,-38.79E-18
2.597E6,-27.63E-18,-33.42E-18,-35.75E-18,-38.79E-18
2.598E6,-27.63E-18,-33.42E-18,-35.75E-18,-38.79E-18
2.599E6,-27.63E-18,-33.42E-18,-35.75E-18,-38.79E-18
2.600E6,-27.63E-18,-33.42E-18,-35.75E-18,-38.79E-18
2.601E6,-27.63E-18,-33.42E-18,-35.75E-18,-38.79E-18
2.602E6,-27.63E-18,-33.42E-18,-35.75E-18,-38.79E-18
2.603E6,-27.63E-18,-33.42E-18,-35.75E-18,-38.79E-18
2.604E6,-27.63E-18,-33.42E-18,-35.75E-18,-38.79E-18
2.605E6,-27.63E-18,-33.42E-18,-35.75E-18,-38.79E-18
2.606E6,-27.63E-18,-33.42E-18,-35.75E-18,-38.79E-18
2.607E6,-27.63E-18,-33.42E-18,-35.75E-18,-38.79E-18
2.608E6,-27.63E-18,-33.42E-18,-35.75E-18,-38.79E-18
2.609E6,-27.63E-18,-33.42E-18,-35.75E-18,-38.79E-18
2.610E6,-27.63E-18,-33.42E-18,-35.75E-18,-38.79E-18
2.611E6,-27.63E-18,-33.42E-18,-35.75E-18,-38.79E-18
2.612E6,-27.63E-18,-33.42E-18,-35.75E-18,-38.79E-18
2.613E6,-27.63E-18,-33.42E-18,-35.75E-18,-38.79E-18
2.614E6,-27.63E-18,-33.42E-18,-35.75E-18,-38.79E-18
2.615E6,-27.63E-18,-33.42E-18,-35.75E-18,-38.79E-18
2.616E6,-27.63E-18,-33.42E-18,-35.75E-18,-38.79E-18
2.617E6,-27.63E-18,-33.42E-18,-35.75E-18,-38.79E-18
2.618E6,-27.63E-18,-33.42E-18,-35.75E-18,-38.79E-18
2.619E6,-27.63E-18,-33.42E-18,-35.75E-18,-38.79E-18
2.620E6,-27.63E-18,-33.42E-18,-35.75E-18,-38.79E-18
2.621E6,-27.63E-18,-33.42E-18,-35.75E-18,-38.79E-18
2.622E6,-27.63E-18,-33.42E-18,-35.75E-18,-38.79E-18
2.623E6,-27.63E-18,-33.42E-18,-35.75E-18,-38.79E-18
2.624E6,-27.63E-18,-33.42E-18,-35.75E-18,-38.79E-18
2.625E6,-27.63E-18,-33.42E-18,-35.75E-18,-38.79E-18
2.626E6,-27.63E-18,-33.42E-18,-35.75E-18,-38.79E-18
2.627E6,-27.63E-18,-33.42E-18,-35.75E-18,-38.79E-18
2.628E6,-27.63E-18,-33.42E-18,-35.75E-18,-38.79E-18
2.629E6,-27.63E-18,-33.42E-18,-35.75E-18,-38.79E-18
2.630E6,-27.63E-18,-33.42E-18,-35.75E-18,-38.79E-18
2.631E6,-27.63E-18,-33.42E-18,-35.75E-18,-38.79E-18
2.632E6,-27.63E-18,-33.42E-18,-35.75E-18,-38.79E-18
2.633E6,-27.63E-18,-33.42E-18,-35.75E-18,-38.79E-18
2.634E6,-27.63E-18,-33.42E-18,-35.75E-18,-38.79E-18
2.635E6,-27.63E-18,-33.42E-18,-35.75E-18,-38.79E-18
2.636E6,-27.63E-18,-33.42E-18,-35.75E-18,-38.79E-18
2.637E6,-27.63E-18,-33.42E-18,-35.75E-18,-38.79E-18
2.638E6,-27.63E-18,-33.42E-18,-35.75E-18,-38.79E-18
2.639E6,-27.63E-18,-33.42E-18,-35.75E-18,-38.79E-18
2.640E6,-27.63E-18,-33.42E-18,-35.75E-18,-38.79E-18
2.641E6,-27.63E-18,-33.42E-18,-35.75E-18,-38.79E-18
2.642E6,-27.63E-18,-33.42E-18,-35.75E-18,-38.79E-18
2.643E6,-27.63E-18,-33.42E-18,-35.75E-18,-38.79E-18
2.644E6,-27.63E-18,-33.42E-18,-35.75E-18,-38.79E-18
2.645E6,-27.63E-18,-33.42E-18,-35.75E-18,-38.79E-18
2.646E6,-27.63E-18,-33.42E-18,-35.75E-18,-38.79E-18
2.647E6,-27.63E-18,-33.42E-18,-35.75E-18,-38.79E-18
2.648E6,-27.63E-18,-33.42E-18,-35.75E-18,-38.79E-18
2.649E6,-27.63E-18,-33.42E-18,-35.75E-18,-38.79E-18
2.650E6,-27.63E-18,-33.42E-18,-35.75E-18,-38.79E-18
2.651E6,-27.63E-18,-33.42E-18,-35.75E-18,-38.79E-18
2.652E6,-27.63E-18,-33.42E-18,-35.75E-18,-38.79E-18
2.653E6,-27.63E-18,-33.42E-18,-35.75E-18,-38.79E-18
2.654E6,-27.63E-18,-33.42E-18,-35.75E-18,-38.79E-18
2.655E6,-27.63E-18,-33.42E-18,-35.75E-18,-38.79E-18
2.656E6,-27.63E-18,-33.42E-18,-35.75E-18,-38.79E-18
2.657E6,-27.63E-18,-33.42E-18,-35.75E-18,-38.79E-18
2.658E6,-27.63E-18,-33.42E-18,-35.75E-18,-38.79E-18
2.659E6,-27.63E-18,-33.42E-18,-35.75E-18,-38.79E-18
2.660E6,-27.63E-18,-33.42E-18,-35.75E-18,-38.79E-18
2.661E6,-27.63E-18,-33.42E-18,-35.75E-18,-38.79E-18
2.662E6,-27.63E-18,-33.42E-18,-35.75E-18,-38.79E-18
2.663E6,-27.63E-18,-33.42E-18,-35.75E-18,-38.79E-18
2.664E6,-27.63E-18,-33.42E-18,-35.75E-18,-38.79E-18
2.665E6,-27.63E-18,-33.42E-18,-35.75E-18,-38.79E-18
2.666E6,-27.63E-18,-33.42E-18,-35.75E-18,-38.79E-18
2.667E6,-27.63E-18,-33.42E-18,-35.75E-18,-38.79E-18
2.668E6,-27.63E-18,-33.42E-18,-35.75E-18,-38.79E-18
2.669E6,-27.63E-18,-33.42E-18,-35.75E-18,-38.79E-18
2.670E6,-27.63E-18,-33.42E-18,-35.75E-18,-38.79E-18
2.671E6,-27.63E-18,-33.42E-18,-35.75E-18,-38.79E-18
2.672E6,-27.63E-18,-33.42E-18,-35.75E-18,-38.79E-18
2.673E6,-27.63E-18,-33.42E-18,-35.75E-18,-38.79E-18
2.674E6,-27.63E-18,-33.42E-18,-35.75E-18,-38.79E-18
2.675E6,-27.63E-18,-33.42E-18,-35.75E-18,-38.79E-18
2.676E6,-27.63E-18,-33.42E-18,-35.75E-18,-38.79E-18
2.677E6,-27.63E-18,-33.42E-18,-35.75E-18,-38.79E-18
2.678E6,-27.63E-18,-33.42E-18,-35.75E-18,-38.79E-18
2.679E6,-27.63E-18,-33.42E-18,-35.75E-18,-38.79E-18
2.680E6,-27.63E-18,-33.42E-18,-35.75E-18,-38.79E-18
2.681E6,-27.63E-18,-33.42E-18,-35.75E-18,-38.79E-18
2.682E6,-27.63E-18,-33.42E-18,-35.75E-18,-38.79E-18
2.683E6,-27.63E-18,-33.42E-18,-35.75E-18,-38.79E-18
2.684E6,-27.63E-18,-33.42E-18,-35.75E-18,-38.79E-18
2.685E6,-27.63E-18,-33.42E-18,-35.75E-18,-38.79E-18
2.686E6,-27.63E-18,-33.42E-18,-35.75E-18,-38.79E-18
2.687E6,-27.63E-18,-33.42E-18,-35.75E-18,-38.79E-18
2.688E6,-27.63E-18,-33.42E-18,-35.75E-18,-38.79E-18
2.689E6,-27.63E-18,-33.42E-18,-35.75E-18,-38.79E-18
2.690E6,-27.63E-18,-33.42E-18,-35.75E-18,-38.79E-18
2.691E6,-27.63E-18,-33.42E-18,-35.75E-18,-38.79E-18
2.692E6,-27.63E-18,-33.42E-18,-35.75E-18,-38.79E-18
2.693E6,-27.63E-18,-33.42E-18,-35.75E-18,-38.79E-18
2.694E6,-27.63E-18,-33.42E-18,-35.75E-18,-38.79E-18
2.695E6,-27.63E-18,-33.42E-18,-35.75E-18,-38.79E-18
2.696E6,-27.63E-18,-33.42E-18,-35.75E-18,-38.79E-18
2.697E6,-27.63E-18,-33.42E-18,-35.75E-18,-38.79E-18
2.698E6,-27.63E-18,-33.42E-18,-35.75E-18,-38.79E-18
2.699E6,-27.63E-18,-33.42E-18,-35.75E-18,-38.79E-18
2.700E6,-27.63E-18,-33.42E-18,-35.75E-18,-38.79E-18
2.701E6,-27.63E-18,-33.42E-18,-35.75E-18,-38.79E-18
2.702E6,-27.63E-18,-33.42E-18,-35.75E-18,-38.79E-18
2.703E6,-27.63E-18,-33.42E-18,-35.75E-18,-38.79E-18
2.704E6,-27.63E-18,-33.42E-18,-35.75E-18,-38.79E-18
2.705E6,-27.63E-18,-33.42E-18,-35.75E-18,-38.79E-18
2.706E6,-27.63E-18,-33.42E-18,-35.75E-18,-38.79E-18
2.707E6,-27.63E-18,-33.42E-18,-35.75E-18,-38.79E-18
2.708E6,-27.63E-18,-33.42E-18,-35.75E-18,-38.79E-18
2.709E6,-27.63E-18,-33.42E-18,-35.75E-18,-38.79E-18
2.710E6,-27.63E-18,-33.42E-18,-35.75E-18,-38.79E-18
2.711E6,-27.63E-18,-33.42E-18,-35.75E-18,-38.79E-18
2.712E6,-27.63E-18,-33.42E-18,-35.75E-18,-38.79E-18
2.713E6,-27.63E-18,-33.42E-18,-35.75E-18,-38.79E-18
2.714E6,-27.63E-18,-33.42E-18,-35.75E-18,-38.79E-18
2.715E6,-27.63E-18,-33.42E-18,-35.75E-18,-38.79E-18
2.716E6,-27.63E-18,-33.42E-18,-35.75E-18,-38.79E-18
2.717E6,-27.63E-18,-33.42E-18,-35.75E-18,-38.79E-18
2.718E6,-27.63E-18,-33.42E-18,-35.75E-18,-38.79E-18
2.719E6,-27.63E-18,-33.42E-18,-35.75E-18,-38.79E-18
2.720E6,-27.63E-18,-33.42E-18,-35.75E-18,-38.79E-18
2.721E6,-27.63E-18,-33.42E-18,-35.75E-18,-38.79E-18
2.722E6,-27.63E-18,-33.42E-18,-35.75E-18,-38.79E-18
2.723E6,-27.63E-18,-33.42E-18,-35.75E-18,-38.79E-18
2.724E6,-27.63E-18,-33.42E-18,-35.75E-18,-38.79E-18
2.725E6,-27.63E-18,-33.42E-18,-35.75E-18,-38.79E-18
2.726E6,-27.63E-18,-33.42E-18,-35.75E-18,-38.79E-18
2.727E6,-27.63E-18,-33.42E-18,-35.75E-18,-38.79E-18
2.728E6,-27.63E-18,-33.42E-18,-35.75E-18,-38.79E-18
2.729E6,-27.63E-18,-33.42E-18,-35.75E-18,-38.79E-18
2.730E6,-27.63E-18,-33.42E-18,-35.75E-18,-38.79E-18
2.731E6,-27.63E-18,-33.42E-18,-35.75E-18,-38.79E-18
2.732E6,-27.63E-18,-33.42E-18,-35.75E-18,-38.79E-18
2.733E6,-27.63E-18,-33.42E-18,-35.75E-18,-38.79E-18
2.734E6,-27.63E-18,-33.42E-18,-35.75E-18,-38.79E-18
2.735E6,-27.63E-18,-33.42E-18,-35.75E-18,-38.79E-18
2.736E6,-27.63E-18,-33.42E-18,-35.75E-18,-38.79E-18
2.737E6,-27.63E-18,-33.42E-18,-35.75E-18,-38.79E-18
2.738E6,-27.63E-18,-33.42E-18,-35.75E-18,-38.79E-18
2.739E6,-27.63E-18,-33.42E-18,-35.75E-18,-38.79E-18
2.740E6,-27.63E-18,-33.42E-18,-35.75E-18,-38.79E-18
2.741E6,-27.63E-18,-33.42E-18,-35.75E-18,-38.79E-18
2.742E6,-27.63E-18,-33.42E-18,-35.75E-18,-38.79E-18
2.743E6,-27.63E-18,-33.42E-18,-35.75E-18,-38.79E-18
2.744E6,-27.63E-18,-33.42E-18,-35.75E-18,-38.79E-18
2.745E6,-27.63E-18,-33.42E-18,-35.75E-18,-38.79E-18
2.746E6,-27.63E-18,-33.42E-18,-35.75E-18,-38.79E-18
2.747E6,-27.63E-18,-33.42E-18,-35.75E-18,-38.79E-18
2.748E6,-27.63E-18,-33.42E-18,-35.75E-18,-38.79E-18
2.749E6,-27.63E-18,-33.42E-18,-35.75E-18,-38.79E-18
2.750E6,-27.63E-18,-33.42E-18,-35.75E-18,-38.79E-18
2.751E6,-27.63E-18,-33.42E-18,-35.75E-18,-38.79E-18
2.752E6,-27.63E-18,-33.42E-18,-35.75E-18,-38.79E-18
2.753E6,-27.63E-18,-33.42E-18,-35.75E-18,-38.79E-18
2.754E6,-27.63E-18,-33.42E-18,-35.75E-18,-38.79E-18
2.755E6,-27.63E-18,-33.42E-18,-35.75E-18,-38.79E-18
2.756E6,-27.63E-18,-33.42E-18,-35.75E-18,-38.79E-18
2.757E6,-27.63E-18,-33.42E-18,-35.75E-18,-38.79E-18
2.758E6,-27.63E-18,-33.42E-18,-35.75E-18,-38.79E-18
2.759E6,-27.63E-18,-33.42E-18,-35.75E-18,-38.79E-18
2.760E6,-27.63E-18,-33.42E-18,-35.75E-18,-38.79E-18
2.761E6,-27.63E-18,-33.42E-18,-35.75E-18,-38.79E-18
2.762E6,-27.63E-18,-33.42E-18,-35.75E-18,-38.79E-18
2.763E6,-27.63E-18,-33.42E-18,-35.75E-18,-38.79E-18
2.764E6,-27.63E-18,-33.42E-18,-35.75E-18,-38.79E-18
2.765E6,-27.63E-18,-33.42E-18,-35.75E-18,-38.79E-18
2.766E6,-27.63E-18,-33.42E-18,-35.75E-18,-38.79E-18
2.767E6,-27.63E-18,-33.42E-18,-35.75E-18,-38.79E-18
2.768E6,-27.63E-18,-33.42E-18,-35.75E-18,-38.79E-18
2.769E6,-27.63E-18,-33.42E-18,-35.75E-18,-38.79E-18
2.770E6,-27.63E-18,-33.42E-18,-35.75E-18,-38.79E-18
2.771E6,-27.63E-18,-33.42E-18,-35.75E-18,-38.79E-18
2.772E6,-27.63E-18,-33.42E-18,-35.75E-18,-38.79E-18
2.773E6,-27.63E-18,-33.42E-18,-35.75E-18,-38.79E-18
2.774E6,-27.63E-18,-33.42E-18,-35.75E-18,-38.79E-18
2.775E6,-27.63E-18,-33.42E-18,-35.75E-18,-38.79E-18
2.776E6,-27.63E-18,-33.42E-18,-35.75E-18,-38.79E-18
2.777E6,-27.63E-18,-33.42E-18,-35.75E-18,-38.79E-18
2.778E6,-27.63E-18,-33.42E-18,-35.75E-18,-38.79E-18
2.779E6,-27.63E-18,-33.42E-18,-35.75E-18,-38.79E-18
2.780E6,-27.63E-18,-33.42E-18,-35.75E-18,-38.79E-18
2.781E6,-27.63E-18,-33.42E-18,-35.75E-18,-38.79E-18
2.782E6,-27.63E-18,-33.42E-18,-35.75E-18,-38.79E-18
2.783E6,-27.63E-18,-33.42E-18,-35.75E-18,-38.79E-18
2.784E6,-27.63E-18,-33.42E-18,-35.75E-18,-38.79E-18
2.785E6,-27.63E-18,-33.42E-18,-35.75E-18,-38.79E-18
2.786E6,-27.63E-18,-33.42E-18,-35.75E-18,-38.79E-18
2.787E6,-27.63E-18,-33.42E-18,-35.75E-18,-38.79E-18
2.788E6,-27.63E-18,-33.42E-18,-35.75E-18,-38.79E-18
2.789E6,-27.63E-18,-33.42E-18,-35.75E-18,-38.79E-18
2.790E6,-27.63E-18,-33.42E-18,-35.75E-18,-38.79E-18
2.791E6,-27.63E-18,-33.42E-18,-35.75E-18,-38.79E-18
2.792E6,-27.63E-18,-33.42E-18,-35.75E-18,-38.79E-18
2.793E6,-27.63E-18,-33.42E-18,-35.75E-18,-38.79E-18
2.794E6,-27.63E-18,-33.42E-18,-35.75E-18,-38.79E-18
2.795E6,-27.63E-18,-33.42E-18,-35.75E-18,-38.79E-18
2.796E6,-27.63E-18,-33.42E-18,-35.75E-18,-38.79E-18
2.797E6,-27.63E-18,-33.42E-18,-35.75E-18,-38.79E-18
2.798E6,-27.63E-18,-33.42E-18,-35.75E-18,-38.79E-18
2.799E6,-27.63E-18,-33.42E-18,-35.75E-18,-38.79E-18
2.800E6,-27.63E-18,-33.42E-18,-35.75E-18,-38.79E-18
2.801E6,-27.63E-18,-33.42E-18,-35.75E-18,-38.79E-18
2.802E6,-27.63E-18,-33.42E-18,-35.75E-18,-38.79E-18
2.803E6,-27.63E-18,-33.42E-18,-35.75E-18,-38.79E-18
2.804E6,-27.63E-18,-33.42E-18,-35.75E-18,-38.79E-18
2.805E6,-27.63E-18,-33.42E-18,-35.75E-18,-38.79E-18
2.806E6,-27.63E-18,-33.42E-18,-35.75E-18,-38.79E-18
2.807E6,-27.63E-18,-33.42E-18,-35.75E-18,-38.79E-18
2.808E6,-27.63E-18,-33.42E-18,-35.75E-18,-38.79E-18
2.809E6,-27.63E-18,-33.42E-18,-35.75E-18,-38.79E-18
2.810E6,-27.63E-18,-33.42E-18,-35.75E-18,-38.79E-18
2.811E6,-27.63E-18,-33.42E-18,-35.75E-18,-38.79E-18
2.812E6,-27.63E-18,-33.42E-18,-35.75E-18,-38.79E-18
2.813E6,-27.63E-18,-33.42E-18,-35.75E-18,-38.79E-18
2.814E6,-27.63E-18,-33.42E-18,-35.75E-18,-38.79E-18
2.815E6,-27.63E-18,-33.42E-18,-35.75E-18,-38.79E-18
2.816E6,-27.63E-18,-33.42E-18,-35.75E-18,-38.79E-18
2.817E6,-27.63E-18,-33.42E-18,-35.75E-18,-38.79E-18
2.818E6,-27.63E-18,-33.42E-18,-35.75E-18,-38.79E-18
2.819E6,-27.63E-18,-33.42E-18,-35.75E-18,-38.79E-18
2.820E6,-27.63E-18,-33.42E-18,-35.75E-18,-38.79E-18
2.821E6,-27.63E-18,-33.42E-18,-35.75E-18,-38.79E-18
2.822E6,-27.63E-18,-33.42E-18,-35.75E-18,-38.79E-18
2.823E6,-27.63E-18,-33.42E-18,-35.75E-18,-38.79E-18
2.824E6,-27.63E-18,-33.42E-18,-35.75E-18,-38.79E-18
2.825E6,-27.63E-18,-33.42E-18,-35.75E-18,-38.79E-18
2.826E6,-27.63E-18,-33.42E-18,-35.75E-18,-38.79E-18
2.827E6,-27.63E-18,-33.42E-18,-35.75E-18,-38.79E-18
2.828E6,-27.63E-18,-33.42E-18,-35.75E-18,-38.79E-18
2.829E6,-27.63E-18,-33.42E-18,-35.75E-18,-38.79E-18
2.830E6,-27.63E-18,-33.42E-18,-35.75E-18,-38.79E-18
2.831E6,-27.63E-18,-33.42E-18,-35.75E-18,-38.79E-18
2.832E6,-27.63E-18,-33.42E-18,-35.75E-18,-38.79E-18
2.833E6,-27.63E-18,-33.42E-18,-35.75E-18,-38.79E-18
2.834E6,-27.63E-18,-33.42E-18,-35.75E-18,-38.79E-18
2.835E6,-27.63E-18,-33.42E-18,-35.75E-18,-38.79E-18
2.836E6,-27.63E-18,-33.42E-18,-35.75E-18,-38.79E-18
2.837E6,-27.63E-18,-33.42E-18,-35.75E-18,-38.79E-18
2.838E6,-27.63E-18,-33.42E-18,-35.75E-18,-38.79E-18
2.839E6,-27.63E-18,-33.42E-18,-35.75E-18,-38.79E-18
2.840E6,-27.63E-18,-33.42E-18,-35.75E-18,-38.79E-18
2.841E6,-27.63E-18,-33.42E-18,-35.75E-18,-38.79E-18
2.842E6,-27.63E-18,-33.42E-18,-35.75E-18,-38.79E-18
2.843E6,-27.63E-18,-33.42E-18,-35.75E-18,-38.79E-18
2.844E6,-27.63E-18,-33.42E-18,-35.75E-18,-38.79E-18
2.845E6,-27.63E-18,-33.42E-18,-35.75E-18,-38.79E-18
2.846E6,-27.63E-18,-33.42E-18,-35.75E-18,-38.79E-18
2.847E6,-27.63E-18,-33.42E-18,-35.75E-18,-38.79E-18
2.848E6,-27.63E-18,-33.42E-18,-35.75E-18,-38.79E-18
2.849E6,-27.63E-18,-33.42E-18,-35.75E-18,-38.79E-18
2.850E6,-27.63E-18,-33.42E-18,-35.75E-18,-38.79E-18
2.851E6,-27.63E-18,-33.42E-18,-35.75E-18,-38.79E-18
2.852E6,-27.63E-18,-33.42E-18,-35.75E-18,-38.79E-18
2.853E6,-27.63E-18,-33.42E-18,-35.75E-18,-38.79E-18
2.854E6,-27.63E-18,-33.42E-18,-35.75E-18,-38.79E-18
2.855E6,-27.63E-18,-33.42E-18,-35.75E-18,-38.79E-18
2.856E6,-27.63E-18,-33.42E-18,-35.75E-18,-38.79E-18
2.857E6,-27.63E-18,-33.42E-18,-35.75E-18,-38.79E-18
2.858E6,-27.63E-18,-33.42E-18,-35.75E-18,-38.79E-18
2.859E6,-27.63E-18,-33.42E-18,-35.75E-18,-38.79E-18
2.860E6,-27.63E-18,-33.42E-18,-35.75E-18,-38.79E-18
2.861E6,-27.63E-18,-33.42E-18,-35.75E-18,-38.79E-18
2.862E6,-27.63E-18,-33.42E-18,-35.75E-18,-38.79E-18
2.863E6,-27.63E-18,-33.42E-18,-35.75E-18,-38.79E-18
2.864E6,-27.63E-18,-33.42E-18,-35.75E-18,-38.79E-18
2.865E6,-27.63E-18,-33.42E-18,-35.75E-18,-38.79E-18
2.866E6,-27.63E-18,-33.42E-18,-35.75E-18,-38.79E-18
2.867E6,-27.63E-18,-33.42E-18,-35.75E-18,-38.79E-18
2.868E6,-27.63E-18,-33.42E-18,-35.75E-18,-38.79E-18
2.869E6,-27.63E-18,-33.42E-18,-35.75E-18,-38.79E-18
2.870E6,-27.63E-18,-33.42E-18,-35.75E-18,-38.79E-18
2.871E6,-27.63E-18,-33.42E-18,-35.75E-18,-38.79E-18
2.872E6,-27.63E-18,-33.42E-18,-35.75E-18,-38.79E-18
2.873E6,-27.63E-18,-33.42E-18,-35.75E-18,-38.79E-18
2.874E6,-27.63E-18,-33.42E-18,-35.75E-18,-38.79E-18
2.875E6,-27.63E-18,-33.42E-18,-35.75E-18,-38.79E-18
2.876E6,-27.63E-18,-33.42E-18,-35.75E-18,-38.79E-18
2.877E6,-27.63E-18,-33.42E-18,-35.75E-18,-38.79E-18
2.878E6,-27.63E-18,-33.42E-18,-35.75E-18,-38.79E-18
2.879E6,-27.63E-18,-33.42E-18,-35.75E-18,-38.79E-18
2.880E6,-27.63E-18,-33.42E-18,-35.75E-18,-38.79E-18
2.881E6,-27.63E-18,-33.42E-18,-35.75E-18,-38.79E-18
2.882E6,-27.63E-18,-33.42E-18,-35.75E-18,-38.79E-18
2.883E6,-27.63E-18,-33.42E-18,-35.75E-18,-38.79E-18
2.884E6,-27.63E-18,-33.42E-18,-35.75E-18,-38.79E-18
2.885E6,-27.63E-18,-33.42E-18,-35.75E-18,-38.79E-18
2.886E6,-27.63E-18,-33.42E-18,-35.75E-18,-38.79E-18
2.887E6,-27.63E-18,-33.42E-18,-35.75E-18,-38.79E-18
2.888E6,-27.63E-18,-33.42E-18,-35.75E-18,-38.79E-18
2.889E6,-27.63E-18,-33.42E-18,-35.75E-18,-38.79E-18
2.890E6,-27.63E-18,-33.42E-18,-35.75E-18,-38.79E-18
2.891E6,-27.63E-18,-33.42E-18,-35.75E-18,-38.79E-18
2.892E6,-27.63E-18,-33.42E-18,-35.75E-18,-38.79E-18
2.893E6,-27.63E-18,-33.42E-18,-35.75E-18,-38.79E-18
2.894E6,-27.63E-18,-33.42E-18,-35.75E-18,-38.79E-18
2.895E6,-27.63E-18,-33.42E-18,-35.75E-18,-38.79E-18
2.896E6,-27.63E-18,-33.42E-18,-35.75E-18,-38.79E-18
2.897E6,-27.63E-18,-33.42E-18,-35.75E-18,-38.79E-18
2.898E6,-27.63E-18,-33.42E-18,-35.75E-18,-38.79E-18
2.899E6,-27.63E-18,-33.42E-18,-35.75E-18,-38.79E-18
2.900E6,-27.63E-18,-33.42E-18,-35.75E-18,-38.79E-18
2.901E6,-27.63E-18,-33.42E-18,-35.75E-18,-38.79E-18
2.902E6,-27.63E-18,-33.42E-18,-35.75E-18,-38.79E-18
2.903E6,-27.63E-18,-33.42E-18,-35.75E-18,-38.79E-18
2.904E6,-27.63E-18,-33.42E-18,-35.75E-18,-38.79E-18
2.905E6,-27.63E-18,-33.42E-18,-35.75E-18,-38.79E-18
2.906E6,-27.63E-18,-33.42E-18,-35.75E-18,-38.79E-18
2.907E6,-27.63E-18,-33.42E-18,-35.75E-18,-38.79E-18
2.908E6,-27.63E-18,-33.42E-18,-35.75E-18,-38.79E-18
2.909E6,-27.63E-18,-33.42E-18,-35.75E-18,-38.79E-18
2.910E6,-27.63E-18,-33.42E-18,-35.75E-18,-38.79E-18
2.911E6,-27.63E-18,-33.42E-18,-35.75E-18,-38.79E-18
2.912E6,-27.63E-18,-33.42E-18,-35.75E-18,-38.79E-18
2.913E6,-27.63E-18,-33.42E-18,-35.75E-18,-38.79E-18
2.914E6,-27.63E-18,-33.42E-18,-35.75E-18,-38.79E-18
2.915E6,-27.63E-18,-33.42E-18,-35.75E-18,-38.79E-18
2.916E6,-27.63E-18,-33.42E-18,-35.75E-18,-38.79E-18
2.917E6,-27.63E-18,-33.42E-18,-35.75E-18,-38.79E-18
2.918E6,-27.63E-18,-33.42E-18,-35.75E-18,-38.79E-18
2.919E6,-27.63E-18,-33.42E-18,-35.75E-18,-38.79E-18
2.920E6,-27.63E-18,-33.42E-18,-35.75E-18,-38.79E-18
2.921E6,-27.63E-18,-33.42E-18,-35.75E-18,-38.79E-18
2.922E6,-27.63E-18,-33.42E-18,-35.75E-18,-38.79E-18
2.923E6,-27.63E-18,-33.42E-18,-35.75E-18,-38.79E-18
2.924E6,-27.63E-18,-33.42E-18,-35.75E-18,-38.79E-18
2.925E6,-27.63E-18,-33.42E-18,-35.75E-18,-38.79E-18
2.926E6,-27.63E-18,-33.42E-18,-35.75E-18,-38.79E-18
2.927E6,-27.63E-18,-33.42E-18,-35.75E-18,-38.79E-18
2.928E6,-27.63E-18,-33.42E-18,-35.75E-18,-38.79E-18
2.929E6,-27.63E-18,-33.42E-18,-35.75E-18,-38.79E-18
2.930E6,-27.63E-18,-33.42E-18,-35.75E-18,-38.79E-18
2.931E6,-27.63E-18,-33.42E-18,-35.75E-18,-38.79E-18
2.932E6,-27.63E-18,-33.42E-18,-35.75E-18,-38.79E-18
2.933E6,-27.63E-18,-33.42E-18,-35.75E-18,-38.79E-18
2.934E6,-27.63E-18,-33.42E-18,-35.75E-18,-38.79E-18
2.935E6,-27.63E-18,-33.42E-18,-35.75E-18,-38.79E-18
2.936E6,-27.63E-18,-33.42E-18,-35.75E-18,-38.79E-18
2.937E6,-27.63E-18,-33.42E-18,-35.75E-18,-38.79E-18
2.938E6,-27.63E-18,-33.42E-18,-35.75E-18,-38.79E-18
2.939E6,-27.63E-18,-33.42E-18,-35.75E-18,-38.79E-18
2.940E6,-27.63E-18,-33.42E-18,-35.75E-18,-38.79E-18
2.941E6,-27.63E-18,-33.42E-18,-35.75E-18,-38.79E-18
2.942E6,-27.63E-18,-33.42E-18,-35.75E-18,-38.79E-18
2.943E6,-27.63E-18,-33.42E-18,-35.75E-18,-38.79E-18
2.944E6,-27.63E-18,-33.42E-18,-35.75E-18,-38.79E-18
2.945E6,-27.63E-18,-33.42E-18,-35.75E-18,-38.79E-18
2.946E6,-27.63E-18,-33.42E-18,-35.75E-18,-38.79E-18
2.947E6,-27.63E-18,-33.42E-18,-35.75E-18,-38.79E-18
2.948E6,-27.63E-18,-33.42E-18,-35.75E-18,-38.79E-18
2.949E6,-27.63E-18,-33.42E-18,-35.75E-18,-38.79E-18
2.950E6,-27.63E-18,-33.42E-18,-35.75E-18,-38.79E-18
2.951E6,-27.63E-18,-33.42E-18,-35.75E-18,-38.79E-18
2.952E6,-27.63E-18,-33.42E-18,-35.75E-18,-38.79E-18
2.953E6,-27.63E-18,-33.42E-18,-35.75E-18,-38.79E-18
2.954E6,-27.63E-18,-33.42E-18,-35.75E-18,-38.79E-18
2.955E6,-27.63E-18,-33.42E-18,-35.75E-18,-38.79E-18
2.956E6,-27.63E-18,-33.42E-18,-35.75E-18,-38.79E-18
2.957E6,-27.63E-18,-33.42E-18,-35.75E-18,-38.79E-18
2.958E6,-27.63E-18,-33.42E-18,-35.75E-18,-38.79E-18
2.959E6,-27.63E-18,-33.42E-18,-35.75E-18,-38.79E-18
2.960E6,-27.63E-18,-33.42E-18,-35.75E-18,-38.79E-18
2.961E6,-27.63E-18,-33.42E-18,-35.75E-18,-38.79E-18
2.962E6,-27.63E-18,-33.42E-18,-35.75E-18,-38.79E-18
2.963E6,-27.63E-18,-33.42E-18,-35.75E-18,-38.79E-18
2.964E6,-27.63E-18,-33.42E-18,-35.75E-18,-38.79E-18
2.965E6,-27.63E-18,-33.42E-18,-35.75E-18,-38.79E-18
2.966E6,-27.63E-18,-33.42E-18,-35.75E-18,-38.79E-18
2.967E6,-27.63E-18,-33.42E-18,-35.75E-18,-38.79E-18
2.968E6,-27.63E-18,-33.42E-18,-35.75E-18,-38.79E-18
2.969E6,-27.63E-18,-33.42E-18,-35.75E-18,-38.79E-18
2.970E6,-27.63E-18,-33.42E-18,-35.75E-18,-38.79E-18
2.971E6,-27.63E-18,-33.42E-18,-35.75E-18,-38.79E-18
2.972E6,-27.63E-18,-33.42E-18,-35.75E-18,-38.79E-18
2.973E6,-27.63E-18,-33.42E-18,-35.75E-18,-38.79E-18
2.974E6,-27.63E-18,-33.42E-18,-35.75E-18,-38.79E-18
2.975E6,-27.63E-18,-33.42E-18,-35.75E-18,-38.79E-18
2.976E6,-27.63E-18,-33.42E-18,-35.75E-18,-38.79E-18
2.977E6,-27.63E-18,-33.42E-18,-35.75E-18,-38.79E-18
2.978E6,-27.63E-18,-33.42E-18,-35.75E-18,-38.79E-18
2.979E6,-27.63E-18,-33.42E-18,-35.75E-18,-38.79E-18
2.980E6,-27.63E-18,-33.42E-18,-35.75E-18,-38.79E-18
2.981E6,-27.63E-18,-33.42E-18,-35.75E-18,-38.79E-18
2.982E6,-27.63E-18,-33.42E-18,-35.75E-18,-38.79E-18
2.983E6,-27.63E-18,-33.42E-18,-35.75E-18,-38.79E-18
2.984E6,-27.63E-18,-33.42E-18,-35.75E-18,-38.79E-18
2.985E6,-27.63E-18,-33.42E-18,-35.75E-18,-38.79E-18
2.986E6,-27.63E-18,-33.42E-18,-35.75E-18,-38.79E-18
2.987E6,-27.63E-18,-33.42E-18,-35.75E-18,-38.79E-18
2.988E6,-27.63E-18,-33.42E-18,-35.75E-18,-38.79E-18
2.989E6,-27.63E-18,-33.42E-18,-35.75E-18,-38.79E-18
2.990E6,-27.63E-18,-33.42E-18,-35.75E-18,-38.79E-18
2.991E6,-27.63E-18,-33.42E-18,-35.75E-18,-38.79E-18
2.992E6,-27.63E-18,-33.42E-18,-35.75E-18,-38.79E-18
2.993E6,-27.63E-18,-33.42E-18,-35.75E-18,-38.79E-18
2.994E6,-27.63E-18,-33.42E-18,-35.75E-18,-38.79E-18
2.995E6,-27.63E-18,-33.42E-18,-35.75E-18,-38.79E-18
2.996E6,-27.63E-18,-33.42E-18,-35.75E-18,-38.79E-18
2.997E6,-27.63E-18,-33.42E-18,-35.75E-18,-38.79E-18
2.998E6,-27.63E-18,-33.42E-18,-35.75E-18,-38.79E-18
2.999E6,-27.63E-18,-33.42E-18,-35.75E-18,-38.79E-18
3.000E6,-27.63E-18,-33.42E-18,-35.75E-18,-38.79E-18
3.001E6,-27.63E-18,-33.42E-18,-35.75E-18,-38.79E-18
3.002E6,-27.63E-18,-33.42E-18,-35.75E-18,-38.79E-18
3.003E6,-27.63E-18,-33.42E-18,-35.75E-18,-38.79E-18
3.004E6,-27.63E-18,-33.42E-18,-35.75E-18,-38.79E-18
3.005E6,-27.63E-18,-33.42E-18,-35.75E-18,-38.79E-18
3.006E6,-27.63E-18,-33.42E-18,-35.75E-18,-38.79E-18
3.007E6,-27.63E-18,-33.42E-18,-35.75E-18,-38.79E-18
3.008E6,-27.63E-18,-33.42E-18,-35.75E-18,-38.79E-18
3.009E6,-27.63E-18,-33.42E-18,-35.75E-18,-38.79E-18
3.010E6,-27.63E-18,-33.42E-18,-35.75E-18,-38.79E-18
3.011E6,-27.63E-18,-33.42E-18,-35.75E-18,-38.79E-18
3.012E6,-27.63E-18,-33.42E-18,-35.75E-18,-38.79E-18
3.013E6,-27.63E-18,-33.42E-18,-35.75E-18,-38.79E-18
3.014E6,-27.63E-18,-33.42E-18,-35.75E-18,-38.79E-18
3.015E6,-27.63E-18,-33.42E-18,-35.75E-18,-38.79E-18
3.016E6,-27.63E-18,-33.42E-18,-35.75E-18,-38.79E-18
3.017E6,-27.63E-18,-33.42E-18,-35.75E-18,-38.79E-18
3.018E6,-27.63E-18,-33.42E-18,-35.75E-18,-38.79E-18
3.019E6,-27.63E-18,-33.42E-18,-35.75E-18,-38.79E-18
3.020E6,-27.63E-18,-33.42E-18,-35.75E-18,-38.79E-18
3.021E6,-27.63E-18,-33.42E-18,-35.75E-18,-38.79E-18
3.022E6,-27.63E-18,-33.42E-18,-35.75E-18,-38.79E-18
3.023E6,-27.63E-18,-33.42E-18,-35.75E-18,-38.79E-18
3.024E6,-27.63E-18,-33.42E-18,-35.75E-18,-38.79E-18
3.025E6,-27.63E-18,-33.42E-18,-35.75E-18,-38.79E-18
3.026E6,-27.63E-18,-33.42E-18,-35.75E-18,-38.79E-18
3.027E6,-27.63E-18,-33.42E-18,-35.75E-18,-38.79E-18
3.028E6,-27.63E-18,-33.42E-18,-35.75E-18,-38.79E-18
3.029E6,-27.63E-18,-33.42E-18,-35.75E-18,-38.79E-18
3.030E6,-27.63E-18,-33.42E-18,-35.75E-18,-38.79E-18
3.031E6,-27.63E-18,-33.42E-18,-35.75E-18,-38.79E-18
3.032E6,-27.63E-18,-33.42E-18,-35.75E-18,-38.79E-18
3.033E6,-27.63E-18,-33.42E-18,-35.75E-18,-38.79E-18
3.034E6,-27.63E-18,-33.42E-18,-35.75E-18,-38.79E-18
3.035E6,-27.63E-18,-33.42E-18,-35.75E-18,-38.79E-18
3.036E6,-27.63E-18,-33.42E-18,-35.75E-18,-38.79E-18
3.037E6,-27.63E-18,-33.42E-18,-35.75E-18,-38.79E-18
3.038E6,-27.63E-18,-33.42E-18,-35.75E-18,-38.79E-18
3.039E6,-27.63E-18,-33.42E-18,-35.75E-18,-38.79E-18
3.040E6,-27.63E-18,-33.42E-18,-35.75E-18,-38.79E-18
3.041E6,-27.63E-18,-33.42E-18,-35.75E-18,-38.79E-18
3.042E6,-27.63E-18,-33.42E-18,-35.75E-18,-38.79E-18
3.043E6,-27.63E-18,-33.42E-18,-35.75E-18,-38.79E-18
3.044E6,-27.63E-18,-33.42E-18,-35.75E-18,-38.79E-18
3.045E6,-27.63E-18,-33.42E-18,-35.75E-18,-38.79E-18
3.046E6,-27.63E-18,-33.42E-18,-35.75E-18,-38.79E-18
3.047E6,-27.63E-18,-33.42E-18,-35.75E-18,-38.79E-18
3.048E6,-27.63E-18,-33.42E-18,-35.75E-18,-38.79E-18
3.049E6,-27.63E-18,-33.42E-18,-35.75E-18,-38.79E-18
3.050E6,-27.63E-18,-33.42E-18,-35.75E-18,-38.79E-18
3.051E6,-27.63E-18,-33.42E-18,-35.75E-18,-38.79E-18
3.052E6,-27.63E-18,-33.42E-18,-35.75E-18,-38.79E-18
3.053E6,-27.63E-18,-33.42E-18,-35.75E-18,-38.79E-18
3.054E6,-27.63E-18,-33.42E-18,-35.75E-18,-38.79E-18
3.055E6,-27.63E-18,-33.42E-18,-35.75E-18,-38.79E-18
3.056E6,-27.63E-18,-33.42E-18,-35.75E-18,-38.79E-18
3.057E6,-27.63E-18,-33.42E-18,-35.75E-18,-38.79E-18
3.058E6,-27.63E-18,-33.42E-18,-35.75E-18,-38.79E-18
3.059E6,-27.63E-18,-33.42E-18,-35.75E-18,-38.79E-18
3.060E6,-27.63E-18,-33.42E-18,-35.75E-18,-38.79E-18
3.061E6,-27.63E-18,-33.42E-18,-35.75E-18,-38.79E-18
3.062E6,-27.63E-18,-33.42E-18,-35.75E-18,-38.79E-18
3.063E6,-27.63E-18,-33.42E-18,-35.75E-18,-38.79E-18
3.064E6,-27.63E-18,-33.42E-18,-35.75E-18,-38.79E-18
3.065E6,-27.63E-18,-33.42E-18,-35.75E-18,-38.79E-18
3.066E6,-27.63E-18,-33.42E-18,-35.75E-18,-38.79E-18
3.067E6,-27.63E-18,-33.42E-18,-35.75E-18,-38.79E-18
3.068E6,-27.63E-18,-33.42E-18,-35.75E-18,-38.79E-18
3.069E6,-27.63E-18,-33.42E-18,-35.75E-18,-38.79E-18
3.070E6,-27.63E-18,-33.42E-18,-35.75E-18,-38.79E-18
3.071E6,-27.63E-18,-33.42E-18,-35.75E-18,-38.79E-18
3.072E6,-27.63E-18,-33.42E-18,-35.75E-18,-38.79E-18
3.073E6,-27.63E-18,-33.42E-18,-35.75E-18,-38.79E-18
3.074E6,-27.63E-18,-33.42E-18,-35.75E-18,-38.79E-18
3.075E6,-27.63E-18,-33.42E-18,-35.75E-18,-38.79E-18
3.076E6,-27.63E-18,-33.42E-18,-35.75E-18,-38.79E-18
3.077E6,-27.63E-18,-33.42E-18,-35.75E-18,-38.79E-18
3.078E6,-27.63E-18,-33.42E-18,-35.75E-18,-38.79E-18
3.079E6,-27.63E-18,-33.42E-18,-35.75E-18,-38.79E-18
3.080E6,-27.63E-18,-33.42E-18,-35.75E-18,-38.79E-18
3.081E6,-27.63E-18,-33.42E-18,-35.75E-18,-38.79E-18
3.082E6,-27.63E-18,-33.42E-18,-35.75E-18,-38.79E-18
3.083E6,-27.63E-18,-33.42E-18,-35.75E-18,-38.79E-18
3.084E6,-27.63E-18,-33.42E-18,-35.75E-18,-38.79E-18
3.085E6,-27.63E-18,-33.42E-18,-35.75E-18,-38.79E-18
3.086E6,-27.63E-18,-33.42E-18,-35.75E-18,-38.79E-18
3.087E6,-27.63E-18,-33.42E-18,-35.75E-18,-38.79E-18
3.088E6,-27.63E-18,-33.42E-18,-35.75E-18,-38.79E-18
3.089E6,-27.63E-18,-33.42E-18,-35.75E-18,-38.79E-18
3.090E6,-27.63E-18,-33.42E-18,-35.75E-18,-38.79E-18
3.091E6,-27.63E-18,-33.42E-18,-35.75E-18,-38.79E-18
3.092E6,-27.63E-18,-33.42E-18,-35.75E-18,-38.79E-18
3.093E6,-27.63E-18,-33.42E-18,-35.75E-18,-38.79E-18
3.094E6,-27.63E-18,-33.42E-18,-35.75E-18,-38.79E-18
3.095E6,-27.63E-18,-33.42E-18,-35.75E-18,-38.79E-18
3.096E6,-27.63E-18,-33.42E-18,-35.75E-18,-38.79E-18
3.097E6,-27.63E-18,-33.42E-18,-35.75E-18,-38.79E-18
3.098E6,-27.63E-18,-33.42E-18,-35.75E-18,-38.79E-18
3.099E6,-27.63E-18,-33.42E-18,-35.75E-18,-38.79E-18
3.100E6,-27.63E-18,-33.42E-18,-35.75E-18,-38.79E-18
3.101E6,-27.63E-18,-33.42E-18,-35.75E-18,-38.79E-18
3.102E6,-27.63E-18,-33.42E-18,-35.75E-18,-38.79E-18
3.103E6,-27.63E-18,-33.42E-18,-35.75E-18,-38.79E-18
3.104E6,-27.63E-18,-33.42E-18,-35.75E-18,-38.79E-18
3.105E6,-27.63E-18,-33.42E-18,-35.75E-18,-38.79E-18
3.106E6,-27.63E-18,-33.42E-18,-35.75E-18,-38.79E-18
3.107E6,-27.63E-18,-33.42E-18,-35.75E-18,-38.79E-18
3.108E6,-27.63E-18,-33.42E-18,-35.75E-18,-38.79E-18
3.109E6,-27.63E-18,-33.42E-18,-35.75E-18,-38.79E-18
3.110E6,-27.63E-18,-33.42E-18,-35.75E-18,-38.79E-18
3.111E6,-27.63E-18,-33.42E-18,-35.75E-18,-38.79E-18
3.112E6,-27.63E-18,-33.42E-18,-35.75E-18,-38.79E-18
3.113E6,-27.63E-18,-33.42E-18,-35.75E-18,-38.79E-18
3.114E6,-27.63E-18,-33.42E-18,-35.75E-18,-38.79E-18
3.115E6,-27.63E-18,-33.42E-18,-35.75E-18,-38.79E-18
3.116E6,-27.63E-18,-33.42E-18,-35.75E-18,-38.79E-18
3.117E6,-27.63E-18,-33.42E-18,-35.75E-18,-38.79E-18
3.118E6,-27.63E-18,-33.42E-18,-35.75E-18,-38.79E-18
3.119E6,-27.63E-18,-33.42E-18,-35.75E-18,-38.79E-18
3.120E6,-27.63E-18,-33.42E-18,-35.75E-18,-38.79E-18
3.121E6,-27.63E-18,-33.42E-18,-35.75E-18,-38.79E-18
3.122E6,-27.63E-18,-33.42E-18,-35.75E-18,-38.79E-18
3.123E6,-27.63E-18,-33.42E-18,-35.75E-18,-38.79E-18
3.124E6,-27.63E-18,-33.42E-18,-35.75E-18,-38.79E-18
3.125E6,-27.63E-18,-33.42E-18,-35.75E-18,-38.79E-18
3.126E6,-27.63E-18,-33.42E-18,-35.75E-18,-38.79E-18
3.127E6,-27.63E-18,-33.42E-18,-35.75E-18,-38.79E-18
3.128E6,-27.63E-18,-33.42E-18,-35.75E-18,-38.79E-18
3.129E6,-27.63E-18,-33.42E-18,-35.75E-18,-38.79E-18
3.130E6,-27.63E-18,-33.42E-18,-35.75E-18,-38.79E-18
3.131E6,-27.63E-18,-33.42E-18,-35.75E-18,-38.79E-18
3.132E6,-27.63E-18,-33.42E-18,-35.75E-18,-38.79E-18
3.133E6,-27.63E-18,-33.42E-18,-35.75E-18,-38.79E-18
3.134E6,-27.63E-18,-33.42E-18,-35.75E-18,-38.79E-18
3.135E6,-27.63E-18,-33.42E-18,-35.75E-18,-38.79E-18
3.136E6,-27.63E-18,-33.42E-18,-35.75E-18,-38.79E-18
3.137E6,-27.63E-18,-33.42E-18,-35.75E-18,-38.79E-18
3.138E6,-27.63E-18,-33.42E-18,-35.75E-18,-38.79E-18
3.139E6,-27.63E-18,-33.42E-18,-35.75E-18,-38.79E-18
3.140E6,-27.63E-18,-33.42E-18,-35.75E-18,-38.79E-18
3.141E6,-27.63E-18,-33.42E-18,-35.75E-18,-38.79E-18
3.142E6,-27.63E-18,-33.42E-18,-35.75E-18,-38.79E-18
3.143E6,-27.63E-18,-33.42E-18,-35.75E-18,-38.79E-18
3.144E6,-27.63E-18,-33.42E-18,-35.75E-18,-38.79E-18
3.145E6,-27.63E-18,-33.42E-18,-35.75E-18,-38.79E-18
3.146E6,-27.63E-18,-33.42E-18,-35.75E-18,-38.79E-18
3.147E6,-27.63E-18,-33.42E-18,-35.75E-18,-38.79E-18
3.148E6,-27.63E-18,-33.42E-18,-35.75E-18,-38.79E-18
3.149E6,-27.63E-18,-33.42E-18,-35.75E-18,-38.79E-18
3.150E6,-27.63E-18,-33.42E-18,-35.75E-18,-38.79E-18
3.151E6,-27.63E-18,-33.42E-18,-35.75E-18,-38.79E-18
3.152E6,-27.63E-18,-33.42E-18,-35.75E-18,-38.79E-18
3.153E6,-27.63E-18,-33.42E-18,-35.75E-18,-38.79E-18
3.154E6,-27.63E-18,-33.42E-18,-35.75E-18,-38.79E-18
3.155E6,-27.63E-18,-33.42E-18,-35.75E-18,-38.79E-18
3.156E6,-27.63E-18,-33.42E-18,-35.75E-18,-38.79E-18
3.157E6,-27.63E-18,-33.42E-18,-35.75E-18,-38.79E-18
3.158E6,-27.63E-18,-33.42E-18,-35.75E-18,-38.79E-18
3.159E6,-27.63E-18,-33.42E-18,-35.75E-18,-38.79E-18
3.160E6,-27.63E-18,-33.42E-18,-35.75E-18,-38.79E-18
3.161E6,-27.63E-18,-33.42E-18,-35.75E-18,-38.79E-18
3.162E6,-27.63E-18,-33.42E-18,-35.75E-18,-38.79E-18
3.163E6,-27.63E-18,-33.42E-18,-35.75E-18,-38.79E-18
3.164E6,-27.63E-18,-33.42E-18,-35.75E-18,-38.79E-18
3.165E6,-27.63E-18,-33.42E-18,-35.75E-18,-38.79E-18
3.166E6,-27.63E-18,-33.42E-18,-35.75E-18,-38.79E-18
3.167E6,-27.63E-18,-33.42E-18,-35.75E-18,-38.79E-18
3.168E6,-27.63E-18,-33.42E-18,-35.75E-18,-38.79E-18
3.169E6,-27.63E-18,-33.42E-18,-35.75E-18,-38.79E-18
3.170E6,-27.63E-18,-33.42E-18,-35.75E-18,-38.79E-18
3.171E6,-27.63E-18,-33.42E-18,-35.75E-18,-38.79E-18
3.172E6,-27.63E-18,-33.42E-18,-35.75E-18,-38.79E-18
3.173E6,-27.63E-18,-33.42E-18,-35.75E-18,-38.79E-18
3.174E6,-27.63E-18,-33.42E-18,-35.75E-18,-38.79E-18
3.175E6,-27.63E-18,-33.42E-18,-35.75E-18,-38.79E-18
3.176E6,-27.63E-18,-33.42E-18,-35.75E-18,-38.79E-18
3.177E6,-27.63E-18,-33.42E-18,-35.75E-18,-38.79E-18
3.178E6,-27.63E-18,-33.42E-18,-35.75E-18,-38.79E-18
3.179E6,-27.63E-18,-33.42E-18,-35.75E-18,-38.79E-18
3.180E6,-27.63E-18,-33.42E-18,-35.75E-18,-38.79E-18
3.181E6,-27.63E-18,-33.42E-18,-35.75E-18,-38.79E-18
3.182E6,-27.63E-18,-33.42E-18,-35.75E-18,-38.79E-18
3.183E6,-27.63E-18,-33.42E-18,-35.75E-18,-38.79E-18
3.184E6,-27.63E-18,-33.42E-18,-35.75E-18,-38.79E-18
3.185E6,-27.63E-18,-33.42E-18,-35.75E-18,-38.79E-18
3.186E6,-27.63E-18,-33.42E-18,-35.75E-18,-38.79E-18
3.187E6,-27.63E-18,-33.42E-18,-35.75E-18,-38.79E-18
3.188E6,-27.63E-18,-33.42E-18,-35.75E-18,-38.79E-18
3.189E6,-27.63E-18,-33.42E-18,-35.75E-18,-38.79E-18
3.190E6,-27.63E-18,-33.42E-18,-35.75E-18,-38.79E-18
3.191E6,-27.63E-18,-33.42E-18,-35.75E-18,-38.79E-18
3.192E6,-27.63E-18,-33.42E-18,-35.75E-18,-38.79E-18
3.193E6,-27.63E-18,-33.42E-18,-35.75E-18,-38.79E-18
3.194E6,-27.63E-18,-33.42E-18,-35.75E-18,-38.79E-18
3.195E6,-27.63E-18,-33.42E-18,-35.75E-18,-38.79E-18
3.196E6,-27.63E-18,-33.42E-18,-35.75E-18,-38.79E-18
3.197E6,-27.63E-18,-33.42E-18,-35.75E-18,-38.79E-18
3.198E6,-27.63E-18,-33.42E-18,-35.75E-18,-38.79E-18
3.199E6,-27.63E-18,-33.42E-18,-35.75E-18,-38.79E-18
3.200E6,-27.63E-18,-33.42E-18,-35.75E-18,-38.79E-18
3.201E6,-27.63E-18,-33.42E-18,-35.75E-18,-38.79E-18
3.202E6,-27.63E-18,-33.42E-18,-35.75E-18,-38.79E-18
3.203E6,-27.63E-18,-33.42E-18,-35.75E-18,-38.79E-18
3.204E6,-27.63E-18,-33.42E-18,-35.75E-18,-38.79E-18
3.205E6,-27.63E-18,-33.42E-18,-35.75E-18,-38.79E-18
3.206E6,-27.63E-18,-33.42E-18,-35.75E-18,-38.79E-18
3.207E6,-27.63E-18,-33.42E-18,-35.75E-18,-38.79E-18
3.208E6,-27.63E-18,-33.42E-18,-35.75E-18,-38.79E-18
3.209E6,-27.63E-18,-33.42E-18,-35.75E-18,-38.79E-18
3.210E6,-27.63E-18,-33.42E-18,-35.75E-18,-38.79E-18
3.211E6,-27.63E-18,-33.42E-18,-35.75E-18,-38.79E-18
3.212E6,-27.63E-18,-33.42E-18,-35.75E-18,-38.79E-18
3.213E6,-27.63E-18,-33.42E-18,-35.75E-18,-38.79E-18
3.214E6,-27.63E-18,-33.42E-18,-35.75E-18,-38.79E-18
3.215E6,-27.63E-18,-33.42E-18,-35.75E-18,-38.79E-18
3.216E6,-27.63E-18,-33.42E-18,-35.75E-18,-38.79E-18
3.217E6,-27.63E-18,-33.42E-18,-35.75E-18,-38.79E-18
3.218E6,-27.63E-18,-33.42E-18,-35.75E-18,-38.79E-18
3.219E6,-27.63E-18,-33.42E-18,-35.75E-18,-38.79E-18
3.220E6,-27.63E-18,-33.42E-18,-35.75E-18,-38.79E-18
3.221E6,-27.63E-18,-33.42E-18,-35.75E-18,-38.79E-18
3.222E6,-27.63E-18,-33.42E-18,-35.75E-18,-38.79E-18
3.223E6,-27.63E-18,-33.42E-18,-35.75E-18,-38.79E-18
3.224E6,-27.63E-18,-33.42E-18,-35.75E-18,-38.79E-18
3.225E6,-27.63E-18,-33.42E-18,-35.75E-18,-38.79E-18
3.226E6,-27.63E-18,-33.42E-18,-35.75E-18,-38.79E-18
3.227E6,-27.63E-18,-33.42E-18,-35.75E-18,-38.79E-18
3.228E6,-27.63E-18,-33.42E-18,-35.75E-18,-38.79E-18
3.229E6,-27.63E-18,-33.42E-18,-35.75E-18,-38.79E-18
3.230E6,-27.63E-18,-33.42E-18,-35.75E-18,-38.79E-18
3.231E6,-27.63E-18,-33.42E-18,-35.75E-18,-38.79E-18
3.232E6,-27.63E-18,-33.42E-18,-35.75E-18,-38.79E-18
3.233E6,-27.63E-18,-33.42E-18,-35.75E-18,-38.79E-18
3.234E6,-27.63E-18,-33.42E-18,-35.75E-18,-38.79E-18
3.235E6,-27.63E-18,-33.42E-18,-35.75E-18,-38.79E-18
3.236E6,-27.63E-18,-33.42E-18,-35.75E-18,-38.79E-18
3.237E6,-27.63E-18,-33.42E-18,-35.75E-18,-38.79E-18
3.238E6,-27.63E-18,-33.42E-18,-35.75E-18,-38.79E-18
3.239E6,-27.63E-18,-33.42E-18,-35.75E-18,-38.79E-18
3.240E6,-27.63E-18,-33.42E-18,-35.75E-18,-38.79E-18
3.241E6,-27.63E-18,-33.42E-18,-35.75E-18,-38.79E-18
3.242E6,-27.63E-18,-33.42E-18,-35.75E-18,-38.79E-18
3.243E6,-27.63E-18,-33.42E-18,-35.75E-18,-38.79E-18
3.244E6,-27.63E-18,-33.42E-18,-35.75E-18,-38.79E-18
3.245E6,-27.63E-18,-33.42E-18,-35.75E-18,-38.79E-18
3.246E6,-27.63E-18,-33.42E-18,-35.75E-18,-38.79E-18
3.247E6,-27.63E-18,-33.42E-18,-35.75E-18,-38.79E-18
3.248E6,-27.63E-18,-33.42E-18,-35.75E-18,-38.79E-18
3.249E6,-27.63E-18,-33.42E-18,-35.75E-18,-38.79E-18
3.250E6,-27.63E-18,-33.42E-18,-35.75E-18,-38.79E-18
3.251E6,-27.63E-18,-33.42E-18,-35.75E-18,-38.79E-18
3.252E6,-27.63E-18,-33.42E-18,-35.75E-18,-38.79E-18
3.253E6,-27.63E-18,-33.42E-18,-35.75E-18,-38.79E-18
3.254E6,-27.63E-18,-33.42E-18,-35.75E-18,-38.79E-18
3.255E6,-27.63E-18,-33.42E-18,-35.75E-18,-38.79E-18
3.256E6,-27.63E-18,-33.42E-18,-35.75E-18,-38.79E-18
3.257E6,-27.63E-18,-33.42E-18,-35.75E-18,-38.79E-18
3.258E6,-27.63E-18,-33.42E-18,-35.75E-18,-38.79E-18
3.259E6,-27.63E-18,-33.42E-18,-35.75E-18,-38.79E-18
3.260E6,-27.63E-18,-33.42E-18,-35.75E-18,-38.79E-18
3.261E6,-27.63E-18,-33.42E-18,-35.75E-18,-38.79E-18
3.262E6,-27.63E-18,-33.42E-18,-35.75E-18,-38.79E-18
3.263E6,-27.63E-18,-33.42E-18,-35.75E-18,-38.79E-18
3.264E6,-27.63E-18,-33.42E-18,-35.75E-18,-38.79E-18
3.265E6,-27.63E-18,-33.42E-18,-35.75E-18,-38.79E-18
3.266E6,-27.63E-18,-33.42E-18,-35.75E-18,-38.79E-18
3.267E6,-27.63E-18,-33.42E-18,-35.75E-18,-38.79E-18
3.268E6,-27.63E-18,-33.42E-18,-35.75E-18,-38.79E-18
3.269E6,-27.63E-18,-33.42E-18,-35.75E-18,-38.79E-18
3.270E6,-27.63E-18,-33.42E-18,-35.75E-18,-38.79E-18
3.271E6,-27.63E-18,-33.42E-18,-35.75E-18,-38.79E-18
3.272E6,-27.63E-18,-33.42E-18,-35.75E-18,-38.79E-18
3.273E6,-27.63E-18,-33.42E-18,-35.75E-18,-38.79E-18
3.274E6,-27.63E-18,-33.42E-18,-35.75E-18,-38.79E-18
3.275E6,-27.63E-18,-33.42E-18,-35.75E-18,-38.79E-18
3.276E6,-27.63E-18,-33.42E-18,-35.75E-18,-38.79E-18
3.277E6,-27.63E-18,-33.42E-18,-35.75E-18,-38.79E-18
3.278E6,-27.63E-18,-33.42E-18,-35.75E-18,-38.79E-18
3.279E6,-27.63E-18,-33.42E-18,-35.75E-18,-38.79E-18
3.280E6,-27.63E-18,-33.42E-18,-35.75E-18,-38.79E-18
3.281E6,-27.63E-18,-33.42E-18,-35.75E-18,-38.79E-18
3.282E6,-27.63E-18,-33.42E-18,-35.75E-18,-38.79E-18
3.283E6,-27.63E-18,-33.42E-18,-35.75E-18,-38.79E-18
3.284E6,-27.63E-18,-33.42E-18,-35.75E-18,-38.79E-18
3.285E6,-27.63E-18,-33.42E-18,-35.75E-18,-38.79E-18
3.286E6,-27.63E-18,-33.42E-18,-35.75E-18,-38.79E-18
3.287E6,-27.63E-18,-33.42E-18,-35.75E-18,-38.79E-18
3.288E6,-27.63E-18,-33.42E-18,-35.75E-18,-38.79E-18
3.289E6,-27.63E-18,-33.42E-18,-35.75E-18,-38.79E-18
3.290E6,-27.63E-18,-33.42E-18,-35.75E-18,-38.79E-18
3.291E6,-27.63E-18,-33.42E-18,-35.75E-18,-38.79E-18
3.292E6,-27.63E-18,-33.42E-18,-35.75E-18,-38.79E-18
3.293E6,-27.63E-18,-33.42E-18,-35.75E-18,-38.79E-18
3.294E6,-27.63E-18,-33.42E-18,-35.75E-18,-38.79E-18
3.295E6,-27.63E-18,-33.42E-18,-35.75E-18,-38.79E-18
3.296E6,-27.63E-18,-33.42E-18,-35.75E-18,-38.79E-18
3.297E6,-27.63E-18,-33.42E-18,-35.75E-18,-38.79E-18
3.298E6,-27.63E-18,-33.42E-18,-35.75E-18,-38.79E-18
3.299E6,-27.63E-18,-33.42E-18,-35.75E-18,-38.79E-18
3.300E6,-27.63E-18,-33.42E-18,-35.75E-18,-38.79E-18
3.301E6,-27.63E-18,-33.42E-18,-35.75E-18,-38.79E-18
3.302E6,-27.63E-18,-33.42E-18,-35.75E-18,-38.79E-18
3.303E6,-27.63E-18,-33.42E-18,-35.75E-18,-38.79E-18
3.304E6,-27.63E-18,-33.42E-18,-35.75E-18,-38.79E-18
3.305E6,-27.63E-18,-33.42E-18,-35.75E-18,-38.79E-18
3.306E6,-27.63E-18,-33.42E-18,-35.75E-18,-38.79E-18
3.307E6,-27.63E-18,-33.42E-18,-35.75E-18,-38.79E-18
3.308E6,-27.63E-18,-33.42E-18,-35.75E-18,-38.79E-18
3.309E6,-27.63E-18,-33.42E-18,-35.75E-18,-38.79E-18
3.310E6,-27.63E-18,-33.42E-18,-35.75E-18,-38.79E-18
3.311E6,-27.63E-18,-33.42E-18,-35.75E-18,-38.79E-18
3.312E6,-27.63E-18,-33.42E-18,-35.75E-18,-38.79E-18
3.313E6,-27.63E-18,-33.42E-18,-35.75E-18,-38.79E-18
3.314E6,-27.63E-18,-33.42E-18,-35.75E-18,-38.79E-18
3.315E6,-27.63E-18,-33.42E-18,-35.75E-18,-38.79E-18
3.316E6,-27.63E-18,-33.42E-18,-35.75E-18,-38.79E-18
3.317E6,-27.63E-18,-33.42E-18,-35.75E-18,-38.79E-18
3.318E6,-27.63E-18,-33.42E-18,-35.75E-18,-38.79E-18
3.319E6,-27.63E-18,-33.42E-18,-35.75E-18,-38.79E-18
3.320E6,-27.63E-18,-33.42E-18,-35.75E-18,-38.79E-18
3.321E6,-27.63E-18,-33.42E-18,-35.75E-18,-38.79E-18
3.322E6,-27.63E-18,-33.42E-18,-35.75E-18,-38.79E-18
3.323E6,-27.63E-18,-33.42E-18,-35.75E-18,-38.79E-18
3.324E6,-27.63E-18,-33.42E-18,-35.75E-18,-38.79E-18
3.325E6,-27.63E-18,-33.42E-18,-35.75E-18,-38.79E-18
3.326E6,-27.63E-18,-33.42E-18,-35.75E-18,-38.79E-18
3.327E6,-27.63E-18,-33.42E-18,-35.75E-18,-38.79E-18
3.328E6,-27.63E-18,-33.42E-18,-35.75E-18,-38.79E-18
3.329E6,-27.63E-18,-33.42E-18,-35.75E-18,-38.79E-18
3.330E6,-27.63E-18,-33.42E-18,-35.75E-18,-38.79E-18
3.331E6,-27.63E-18,-33.42E-18,-35.75E-18,-38.79E-18
3.332E6,-27.63E-18,-33.42E-18,-35.75E-18,-38.79E-18
3.333E6,-27.63E-18,-33.42E-18,-35.75E-18,-38.79E-18
3.334E6,-27.63E-18,-33.42E-18,-35.75E-18,-38.79E-18
3.335E6,-27.63E-18,-33.42E-18,-35.75E-18,-38.79E-18
3.336E6,-27.63E-18,-33.42E-18,-35.75E-18,-38.79E-18
3.337E6,-27.63E-18,-33.42E-18,-35.75E-18,-38.79E-18
3.338E6,-27.63E-18,-33.42E-18,-35.75E-18,-38.79E-18
3.339E6,-27.63E-18,-33.42E-18,-35.75E-18,-38.79E-18
3.340E6,-27.63E-18,-33.42E-18,-35.75E-18,-38.79E-18
3.341E6,-27.63E-18,-33.42E-18,-35.75E-18,-38.79E-18
3.342E6,-27.63E-18,-33.42E-18,-35.75E-18,-38.79E-18
3.343E6,-27.63E-18,-33.42E-18,-35.75E-18,-38.79E-18
3.344E6,-27.63E-18,-33.42E-18,-35.75E-18,-38.79E-18
3.345E6,-27.63E-18,-33.42E-18,-35.75E-18,-38.79E-18
3.346E6,-27.63E-18,-33.42E-18,-35.75E-18,-38.79E-18
3.347E6,-27.63E-18,-33.42E-18,-35.75E-18,-38.79E-18
3.348E6,-27.63E-18,-33.42E-18,-35.75E-18,-38.79E-18
3.349E6,-27.63E-18,-33.42E-18,-35.75E-18,-38.79E-18
3.350E6,-27.63E-18,-33.42E-18,-35.75E-18,-38.79E-18
3.351E6,-27.63E-18,-33.42E-18,-35.75E-18,-38.79E-18
3.352E6,-27.63E-18,-33.42E-18,-35.75E-18,-38.79E-18
3.353E6,-27.63E-18,-33.42E-18,-35.75E-18,-38.79E-18
3.354E6,-27.63E-18,-33.42E-18,-35.75E-18,-38.79E-18
3.355E6,-27.63E-18,-33.42E-18,-35.75E-18,-38.79E-18
3.356E6,-27.63E-18,-33.42E-18,-35.75E-18,-38.79E-18
3.357E6,-27.63E-18,-33.42E-18,-35.75E-18,-38.79E-18
3.358E6,-27.63E-18,-33.42E-18,-35.75E-18,-38.79E-18
3.359E6,-27.63E-18,-33.42E-18,-35.75E-18,-38.79E-18
3.360E6,-27.63E-18,-33.42E-18,-35.75E-18,-38.79E-18
3.361E6,-27.63E-18,-33.42E-18,-35.75E-18,-38.79E-18
3.362E6,-27.63E-18,-33.42E-18,-35.75E-18,-38.79E-18
3.363E6,-27.63E-18,-33.42E-18,-35.75E-18,-38.79E-18
3.364E6,-27.63E-18,-33.42E-18,-35.75E-18,-38.79E-18
3.365E6,-27.63E-18,-33.42E-18,-35.75E-18,-38.79E-18
3.366E6,-27.63E-18,-33.42E-18,-35.75E-18,-38.79E-18
3.367E6,-27.63E-18,-33.42E-18,-35.75E-18,-38.79E-18
3.368E6,-27.63E-18,-33.42E-18,-35.75E-18,-38.79E-18
3.369E6,-27.63E-18,-33.42E-18,-35.75E-18,-38.79E-18
3.370E6,-27.63E-18,-33.42E-18,-35.75E-18,-38.79E-18
3.371E6,-27.63E-18,-33.42E-18,-35.75E-18,-38.79E-18
3.372E6,-27.63E-18,-33.42E-18,-35.75E-18,-38.79E-18
3.373E6,-27.63E-18,-33.42E-18,-35.75E-18,-38.79E-18
3.374E6,-27.63E-18,-33.42E-18,-35.75E-18,-38.79E-18
3.375E6,-27.63E-18,-33.42E-18,-35.75E-18,-38.79E-18
3.376E6,-27.63E-18,-33.42E-18,-35.75E-18,-38.79E-18
3.377E6,-27.63E-18,-33.42E-18,-35.75E-18,-38.79E-18
3.378E6,-27.63E-18,-33.42E-18,-35.75E-18,-38.79E-18
3.379E6,-27.63E-18,-33.42E-18,-35.75E-18,-38.79E-18
3.380E6,-27.63E-18,-33.42E-18,-35.75E-18,-38.79E-18
3.381E6,-27.63E-18,-33.42E-18,-35.75E-18,-38.79E-18
3.382E6,-27.63E-18,-33.42E-18,-35.75E-18,-38.79E-18
3.383E6,-27.63E-18,-33.42E-18,-35.75E-18,-38.79E-18
3.384E6,-27.63E-18,-33.42E-18,-35.75E-18,-38.79E-18
3.385E6,-27.63E-18,-33.42E-18,-35.75E-18,-38.79E-18
3.386E6,-27.63E-18,-33.42E-18,-35.75E-18,-38.79E-18
3.387E6,-27.63E-18,-33.42E-18,-35.75E-18,-38.79E-18
3.388E6,-27.63E-18,-33.42E-18,-35.75E-18,-38.79E-18
3.389E6,-27.63E-18,-33.42E-18,-35.75E-18,-38.79E-18
3.390E6,-27.63E-18,-33.42E-18,-35.75E-18,-38.79E-18
3.391E6,-27.63E-18,-33.42E-18,-35.75E-18,-38.79E-18
3.392E6,-27.63E-18,-33.42E-18,-35.75E-18,-38.79E-18
3.393E6,-27.63E-18,-33.42E-18,-35.75E-18,-38.79E-18
3.394E6,-27.63E-18,-33.42E-18,-35.75E-18,-38.79E-18
3.395E6,-27.63E-18,-33.42E-18,-35.75E-18,-38.79E-18
3.396E6,-27.63E-18,-33.42E-18,-35.75E-18,-38.79E-18
3.397E6,-27.63E-18,-33.42E-18,-35.75E-18,-38.79E-18
3.398E6,-27.63E-18,-33.42E-18,-35.75E-18,-38.79E-18
3.399E6,-27.63E-18,-33.42E-18,-35.75E-18,-38.79E-18
3.400E6,-27.63E-18,-33.42E-18,-35.75E-18,-38.79E-18
3.401E6,-27.63E-18,-33.42E-18,-35.75E-18,-38.79E-18
3.402E6,-27.63E-18,-33.42E-18,-35.75E-18,-38.79E-18
3.403E6,-27.63E-18,-33.42E-18,-35.75E-18,-38.79E-18
3.404E6,-27.63E-18,-33.42E-18,-35.75E-18,-38.79E-18
3.405E6,-27.63E-18,-33.42E-18,-35.75E-18,-38.79E-18
3.406E6,-27.63E-18,-33.42E-18,-35.75E-18,-38.79E-18
3.407E6,-27.63E-18,-33.42E-18,-35.75E-18,-38.79E-18
3.408E6,-27.63E-18,-33.42E-18,-35.75E-18,-38.79E-18
3.409E6,-27.63E-18,-33.42E-18,-35.75E-18,-38.79E-18
3.410E6,-27.63E-18,-33.42E-18,-35.75E-18,-38.79E-18
3.411E6,-27.63E-18,-33.42E-18,-35.75E-18,-38.79E-18
3.412E6,-27.63E-18,-33.42E-18,-35.75E-18,-38.79E-18
3.413E6,-27.63E-18,-33.42E-18,-35.75E-18,-38.79E-18
3.414E6,-27.63E-18,-33.42E-18,-35.75E-18,-38.79E-18
3.415E6,-27.63E-18,-33.42E-18,-35.75E-18,-38.79E-18
3.416E6,-27.63E-18,-33.42E-18,-35.75E-18,-38.79E-18
3.417E6,-27.63E-18,-33.42E-18,-35.75E-18,-38.79E-18
3.418E6,-27.63E-18,-33.42E-18,-35.75E-18,-38.79E-18
3.419E6,-27.63E-18,-33.42E-18,-35.75E-18,-38.79E-18
3.420E6,-27.63E-18,-33.42E-18,-35.75E-18,-38.79E-18
3.421E6,-27.63E-18,-33.42E-18,-35.75E-18,-38.79E-18
3.422E6,-27.63E-18,-33.42E-18,-35.75E-18,-38.79E-18
3.423E6,-27.63E-18,-33.42E-18,-35.75E-18,-38.79E-18
3.424E6,-27.63E-18,-33.42E-18,-35.75E-18,-38.79E-18
3.425E6,-27.63E-18,-33.42E-18,-35.75E-18,-38.79E-18
3.426E6,-27.63E-18,-33.42E-18,-35.75E-18,-38.79E-18
3.427E6,-27.63E-18,-33.42E-18,-35.75E-18,-38.79E-18
3.428E6,-27.63E-18,-33.42E-18,-35.75E-18,-38.79E-18
3.429E6,-27.63E-18,-33.42E-18,-35.75E-18,-38.79E-18
3.430E6,-27.63E-18,-33.42E-18,-35.75E-18,-38.79E-18
3.431E6,-27.63E-18,-33.42E-18,-35.75E-18,-38.79E-18
3.432E6,-27.63E-18,-33.42E-18,-35.75E-18,-38.79E-18
3.433E6,-27.63E-18,-33.42E-18,-35.75E-18,-38.79E-18
3.434E6,-27.63E-18,-33.42E-18,-35.75E-18,-38.79E-18
3.435E6,-27.63E-18,-33.42E-18,-35.75E-18,-38.79E-18
3.436E6,-27.63E-18,-33.42E-18,-35.75E-18,-38.79E-18
3.437E6,-27.63E-18,-33.42E-18,-35.75E-18,-38.79E-18
3.438E6,-27.63E-18,-33.42E-18,-35.75E-18,-38.79E-18
3.439E6,-27.63E-18,-33.42E-18,-35.75E-18,-38.79E-18
3.440E6,-27.63E-18,-33.42E-18,-35.75E-18,-38.79E-18
3.441E6,-27.63E-18,-33.42E-18,-35.75E-18,-38.79E-18
3.442E6,-27.63E-18,-33.42E-18,-35.75E-18,-38.79E-18
3.443E6,-27.63E-18,-33.42E-18,-35.75E-18,-38.79E-18
3.444E6,-27.63E-18,-33.42E-18,-35.75E-18,-38.79E-18
3.445E6,-27.63E-18,-33.42E-18,-35.75E-18,-38.79E-18
3.446E6,-27.63E-18,-33.42E-18,-35.75E-18,-38.79E-18
3.447E6,-27.63E-18,-33.42E-18,-35.75E-18,-38.79E-18
3.448E6,-27.63E-18,-33.42E-18,-35.75E-18,-38.79E-18
3.449E6,-27.63E-18,-33.42E-18,-35.75E-18,-38.79E-18
3.450E6,-27.63E-18,-33.42E-18,-35.75E-18,-38.79E-18
3.451E6,-27.63E-18,-33.42E-18,-35.75E-18,-38.79E-18
3.452E6,-27.63E-18,-33.42E-18,-35.75E-18,-38.79E-18
3.453E6,-27.63E-18,-33.42E-18,-35.75E-18,-38.79E-18
3.454E6,-27.63E-18,-33.42E-18,-35.75E-18,-38.79E-18
3.455E6,-27.63E-18,-33.42E-18,-35.75E-18,-38.79E-18
3.456E6,-27.63E-18,-33.42E-18,-35.75E-18,-38.79E-18
3.457E6,-27.63E-18,-33.42E-18,-35.75E-18,-38.79E-18
3.458E6,-27.63E-18,-33.42E-18,-35.75E-18,-38.79E-18
3.459E6,-27.63E-18,-33.42E-18,-35.75E-18,-38.79E-18
3.460E6,-27.63E-18,-33.42E-18,-35.75E-18,-38.79E-18
3.461E6,-27.63E-18,-33.42E-18,-35.75E-18,-38.79E-18
3.462E6,-27.63E-18,-33.42E-18,-35.75E-18,-38.79E-18
3.463E6,-27.63E-18,-33.42E-18,-35.75E-18,-38.79E-18
3.464E6,-27.63E-18,-33.42E-18,-35.75E-18,-38.79E-18
3.465E6,-27.63E-18,-33.42E-18,-35.75E-18,-38.79E-18
3.466E6,-27.63E-18,-33.42E-18,-35.75E-18,-38.79E-18
3.467E6,-27.63E-18,-33.42E-18,-35.75E-18,-38.79E-18
3.468E6,-27.63E-18,-33.42E-18,-35.75E-18,-38.79E-18
3.469E6,-27.63E-18,-33.42E-18,-35.75E-18,-38.79E-18
3.470E6,-27.63E-18,-33.42E-18,-35.75E-18,-38.79E-18
3.471E6,-27.63E-18,-33.42E-18,-35.75E-18,-38.79E-18
3.472E6,-27.63E-18,-33.42E-18,-35.75E-18,-38.79E-18
3.473E6,-27.63E-18,-33.42E-18,-35.75E-18,-38.79E-18
3.474E6,-27.63E-18,-33.42E-18,-35.75E-18,-38.79E-18
3.475E6,-27.63E-18,-33.42E-18,-35.75E-18,-38.79E-18
3.476E6,-27.63E-18,-33.42E-18,-35.75E-18,-38.79E-18
3.477E6,-27.63E-18,-33.42E-18,-35.75E-18,-38.79E-18
3.478E6,-27.63E-18,-33.42E-18,-35.75E-18,-38.79E-18
3.479E6,-27.63E-18,-33.42E-18,-35.75E-18,-38.79E-18
3.480E6,-27.63E-18,-33.42E-18,-35.75E-18,-38.79E-18
3.481E6,-27.63E-18,-33.42E-18,-35.75E-18,-38.79E-18
3.482E6,-27.63E-18,-33.42E-18,-35.75E-18,-38.79E-18
3.483E6,-27.63E-18,-33.42E-18,-35.75E-18,-38.79E-18
3.484E6,-27.63E-18,-33.42E-18,-35.75E-18,-38.79E-18
3.485E6,-27.63E-18,-33.42E-18,-35.75E-18,-38.79E-18
3.486E6,-27.63E-18,-33.42E-18,-35.75E-18,-38.79E-18
3.487E6,-27.63E-18,-33.42E-18,-35.75E-18,-38.79E-18
3.488E6,-27.63E-18,-33.42E-18,-35.75E-18,-38.79E-18
3.489E6,-27.63E-18,-33.42E-18,-35.75E-18,-38.79E-18
3.490E6,-27.63E-18,-33.42E-18,-35.75E-18,-38.79E-18
3.491E6,-27.63E-18,-33.42E-18,-35.75E-18,-38.79E-18
3.492E6,-27.63E-18,-33.42E-18,-35.75E-18,-38.79E-18
3.493E6,-27.63E-18,-33.42E-18,-35.75E-18,-38.79E-18
3.494E6,-27.63E-18,-33.42E-18,-35.75E-18,-38.79E-18
3.495E6,-27.63E-18,-33.42E-18,-35.75E-18,-38.79E-18
3.496E6,-27.63E-18,-33.42E-18,-35.75E-18,-38.79E-18
3.497E6,-27.63E-18,-33.42E-18,-35.75E-18,-38.79E-18
3.498E6,-27.63E-18,-33.42E-18,-35.75E-18,-38.79E-18
3.499E6,-27.63E-18,-33.42E-18,-35.75E-18,-38.79E-18
3.500E6,-27.63E-18,-33.42E-18,-35.75E-18,-38.79E-18
3.501E6,-27.63E-18,-33.42E-18,-35.75E-18,-38.79E-18
3.502E6,-27.63E-18,-33.42E-18,-35.75E-18,-38.79E-18
3.503E6,-27.63E-18,-33.42E-18,-35.75E-18,-38.79E-18
3.504E6,-27.63E-18,-33.42E-18,-35.75E-18,-38.79E-18
3.505E6,-27.63E-18,-33.42E-18,-35.75E-18,-38.79E-18
3.506E6,-27.63E-18,-33.42E-18,-35.75E-18,-38.79E-18
3.507E6,-27.63E-18,-33.42E-18,-35.75E-18,-38.79E-18
3.508E6,-27.63E-18,-33.42E-18,-35.75E-18,-38.79E-18
3.509E6,-27.63E-18,-33.42E-18,-35.75E-18,-38.79E-18
3.510E6,-27.63E-18,-33.42E-18,-35.75E-18,-38.79E-18
3.511E6,-27.63E-18,-33.42E-18,-35.75E-18,-38.79E-18
3.512E6,-27.63E-18,-33.42E-18,-35.75E-18,-38.79E-18
3.513E6,-27.63E-18,-33.42E-18,-35.75E-18,-38.79E-18
3.514E6,-27.63E-18,-33.42E-18,-35.75E-18,-38.79E-18
3.515E6,-27.63E-18,-33.42E-18,-35.75E-18,-38.79E-18
3.516E6,-27.63E-18,-33.42E-18,-35.75E-18,-38.79E-18
3.517E6,-27.63E-18,-33.42E-18,-35.75E-18,-38.79E-18
3.518E6,-27.63E-18,-33.42E-18,-35.75E-18,-38.79E-18
3.519E6,-27.63E-18,-33.42E-18,-35.75E-18,-38.79E-18
3.520E6,-27.63E-18,-33.42E-18,-35.75E-18,-38.79E-18
3.521E6,-27.63E-18,-33.42E-18,-35.75E-18,-38.79E-18
3.522E6,-27.63E-18,-33.42E-18,-35.75E-18,-38.79E-18
3.523E6,-27.63E-18,-33.42E-18,-35.75E-18,-38.79E-18
3.524E6,-27.63E-18,-33.42E-18,-35.75E-18,-38.79E-18
3.525E6,-27.63E-18,-33.42E-18,-35.75E-18,-38.79E-18
3.526E6,-27.63E-18,-33.42E-18,-35.75E-18,-38.79E-18
3.527E6,-27.63E-18,-33.42E-18,-35.75E-18,-38.79E-18
3.528E6,-27.63E-18,-33.42E-18,-35.75E-18,-38.79E-18
3.529E6,-27.63E-18,-33.42E-18,-35.75E-18,-38.79E-18
3.530E6,-27.63E-18,-33.42E-18,-35.75E-18,-38.79E-18
3.531E6,-27.63E-18,-33.42E-18,-35.75E-18,-38.79E-18
3.532E6,-27.63E-18,-33.42E-18,-35.75E-18,-38.79E-18
3.533E6,-27.63E-18,-33.42E-18,-35.75E-18,-38.79E-18
3.534E6,-27.63E-18,-33.42E-18,-35.75E-18,-38.79E-18
3.535E6,-27.63E-18,-33.42E-18,-35.75E-18,-38.79E-18
3.536E6,-27.63E-18,-33.42E-18,-35.75E-18,-38.79E-18
3.537E6,-27.63E-18,-33.42E-18,-35.75E-18,-38.79E-18
3.538E6,-27.63E-18,-33.42E-18,-35.75E-18,-38.79E-18
3.539E6,-27.63E-18,-33.42E-18,-35.75E-18,-38.79E-18
3.540E6,-27.63E-18,-33.42E-18,-35.75E-18,-38.79E-18
3.541E6,-27.63E-18,-33.42E-18,-35.75E-18,-38.79E-18
3.542E6,-27.63E-18,-33.42E-18,-35.75E-18,-38.79E-18
3.543E6,-27.63E-18,-33.42E-18,-35.75E-18,-38.79E-18
3.544E6,-27.63E-18,-33.42E-18,-35.75E-18,-38.79E-18
3.545E6,-27.63E-18,-33.42E-18,-35.75E-18,-38.79E-18
3.546E6,-27.63E-18,-33.42E-18,-35.75E-18,-38.79E-18
3.547E6,-27.63E-18,-33.42E-18,-35.75E-18,-38.79E-18
3.548E6,-27.63E-18,-33.42E-18,-35.75E-18,-38.79E-18
3.549E6,-27.63E-18,-33.42E-18,-35.75E-18,-38.79E-18
3.550E6,-27.63E-18,-33.42E-18,-35.75E-18,-38.79E-18
3.551E6,-27.63E-18,-33.42E-18,-35.75E-18,-38.79E-18
3.552E6,-27.63E-18,-33.42E-18,-35.75E-18,-38.79E-18
3.553E6,-27.63E-18,-33.42E-18,-35.75E-18,-38.79E-18
3.554E6,-27.63E-18,-33.42E-18,-35.75E-18,-38.79E-18
3.555E6,-27.63E-18,-33.42E-18,-35.75E-18,-38.79E-18
3.556E6,-27.63E-18,-33.42E-18,-35.75E-18,-38.79E-18
3.557E6,-27.63E-18,-33.42E-18,-35.75E-18,-38.79E-18
3.558E6,-27.63E-18,-33.42E-18,-35.75E-18,-38.79E-18
3.559E6,-27.63E-18,-33.42E-18,-35.75E-18,-38.79E-18
3.560E6,-27.63E-18,-33.42E-18,-35.75E-18,-38.79E-18
3.561E6,-27.63E-18,-33.42E-18,-35.75E-18,-38.79E-18
3.562E6,-27.63E-18,-33.42E-18,-35.75E-18,-38.79E-18
3.563E6,-27.63E-18,-33.42E-18,-35.75E-18,-38.79E-18
3.564E6,-27.63E-18,-33.42E-18,-35.75E-18,-38.79E-18
3.565E6,-27.63E-18,-33.42E-18,-35.75E-18,-38.79E-18
3.566E6,-27.63E-18,-33.42E-18,-35.75E-18,-38.79E-18
3.567E6,-27.63E-18,-33.42E-18,-35.75E-18,-38.79E-18
3.568E6,-27.63E-18,-33.42E-18,-35.75E-18,-38.79E-18
3.569E6,-27.63E-18,-33.42E-18,-35.75E-18,-38.79E-18
3.570E6,-27.63E-18,-33.42E-18,-35.75E-18,-38.79E-18
3.571E6,-27.63E-18,-33.42E-18,-35.75E-18,-38.79E-18
3.572E6,-27.63E-18,-33.42E-18,-35.75E-18,-38.79E-18
3.573E6,-27.63E-18,-33.42E-18,-35.75E-18,-38.79E-18
3.574E6,-27.63E-18,-33.42E-18,-35.75E-18,-38.79E-18
3.575E6,-27.63E-18,-33.42E-18,-35.75E-18,-38.79E-18
3.576E6,-27.63E-18,-33.42E-18,-35.75E-18,-38.79E-18
3.577E6,-27.63E-18,-33.42E-18,-35.75E-18,-38.79E-18
3.578E6,-27.63E-18,-33.42E-18,-35.75E-18,-38.79E-18
3.579E6,-27.63E-18,-33.42E-18,-35.75E-18,-38.79E-18
3.580E6,-27.63E-18,-33.42E-18,-35.75E-18,-38.79E-18
3.581E6,-27.63E-18,-33.42E-18,-35.75E-18,-38.79E-18
3.582E6,-27.63E-18,-33.42E-18,-35.75E-18,-38.79E-18
3.583E6,-27.63E-18,-33.42E-18,-35.75E-18,-38.79E-18
3.584E6,-27.63E-18,-33.42E-18,-35.75E-18,-38.79E-18
3.585E6,-27.63E-18,-33.42E-18,-35.75E-18,-38.79E-18
3.586E6,-27.63E-18,-33.42E-18,-35.75E-18,-38.79E-18
3.587E6,-27.63E-18,-33.42E-18,-35.75E-18,-38.79E-18
3.588E6,-27.63E-18,-33.42E-18,-35.75E-18,-38.79E-18
3.589E6,-27.63E-18,-33.42E-18,-35.75E-18,-38.79E-18
3.590E6,-27.63E-18,-33.42E-18,-35.75E-18,-38.79E-18
3.591E6,-27.63E-18,-33.42E-18,-35.75E-18,-38.79E-18
3.592E6,-27.63E-18,-33.42E-18,-35.75E-18,-38.79E-18
3.593E6,-27.63E-18,-33.42E-18,-35.75E-18,-38.79E-18
3.594E6,-27.63E-18,-33.42E-18,-35.75E-18,-38.79E-18
3.595E6,-27.63E-18,-33.42E-18,-35.75E-18,-38.79E-18
3.596E6,-27.63E-18,-33.42E-18,-35.75E-18,-38.79E-18
3.597E6,-27.63E-18,-33.42E-18,-35.75E-18,-38.79E-18
3.598E6,-27.63E-18,-33.42E-18,-35.75E-18,-38.79E-18
3.599E6,-27.63E-18,-33.42E-18,-35.75E-18,-38.79E-18
3.600E6,-27.63E-18,-33.42E-18,-35.75E-18,-38.79E-18
3.601E6,-27.63E-18,-33.42E-18,-35.75E-18,-38.79E-18
3.602E6,-27.63E-18,-33.42E-18,-35.75E-18,-38.79E-18
3.603E6,-27.63E-18,-33.42E-18,-35.75E-18,-38.79E-18
3.604E6,-27.63E-18,-33.42E-18,-35.75E-18,-38.79E-18
3.605E6,-27.63E-18,-33.42E-18,-35.75E-18,-38.79E-18
3.606E6,-27.63E-18,-33.42E-18,-35.75E-18,-38.79E-18
3.607E6,-27.63E-18,-33.42E-18,-35.75E-18,-38.79E-18
3.608E6,-27.63E-18,-33.42E-18,-35.75E-18,-38.79E-18
3.609E6,-27.63E-18,-33.42E-18,-35.75E-18,-38.79E-18
3.610E6,-27.63E-18,-33.42E-18,-35.75E-18,-38.79E-18
3.611E6,-27.63E-18,-33.42E-18,-35.75E-18,-38.79E-18
3.612E6,-27.63E-18,-33.42E-18,-35.75E-18,-38.79E-18
3.613E6,-27.63E-18,-33.42E-18,-35.75E-18,-38.79E-18
3.614E6,-27.63E-18,-33.42E-18,-35.75E-18,-38.79E-18
3.615E6,-27.63E-18,-33.42E-18,-35.75E-18,-38.79E-18
3.616E6,-27.63E-18,-33.42E-18,-35.75E-18,-38.79E-18
3.617E6,-27.63E-18,-33.42E-18,-35.75E-18,-38.79E-18
3.618E6,-27.63E-18,-33.42E-18,-35.75E-18,-38.79E-18
3.619E6,-27.63E-18,-33.42E-18,-35.75E-18,-38.79E-18
3.620E6,-27.63E-18,-33.42E-18,-35.75E-18,-38.79E-18
3.621E6,-27.63E-18,-33.42E-18,-35.75E-18,-38.79E-18
3.622E6,-27.63E-18,-33.42E-18,-35.75E-18,-38.79E-18
3.623E6,-27.63E-18,-33.42E-18,-35.75E-18,-38.79E-18
3.624E6,-27.63E-18,-33.42E-18,-35.75E-18,-38.79E-18
3.625E6,-27.63E-18,-33.42E-18,-35.75E-18,-38.79E-18
3.626E6,-27.63E-18,-33.42E-18,-35.75E-18,-38.79E-18
3.627E6,-27.63E-18,-33.42E-18,-35.75E-18,-38.79E-18
3.628E6,-27.63E-18,-33.42E-18,-35.75E-18,-38.79E-18
3.629E6,-27.63E-18,-33.42E-18,-35.75E-18,-38.79E-18
3.630E6,-27.63E-18,-33.42E-18,-35.75E-18,-38.79E-18
3.631E6,-27.63E-18,-33.42E-18,-35.75E-18,-38.79E-18
3.632E6,-27.63E-18,-33.42E-18,-35.75E-18,-38.79E-18
3.633E6,-27.63E-18,-33.42E-18,-35.75E-18,-38.79E-18
3.634E6,-27.63E-18,-33.42E-18,-35.75E-18,-38.79E-18
3.635E6,-27.63E-18,-33.42E-18,-35.75E-18,-38.79E-18
3.636E6,-27.63E-18,-33.42E-18,-35.75E-18,-38.79E-18
3.637E6,-27.63E-18,-33.42E-18,-35.75E-18,-38.79E-18
3.638E6,-27.63E-18,-33.42E-18,-35.75E-18,-38.79E-18
3.639E6,-27.63E-18,-33.42E-18,-35.75E-18,-38.79E-18
3.640E6,-27.63E-18,-33.42E-18,-35.75E-18,-38.79E-18
3.641E6,-27.63E-18,-33.42E-18,-35.75E-18,-38.79E-18
3.642E6,-27.63E-18,-33.42E-18,-35.75E-18,-38.79E-18
3.643E6,-27.63E-18,-33.42E-18,-35.75E-18,-38.79E-18
3.644E6,-27.63E-18,-33.42E-18,-35.75E-18,-38.79E-18
3.645E6,-27.63E-18,-33.42E-18,-35.75E-18,-38.79E-18
3.646E6,-27.63E-18,-33.42E-18,-35.75E-18,-38.79E-18
3.647E6,-27.63E-18,-33.42E-18,-35.75E-18,-38.79E-18
3.648E6,-27.63E-18,-33.42E-18,-35.75E-18,-38.79E-18
3.649E6,-27.63E-18,-33.42E-18,-35.75E-18,-38.79E-18
3.650E6,-27.63E-18,-33.42E-18,-35.75E-18,-38.79E-18
3.651E6,-27.63E-18,-33.42E-18,-35.75E-18,-38.79E-18
3.652E6,-27.63E-18,-33.42E-18,-35.75E-18,-38.79E-18
3.653E6,-27.63E-18,-33.42E-18,-35.75E-18,-38.79E-18
3.654E6,-27.63E-18,-33.42E-18,-35.75E-18,-38.79E-18
3.655E6,-27.63E-18,-33.42E-18,-35.75E-18,-38.79E-18
3.656E6,-27.63E-18,-33.42E-18,-35.75E-18,-38.79E-18
3.657E6,-27.63E-18,-33.42E-18,-35.75E-18,-38.79E-18
3.658E6,-27.63E-18,-33.42E-18,-35.75E-18,-38.79E-18
3.659E6,-27.63E-18,-33.42E-18,-35.75E-18,-38.79E-18
3.660E6,-27.63E-18,-33.42E-18,-35.75E-18,-38.79E-18
3.661E6,-27.63E-18,-33.42E-18,-35.75E-18,-38.79E-18
3.662E6,-27.63E-18,-33.42E-18,-35.75E-18,-38.79E-18
3.663E6,-27.63E-18,-33.42E-18,-35.75E-18,-38.79E-18
3.664E6,-27.63E-18,-33.42E-18,-35.75E-18,-38.79E-18
3.665E6,-27.63E-18,-33.42E-18,-35.75E-18,-38.79E-18
3.666E6,-27.63E-18,-33.42E-18,-35.75E-18,-38.79E-18
3.667E6,-27.63E-18,-33.42E-18,-35.75E-18,-38.79E-18
3.668E6,-27.63E-18,-33.42E-18,-35.75E-18,-38.79E-18
3.669E6,-27.63E-18,-33.42E-18,-35.75E-18,-38.79E-18
3.670E6,-27.63E-18,-33.42E-18,-35.75E-18,-38.79E-18
3.671E6,-27.63E-18,-33.42E-18,-35.75E-18,-38.79E-18
3.672E6,-27.63E-18,-33.42E-18,-35.75E-18,-38.79E-18
3.673E6,-27.63E-18,-33.42E-18,-35.75E-18,-38.79E-18
3.674E6,-27.63E-18,-33.42E-18,-35.75E-18,-38.79E-18
3.675E6,-27.63E-18,-33.42E-18,-35.75E-18,-38.79E-18
3.676E6,-27.63E-18,-33.42E-18,-35.75E-18,-38.79E-18
3.677E6,-27.63E-18,-33.42E-18,-35.75E-18,-38.79E-18
3.678E6,-27.63E-18,-33.42E-18,-35.75E-18,-38.79E-18
3.679E6,-27.63E-18,-33.42E-18,-35.75E-18,-38.79E-18
3.680E6,-27.63E-18,-33.42E-18,-35.75E-18,-38.79E-18
3.681E6,-27.63E-18,-33.42E-18,-35.75E-18,-38.79E-18
3.682E6,-27.63E-18,-33.42E-18,-35.75E-18,-38.79E-18
3.683E6,-27.63E-18,-33.42E-18,-35.75E-18,-38.79E-18
3.684E6,-27.63E-18,-33.42E-18,-35.75E-18,-38.79E-18
3.685E6,-27.63E-18,-33.42E-18,-35.75E-18,-38.79E-18
3.686E6,-27.63E-18,-33.42E-18,-35.75E-18,-38.79E-18
3.687E6,-27.63E-18,-33.42E-18,-35.75E-18,-38.79E-18
3.688E6,-27.63E-18,-33.42E-18,-35.75E-18,-38.79E-18
3.689E6,-27.63E-18,-33.42E-18,-35.75E-18,-38.79E-18
3.690E6,-27.63E-18,-33.42E-18,-35.75E-18,-38.79E-18
3.691E6,-27.63E-18,-33.42E-18,-35.75E-18,-38.79E-18
3.692E6,-27.63E-18,-33.42E-18,-35.75E-18,-38.79E-18
3.693E6,-27.63E-18,-33.42E-18,-35.75E-18,-38.79E-18
3.694E6,-27.63E-18,-33.42E-18,-35.75E-18,-38.79E-18
3.695E6,-27.63E-18,-33.42E-18,-35.75E-18,-38.79E-18
3.696E6,-27.63E-18,-33.42E-18,-35.75E-18,-38.79E-18
3.697E6,-27.63E-18,-33.42E-18,-35.75E-18,-38.79E-18
3.698E6,-27.63E-18,-33.42E-18,-35.75E-18,-38.79E-18
3.699E6,-27.63E-18,-33.42E-18,-35.75E-18,-38.79E-18
3.700E6,-27.63E-18,-33.42E-18,-35.75E-18,-38.79E-18
3.701E6,-27.63E-18,-33.42E-18,-35.75E-18,-38.79E-18
3.702E6,-27.63E-18,-33.42E-18,-35.75E-18,-38.79E-18
3.703E6,-27.63E-18,-33.42E-18,-35.75E-18,-38.79E-18
3.704E6,-27.63E-18,-33.42E-18,-35.75E-18,-38.79E-18
3.705E6,-27.63E-18,-33.42E-18,-35.75E-18,-38.79E-18
3.706E6,-27.63E-18,-33.42E-18,-35.75E-18,-38.79E-18
3.707E6,-27.63E-18,-33.42E-18,-35.75E-18,-38.79E-18
3.708E6,-27.63E-18,-33.42E-18,-35.75E-18,-38.79E-18
3.709E6,-27.63E-18,-33.42E-18,-35.75E-18,-38.79E-18
3.710E6,-27.63E-18,-33.42E-18,-35.75E-18,-38.79E-18
3.711E6,-27.63E-18,-33.42E-18,-35.75E-18,-38.79E-18
3.712E6,-27.63E-18,-33.42E-18,-35.75E-18,-38.79E-18
3.713E6,-27.63E-18,-33.42E-18,-35.75E-18,-38.79E-18
3.714E6,-27.63E-18,-33.42E-18,-35.75E-18,-38.79E-18
3.715E6,-27.63E-18,-33.42E-18,-35.75E-18,-38.79E-18
3.716E6,-27.63E-18,-33.42E-18,-35.75E-18,-38.79E-18
3.717E6,-27.63E-18,-33.42E-18,-35.75E-18,-38.79E-18
3.718E6,-27.63E-18,-33.42E-18,-35.75E-18,-38.79E-18
3.719E6,-27.63E-18,-33.42E-18,-35.75E-18,-38.79E-18
3.720E6,-27.63E-18,-33.42E-18,-35.75E-18,-38.79E-18
3.721E6,-27.63E-18,-33.42E-18,-35.75E-18,-38.79E-18
3.722E6,-27.63E-18,-33.42E-18,-35.75E-18,-38.79E-18
3.723E6,-27.63E-18,-33.42E-18,-35.75E-18,-38.79E-18
3.724E6,-27.63E-18,-33.42E-18,-35.75E-18,-38.79E-18
3.725E6,-27.63E-18,-33.42E-18,-35.75E-18,-38.79E-18
3.726E6,-27.63E-18,-33.42E-18,-35.75E-18,-38.79E-18
3.727E6,-27.63E-18,-33.42E-18,-35.75E-18,-38.79E-18
3.728E6,-27.63E-18,-33.42E-18,-35.75E-18,-38.79E-18
3.729E6,-27.63E-18,-33.42E-18,-35.75E-18,-38.79E-18
3.730E6,-27.63E-18,-33.42E-18,-35.75E-18,-38.79E-18
3.731E6,-27.63E-18,-33.42E-18,-35.75E-18,-38.79E-18
3.732E6,-27.63E-18,-33.42E-18,-35.75E-18,-38.79E-18
3.733E6,-27.63E-18,-33.42E-18,-35.75E-18,-38.79E-18
3.734E6,-27.63E-18,-33.42E-18,-35.75E-18,-38.79E-18
3.735E6,-27.63E-18,-33.42E-18,-35.75E-18,-38.79E-18
3.736E6,-27.63E-18,-33.42E-18,-35.75E-18,-38.79E-18
3.737E6,-27.63E-18,-33.42E-18,-35.75E-18,-38.79E-18
3.738E6,-27.63E-18,-33.42E-18,-35.75E-18,-38.79E-18
3.739E6,-27.63E-18,-33.42E-18,-35.75E-18,-38.79E-18
3.740E6,-27.63E-18,-33.42E-18,-35.75E-18,-38.79E-18
3.741E6,-27.63E-18,-33.42E-18,-35.75E-18,-38.79E-18
3.742E6,-27.63E-18,-33.42E-18,-35.75E-18,-38.79E-18
3.743E6,-27.63E-18,-33.42E-18,-35.75E-18,-38.79E-18
3.744E6,-27.63E-18,-33.42E-18,-35.75E-18,-38.79E-18
3.745E6,-27.63E-18,-33.42E-18,-35.75E-18,-38.79E-18
3.746E6,-27.63E-18,-33.42E-18,-35.75E-18,-38.79E-18
3.747E6,-27.63E-18,-33.42E-18,-35.75E-18,-38.79E-18
3.748E6,-27.63E-18,-33.42E-18,-35.75E-18,-38.79E-18
3.749E6,-27.63E-18,-33.42E-18,-35.75E-18,-38.79E-18
3.750E6,-27.63E-18,-33.42E-18,-35.75E-18,-38.79E-18
3.751E6,-27.63E-18,-33.42E-18,-35.75E-18,-38.79E-18
3.752E6,-27.63E-18,-33.42E-18,-35.75E-18,-38.79E-18
3.753E6,-27.63E-18,-33.42E-18,-35.75E-18,-38.79E-18
3.754E6,-27.63E-18,-33.42E-18,-35.75E-18,-38.79E-18
3.755E6,-27.63E-18,-33.42E-18,-35.75E-18,-38.79E-18
3.756E6,-27.63E-18,-33.42E-18,-35.75E-18,-38.79E-18
3.757E6,-27.63E-18,-33.42E-18,-35.75E-18,-38.79E-18
3.758E6,-27.63E-18,-33.42E-18,-35.75E-18,-38.79E-18
3.759E6,-27.63E-18,-33.42E-18,-35.75E-18,-38.79E-18
3.760E6,-27.63E-18,-33.42E-18,-35.75E-18,-38.79E-18
3.761E6,-27.63E-18,-33.42E-18,-35.75E-18,-38.79E-18
3.762E6,-27.63E-18,-33.42E-18,-35.75E-18,-38.79E-18
3.763E6,-27.63E-18,-33.42E-18,-35.75E-18,-38.79E-18
3.764E6,-27.63E-18,-33.42E-18,-35.75E-18,-38.79E-18
3.765E6,-27.63E-18,-33.42E-18,-35.75E-18,-38.79E-18
3.766E6,-27.63E-18,-33.42E-18,-35.75E-18,-38.79E-18
3.767E6,-27.63E-18,-33.42E-18,-35.75E-18,-38.79E-18
3.768E6,-27.63E-18,-33.42E-18,-35.75E-18,-38.79E-18
3.769E6,-27.63E-18,-33.42E-18,-35.75E-18,-38.79E-18
3.770E6,-27.63E-18,-33.42E-18,-35.75E-18,-38.79E-18
3.771E6,-27.63E-18,-33.42E-18,-35.75E-18,-38.79E-18
3.772E6,-27.63E-18,-33.42E-18,-35.75E-18,-38.79E-18
3.773E6,-27.63E-18,-33.42E-18,-35.75E-18,-38.79E-18
3.774E6,-27.63E-18,-33.42E-18,-35.75E-18,-38.79E-18
3.775E6,-27.63E-18,-33.42E-18,-35.75E-18,-38.79E-18
3.776E6,-27.63E-18,-33.42E-18,-35.75E-18,-38.79E-18
3.777E6,-27.63E-18,-33.42E-18,-35.75E-18,-38.79E-18
3.778E6,-27.63E-18,-33.42E-18,-35.75E-18,-38.79E-18
3.779E6,-27.63E-18,-33.42E-18,-35.75E-18,-38.79E-18
3.780E6,-27.63E-18,-33.42E-18,-35.75E-18,-38.79E-18
3.781E6,-27.63E-18,-33.42E-18,-35.75E-18,-38.79E-18
3.782E6,-27.63E-18,-33.42E-18,-35.75E-18,-38.79E-18
3.783E6,-27.63E-18,-33.42E-18,-35.75E-18,-38.79E-18
3.784E6,-27.63E-18,-33.42E-18,-35.75E-18,-38.79E-18
3.785E6,-27.63E-18,-33.42E-18,-35.75E-18,-38.79E-18
3.786E6,-27.63E-18,-33.42E-18,-35.75E-18,-38.79E-18
3.787E6,-27.63E-18,-33.42E-18,-35.75E-18,-38.79E-18
3.788E6,-27.63E-18,-33.42E-18,-35.75E-18,-38.79E-18
3.789E6,-27.63E-18,-33.42E-18,-35.75E-18,-38.79E-18
3.790E6,-27.63E-18,-33.42E-18,-35.75E-18,-38.79E-18
3.791E6,-27.63E-18,-33.42E-18,-35.75E-18,-38.79E-18
3.792E6,-27.63E-18,-33.42E-18,-35.75E-18,-38.79E-18
3.793E6,-27.63E-18,-33.42E-18,-35.75E-18,-38.79E-18
3.794E6,-27.63E-18,-33.42E-18,-35.75E-18,-38.79E-18
3.795E6,-27.63E-18,-33.42E-18,-35.75E-18,-38.79E-18
3.796E6,-27.63E-18,-33.42E-18,-35.75E-18,-38.79E-18
3.797E6,-27.63E-18,-33.42E-18,-35.75E-18,-38.79E-18
3.798E6,-27.63E-18,-33.42E-18,-35.75E-18,-38.79E-18
3.799E6,-27.63E-18,-33.42E-18,-35.75E-18,-38.79E-18
3.800E6,-27.63E-18,-33.42E-18,-35.75E-18,-38.79E-18
3.801E6,-27.63E-18,-33.42E-18,-35.75E-18,-38.79E-18
3.802E6,-27.63E-18,-33.42E-18,-35.75E-18,-38.79E-18
3.803E6,-27.63E-18,-33.42E-18,-35.75E-18,-38.79E-18
3.804E6,-27.63E-18,-33.42E-18,-35.75E-18,-38.79E-18
3.805E6,-27.63E-18,-33.42E-18,-35.75E-18,-38.79E-18
3.806E6,-27.63E-18,-33.42E-18,-35.75E-18,-38.79E-18
3.807E6,-27.63E-18,-33.42E-18,-35.75E-18,-38.79E-18
3.808E6,-27.63E-18,-33.42E-18,-35.75E-18,-38.79E-18
3.809E6,-27.63E-18,-33.42E-18,-35.75E-18,-38.79E-18
3.810E6,-27.63E-18,-33.42E-18,-35.75E-18,-38.79E-18
3.811E6,-27.63E-18,-33.42E-18,-35.75E-18,-38.79E-18
3.812E6,-27.63E-18,-33.42E-18,-35.75E-18,-38.79E-18
3.813E6,-27.63E-18,-33.42E-18,-35.75E-18,-38.79E-18
3.814E6,-27.63E-18,-33.42E-18,-35.75E-18,-38.79E-18
3.815E6,-27.63E-18,-33.42E-18,-35.75E-18,-38.79E-18
3.816E6,-27.63E-18,-33.42E-18,-35.75E-18,-38.79E-18
3.817E6,-27.63E-18,-33.42E-18,-35.75E-18,-38.79E-18
3.818E6,-27.63E-18,-33.42E-18,-35.75E-18,-38.79E-18
3.819E6,-27.63E-18,-33.42E-18,-35.75E-18,-38.79E-18
3.820E6,-27.63E-18,-33.42E-18,-35.75E-18,-38.79E-18
3.821E6,-27.63E-18,-33.42E-18,-35.75E-18,-38.79E-18
3.822E6,-27.63E-18,-33.42E-18,-35.75E-18,-38.79E-18
3.823E6,-27.63E-18,-33.42E-18,-35.75E-18,-38.79E-18
3.824E6,-27.63E-18,-33.42E-18,-35.75E-18,-38.79E-18
3.825E6,-27.63E-18,-33.42E-18,-35.75E-18,-38.79E-18
3.826E6,-27.63E-18,-33.42E-18,-35.75E-18,-38.79E-18
3.827E6,-27.63E-18,-33.42E-18,-35.75E-18,-38.79E-18
3.828E6,-27.63E-18,-33.42E-18,-35.75E-18,-38.79E-18
3.829E6,-27.63E-18,-33.42E-18,-35.75E-18,-38.79E-18
3.830E6,-27.63E-18,-33.42E-18,-35.75E-18,-38.79E-18
3.831E6,-27.63E-18,-33.42E-18,-35.75E-18,-38.79E-18
3.832E6,-27.63E-18,-33.42E-18,-35.75E-18,-38.79E-18
3.833E6,-27.63E-18,-33.42E-18,-35.75E-18,-38.79E-18
3.834E6,-27.63E-18,-33.42E-18,-35.75E-18,-38.79E-18
3.835E6,-27.63E-18,-33.42E-18,-35.75E-18,-38.79E-18
3.836E6,-27.63E-18,-33.42E-18,-35.75E-18,-38.79E-18
3.837E6,-27.63E-18,-33.42E-18,-35.75E-18,-38.79E-18
3.838E6,-27.63E-18,-33.42E-18,-35.75E-18,-38.79E-18
3.839E6,-27.63E-18,-33.42E-18,-35.75E-18,-38.79E-18
3.840E6,-27.63E-18,-33.42E-18,-35.75E-18,-38.79E-18
3.841E6,-27.63E-18,-33.42E-18,-35.75E-18,-38.79E-18
3.842E6,-27.63E-18,-33.42E-18,-35.75E-18,-38.79E-18
3.843E6,-27.63E-18,-33.42E-18,-35.75E-18,-38.79E-18
3.844E6,-27.63E-18,-33.42E-18,-35.75E-18,-38.79E-18
3.845E6,-27.63E-18,-33.42E-18,-35.75E-18,-38.79E-18
3.846E6,-27.63E-18,-33.42E-18,-35.75E-18,-38.79E-18
3.847E6,-27.63E-18,-33.42E-18,-35.75E-18,-38.79E-18
3.848E6,-27.63E-18,-33.42E-18,-35.75E-18,-38.79E-18
3.849E6,-27.63E-18,-33.42E-18,-35.75E-18,-38.79E-18
3.850E6,-27.63E-18,-33.42E-18,-35.75E-18,-38.79E-18
3.851E6,-27.63E-18,-33.42E-18,-35.75E-18,-38.79E-18
3.852E6,-27.63E-18,-33.42E-18,-35.75E-18,-38.79E-18
3.853E6,-27.63E-18,-33.42E-18,-35.75E-18,-38.79E-18
3.854E6,-27.63E-18,-33.42E-18,-35.75E-18,-38.79E-18
3.855E6,-27.63E-18,-33.42E-18,-35.75E-18,-38.79E-18
3.856E6,-27.63E-18,-33.42E-18,-35.75E-18,-38.79E-18
3.857E6,-27.63E-18,-33.42E-18,-35.75E-18,-38.79E-18
3.858E6,-27.63E-18,-33.42E-18,-35.75E-18,-38.79E-18
3.859E6,-27.63E-18,-33.42E-18,-35.75E-18,-38.79E-18
3.860E6,-27.63E-18,-33.42E-18,-35.75E-18,-38.79E-18
3.861E6,-27.63E-18,-33.42E-18,-35.75E-18,-38.79E-18
3.862E6,-27.63E-18,-33.42E-18,-35.75E-18,-38.79E-18
3.863E6,-27.63E-18,-33.42E-18,-35.75E-18,-38.79E-18
3.864E6,-27.63E-18,-33.42E-18,-35.75E-18,-38.79E-18
3.865E6,-27.63E-18,-33.42E-18,-35.75E-18,-38.79E-18
3.866E6,-27.63E-18,-33.42E-18,-35.75E-18,-38.79E-18
3.867E6,-27.63E-18,-33.42E-18,-35.75E-18,-38.79E-18
3.868E6,-27.63E-18,-33.42E-18,-35.75E-18,-38.79E-18
3.869E6,-27.63E-18,-33.42E-18,-35.75E-18,-38.79E-18
3.870E6,-27.63E-18,-33.42E-18,-35.75E-18,-38.79E-18
3.871E6,-27.63E-18,-33.42E-18,-35.75E-18,-38.79E-18
3.872E6,-27.63E-18,-33.42E-18,-35.75E-18,-38.79E-18
3.873E6,-27.63E-18,-33.42E-18,-35.75E-18,-38.79E-18
3.874E6,-27.63E-18,-33.42E-18,-35.75E-18,-38.79E-18
3.875E6,-27.63E-18,-33.42E-18,-35.75E-18,-38.79E-18
3.876E6,-27.63E-18,-33.42E-18,-35.75E-18,-38.79E-18
3.877E6,-27.63E-18,-33.42E-18,-35.75E-18,-38.79E-18
3.878E6,-27.63E-18,-33.42E-18,-35.75E-18,-38.79E-18
3.879E6,-27.63E-18,-33.42E-18,-35.75E-18,-38.79E-18
3.880E6,-27.63E-18,-33.42E-18,-35.75E-18,-38.79E-18
3.881E6,-27.63E-18,-33.42E-18,-35.75E-18,-38.79E-18
3.882E6,-27.63E-18,-33.42E-18,-35.75E-18,-38.79E-18
3.883E6,-27.63E-18,-33.42E-18,-35.75E-18,-38.79E-18
3.884E6,-27.63E-18,-33.42E-18,-35.75E-18,-38.79E-18
3.885E6,-27.63E-18,-33.42E-18,-35.75E-18,-38.79E-18
3.886E6,-27.63E-18,-33.42E-18,-35.75E-18,-38.79E-18
3.887E6,-27.63E-18,-33.42E-18,-35.75E-18,-38.79E-18
3.888E6,-27.63E-18,-33.42E-18,-35.75E-18,-38.79E-18
3.889E6,-27.63E-18,-33.42E-18,-35.75E-18,-38.79E-18
3.890E6,-27.63E-18,-33.42E-18,-35.75E-18,-38.79E-18
3.891E6,-27.63E-18,-33.42E-18,-35.75E-18,-38.79E-18
3.892E6,-27.63E-18,-33.42E-18,-35.75E-18,-38.79E-18
3.893E6,-27.63E-18,-33.42E-18,-35.75E-18,-38.79E-18
3.894E6,-27.63E-18,-33.42E-18,-35.75E-18,-38.79E-18
3.895E6,-27.63E-18,-33.42E-18,-35.75E-18,-38.79E-18
3.896E6,-27.63E-18,-33.42E-18,-35.75E-18,-38.79E-18
3.897E6,-27.63E-18,-33.42E-18,-35.75E-18,-38.79E-18
3.898E6,-27.63E-18,-33.42E-18,-35.75E-18,-38.79E-18
3.899E6,-27.63E-18,-33.42E-18,-35.75E-18,-38.79E-18
3.900E6,-27.63E-18,-33.42E-18,-35.75E-18,-38.79E-18
3.901E6,-27.63E-18,-33.42E-18,-35.75E-18,-38.79E-18
3.902E6,-27.63E-18,-33.42E-18,-35.75E-18,-38.79E-18
3.903E6,-27.63E-18,-33.42E-18,-35.75E-18,-38.79E-18
3.904E6,-27.63E-18,-33.42E-18,-35.75E-18,-38.79E-18
3.905E6,-27.63E-18,-33.42E-18,-35.75E-18,-38.79E-18
3.906E6,-27.63E-18,-33.42E-18,-35.75E-18,-38.79E-18
3.907E6,-27.63E-18,-33.42E-18,-35.75E-18,-38.79E-18
3.908E6,-27.63E-18,-33.42E-18,-35.75E-18,-38.79E-18
3.909E6,-27.63E-18,-33.42E-18,-35.75E-18,-38.79E-18
3.910E6,-27.63E-18,-33.42E-18,-35.75E-18,-38.79E-18
3.911E6,-27.63E-18,-33.42E-18,-35.75E-18,-38.79E-18
3.912E6,-27.63E-18,-33.42E-18,-35.75E-18,-38.79E-18
3.913E6,-27.63E-18,-33.42E-18,-35.75E-18,-38.79E-18
3.914E6,-27.63E-18,-33.42E-18,-35.75E-18,-38.79E-18
3.915E6,-27.63E-18,-33.42E-18,-35.75E-18,-38.79E-18
3.916E6,-27.63E-18,-33.42E-18,-35.75E-18,-38.79E-18
3.917E6,-27.63E-18,-33.42E-18,-35.75E-18,-38.79E-18
3.918E6,-27.63E-18,-33.42E-18,-35.75E-18,-38.79E-18
3.919E6,-27.63E-18,-33.42E-18,-35.75E-18,-38.79E-18
3.920E6,-27.63E-18,-33.42E-18,-35.75E-18,-38.79E-18
3.921E6,-27.63E-18,-33.42E-18,-35.75E-18,-38.79E-18
3.922E6,-27.63E-18,-33.42E-18,-35.75E-18,-38.79E-18
3.923E6,-27.63E-18,-33.42E-18,-35.75E-18,-38.79E-18
3.924E6,-27.63E-18,-33.42E-18,-35.75E-18,-38.79E-18
3.925E6,-27.63E-18,-33.42E-18,-35.75E-18,-38.79E-18
3.926E6,-27.63E-18,-33.42E-18,-35.75E-18,-38.79E-18
3.927E6,-27.63E-18,-33.42E-18,-35.75E-18,-38.79E-18
3.928E6,-27.63E-18,-33.42E-18,-35.75E-18,-38.79E-18
3.929E6,-27.63E-18,-33.42E-18,-35.75E-18,-38.79E-18
3.930E6,-27.63E-18,-33.42E-18,-35.75E-18,-38.79E-18
3.931E6,-27.63E-18,-33.42E-18,-35.75E-18,-38.79E-18
3.932E6,-27.63E-18,-33.42E-18,-35.75E-18,-38.79E-18
3.933E6,-27.63E-18,-33.42E-18,-35.75E-18,-38.79E-18
3.934E6,-27.63E-18,-33.42E-18,-35.75E-18,-38.79E-18
3.935E6,-27.63E-18,-33.42E-18,-35.75E-18,-38.79E-18
3.936E6,-27.63E-18,-33.42E-18,-35.75E-18,-38.79E-18
3.937E6,-27.63E-18,-33.42E-18,-35.75E-18,-38.79E-18
3.938E6,-27.63E-18,-33.42E-18,-35.75E-18,-38.79E-18
3.939E6,-27.63E-18,-33.42E-18,-35.75E-18,-38.79E-18
3.940E6,-27.63E-18,-33.42E-18,-35.75E-18,-38.79E-18
3.941E6,-27.63E-18,-33.42E-18,-35.75E-18,-38.79E-18
3.942E6,-27.63E-18,-33.42E-18,-35.75E-18,-38.79E-18
3.943E6,-27.63E-18,-33.42E-18,-35.75E-18,-38.79E-18
3.944E6,-27.63E-18,-33.42E-18,-35.75E-18,-38.79E-18
3.945E6,-27.63E-18,-33.42E-18,-35.75E-18,-38.79E-18
3.946E6,-27.63E-18,-33.42E-18,-35.75E-18,-38.79E-18
3.947E6,-27.63E-18,-33.42E-18,-35.75E-18,-38.79E-18
3.948E6,-27.63E-18,-33.42E-18,-35.75E-18,-38.79E-18
3.949E6,-27.63E-18,-33.42E-18,-35.75E-18,-38.79E-18
3.950E6,-27.63E-18,-33.42E-18,-35.75E-18,-38.79E-18
3.951E6,-27.63E-18,-33.42E-18,-35.75E-18,-38.79E-18
3.952E6,-27.63E-18,-33.42E-18,-35.75E-18,-38.79E-18
3.953E6,-27.63E-18,-33.42E-18,-35.75E-18,-38.79E-18
3.954E6,-27.63E-18,-33.42E-18,-35.75E-18,-38.79E-18
3.955E6,-27.63E-18,-33.42E-18,-35.75E-18,-38.79E-18
3.956E6,-27.63E-18,-33.42E-18,-35.75E-18,-38.79E-18
3.957E6,-27.63E-18,-33.42E-18,-35.75E-18,-38.79E-18
3.958E6,-27.63E-18,-33.42E-18,-35.75E-18,-38.79E-18
3.959E6,-27.63E-18,-33.42E-18,-35.75E-18,-38.79E-18
3.960E6,-27.63E-18,-33.42E-18,-35.75E-18,-38.79E-18
3.961E6,-27.63E-18,-33.42E-18,-35.75E-18,-38.79E-18
3.962E6,-27.63E-18,-33.42E-18,-35.75E-18,-38.79E-18
3.963E6,-27.63E-18,-33.42E-18,-35.75E-18,-38.79E-18
3.964E6,-27.63E-18,-33.42E-18,-35.75E-18,-38.79E-18
3.965E6,-27.63E-18,-33.42E-18,-35.75E-18,-38.79E-18
3.966E6,-27.63E-18,-33.42E-18,-35.75E-18,-38.79E-18
3.967E6,-27.63E-18,-33.42E-18,-35.75E-18,-38.79E-18
3.968E6,-27.63E-18,-33.42E-18,-35.75E-18,-38.79E-18
3.969E6,-27.63E-18,-33.42E-18,-35.75E-18,-38.79E-18
3.970E6,-27.63E-18,-33.42E-18,-35.75E-18,-38.79E-18
3.971E6,-27.63E-18,-33.42E-18,-35.75E-18,-38.79E-18
3.972E6,-27.63E-18,-33.42E-18,-35.75E-18,-38.79E-18
3.973E6,-27.63E-18,-33.42E-18,-35.75E-18,-38.79E-18
3.974E6,-27.63E-18,-33.42E-18,-35.75E-18,-38.79E-18
3.975E6,-27.63E-18,-33.42E-18,-35.75E-18,-38.79E-18
3.976E6,-27.63E-18,-33.42E-18,-35.75E-18,-38.79E-18
3.977E6,-27.63E-18,-33.42E-18,-35.75E-18,-38.79E-18
3.978E6,-27.63E-18,-33.42E-18,-35.75E-18,-38.79E-18
3.979E6,-27.63E-18,-33.42E-18,-35.75E-18,-38.79E-18
3.980E6,-27.63E-18,-33.42E-18,-35.75E-18,-38.79E-18
3.981E6,-27.63E-18,-33.42E-18,-35.75E-18,-38.79E-18
3.982E6,-27.63E-18,-33.42E-18,-35.75E-18,-38.79E-18
3.983E6,-27.63E-18,-33.42E-18,-35.75E-18,-38.79E-18
3.984E6,-27.63E-18,-33.42E-18,-35.75E-18,-38.79E-18
3.985E6,-27.63E-18,-33.42E-18,-35.75E-18,-38.79E-18
3.986E6,-27.63E-18,-33.42E-18,-35.75E-18,-38.79E-18
3.987E6,-27.63E-18,-33.42E-18,-35.75E-18,-38.79E-18
3.988E6,-27.63E-18,-33.42E-18,-35.75E-18,-38.79E-18
3.989E6,-27.63E-18,-33.42E-18,-35.75E-18,-38.79E-18
3.990E6,-27.63E-18,-33.42E-18,-35.75E-18,-38.79E-18
3.991E6,-27.63E-18,-33.42E-18,-35.75E-18,-38.79E-18
3.992E6,-27.63E-18,-33.42E-18,-35.75E-18,-38.79E-18
3.993E6,-27.63E-18,-33.42E-18,-35.75E-18,-38.79E-18
3.994E6,-27.63E-18,-33.42E-18,-35.75E-18,-38.79E-18
3.995E6,-27.63E-18,-33.42E-18,-35.75E-18,-38.79E-18
3.996E6,-27.63E-18,-33.42E-18,-35.75E-18,-38.79E-18
3.997E6,-27.63E-18,-33.42E-18,-35.75E-18,-38.79E-18
3.998E6,-27.63E-18,-33.42E-18,-35.75E-18,-38.79E-18
3.999E6,-27.63E-18,-33.42E-18,-35.75E-18,-38.79E-18
4.000E6,-27.63E-18,-33.42E-18,-35.75E-18,-38.79E-18
4.001E6,-27.63E-18,-33.42E-18,-35.75E-18,-38.79E-18
4.002E6,-27.63E-18,-33.42E-18,-35.75E-18,-38.79E-18
4.003E6,-27.63E-18,-33.42E-18,-35.75E-18,-38.79E-18
4.004E6,-27.63E-18,-33.42E-18,-35.75E-18,-38.79E-18
4.005E6,-27.63E-18,-33.42E-18,-35.75E-18,-38.79E-18
4.006E6,-27.63E-18,-33.42E-18,-35.75E-18,-38.79E-18
4.007E6,-27.63E-18,-33.42E-18,-35.75E-18,-38.79E-18
4.008E6,-27.63E-18,-33.42E-18,-35.75E-18,-38.79E-18
4.009E6,-27.63E-18,-33.42E-18,-35.75E-18,-38.79E-18
4.010E6,-27.63E-18,-33.42E-18,-35.75E-18,-38.79E-18
4.011E6,-27.63E-18,-33.42E-18,-35.75E-18,-38.79E-18
4.012E6,-27.63E-18,-33.42E-18,-35.75E-18,-38.79E-18
4.013E6,-27.63E-18,-33.42E-18,-35.75E-18,-38.79E-18
4.014E6,-27.63E-18,-33.42E-18,-35.75E-18,-38.79E-18
4.015E6,-27.63E-18,-33.42E-18,-35.75E-18,-38.79E-18
4.016E6,-27.63E-18,-33.42E-18,-35.75E-18,-38.79E-18
4.017E6,-27.63E-18,-33.42E-18,-35.75E-18,-38.79E-18
4.018E6,-27.63E-18,-33.42E-18,-35.75E-18,-38.79E-18
4.019E6,-27.63E-18,-33.42E-18,-35.75E-18,-38.79E-18
4.020E6,-27.63E-18,-33.42E-18,-35.75E-18,-38.79E-18
4.021E6,-27.63E-18,-33.42E-18,-35.75E-18,-38.79E-18
4.022E6,-27.63E-18,-33.42E-18,-35.75E-18,-38.79E-18
4.023E6,-27.63E-18,-33.42E-18,-35.75E-18,-38.79E-18
4.024E6,-27.63E-18,-33.42E-18,-35.75E-18,-38.79E-18
4.025E6,-27.63E-18,-33.42E-18,-35.75E-18,-38.79E-18
4.026E6,-27.63E-18,-33.42E-18,-35.75E-18,-38.79E-18
4.027E6,-27.63E-18,-33.42E-18,-35.75E-18,-38.79E-18
4.028E6,-27.63E-18,-33.42E-18,-35.75E-18,-38.79E-18
4.029E6,-27.63E-18,-33.42E-18,-35.75E-18,-38.79E-18
4.030E6,-27.63E-18,-33.42E-18,-35.75E-18,-38.79E-18
4.031E6,-27.63E-18,-33.42E-18,-35.75E-18,-38.79E-18
4.032E6,-27.63E-18,-33.42E-18,-35.75E-18,-38.79E-18
4.033E6,-27.63E-18,-33.42E-18,-35.75E-18,-38.79E-18
4.034E6,-27.63E-18,-33.42E-18,-35.75E-18,-38.79E-18
4.035E6,-27.63E-18,-33.42E-18,-35.75E-18,-38.79E-18
4.036E6,-27.63E-18,-33.42E-18,-35.75E-18,-38.79E-18
4.037E6,-27.63E-18,-33.42E-18,-35.75E-18,-38.79E-18
4.038E6,-27.63E-18,-33.42E-18,-35.75E-18,-38.79E-18
4.039E6,-27.63E-18,-33.42E-18,-35.75E-18,-38.79E-18
4.040E6,-27.63E-18,-33.42E-18,-35.75E-18,-38.79E-18
4.041E6,-27.63E-18,-33.42E-18,-35.75E-18,-38.79E-18
4.042E6,-27.63E-18,-33.42E-18,-35.75E-18,-38.79E-18
4.043E6,-27.63E-18,-33.42E-18,-35.75E-18,-38.79E-18
4.044E6,-27.63E-18,-33.42E-18,-35.75E-18,-38.79E-18
4.045E6,-27.63E-18,-33.42E-18,-35.75E-18,-38.79E-18
4.046E6,-27.63E-18,-33.42E-18,-35.75E-18,-38.79E-18
4.047E6,-27.63E-18,-33.42E-18,-35.75E-18,-38.79E-18
4.048E6,-27.63E-18,-33.42E-18,-35.75E-18,-38.79E-18
4.049E6,-27.63E-18,-33.42E-18,-35.75E-18,-38.79E-18
4.050E6,-27.63E-18,-33.42E-18,-35.75E-18,-38.79E-18
4.051E6,-27.63E-18,-33.42E-18,-35.75E-18,-38.79E-18
4.052E6,-27.63E-18,-33.42E-18,-35.75E-18,-38.79E-18
4.053E6,-27.63E-18,-33.42E-18,-35.75E-18,-38.79E-18
4.054E6,-27.63E-18,-33.42E-18,-35.75E-18,-38.79E-18
4.055E6,-27.63E-18,-33.42E-18,-35.75E-18,-38.79E-18
4.056E6,-27.63E-18,-33.42E-18,-35.75E-18,-38.79E-18
4.057E6,-27.63E-18,-33.42E-18,-35.75E-18,-38.79E-18
4.058E6,-27.63E-18,-33.42E-18,-35.75E-18,-38.79E-18
4.059E6,-27.63E-18,-33.42E-18,-35.75E-18,-38.79E-18
4.060E6,-27.63E-18,-33.42E-18,-35.75E-18,-38.79E-18
4.061E6,-27.63E-18,-33.42E-18,-35.75E-18,-38.79E-18
4.062E6,-27.63E-18,-33.42E-18,-35.75E-18,-38.79E-18
4.063E6,-27.63E-18,-33.42E-18,-35.75E-18,-38.79E-18
4.064E6,-27.63E-18,-33.42E-18,-35.75E-18,-38.79E-18
4.065E6,-27.63E-18,-33.42E-18,-35.75E-18,-38.79E-18
4.066E6,-27.63E-18,-33.42E-18,-35.75E-18,-38.79E-18
4.067E6,-27.63E-18,-33.42E-18,-35.75E-18,-38.79E-18
4.068E6,-27.63E-18,-33.42E-18,-35.75E-18,-38.79E-18
4.069E6,-27.63E-18,-33.42E-18,-35.75E-18,-38.79E-18
4.070E6,-27.63E-18,-33.42E-18,-35.75E-18,-38.79E-18
4.071E6,-27.63E-18,-33.42E-18,-35.75E-18,-38.79E-18
4.072E6,-27.63E-18,-33.42E-18,-35.75E-18,-38.79E-18
4.073E6,-27.63E-18,-33.42E-18,-35.75E-18,-38.79E-18
4.074E6,-27.63E-18,-33.42E-18,-35.75E-18,-38.79E-18
4.075E6,-27.63E-18,-33.42E-18,-35.75E-18,-38.79E-18
4.076E6,-27.63E-18,-33.42E-18,-35.75E-18,-38.79E-18
4.077E6,-27.63E-18,-33.42E-18,-35.75E-18,-38.79E-18
4.078E6,-27.63E-18,-33.42E-18,-35.75E-18,-38.79E-18
4.079E6,-27.63E-18,-33.42E-18,-35.75E-18,-38.79E-18
4.080E6,-27.63E-18,-33.42E-18,-35.75E-18,-38.79E-18
4.081E6,-27.63E-18,-33.42E-18,-35.75E-18,-38.79E-18
4.082E6,-27.63E-18,-33.42E-18,-35.75E-18,-38.79E-18
4.083E6,-27.63E-18,-33.42E-18,-35.75E-18,-38.79E-18
4.084E6,-27.63E-18,-33.42E-18,-35.75E-18,-38.79E-18
4.085E6,-27.63E-18,-33.42E-18,-35.75E-18,-38.79E-18
4.086E6,-27.63E-18,-33.42E-18,-35.75E-18,-38.79E-18
4.087E6,-27.63E-18,-33.42E-18,-35.75E-18,-38.79E-18
4.088E6,-27.63E-18,-33.42E-18,-35.75E-18,-38.79E-18
4.089E6,-27.63E-18,-33.42E-18,-35.75E-18,-38.79E-18
4.090E6,-27.63E-18,-33.42E-18,-35.75E-18,-38.79E-18
4.091E6,-27.63E-18,-33.42E-18,-35.75E-18,-38.79E-18
4.092E6,-27.63E-18,-33.42E-18,-35.75E-18,-38.79E-18
4.093E6,-27.63E-18,-33.42E-18,-35.75E-18,-38.79E-18
4.094E6,-27.63E-18,-33.42E-18,-35.75E-18,-38.79E-18
4.095E6,-27.63E-18,-33.42E-18,-35.75E-18,-38.79E-18
4.096E6,-27.63E-18,-33.42E-18,-35.75E-18,-38.79E-18
4.097E6,-27.63E-18,-33.42E-18,-35.75E-18,-38.79E-18
4.098E6,-27.63E-18,-33.42E-18,-35.75E-18,-38.79E-18
4.099E6,-27.63E-18,-33.42E-18,-35.75E-18,-38.79E-18
4.100E6,-27.63E-18,-33.42E-18,-35.75E-18,-38.79E-18
4.101E6,-27.63E-18,-33.42E-18,-35.75E-18,-38.79E-18
4.102E6,-27.63E-18,-33.42E-18,-35.75E-18,-38.79E-18
4.103E6,-27.63E-18,-33.42E-18,-35.75E-18,-38.79E-18
4.104E6,-27.63E-18,-33.42E-18,-35.75E-18,-38.79E-18
4.105E6,-27.63E-18,-33.42E-18,-35.75E-18,-38.79E-18
4.106E6,-27.63E-18,-33.42E-18,-35.75E-18,-38.79E-18
4.107E6,-27.63E-18,-33.42E-18,-35.75E-18,-38.79E-18
4.108E6,-27.63E-18,-33.42E-18,-35.75E-18,-38.79E-18
4.109E6,-27.63E-18,-33.42E-18,-35.75E-18,-38.79E-18
4.110E6,-27.63E-18,-33.42E-18,-35.75E-18,-38.79E-18
4.111E6,-27.63E-18,-33.42E-18,-35.75E-18,-38.79E-18
4.112E6,-27.63E-18,-33.42E-18,-35.75E-18,-38.79E-18
4.113E6,-27.63E-18,-33.42E-18,-35.75E-18,-38.79E-18
4.114E6,-27.63E-18,-33.42E-18,-35.75E-18,-38.79E-18
4.115E6,-27.63E-18,-33.42E-18,-35.75E-18,-38.79E-18
4.116E6,-27.63E-18,-33.42E-18,-35.75E-18,-38.79E-18
4.117E6,-27.63E-18,-33.42E-18,-35.75E-18,-38.79E-18
4.118E6,-27.63E-18,-33.42E-18,-35.75E-18,-38.79E-18
4.119E6,-27.63E-18,-33.42E-18,-35.75E-18,-38.79E-18
4.120E6,-27.63E-18,-33.42E-18,-35.75E-18,-38.79E-18
4.121E6,-27.63E-18,-33.42E-18,-35.75E-18,-38.79E-18
4.122E6,-27.63E-18,-33.42E-18,-35.75E-18,-38.79E-18
4.123E6,-27.63E-18,-33.42E-18,-35.75E-18,-38.79E-18
4.124E6,-27.63E-18,-33.42E-18,-35.75E-18,-38.79E-18
4.125E6,-27.63E-18,-33.42E-18,-35.75E-18,-38.79E-18
4.126E6,-27.63E-18,-33.42E-18,-35.75E-18,-38.79E-18
4.127E6,-27.63E-18,-33.42E-18,-35.75E-18,-38.79E-18
4.128E6,-27.63E-18,-33.42E-18,-35.75E-18,-38.79E-18
4.129E6,-27.63E-18,-33.42E-18,-35.75E-18,-38.79E-18
4.130E6,-27.63E-18,-33.42E-18,-35.75E-18,-38.79E-18
4.131E6,-27.63E-18,-33.42E-18,-35.75E-18,-38.79E-18
4.132E6,-27.63E-18,-33.42E-18,-35.75E-18,-38.79E-18
4.133E6,-27.63E-18,-33.42E-18,-35.75E-18,-38.79E-18
4.134E6,-27.63E-18,-33.42E-18,-35.75E-18,-38.79E-18
4.135E6,-27.63E-18,-33.42E-18,-35.75E-18,-38.79E-18
4.136E6,-27.63E-18,-33.42E-18,-35.75E-18,-38.79E-18
4.137E6,-27.63E-18,-33.42E-18,-35.75E-18,-38.79E-18
4.138E6,-27.63E-18,-33.42E-18,-35.75E-18,-38.79E-18
4.139E6,-27.63E-18,-33.42E-18,-35.75E-18,-38.79E-18
4.140E6,-27.63E-18,-33.42E-18,-35.75E-18,-38.79E-18
4.141E6,-27.63E-18,-33.42E-18,-35.75E-18,-38.79E-18
4.142E6,-27.63E-18,-33.42E-18,-35.75E-18,-38.79E-18
4.143E6,-27.63E-18,-33.42E-18,-35.75E-18,-38.79E-18
4.144E6,-27.63E-18,-33.42E-18,-35.75E-18,-38.79E-18
4.145E6,-27.63E-18,-33.42E-18,-35.75E-18,-38.79E-18
4.146E6,-27.63E-18,-33.42E-18,-35.75E-18,-38.79E-18
4.147E6,-27.63E-18,-33.42E-18,-35.75E-18,-38.79E-18
4.148E6,-27.63E-18,-33.42E-18,-35.75E-18,-38.79E-18
4.149E6,-27.63E-18,-33.42E-18,-35.75E-18,-38.79E-18
4.150E6,-27.63E-18,-33.42E-18,-35.75E-18,-38.79E-18
4.151E6,-27.63E-18,-33.42E-18,-35.75E-18,-38.79E-18
4.152E6,-27.63E-18,-33.42E-18,-35.75E-18,-38.79E-18
4.153E6,-27.63E-18,-33.42E-18,-35.75E-18,-38.79E-18
4.154E6,-27.63E-18,-33.42E-18,-35.75E-18,-38.79E-18
4.155E6,-27.63E-18,-33.42E-18,-35.75E-18,-38.79E-18
4.156E6,-27.63E-18,-33.42E-18,-35.75E-18,-38.79E-18
4.157E6,-27.63E-18,-33.42E-18,-35.75E-18,-38.79E-18
4.158E6,-27.63E-18,-33.42E-18,-35.75E-18,-38.79E-18
4.159E6,-27.63E-18,-33.42E-18,-35.75E-18,-38.79E-18
4.160E6,-27.63E-18,-33.42E-18,-35.75E-18,-38.79E-18
4.161E6,-27.63E-18,-33.42E-18,-35.75E-18,-38.79E-18
4.162E6,-27.63E-18,-33.42E-18,-35.75E-18,-38.79E-18
4.163E6,-27.63E-18,-33.42E-18,-35.75E-18,-38.79E-18
4.164E6,-27.63E-18,-33.42E-18,-35.75E-18,-38.79E-18
4.165E6,-27.63E-18,-33.42E-18,-35.75E-18,-38.79E-18
4.166E6,-27.63E-18,-33.42E-18,-35.75E-18,-38.79E-18
4.167E6,-27.63E-18,-33.42E-18,-35.75E-18,-38.79E-18
4.168E6,-27.63E-18,-33.42E-18,-35.75E-18,-38.79E-18
4.169E6,-27.63E-18,-33.42E-18,-35.75E-18,-38.79E-18
4.170E6,-27.63E-18,-33.42E-18,-35.75E-18,-38.79E-18
4.171E6,-27.63E-18,-33.42E-18,-35.75E-18,-38.79E-18
4.172E6,-27.63E-18,-33.42E-18,-35.75E-18,-38.79E-18
4.173E6,-27.63E-18,-33.42E-18,-35.75E-18,-38.79E-18
4.174E6,-27.63E-18,-33.42E-18,-35.75E-18,-38.79E-18
4.175E6,-27.63E-18,-33.42E-18,-35.75E-18,-38.79E-18
4.176E6,-27.63E-18,-33.42E-18,-35.75E-18,-38.79E-18
4.177E6,-27.63E-18,-33.42E-18,-35.75E-18,-38.79E-18
4.178E6,-27.63E-18,-33.42E-18,-35.75E-18,-38.79E-18
4.179E6,-27.63E-18,-33.42E-18,-35.75E-18,-38.79E-18
4.180E6,-27.63E-18,-33.42E-18,-35.75E-18,-38.79E-18
4.181E6,-27.63E-18,-33.42E-18,-35.75E-18,-38.79E-18
4.182E6,-27.63E-18,-33.42E-18,-35.75E-18,-38.79E-18
4.183E6,-27.63E-18,-33.42E-18,-35.75E-18,-38.79E-18
4.184E6,-27.63E-18,-33.42E-18,-35.75E-18,-38.79E-18
4.185E6,-27.63E-18,-33.42E-18,-35.75E-18,-38.79E-18
4.186E6,-27.63E-18,-33.42E-18,-35.75E-18,-38.79E-18
4.187E6,-27.63E-18,-33.42E-18,-35.75E-18,-38.79E-18
4.188E6,-27.63E-18,-33.42E-18,-35.75E-18,-38.79E-18
4.189E6,-27.63E-18,-33.42E-18,-35.75E-18,-38.79E-18
4.190E6,-27.63E-18,-33.42E-18,-35.75E-18,-38.79E-18
4.191E6,-27.63E-18,-33.42E-18,-35.75E-18,-38.79E-18
4.192E6,-27.63E-18,-33.42E-18,-35.75E-18,-38.79E-18
4.193E6,-27.63E-18,-33.42E-18,-35.75E-18,-38.79E-18
4.194E6,-27.63E-18,-33.42E-18,-35.75E-18,-38.79E-18
4.195E6,-27.63E-18,-33.42E-18,-35.75E-18,-38.79E-18
4.196E6,-27.63E-18,-33.42E-18,-35.75E-18,-38.79E-18
4.197E6,-27.63E-18,-33.42E-18,-35.75E-18,-38.79E-18
4.198E6,-27.63E-18,-33.42E-18,-35.75E-18,-38.79E-18
4.199E6,-27.63E-18,-33.42E-18,-35.75E-18,-38.79E-18
4.200E6,-27.63E-18,-33.42E-18,-35.75E-18,-38.79E-18
4.201E6,-27.63E-18,-33.42E-18,-35.75E-18,-38.79E-18
4.202E6,-27.63E-18,-33.42E-18,-35.75E-18,-38.79E-18
4.203E6,-27.63E-18,-33.42E-18,-35.75E-18,-38.79E-18
4.204E6,-27.63E-18,-33.42E-18,-35.75E-18,-38.79E-18
4.205E6,-27.63E-18,-33.42E-18,-35.75E-18,-38.79E-18
4.206E6,-27.63E-18,-33.42E-18,-35.75E-18,-38.79E-18
4.207E6,-27.63E-18,-33.42E-18,-35.75E-18,-38.79E-18
4.208E6,-27.63E-18,-33.42E-18,-35.75E-18,-38.79E-18
4.209E6,-27.63E-18,-33.42E-18,-35.75E-18,-38.79E-18
4.210E6,-27.63E-18,-33.42E-18,-35.75E-18,-38.79E-18
4.211E6,-27.63E-18,-33.42E-18,-35.75E-18,-38.79E-18
4.212E6,-27.63E-18,-33.42E-18,-35.75E-18,-38.79E-18
4.213E6,-27.63E-18,-33.42E-18,-35.75E-18,-38.79E-18
4.214E6,-27.63E-18,-33.42E-18,-35.75E-18,-38.79E-18
4.215E6,-27.63E-18,-33.42E-18,-35.75E-18,-38.79E-18
4.216E6,-27.63E-18,-33.42E-18,-35.75E-18,-38.79E-18
4.217E6,-27.63E-18,-33.42E-18,-35.75E-18,-38.79E-18
4.218E6,-27.63E-18,-33.42E-18,-35.75E-18,-38.79E-18
4.219E6,-27.63E-18,-33.42E-18,-35.75E-18,-38.79E-18
4.220E6,-27.63E-18,-33.42E-18,-35.75E-18,-38.79E-18
4.221E6,-27.63E-18,-33.42E-18,-35.75E-18,-38.79E-18
4.222E6,-27.63E-18,-33.42E-18,-35.75E-18,-38.79E-18
4.223E6,-27.63E-18,-33.42E-18,-35.75E-18,-38.79E-18
4.224E6,-27.63E-18,-33.42E-18,-35.75E-18,-38.79E-18
4.225E6,-27.63E-18,-33.42E-18,-35.75E-18,-38.79E-18
4.226E6,-27.63E-18,-33.42E-18,-35.75E-18,-38.79E-18
4.227E6,-27.63E-18,-33.42E-18,-35.75E-18,-38.79E-18
4.228E6,-27.63E-18,-33.42E-18,-35.75E-18,-38.79E-18
4.229E6,-27.63E-18,-33.42E-18,-35.75E-18,-38.79E-18
4.230E6,-27.63E-18,-33.42E-18,-35.75E-18,-38.79E-18
4.231E6,-27.63E-18,-33.42E-18,-35.75E-18,-38.79E-18
4.232E6,-27.63E-18,-33.42E-18,-35.75E-18,-38.79E-18
4.233E6,-27.63E-18,-33.42E-18,-35.75E-18,-38.79E-18
4.234E6,-27.63E-18,-33.42E-18,-35.75E-18,-38.79E-18
4.235E6,-27.63E-18,-33.42E-18,-35.75E-18,-38.79E-18
4.236E6,-27.63E-18,-33.42E-18,-35.75E-18,-38.79E-18
4.237E6,-27.63E-18,-33.42E-18,-35.75E-18,-38.79E-18
4.238E6,-27.63E-18,-33.42E-18,-35.75E-18,-38.79E-18
4.239E6,-27.63E-18,-33.42E-18,-35.75E-18,-38.79E-18
4.240E6,-27.63E-18,-33.42E-18,-35.75E-18,-38.79E-18
4.241E6,-27.63E-18,-33.42E-18,-35.75E-18,-38.79E-18
4.242E6,-27.63E-18,-33.42E-18,-35.75E-18,-38.79E-18
4.243E6,-27.63E-18,-33.42E-18,-35.75E-18,-38.79E-18
4.244E6,-27.63E-18,-33.42E-18,-35.75E-18,-38.79E-18
4.245E6,-27.63E-18,-33.42E-18,-35.75E-18,-38.79E-18
4.246E6,-27.63E-18,-33.42E-18,-35.75E-18,-38.79E-18
4.247E6,-27.63E-18,-33.42E-18,-35.75E-18,-38.79E-18
4.248E6,-27.63E-18,-33.42E-18,-35.75E-18,-38.79E-18
4.249E6,-27.63E-18,-33.42E-18,-35.75E-18,-38.79E-18
4.250E6,-27.63E-18,-33.42E-18,-35.75E-18,-38.79E-18
4.251E6,-27.63E-18,-33.42E-18,-35.75E-18,-38.79E-18
4.252E6,-27.63E-18,-33.42E-18,-35.75E-18,-38.79E-18
4.253E6,-27.63E-18,-33.42E-18,-35.75E-18,-38.79E-18
4.254E6,-27.63E-18,-33.42E-18,-35.75E-18,-38.79E-18
4.255E6,-27.63E-18,-33.42E-18,-35.75E-18,-38.79E-18
4.256E6,-27.63E-18,-33.42E-18,-35.75E-18,-38.79E-18
4.257E6,-27.63E-18,-33.42E-18,-35.75E-18,-38.79E-18
4.258E6,-27.63E-18,-33.42E-18,-35.75E-18,-38.79E-18
4.259E6,-27.63E-18,-33.42E-18,-35.75E-18,-38.79E-18
4.260E6,-27.63E-18,-33.42E-18,-35.75E-18,-38.79E-18
4.261E6,-27.63E-18,-33.42E-18,-35.75E-18,-38.79E-18
4.262E6,-27.63E-18,-33.42E-18,-35.75E-18,-38.79E-18
4.263E6,-27.63E-18,-33.42E-18,-35.75E-18,-38.79E-18
4.264E6,-27.63E-18,-33.42E-18,-35.75E-18,-38.79E-18
4.265E6,-27.63E-18,-33.42E-18,-35.75E-18,-38.79E-18
4.266E6,-27.63E-18,-33.42E-18,-35.75E-18,-38.79E-18
4.267E6,-27.63E-18,-33.42E-18,-35.75E-18,-38.79E-18
4.268E6,-27.63E-18,-33.42E-18,-35.75E-18,-38.79E-18
4.269E6,-27.63E-18,-33.42E-18,-35.75E-18,-38.79E-18
4.270E6,-27.63E-18,-33.42E-18,-35.75E-18,-38.79E-18
4.271E6,-27.63E-18,-33.42E-18,-35.75E-18,-38.79E-18
4.272E6,-27.63E-18,-33.42E-18,-35.75E-18,-38.79E-18
4.273E6,-27.63E-18,-33.42E-18,-35.75E-18,-38.79E-18
4.274E6,-27.63E-18,-33.42E-18,-35.75E-18,-38.79E-18
4.275E6,-27.63E-18,-33.42E-18,-35.75E-18,-38.79E-18
4.276E6,-27.63E-18,-33.42E-18,-35.75E-18,-38.79E-18
4.277E6,-27.63E-18,-33.42E-18,-35.75E-18,-38.79E-18
4.278E6,-27.63E-18,-33.42E-18,-35.75E-18,-38.79E-18
4.279E6,-27.63E-18,-33.42E-18,-35.75E-18,-38.79E-18
4.280E6,-27.63E-18,-33.42E-18,-35.75E-18,-38.79E-18
4.281E6,-27.63E-18,-33.42E-18,-35.75E-18,-38.79E-18
4.282E6,-27.63E-18,-33.42E-18,-35.75E-18,-38.79E-18
4.283E6,-27.63E-18,-33.42E-18,-35.75E-18,-38.79E-18
4.284E6,-27.63E-18,-33.42E-18,-35.75E-18,-38.79E-18
4.285E6,-27.63E-18,-33.42E-18,-35.75E-18,-38.79E-18
4.286E6,-27.63E-18,-33.42E-18,-35.75E-18,-38.79E-18
4.287E6,-27.63E-18,-33.42E-18,-35.75E-18,-38.79E-18
4.288E6,-27.63E-18,-33.42E-18,-35.75E-18,-38.79E-18
4.289E6,-27.63E-18,-33.42E-18,-35.75E-18,-38.79E-18
4.290E6,-27.63E-18,-33.42E-18,-35.75E-18,-38.79E-18
4.291E6,-27.63E-18,-33.42E-18,-35.75E-18,-38.79E-18
4.292E6,-27.63E-18,-33.42E-18,-35.75E-18,-38.79E-18
4.293E6,-27.63E-18,-33.42E-18,-35.75E-18,-38.79E-18
4.294E6,-27.63E-18,-33.42E-18,-35.75E-18,-38.79E-18
4.295E6,-27.63E-18,-33.42E-18,-35.75E-18,-38.79E-18
4.296E6,-27.63E-18,-33.42E-18,-35.75E-18,-38.79E-18
4.297E6,-27.63E-18,-33.42E-18,-35.75E-18,-38.79E-18
4.298E6,-27.63E-18,-33.42E-18,-35.75E-18,-38.79E-18
4.299E6,-27.63E-18,-33.42E-18,-35.75E-18,-38.79E-18
4.300E6,-27.63E-18,-33.42E-18,-35.75E-18,-38.79E-18
4.301E6,-27.63E-18,-33.42E-18,-35.75E-18,-38.79E-18
4.302E6,-27.63E-18,-33.42E-18,-35.75E-18,-38.79E-18
4.303E6,-27.63E-18,-33.42E-18,-35.75E-18,-38.79E-18
4.304E6,-27.63E-18,-33.42E-18,-35.75E-18,-38.79E-18
4.305E6,-27.63E-18,-33.42E-18,-35.75E-18,-38.79E-18
4.306E6,-27.63E-18,-33.42E-18,-35.75E-18,-38.79E-18
4.307E6,-27.63E-18,-33.42E-18,-35.75E-18,-38.79E-18
4.308E6,-27.63E-18,-33.42E-18,-35.75E-18,-38.79E-18
4.309E6,-27.63E-18,-33.42E-18,-35.75E-18,-38.79E-18
4.310E6,-27.63E-18,-33.42E-18,-35.75E-18,-38.79E-18
4.311E6,-27.63E-18,-33.42E-18,-35.75E-18,-38.79E-18
4.312E6,-27.63E-18,-33.42E-18,-35.75E-18,-38.79E-18
4.313E6,-27.63E-18,-33.42E-18,-35.75E-18,-38.79E-18
4.314E6,-27.63E-18,-33.42E-18,-35.75E-18,-38.79E-18
4.315E6,-27.63E-18,-33.42E-18,-35.75E-18,-38.79E-18
4.316E6,-27.63E-18,-33.42E-18,-35.75E-18,-38.79E-18
4.317E6,-27.63E-18,-33.42E-18,-35.75E-18,-38.79E-18
4.318E6,-27.63E-18,-33.42E-18,-35.75E-18,-38.79E-18
4.319E6,-27.63E-18,-33.42E-18,-35.75E-18,-38.79E-18
4.320E6,-27.63E-18,-33.42E-18,-35.75E-18,-38.79E-18
4.321E6,-27.63E-18,-33.42E-18,-35.75E-18,-38.79E-18
4.322E6,-27.63E-18,-33.42E-18,-35.75E-18,-38.79E-18
4.323E6,-27.63E-18,-33.42E-18,-35.75E-18,-38.79E-18
4.324E6,-27.63E-18,-33.42E-18,-35.75E-18,-38.79E-18
4.325E6,-27.63E-18,-33.42E-18,-35.75E-18,-38.79E-18
4.326E6,-27.63E-18,-33.42E-18,-35.75E-18,-38.79E-18
4.327E6,-27.63E-18,-33.42E-18,-35.75E-18,-38.79E-18
4.328E6,-27.63E-18,-33.42E-18,-35.75E-18,-38.79E-18
4.329E6,-27.63E-18,-33.42E-18,-35.75E-18,-38.79E-18
4.330E6,-27.63E-18,-33.42E-18,-35.75E-18,-38.79E-18
4.331E6,-27.63E-18,-33.42E-18,-35.75E-18,-38.79E-18
4.332E6,-27.63E-18,-33.42E-18,-35.75E-18,-38.79E-18
4.333E6,-27.63E-18,-33.42E-18,-35.75E-18,-38.79E-18
4.334E6,-27.63E-18,-33.42E-18,-35.75E-18,-38.79E-18
4.335E6,-27.63E-18,-33.42E-18,-35.75E-18,-38.79E-18
4.336E6,-27.63E-18,-33.42E-18,-35.75E-18,-38.79E-18
4.337E6,-27.63E-18,-33.42E-18,-35.75E-18,-38.79E-18
4.338E6,-27.63E-18,-33.42E-18,-35.75E-18,-38.79E-18
4.339E6,-27.63E-18,-33.42E-18,-35.75E-18,-38.79E-18
4.340E6,-27.63E-18,-33.42E-18,-35.75E-18,-38.79E-18
4.341E6,-27.63E-18,-33.42E-18,-35.75E-18,-38.79E-18
4.342E6,-27.63E-18,-33.42E-18,-35.75E-18,-38.79E-18
4.343E6,-27.63E-18,-33.42E-18,-35.75E-18,-38.79E-18
4.344E6,-27.63E-18,-33.42E-18,-35.75E-18,-38.79E-18
4.345E6,-27.63E-18,-33.42E-18,-35.75E-18,-38.79E-18
4.346E6,-27.63E-18,-33.42E-18,-35.75E-18,-38.79E-18
4.347E6,-27.63E-18,-33.42E-18,-35.75E-18,-38.79E-18
4.348E6,-27.63E-18,-33.42E-18,-35.75E-18,-38.79E-18
4.349E6,-27.63E-18,-33.42E-18,-35.75E-18,-38.79E-18
4.350E6,-27.63E-18,-33.42E-18,-35.75E-18,-38.79E-18
4.351E6,-27.63E-18,-33.42E-18,-35.75E-18,-38.79E-18
4.352E6,-27.63E-18,-33.42E-18,-35.75E-18,-38.79E-18
4.353E6,-27.63E-18,-33.42E-18,-35.75E-18,-38.79E-18
4.354E6,-27.63E-18,-33.42E-18,-35.75E-18,-38.79E-18
4.355E6,-27.63E-18,-33.42E-18,-35.75E-18,-38.79E-18
4.356E6,-27.63E-18,-33.42E-18,-35.75E-18,-38.79E-18
4.357E6,-27.63E-18,-33.42E-18,-35.75E-18,-38.79E-18
4.358E6,-27.63E-18,-33.42E-18,-35.75E-18,-38.79E-18
4.359E6,-27.63E-18,-33.42E-18,-35.75E-18,-38.79E-18
4.360E6,-27.63E-18,-33.42E-18,-35.75E-18,-38.79E-18
4.361E6,-27.63E-18,-33.42E-18,-35.75E-18,-38.79E-18
4.362E6,-27.63E-18,-33.42E-18,-35.75E-18,-38.79E-18
4.363E6,-27.63E-18,-33.42E-18,-35.75E-18,-38.79E-18
4.364E6,-27.63E-18,-33.42E-18,-35.75E-18,-38.79E-18
4.365E6,-27.63E-18,-33.42E-18,-35.75E-18,-38.79E-18
4.366E6,-27.63E-18,-33.42E-18,-35.75E-18,-38.79E-18
4.367E6,-27.63E-18,-33.42E-18,-35.75E-18,-38.79E-18
4.368E6,-27.63E-18,-33.42E-18,-35.75E-18,-38.79E-18
4.369E6,-27.63E-18,-33.42E-18,-35.75E-18,-38.79E-18
4.370E6,-27.63E-18,-33.42E-18,-35.75E-18,-38.79E-18
4.371E6,-27.63E-18,-33.42E-18,-35.75E-18,-38.79E-18
4.372E6,-27.63E-18,-33.42E-18,-35.75E-18,-38.79E-18
4.373E6,-27.63E-18,-33.42E-18,-35.75E-18,-38.79E-18
4.374E6,-27.63E-18,-33.42E-18,-35.75E-18,-38.79E-18
4.375E6,-27.63E-18,-33.42E-18,-35.75E-18,-38.79E-18
4.376E6,-27.63E-18,-33.42E-18,-35.75E-18,-38.79E-18
4.377E6,-27.63E-18,-33.42E-18,-35.75E-18,-38.79E-18
4.378E6,-27.63E-18,-33.42E-18,-35.75E-18,-38.79E-18
4.379E6,-27.63E-18,-33.42E-18,-35.75E-18,-38.79E-18
4.380E6,-27.63E-18,-33.42E-18,-35.75E-18,-38.79E-18
4.381E6,-27.63E-18,-33.42E-18,-35.75E-18,-38.79E-18
4.382E6,-27.63E-18,-33.42E-18,-35.75E-18,-38.79E-18
4.383E6,-27.63E-18,-33.42E-18,-35.75E-18,-38.79E-18
4.384E6,-27.63E-18,-33.42E-18,-35.75E-18,-38.79E-18
4.385E6,-27.63E-18,-33.42E-18,-35.75E-18,-38.79E-18
4.386E6,-27.63E-18,-33.42E-18,-35.75E-18,-38.79E-18
4.387E6,-27.63E-18,-33.42E-18,-35.75E-18,-38.79E-18
4.388E6,-27.63E-18,-33.42E-18,-35.75E-18,-38.79E-18
4.389E6,-27.63E-18,-33.42E-18,-35.75E-18,-38.79E-18
4.390E6,-27.63E-18,-33.42E-18,-35.75E-18,-38.79E-18
4.391E6,-27.63E-18,-33.42E-18,-35.75E-18,-38.79E-18
4.392E6,-27.63E-18,-33.42E-18,-35.75E-18,-38.79E-18
4.393E6,-27.63E-18,-33.42E-18,-35.75E-18,-38.79E-18
4.394E6,-27.63E-18,-33.42E-18,-35.75E-18,-38.79E-18
4.395E6,-27.63E-18,-33.42E-18,-35.75E-18,-38.79E-18
4.396E6,-27.63E-18,-33.42E-18,-35.75E-18,-38.79E-18
4.397E6,-27.63E-18,-33.42E-18,-35.75E-18,-38.79E-18
4.398E6,-27.63E-18,-33.42E-18,-35.75E-18,-38.79E-18
4.399E6,-27.63E-18,-33.42E-18,-35.75E-18,-38.79E-18
4.400E6,-27.63E-18,-33.42E-18,-35.75E-18,-38.79E-18
4.401E6,-27.63E-18,-33.42E-18,-35.75E-18,-38.79E-18
4.402E6,-27.63E-18,-33.42E-18,-35.75E-18,-38.79E-18
4.403E6,-27.63E-18,-33.42E-18,-35.75E-18,-38.79E-18
4.404E6,-27.63E-18,-33.42E-18,-35.75E-18,-38.79E-18
4.405E6,-27.63E-18,-33.42E-18,-35.75E-18,-38.79E-18
4.406E6,-27.63E-18,-33.42E-18,-35.75E-18,-38.79E-18
4.407E6,-27.63E-18,-33.42E-18,-35.75E-18,-38.79E-18
4.408E6,-27.63E-18,-33.42E-18,-35.75E-18,-38.79E-18
4.409E6,-27.63E-18,-33.42E-18,-35.75E-18,-38.79E-18
4.410E6,-27.63E-18,-33.42E-18,-35.75E-18,-38.79E-18
4.411E6,-27.63E-18,-33.42E-18,-35.75E-18,-38.79E-18
4.412E6,-27.63E-18,-33.42E-18,-35.75E-18,-38.79E-18
4.413E6,-27.63E-18,-33.42E-18,-35.75E-18,-38.79E-18
4.414E6,-27.63E-18,-33.42E-18,-35.75E-18,-38.79E-18
4.415E6,-27.63E-18,-33.42E-18,-35.75E-18,-38.79E-18
4.416E6,-27.63E-18,-33.42E-18,-35.75E-18,-38.79E-18
4.417E6,-27.63E-18,-33.42E-18,-35.75E-18,-38.79E-18
4.418E6,-27.63E-18,-33.42E-18,-35.75E-18,-38.79E-18
4.419E6,-27.63E-18,-33.42E-18,-35.75E-18,-38.79E-18
4.420E6,-27.63E-18,-33.42E-18,-35.75E-18,-38.79E-18
4.421E6,-27.63E-18,-33.42E-18,-35.75E-18,-38.79E-18
4.422E6,-27.63E-18,-33.42E-18,-35.75E-18,-38.79E-18
4.423E6,-27.63E-18,-33.42E-18,-35.75E-18,-38.79E-18
4.424E6,-27.63E-18,-33.42E-18,-35.75E-18,-38.79E-18
4.425E6,-27.63E-18,-33.42E-18,-35.75E-18,-38.79E-18
4.426E6,-27.63E-18,-33.42E-18,-35.75E-18,-38.79E-18
4.427E6,-27.63E-18,-33.42E-18,-35.75E-18,-38.79E-18
4.428E6,-27.63E-18,-33.42E-18,-35.75E-18,-38.79E-18
4.429E6,-27.63E-18,-33.42E-18,-35.75E-18,-38.79E-18
4.430E6,-27.63E-18,-33.42E-18,-35.75E-18,-38.79E-18
4.431E6,-27.63E-18,-33.42E-18,-35.75E-18,-38.79E-18
4.432E6,-27.63E-18,-33.42E-18,-35.75E-18,-38.79E-18
4.433E6,-27.63E-18,-33.42E-18,-35.75E-18,-38.79E-18
4.434E6,-27.63E-18,-33.42E-18,-35.75E-18,-38.79E-18
4.435E6,-27.63E-18,-33.42E-18,-35.75E-18,-38.79E-18
4.436E6,-27.63E-18,-33.42E-18,-35.75E-18,-38.79E-18
4.437E6,-27.63E-18,-33.42E-18,-35.75E-18,-38.79E-18
4.438E6,-27.63E-18,-33.42E-18,-35.75E-18,-38.79E-18
4.439E6,-27.63E-18,-33.42E-18,-35.75E-18,-38.79E-18
4.440E6,-27.63E-18,-33.42E-18,-35.75E-18,-38.79E-18
4.441E6,-27.63E-18,-33.42E-18,-35.75E-18,-38.79E-18
4.442E6,-27.63E-18,-33.42E-18,-35.75E-18,-38.79E-18
4.443E6,-27.63E-18,-33.42E-18,-35.75E-18,-38.79E-18
4.444E6,-27.63E-18,-33.42E-18,-35.75E-18,-38.79E-18
4.445E6,-27.63E-18,-33.42E-18,-35.75E-18,-38.79E-18
4.446E6,-27.63E-18,-33.42E-18,-35.75E-18,-38.79E-18
4.447E6,-27.63E-18,-33.42E-18,-35.75E-18,-38.79E-18
4.448E6,-27.63E-18,-33.42E-18,-35.75E-18,-38.79E-18
4.449E6,-27.63E-18,-33.42E-18,-35.75E-18,-38.79E-18
4.450E6,-27.63E-18,-33.42E-18,-35.75E-18,-38.79E-18
4.451E6,-27.63E-18,-33.42E-18,-35.75E-18,-38.79E-18
4.452E6,-27.63E-18,-33.42E-18,-35.75E-18,-38.79E-18
4.453E6,-27.63E-18,-33.42E-18,-35.75E-18,-38.79E-18
4.454E6,-27.63E-18,-33.42E-18,-35.75E-18,-38.79E-18
4.455E6,-27.63E-18,-33.42E-18,-35.75E-18,-38.79E-18
4.456E6,-27.63E-18,-33.42E-18,-35.75E-18,-38.79E-18
4.457E6,-27.63E-18,-33.42E-18,-35.75E-18,-38.79E-18
4.458E6,-27.63E-18,-33.42E-18,-35.75E-18,-38.79E-18
4.459E6,-27.63E-18,-33.42E-18,-35.75E-18,-38.79E-18
4.460E6,-27.63E-18,-33.42E-18,-35.75E-18,-38.79E-18
4.461E6,-27.63E-18,-33.42E-18,-35.75E-18,-38.79E-18
4.462E6,-27.63E-18,-33.42E-18,-35.75E-18,-38.79E-18
4.463E6,-27.63E-18,-33.42E-18,-35.75E-18,-38.79E-18
4.464E6,-27.63E-18,-33.42E-18,-35.75E-18,-38.79E-18
4.465E6,-27.63E-18,-33.42E-18,-35.75E-18,-38.79E-18
4.466E6,-27.63E-18,-33.42E-18,-35.75E-18,-38.79E-18
4.467E6,-27.63E-18,-33.42E-18,-35.75E-18,-38.79E-18
4.468E6,-27.63E-18,-33.42E-18,-35.75E-18,-38.79E-18
4.469E6,-27.63E-18,-33.42E-18,-35.75E-18,-38.79E-18
4.470E6,-27.63E-18,-33.42E-18,-35.75E-18,-38.79E-18
4.471E6,-27.63E-18,-33.42E-18,-35.75E-18,-38.79E-18
4.472E6,-27.63E-18,-33.42E-18,-35.75E-18,-38.79E-18
4.473E6,-27.63E-18,-33.42E-18,-35.75E-18,-38.79E-18
4.474E6,-27.63E-18,-33.42E-18,-35.75E-18,-38.79E-18
4.475E6,-27.63E-18,-33.42E-18,-35.75E-18,-38.79E-18
4.476E6,-27.63E-18,-33.42E-18,-35.75E-18,-38.79E-18
4.477E6,-27.63E-18,-33.42E-18,-35.75E-18,-38.79E-18
4.478E6,-27.63E-18,-33.42E-18,-35.75E-18,-38.79E-18
4.479E6,-27.63E-18,-33.42E-18,-35.75E-18,-38.79E-18
4.480E6,-27.63E-18,-33.42E-18,-35.75E-18,-38.79E-18
4.481E6,-27.63E-18,-33.42E-18,-35.75E-18,-38.79E-18
4.482E6,-27.63E-18,-33.42E-18,-35.75E-18,-38.79E-18
4.483E6,-27.63E-18,-33.42E-18,-35.75E-18,-38.79E-18
4.484E6,-27.63E-18,-33.42E-18,-35.75E-18,-38.79E-18
4.485E6,-27.63E-18,-33.42E-18,-35.75E-18,-38.79E-18
4.486E6,-27.63E-18,-33.42E-18,-35.75E-18,-38.79E-18
4.487E6,-27.63E-18,-33.42E-18,-35.75E-18,-38.79E-18
4.488E6,-27.63E-18,-33.42E-18,-35.75E-18,-38.79E-18
4.489E6,-27.63E-18,-33.42E-18,-35.75E-18,-38.79E-18
4.490E6,-27.63E-18,-33.42E-18,-35.75E-18,-38.79E-18
4.491E6,-27.63E-18,-33.42E-18,-35.75E-18,-38.79E-18
4.492E6,-27.63E-18,-33.42E-18,-35.75E-18,-38.79E-18
4.493E6,-27.63E-18,-33.42E-18,-35.75E-18,-38.79E-18
4.494E6,-27.63E-18,-33.42E-18,-35.75E-18,-38.79E-18
4.495E6,-27.63E-18,-33.42E-18,-35.75E-18,-38.79E-18
4.496E6,-27.63E-18,-33.42E-18,-35.75E-18,-38.79E-18
4.497E6,-27.63E-18,-33.42E-18,-35.75E-18,-38.79E-18
4.498E6,-27.63E-18,-33.42E-18,-35.75E-18,-38.79E-18
4.499E6,-27.63E-18,-33.42E-18,-35.75E-18,-38.79E-18
4.500E6,-27.63E-18,-33.42E-18,-35.75E-18,-38.79E-18
4.501E6,-27.63E-18,-33.42E-18,-35.75E-18,-38.79E-18
4.502E6,-27.63E-18,-33.42E-18,-35.75E-18,-38.79E-18
4.503E6,-27.63E-18,-33.42E-18,-35.75E-18,-38.79E-18
4.504E6,-27.63E-18,-33.42E-18,-35.75E-18,-38.79E-18
4.505E6,-27.63E-18,-33.42E-18,-35.75E-18,-38.79E-18
4.506E6,-27.63E-18,-33.42E-18,-35.75E-18,-38.79E-18
4.507E6,-27.63E-18,-33.42E-18,-35.75E-18,-38.79E-18
4.508E6,-27.63E-18,-33.42E-18,-35.75E-18,-38.79E-18
4.509E6,-27.63E-18,-33.42E-18,-35.75E-18,-38.79E-18
4.510E6,-27.63E-18,-33.42E-18,-35.75E-18,-38.79E-18
4.511E6,-27.63E-18,-33.42E-18,-35.75E-18,-38.79E-18
4.512E6,-27.63E-18,-33.42E-18,-35.75E-18,-38.79E-18
4.513E6,-27.63E-18,-33.42E-18,-35.75E-18,-38.79E-18
4.514E6,-27.63E-18,-33.42E-18,-35.75E-18,-38.79E-18
4.515E6,-27.63E-18,-33.42E-18,-35.75E-18,-38.79E-18
4.516E6,-27.63E-18,-33.42E-18,-35.75E-18,-38.79E-18
4.517E6,-27.63E-18,-33.42E-18,-35.75E-18,-38.79E-18
4.518E6,-27.63E-18,-33.42E-18,-35.75E-18,-38.79E-18
4.519E6,-27.63E-18,-33.42E-18,-35.75E-18,-38.79E-18
4.520E6,-27.63E-18,-33.42E-18,-35.75E-18,-38.79E-18
4.521E6,-27.63E-18,-33.42E-18,-35.75E-18,-38.79E-18
4.522E6,-27.63E-18,-33.42E-18,-35.75E-18,-38.79E-18
4.523E6,-27.63E-18,-33.42E-18,-35.75E-18,-38.79E-18
4.524E6,-27.63E-18,-33.42E-18,-35.75E-18,-38.79E-18
4.525E6,-27.63E-18,-33.42E-18,-35.75E-18,-38.79E-18
4.526E6,-27.63E-18,-33.42E-18,-35.75E-18,-38.79E-18
4.527E6,-27.63E-18,-33.42E-18,-35.75E-18,-38.79E-18
4.528E6,-27.63E-18,-33.42E-18,-35.75E-18,-38.79E-18
4.529E6,-27.63E-18,-33.42E-18,-35.75E-18,-38.79E-18
4.530E6,-27.63E-18,-33.42E-18,-35.75E-18,-38.79E-18
4.531E6,-27.63E-18,-33.42E-18,-35.75E-18,-38.79E-18
4.532E6,-27.63E-18,-33.42E-18,-35.75E-18,-38.79E-18
4.533E6,-27.63E-18,-33.42E-18,-35.75E-18,-38.79E-18
4.534E6,-27.63E-18,-33.42E-18,-35.75E-18,-38.79E-18
4.535E6,-27.63E-18,-33.42E-18,-35.75E-18,-38.79E-18
4.536E6,-27.63E-18,-33.42E-18,-35.75E-18,-38.79E-18
4.537E6,-27.63E-18,-33.42E-18,-35.75E-18,-38.79E-18
4.538E6,-27.63E-18,-33.42E-18,-35.75E-18,-38.79E-18
4.539E6,-27.63E-18,-33.42E-18,-35.75E-18,-38.79E-18
4.540E6,-27.63E-18,-33.42E-18,-35.75E-18,-38.79E-18
4.541E6,-27.63E-18,-33.42E-18,-35.75E-18,-38.79E-18
4.542E6,-27.63E-18,-33.42E-18,-35.75E-18,-38.79E-18
4.543E6,-27.63E-18,-33.42E-18,-35.75E-18,-38.79E-18
4.544E6,-27.63E-18,-33.42E-18,-35.75E-18,-38.79E-18
4.545E6,-27.63E-18,-33.42E-18,-35.75E-18,-38.79E-18
4.546E6,-27.63E-18,-33.42E-18,-35.75E-18,-38.79E-18
4.547E6,-27.63E-18,-33.42E-18,-35.75E-18,-38.79E-18
4.548E6,-27.63E-18,-33.42E-18,-35.75E-18,-38.79E-18
4.549E6,-27.63E-18,-33.42E-18,-35.75E-18,-38.79E-18
4.550E6,-27.63E-18,-33.42E-18,-35.75E-18,-38.79E-18
4.551E6,-27.63E-18,-33.42E-18,-35.75E-18,-38.79E-18
4.552E6,-27.63E-18,-33.42E-18,-35.75E-18,-38.79E-18
4.553E6,-27.63E-18,-33.42E-18,-35.75E-18,-38.79E-18
4.554E6,-27.63E-18,-33.42E-18,-35.75E-18,-38.79E-18
4.555E6,-27.63E-18,-33.42E-18,-35.75E-18,-38.79E-18
4.556E6,-27.63E-18,-33.42E-18,-35.75E-18,-38.79E-18
4.557E6,-27.63E-18,-33.42E-18,-35.75E-18,-38.79E-18
4.558E6,-27.63E-18,-33.42E-18,-35.75E-18,-38.79E-18
4.559E6,-27.63E-18,-33.42E-18,-35.75E-18,-38.79E-18
4.560E6,-27.63E-18,-33.42E-18,-35.75E-18,-38.79E-18
4.561E6,-27.63E-18,-33.42E-18,-35.75E-18,-38.79E-18
4.562E6,-27.63E-18,-33.42E-18,-35.75E-18,-38.79E-18
4.563E6,-27.63E-18,-33.42E-18,-35.75E-18,-38.79E-18
4.564E6,-27.63E-18,-33.42E-18,-35.75E-18,-38.79E-18
4.565E6,-27.63E-18,-33.42E-18,-35.75E-18,-38.79E-18
4.566E6,-27.63E-18,-33.42E-18,-35.75E-18,-38.79E-18
4.567E6,-27.63E-18,-33.42E-18,-35.75E-18,-38.79E-18
4.568E6,-27.63E-18,-33.42E-18,-35.75E-18,-38.79E-18
4.569E6,-27.63E-18,-33.42E-18,-35.75E-18,-38.79E-18
4.570E6,-27.63E-18,-33.42E-18,-35.75E-18,-38.79E-18
4.571E6,-27.63E-18,-33.42E-18,-35.75E-18,-38.79E-18
4.572E6,-27.63E-18,-33.42E-18,-35.75E-18,-38.79E-18
4.573E6,-27.63E-18,-33.42E-18,-35.75E-18,-38.79E-18
4.574E6,-27.63E-18,-33.42E-18,-35.75E-18,-38.79E-18
4.575E6,-27.63E-18,-33.42E-18,-35.75E-18,-38.79E-18
4.576E6,-27.63E-18,-33.42E-18,-35.75E-18,-38.79E-18
4.577E6,-27.63E-18,-33.42E-18,-35.75E-18,-38.79E-18
4.578E6,-27.63E-18,-33.42E-18,-35.75E-18,-38.79E-18
4.579E6,-27.63E-18,-33.42E-18,-35.75E-18,-38.79E-18
4.580E6,-27.63E-18,-33.42E-18,-35.75E-18,-38.79E-18
4.581E6,-27.63E-18,-33.42E-18,-35.75E-18,-38.79E-18
4.582E6,-27.63E-18,-33.42E-18,-35.75E-18,-38.79E-18
4.583E6,-27.63E-18,-33.42E-18,-35.75E-18,-38.79E-18
4.584E6,-27.63E-18,-33.42E-18,-35.75E-18,-38.79E-18
4.585E6,-27.63E-18,-33.42E-18,-35.75E-18,-38.79E-18
4.586E6,-27.63E-18,-33.42E-18,-35.75E-18,-38.79E-18
4.587E6,-27.63E-18,-33.42E-18,-35.75E-18,-38.79E-18
4.588E6,-27.63E-18,-33.42E-18,-35.75E-18,-38.79E-18
4.589E6,-27.63E-18,-33.42E-18,-35.75E-18,-38.79E-18
4.590E6,-27.63E-18,-33.42E-18,-35.75E-18,-38.79E-18
4.591E6,-27.63E-18,-33.42E-18,-35.75E-18,-38.79E-18
4.592E6,-27.63E-18,-33.42E-18,-35.75E-18,-38.79E-18
4.593E6,-27.63E-18,-33.42E-18,-35.75E-18,-38.79E-18
4.594E6,-27.63E-18,-33.42E-18,-35.75E-18,-38.79E-18
4.595E6,-27.63E-18,-33.42E-18,-35.75E-18,-38.79E-18
4.596E6,-27.63E-18,-33.42E-18,-35.75E-18,-38.79E-18
4.597E6,-27.63E-18,-33.42E-18,-35.75E-18,-38.79E-18
4.598E6,-27.63E-18,-33.42E-18,-35.75E-18,-38.79E-18
4.599E6,-27.63E-18,-33.42E-18,-35.75E-18,-38.79E-18
4.600E6,-27.63E-18,-33.42E-18,-35.75E-18,-38.79E-18
4.601E6,-27.63E-18,-33.42E-18,-35.75E-18,-38.79E-18
4.602E6,-27.63E-18,-33.42E-18,-35.75E-18,-38.79E-18
4.603E6,-27.63E-18,-33.42E-18,-35.75E-18,-38.79E-18
4.604E6,-27.63E-18,-33.42E-18,-35.75E-18,-38.79E-18
4.605E6,-27.63E-18,-33.42E-18,-35.75E-18,-38.79E-18
4.606E6,-27.63E-18,-33.42E-18,-35.75E-18,-38.79E-18
4.607E6,-27.63E-18,-33.42E-18,-35.75E-18,-38.79E-18
4.608E6,-27.63E-18,-33.42E-18,-35.75E-18,-38.79E-18
4.609E6,-27.63E-18,-33.42E-18,-35.75E-18,-38.79E-18
4.610E6,-27.63E-18,-33.42E-18,-35.75E-18,-38.79E-18
4.611E6,-27.63E-18,-33.42E-18,-35.75E-18,-38.79E-18
4.612E6,-27.63E-18,-33.42E-18,-35.75E-18,-38.79E-18
4.613E6,-27.63E-18,-33.42E-18,-35.75E-18,-38.79E-18
4.614E6,-27.63E-18,-33.42E-18,-35.75E-18,-38.79E-18
4.615E6,-27.63E-18,-33.42E-18,-35.75E-18,-38.79E-18
4.616E6,-27.63E-18,-33.42E-18,-35.75E-18,-38.79E-18
4.617E6,-27.63E-18,-33.42E-18,-35.75E-18,-38.79E-18
4.618E6,-27.63E-18,-33.42E-18,-35.75E-18,-38.79E-18
4.619E6,-27.63E-18,-33.42E-18,-35.75E-18,-38.79E-18
4.620E6,-27.63E-18,-33.42E-18,-35.75E-18,-38.79E-18
4.621E6,-27.63E-18,-33.42E-18,-35.75E-18,-38.79E-18
4.622E6,-27.63E-18,-33.42E-18,-35.75E-18,-38.79E-18
4.623E6,-27.63E-18,-33.42E-18,-35.75E-18,-38.79E-18
4.624E6,-27.63E-18,-33.42E-18,-35.75E-18,-38.79E-18
4.625E6,-27.63E-18,-33.42E-18,-35.75E-18,-38.79E-18
4.626E6,-27.63E-18,-33.42E-18,-35.75E-18,-38.79E-18
4.627E6,-27.63E-18,-33.42E-18,-35.75E-18,-38.79E-18
4.628E6,-27.63E-18,-33.42E-18,-35.75E-18,-38.79E-18
4.629E6,-27.63E-18,-33.42E-18,-35.75E-18,-38.79E-18
4.630E6,-27.63E-18,-33.42E-18,-35.75E-18,-38.79E-18
4.631E6,-27.63E-18,-33.42E-18,-35.75E-18,-38.79E-18
4.632E6,-27.63E-18,-33.42E-18,-35.75E-18,-38.79E-18
4.633E6,-27.63E-18,-33.42E-18,-35.75E-18,-38.79E-18
4.634E6,-27.63E-18,-33.42E-18,-35.75E-18,-38.79E-18
4.635E6,-27.63E-18,-33.42E-18,-35.75E-18,-38.79E-18
4.636E6,-27.63E-18,-33.42E-18,-35.75E-18,-38.79E-18
4.637E6,-27.63E-18,-33.42E-18,-35.75E-18,-38.79E-18
4.638E6,-27.63E-18,-33.42E-18,-35.75E-18,-38.79E-18
4.639E6,-27.63E-18,-33.42E-18,-35.75E-18,-38.79E-18
4.640E6,-27.63E-18,-33.42E-18,-35.75E-18,-38.79E-18
4.641E6,-27.63E-18,-33.42E-18,-35.75E-18,-38.79E-18
4.642E6,-27.63E-18,-33.42E-18,-35.75E-18,-38.79E-18
4.643E6,-27.63E-18,-33.42E-18,-35.75E-18,-38.79E-18
4.644E6,-27.63E-18,-33.42E-18,-35.75E-18,-38.79E-18
4.645E6,-27.63E-18,-33.42E-18,-35.75E-18,-38.79E-18
4.646E6,-27.63E-18,-33.42E-18,-35.75E-18,-38.79E-18
4.647E6,-27.63E-18,-33.42E-18,-35.75E-18,-38.79E-18
4.648E6,-27.63E-18,-33.42E-18,-35.75E-18,-38.79E-18
4.649E6,-27.63E-18,-33.42E-18,-35.75E-18,-38.79E-18
4.650E6,-27.63E-18,-33.42E-18,-35.75E-18,-38.79E-18
4.651E6,-27.63E-18,-33.42E-18,-35.75E-18,-38.79E-18
4.652E6,-27.63E-18,-33.42E-18,-35.75E-18,-38.79E-18
4.653E6,-27.63E-18,-33.42E-18,-35.75E-18,-38.79E-18
4.654E6,-27.63E-18,-33.42E-18,-35.75E-18,-38.79E-18
4.655E6,-27.63E-18,-33.42E-18,-35.75E-18,-38.79E-18
4.656E6,-27.63E-18,-33.42E-18,-35.75E-18,-38.79E-18
4.657E6,-27.63E-18,-33.42E-18,-35.75E-18,-38.79E-18
4.658E6,-27.63E-18,-33.42E-18,-35.75E-18,-38.79E-18
4.659E6,-27.63E-18,-33.42E-18,-35.75E-18,-38.79E-18
4.660E6,-27.63E-18,-33.42E-18,-35.75E-18,-38.79E-18
4.661E6,-27.63E-18,-33.42E-18,-35.75E-18,-38.79E-18
4.662E6,-27.63E-18,-33.42E-18,-35.75E-18,-38.79E-18
4.663E6,-27.63E-18,-33.42E-18,-35.75E-18,-38.79E-18
4.664E6,-27.63E-18,-33.42E-18,-35.75E-18,-38.79E-18
4.665E6,-27.63E-18,-33.42E-18,-35.75E-18,-38.79E-18
4.666E6,-27.63E-18,-33.42E-18,-35.75E-18,-38.79E-18
4.667E6,-27.63E-18,-33.42E-18,-35.75E-18,-38.79E-18
4.668E6,-27.63E-18,-33.42E-18,-35.75E-18,-38.79E-18
4.669E6,-27.63E-18,-33.42E-18,-35.75E-18,-38.79E-18
4.670E6,-27.63E-18,-33.42E-18,-35.75E-18,-38.79E-18
4.671E6,-27.63E-18,-33.42E-18,-35.75E-18,-38.79E-18
4.672E6,-27.63E-18,-33.42E-18,-35.75E-18,-38.79E-18
4.673E6,-27.63E-18,-33.42E-18,-35.75E-18,-38.79E-18
4.674E6,-27.63E-18,-33.42E-18,-35.75E-18,-38.79E-18
4.675E6,-27.63E-18,-33.42E-18,-35.75E-18,-38.79E-18
4.676E6,-27.63E-18,-33.42E-18,-35.75E-18,-38.79E-18
4.677E6,-27.63E-18,-33.42E-18,-35.75E-18,-38.79E-18
4.678E6,-27.63E-18,-33.42E-18,-35.75E-18,-38.79E-18
4.679E6,-27.63E-18,-33.42E-18,-35.75E-18,-38.79E-18
4.680E6,-27.63E-18,-33.42E-18,-35.75E-18,-38.79E-18
4.681E6,-27.63E-18,-33.42E-18,-35.75E-18,-38.79E-18
4.682E6,-27.63E-18,-33.42E-18,-35.75E-18,-38.79E-18
4.683E6,-27.63E-18,-33.42E-18,-35.75E-18,-38.79E-18
4.684E6,-27.63E-18,-33.42E-18,-35.75E-18,-38.79E-18
4.685E6,-27.63E-18,-33.42E-18,-35.75E-18,-38.79E-18
4.686E6,-27.63E-18,-33.42E-18,-35.75E-18,-38.79E-18
4.687E6,-27.63E-18,-33.42E-18,-35.75E-18,-38.79E-18
4.688E6,-27.63E-18,-33.42E-18,-35.75E-18,-38.79E-18
4.689E6,-27.63E-18,-33.42E-18,-35.75E-18,-38.79E-18
4.690E6,-27.63E-18,-33.42E-18,-35.75E-18,-38.79E-18
4.691E6,-27.63E-18,-33.42E-18,-35.75E-18,-38.79E-18
4.692E6,-27.63E-18,-33.42E-18,-35.75E-18,-38.79E-18
4.693E6,-27.63E-18,-33.42E-18,-35.75E-18,-38.79E-18
4.694E6,-27.63E-18,-33.42E-18,-35.75E-18,-38.79E-18
4.695E6,-27.63E-18,-33.42E-18,-35.75E-18,-38.79E-18
4.696E6,-27.63E-18,-33.42E-18,-35.75E-18,-38.79E-18
4.697E6,-27.63E-18,-33.42E-18,-35.75E-18,-38.79E-18
4.698E6,-27.63E-18,-33.42E-18,-35.75E-18,-38.79E-18
4.699E6,-27.63E-18,-33.42E-18,-35.75E-18,-38.79E-18
4.700E6,-27.63E-18,-33.42E-18,-35.75E-18,-38.79E-18
4.701E6,-27.63E-18,-33.42E-18,-35.75E-18,-38.79E-18
4.702E6,-27.63E-18,-33.42E-18,-35.75E-18,-38.79E-18
4.703E6,-27.63E-18,-33.42E-18,-35.75E-18,-38.79E-18
4.704E6,-27.63E-18,-33.42E-18,-35.75E-18,-38.79E-18
4.705E6,-27.63E-18,-33.42E-18,-35.75E-18,-38.79E-18
4.706E6,-27.63E-18,-33.42E-18,-35.75E-18,-38.79E-18
4.707E6,-27.63E-18,-33.42E-18,-35.75E-18,-38.79E-18
4.708E6,-27.63E-18,-33.42E-18,-35.75E-18,-38.79E-18
4.709E6,-27.63E-18,-33.42E-18,-35.75E-18,-38.79E-18
4.710E6,-27.63E-18,-33.42E-18,-35.75E-18,-38.79E-18
4.711E6,-27.63E-18,-33.42E-18,-35.75E-18,-38.79E-18
4.712E6,-27.63E-18,-33.42E-18,-35.75E-18,-38.79E-18
4.713E6,-27.63E-18,-33.42E-18,-35.75E-18,-38.79E-18
4.714E6,-27.63E-18,-33.42E-18,-35.75E-18,-38.79E-18
4.715E6,-27.63E-18,-33.42E-18,-35.75E-18,-38.79E-18
4.716E6,-27.63E-18,-33.42E-18,-35.75E-18,-38.79E-18
4.717E6,-27.63E-18,-33.42E-18,-35.75E-18,-38.79E-18
4.718E6,-27.63E-18,-33.42E-18,-35.75E-18,-38.79E-18
4.719E6,-27.63E-18,-33.42E-18,-35.75E-18,-38.79E-18
4.720E6,-27.63E-18,-33.42E-18,-35.75E-18,-38.79E-18
4.721E6,-27.63E-18,-33.42E-18,-35.75E-18,-38.79E-18
4.722E6,-27.63E-18,-33.42E-18,-35.75E-18,-38.79E-18
4.723E6,-27.63E-18,-33.42E-18,-35.75E-18,-38.79E-18
4.724E6,-27.63E-18,-33.42E-18,-35.75E-18,-38.79E-18
4.725E6,-27.63E-18,-33.42E-18,-35.75E-18,-38.79E-18
4.726E6,-27.63E-18,-33.42E-18,-35.75E-18,-38.79E-18
4.727E6,-27.63E-18,-33.42E-18,-35.75E-18,-38.79E-18
4.728E6,-27.63E-18,-33.42E-18,-35.75E-18,-38.79E-18
4.729E6,-27.63E-18,-33.42E-18,-35.75E-18,-38.79E-18
4.730E6,-27.63E-18,-33.42E-18,-35.75E-18,-38.79E-18
4.731E6,-27.63E-18,-33.42E-18,-35.75E-18,-38.79E-18
4.732E6,-27.63E-18,-33.42E-18,-35.75E-18,-38.79E-18
4.733E6,-27.63E-18,-33.42E-18,-35.75E-18,-38.79E-18
4.734E6,-27.63E-18,-33.42E-18,-35.75E-18,-38.79E-18
4.735E6,-27.63E-18,-33.42E-18,-35.75E-18,-38.79E-18
4.736E6,-27.63E-18,-33.42E-18,-35.75E-18,-38.79E-18
4.737E6,-27.63E-18,-33.42E-18,-35.75E-18,-38.79E-18
4.738E6,-27.63E-18,-33.42E-18,-35.75E-18,-38.79E-18
4.739E6,-27.63E-18,-33.42E-18,-35.75E-18,-38.79E-18
4.740E6,-27.63E-18,-33.42E-18,-35.75E-18,-38.79E-18
4.741E6,-27.63E-18,-33.42E-18,-35.75E-18,-38.79E-18
4.742E6,-27.63E-18,-33.42E-18,-35.75E-18,-38.79E-18
4.743E6,-27.63E-18,-33.42E-18,-35.75E-18,-38.79E-18
4.744E6,-27.63E-18,-33.42E-18,-35.75E-18,-38.79E-18
4.745E6,-27.63E-18,-33.42E-18,-35.75E-18,-38.79E-18
4.746E6,-27.63E-18,-33.42E-18,-35.75E-18,-38.79E-18
4.747E6,-27.63E-18,-33.42E-18,-35.75E-18,-38.79E-18
4.748E6,-27.63E-18,-33.42E-18,-35.75E-18,-38.79E-18
4.749E6,-27.63E-18,-33.42E-18,-35.75E-18,-38.79E-18
4.750E6,-27.63E-18,-33.42E-18,-35.75E-18,-38.79E-18
4.751E6,-27.63E-18,-33.42E-18,-35.75E-18,-38.79E-18
4.752E6,-27.63E-18,-33.42E-18,-35.75E-18,-38.79E-18
4.753E6,-27.63E-18,-33.42E-18,-35.75E-18,-38.79E-18
4.754E6,-27.63E-18,-33.42E-18,-35.75E-18,-38.79E-18
4.755E6,-27.63E-18,-33.42E-18,-35.75E-18,-38.79E-18
4.756E6,-27.63E-18,-33.42E-18,-35.75E-18,-38.79E-18
4.757E6,-27.63E-18,-33.42E-18,-35.75E-18,-38.79E-18
4.758E6,-27.63E-18,-33.42E-18,-35.75E-18,-38.79E-18
4.759E6,-27.63E-18,-33.42E-18,-35.75E-18,-38.79E-18
4.760E6,-27.63E-18,-33.42E-18,-35.75E-18,-38.79E-18
4.761E6,-27.63E-18,-33.42E-18,-35.75E-18,-38.79E-18
4.762E6,-27.63E-18,-33.42E-18,-35.75E-18,-38.79E-18
4.763E6,-27.63E-18,-33.42E-18,-35.75E-18,-38.79E-18
4.764E6,-27.63E-18,-33.42E-18,-35.75E-18,-38.79E-18
4.765E6,-27.63E-18,-33.42E-18,-35.75E-18,-38.79E-18
4.766E6,-27.63E-18,-33.42E-18,-35.75E-18,-38.79E-18
4.767E6,-27.63E-18,-33.42E-18,-35.75E-18,-38.79E-18
4.768E6,-27.63E-18,-33.42E-18,-35.75E-18,-38.79E-18
4.769E6,-27.63E-18,-33.42E-18,-35.75E-18,-38.79E-18
4.770E6,-27.63E-18,-33.42E-18,-35.75E-18,-38.79E-18
4.771E6,-27.63E-18,-33.42E-18,-35.75E-18,-38.79E-18
4.772E6,-27.63E-18,-33.42E-18,-35.75E-18,-38.79E-18
4.773E6,-27.63E-18,-33.42E-18,-35.75E-18,-38.79E-18
4.774E6,-27.63E-18,-33.42E-18,-35.75E-18,-38.79E-18
4.775E6,-27.63E-18,-33.42E-18,-35.75E-18,-38.79E-18
4.776E6,-27.63E-18,-33.42E-18,-35.75E-18,-38.79E-18
4.777E6,-27.63E-18,-33.42E-18,-35.75E-18,-38.79E-18
4.778E6,-27.63E-18,-33.42E-18,-35.75E-18,-38.79E-18
4.779E6,-27.63E-18,-33.42E-18,-35.75E-18,-38.79E-18
4.780E6,-27.63E-18,-33.42E-18,-35.75E-18,-38.79E-18
4.781E6,-27.63E-18,-33.42E-18,-35.75E-18,-38.79E-18
4.782E6,-27.63E-18,-33.42E-18,-35.75E-18,-38.79E-18
4.783E6,-27.63E-18,-33.42E-18,-35.75E-18,-38.79E-18
4.784E6,-27.63E-18,-33.42E-18,-35.75E-18,-38.79E-18
4.785E6,-27.63E-18,-33.42E-18,-35.75E-18,-38.79E-18
4.786E6,-27.63E-18,-33.42E-18,-35.75E-18,-38.79E-18
4.787E6,-27.63E-18,-33.42E-18,-35.75E-18,-38.79E-18
4.788E6,-27.63E-18,-33.42E-18,-35.75E-18,-38.79E-18
4.789E6,-27.63E-18,-33.42E-18,-35.75E-18,-38.79E-18
4.790E6,-27.63E-18,-33.42E-18,-35.75E-18,-38.79E-18
4.791E6,-27.63E-18,-33.42E-18,-35.75E-18,-38.79E-18
4.792E6,-27.63E-18,-33.42E-18,-35.75E-18,-38.79E-18
4.793E6,-27.63E-18,-33.42E-18,-35.75E-18,-38.79E-18
4.794E6,-27.63E-18,-33.42E-18,-35.75E-18,-38.79E-18
4.795E6,-27.63E-18,-33.42E-18,-35.75E-18,-38.79E-18
4.796E6,-27.63E-18,-33.42E-18,-35.75E-18,-38.79E-18
4.797E6,-27.63E-18,-33.42E-18,-35.75E-18,-38.79E-18
4.798E6,-27.63E-18,-33.42E-18,-35.75E-18,-38.79E-18
4.799E6,-27.63E-18,-33.42E-18,-35.75E-18,-38.79E-18
4.800E6,-27.63E-18,-33.42E-18,-35.75E-18,-38.79E-18
4.801E6,-27.63E-18,-33.42E-18,-35.75E-18,-38.79E-18
4.802E6,-27.63E-18,-33.42E-18,-35.75E-18,-38.79E-18
4.803E6,-27.63E-18,-33.42E-18,-35.75E-18,-38.79E-18
4.804E6,-27.63E-18,-33.42E-18,-35.75E-18,-38.79E-18
4.805E6,-27.63E-18,-33.42E-18,-35.75E-18,-38.79E-18
4.806E6,-27.63E-18,-33.42E-18,-35.75E-18,-38.79E-18
4.807E6,-27.63E-18,-33.42E-18,-35.75E-18,-38.79E-18
4.808E6,-27.63E-18,-33.42E-18,-35.75E-18,-38.79E-18
4.809E6,-27.63E-18,-33.42E-18,-35.75E-18,-38.79E-18
4.810E6,-27.63E-18,-33.42E-18,-35.75E-18,-38.79E-18
4.811E6,-27.63E-18,-33.42E-18,-35.75E-18,-38.79E-18
4.812E6,-27.63E-18,-33.42E-18,-35.75E-18,-38.79E-18
4.813E6,-27.63E-18,-33.42E-18,-35.75E-18,-38.79E-18
4.814E6,-27.63E-18,-33.42E-18,-35.75E-18,-38.79E-18
4.815E6,-27.63E-18,-33.42E-18,-35.75E-18,-38.79E-18
4.816E6,-27.63E-18,-33.42E-18,-35.75E-18,-38.79E-18
4.817E6,-27.63E-18,-33.42E-18,-35.75E-18,-38.79E-18
4.818E6,-27.63E-18,-33.42E-18,-35.75E-18,-38.79E-18
4.819E6,-27.63E-18,-33.42E-18,-35.75E-18,-38.79E-18
4.820E6,-27.63E-18,-33.42E-18,-35.75E-18,-38.79E-18
4.821E6,-27.63E-18,-33.42E-18,-35.75E-18,-38.79E-18
4.822E6,-27.63E-18,-33.42E-18,-35.75E-18,-38.79E-18
4.823E6,-27.63E-18,-33.42E-18,-35.75E-18,-38.79E-18
4.824E6,-27.63E-18,-33.42E-18,-35.75E-18,-38.79E-18
4.825E6,-27.63E-18,-33.42E-18,-35.75E-18,-38.79E-18
4.826E6,-27.63E-18,-33.42E-18,-35.75E-18,-38.79E-18
4.827E6,-27.63E-18,-33.42E-18,-35.75E-18,-38.79E-18
4.828E6,-27.63E-18,-33.42E-18,-35.75E-18,-38.79E-18
4.829E6,-27.63E-18,-33.42E-18,-35.75E-18,-38.79E-18
4.830E6,-27.63E-18,-33.42E-18,-35.75E-18,-38.79E-18
4.831E6,-27.63E-18,-33.42E-18,-35.75E-18,-38.79E-18
4.832E6,-27.63E-18,-33.42E-18,-35.75E-18,-38.79E-18
4.833E6,-27.63E-18,-33.42E-18,-35.75E-18,-38.79E-18
4.834E6,-27.63E-18,-33.42E-18,-35.75E-18,-38.79E-18
4.835E6,-27.63E-18,-33.42E-18,-35.75E-18,-38.79E-18
4.836E6,-27.63E-18,-33.42E-18,-35.75E-18,-38.79E-18
4.837E6,-27.63E-18,-33.42E-18,-35.75E-18,-38.79E-18
4.838E6,-27.63E-18,-33.42E-18,-35.75E-18,-38.79E-18
4.839E6,-27.63E-18,-33.42E-18,-35.75E-18,-38.79E-18
4.840E6,-27.63E-18,-33.42E-18,-35.75E-18,-38.79E-18
4.841E6,-27.63E-18,-33.42E-18,-35.75E-18,-38.79E-18
4.842E6,-27.63E-18,-33.42E-18,-35.75E-18,-38.79E-18
4.843E6,-27.63E-18,-33.42E-18,-35.75E-18,-38.79E-18
4.844E6,-27.63E-18,-33.42E-18,-35.75E-18,-38.79E-18
4.845E6,-27.63E-18,-33.42E-18,-35.75E-18,-38.79E-18
4.846E6,-27.63E-18,-33.42E-18,-35.75E-18,-38.79E-18
4.847E6,-27.63E-18,-33.42E-18,-35.75E-18,-38.79E-18
4.848E6,-27.63E-18,-33.42E-18,-35.75E-18,-38.79E-18
4.849E6,-27.63E-18,-33.42E-18,-35.75E-18,-38.79E-18
4.850E6,-27.63E-18,-33.42E-18,-35.75E-18,-38.79E-18
4.851E6,-27.63E-18,-33.42E-18,-35.75E-18,-38.79E-18
4.852E6,-27.63E-18,-33.42E-18,-35.75E-18,-38.79E-18
4.853E6,-27.63E-18,-33.42E-18,-35.75E-18,-38.79E-18
4.854E6,-27.63E-18,-33.42E-18,-35.75E-18,-38.79E-18
4.855E6,-27.63E-18,-33.42E-18,-35.75E-18,-38.79E-18
4.856E6,-27.63E-18,-33.42E-18,-35.75E-18,-38.79E-18
4.857E6,-27.63E-18,-33.42E-18,-35.75E-18,-38.79E-18
4.858E6,-27.63E-18,-33.42E-18,-35.75E-18,-38.79E-18
4.859E6,-27.63E-18,-33.42E-18,-35.75E-18,-38.79E-18
4.860E6,-27.63E-18,-33.42E-18,-35.75E-18,-38.79E-18
4.861E6,-27.63E-18,-33.42E-18,-35.75E-18,-38.79E-18
4.862E6,-27.63E-18,-33.42E-18,-35.75E-18,-38.79E-18
4.863E6,-27.63E-18,-33.42E-18,-35.75E-18,-38.79E-18
4.864E6,-27.63E-18,-33.42E-18,-35.75E-18,-38.79E-18
4.865E6,-27.63E-18,-33.42E-18,-35.75E-18,-38.79E-18
4.866E6,-27.63E-18,-33.42E-18,-35.75E-18,-38.79E-18
4.867E6,-27.63E-18,-33.42E-18,-35.75E-18,-38.79E-18
4.868E6,-27.63E-18,-33.42E-18,-35.75E-18,-38.79E-18
4.869E6,-27.63E-18,-33.42E-18,-35.75E-18,-38.79E-18
4.870E6,-27.63E-18,-33.42E-18,-35.75E-18,-38.79E-18
4.871E6,-27.63E-18,-33.42E-18,-35.75E-18,-38.79E-18
4.872E6,-27.63E-18,-33.42E-18,-35.75E-18,-38.79E-18
4.873E6,-27.63E-18,-33.42E-18,-35.75E-18,-38.79E-18
4.874E6,-27.63E-18,-33.42E-18,-35.75E-18,-38.79E-18
4.875E6,-27.63E-18,-33.42E-18,-35.75E-18,-38.79E-18
4.876E6,-27.63E-18,-33.42E-18,-35.75E-18,-38.79E-18
4.877E6,-27.63E-18,-33.42E-18,-35.75E-18,-38.79E-18
4.878E6,-27.63E-18,-33.42E-18,-35.75E-18,-38.79E-18
4.879E6,-27.63E-18,-33.42E-18,-35.75E-18,-38.79E-18
4.880E6,-27.63E-18,-33.42E-18,-35.75E-18,-38.79E-18
4.881E6,-27.63E-18,-33.42E-18,-35.75E-18,-38.79E-18
4.882E6,-27.63E-18,-33.42E-18,-35.75E-18,-38.79E-18
4.883E6,-27.63E-18,-33.42E-18,-35.75E-18,-38.79E-18
4.884E6,-27.63E-18,-33.42E-18,-35.75E-18,-38.79E-18
4.885E6,-27.63E-18,-33.42E-18,-35.75E-18,-38.79E-18
4.886E6,-27.63E-18,-33.42E-18,-35.75E-18,-38.79E-18
4.887E6,-27.63E-18,-33.42E-18,-35.75E-18,-38.79E-18
4.888E6,-27.63E-18,-33.42E-18,-35.75E-18,-38.79E-18
4.889E6,-27.63E-18,-33.42E-18,-35.75E-18,-38.79E-18
4.890E6,-27.63E-18,-33.42E-18,-35.75E-18,-38.79E-18
4.891E6,-27.63E-18,-33.42E-18,-35.75E-18,-38.79E-18
4.892E6,-27.63E-18,-33.42E-18,-35.75E-18,-38.79E-18
4.893E6,-27.63E-18,-33.42E-18,-35.75E-18,-38.79E-18
4.894E6,-27.63E-18,-33.42E-18,-35.75E-18,-38.79E-18
4.895E6,-27.63E-18,-33.42E-18,-35.75E-18,-38.79E-18
4.896E6,-27.63E-18,-33.42E-18,-35.75E-18,-38.79E-18
4.897E6,-27.63E-18,-33.42E-18,-35.75E-18,-38.79E-18
4.898E6,-27.63E-18,-33.42E-18,-35.75E-18,-38.79E-18
4.899E6,-27.63E-18,-33.42E-18,-35.75E-18,-38.79E-18
4.900E6,-27.63E-18,-33.42E-18,-35.75E-18,-38.79E-18
4.901E6,-27.63E-18,-33.42E-18,-35.75E-18,-38.79E-18
4.902E6,-27.63E-18,-33.42E-18,-35.75E-18,-38.79E-18
4.903E6,-27.63E-18,-33.42E-18,-35.75E-18,-38.79E-18
4.904E6,-27.63E-18,-33.42E-18,-35.75E-18,-38.79E-18
4.905E6,-27.63E-18,-33.42E-18,-35.75E-18,-38.79E-18
4.906E6,-27.63E-18,-33.42E-18,-35.75E-18,-38.79E-18
4.907E6,-27.63E-18,-33.42E-18,-35.75E-18,-38.79E-18
4.908E6,-27.63E-18,-33.42E-18,-35.75E-18,-38.79E-18
4.909E6,-27.63E-18,-33.42E-18,-35.75E-18,-38.79E-18
4.910E6,-27.63E-18,-33.42E-18,-35.75E-18,-38.79E-18
4.911E6,-27.63E-18,-33.42E-18,-35.75E-18,-38.79E-18
4.912E6,-27.63E-18,-33.42E-18,-35.75E-18,-38.79E-18
4.913E6,-27.63E-18,-33.42E-18,-35.75E-18,-38.79E-18
4.914E6,-27.63E-18,-33.42E-18,-35.75E-18,-38.79E-18
4.915E6,-27.63E-18,-33.42E-18,-35.75E-18,-38.79E-18
4.916E6,-27.63E-18,-33.42E-18,-35.75E-18,-38.79E-18
4.917E6,-27.63E-18,-33.42E-18,-35.75E-18,-38.79E-18
4.918E6,-27.63E-18,-33.42E-18,-35.75E-18,-38.79E-18
4.919E6,-27.63E-18,-33.42E-18,-35.75E-18,-38.79E-18
4.920E6,-27.63E-18,-33.42E-18,-35.75E-18,-38.79E-18
4.921E6,-27.63E-18,-33.42E-18,-35.75E-18,-38.79E-18
4.922E6,-27.63E-18,-33.42E-18,-35.75E-18,-38.79E-18
4.923E6,-27.63E-18,-33.42E-18,-35.75E-18,-38.79E-18
4.924E6,-27.63E-18,-33.42E-18,-35.75E-18,-38.79E-18
4.925E6,-27.63E-18,-33.42E-18,-35.75E-18,-38.79E-18
4.926E6,-27.63E-18,-33.42E-18,-35.75E-18,-38.79E-18
4.927E6,-27.63E-18,-33.42E-18,-35.75E-18,-38.79E-18
4.928E6,-27.63E-18,-33.42E-18,-35.75E-18,-38.79E-18
4.929E6,-27.63E-18,-33.42E-18,-35.75E-18,-38.79E-18
4.930E6,-27.63E-18,-33.42E-18,-35.75E-18,-38.79E-18
4.931E6,-27.63E-18,-33.42E-18,-35.75E-18,-38.79E-18
4.932E6,-27.63E-18,-33.42E-18,-35.75E-18,-38.79E-18
4.933E6,-27.63E-18,-33.42E-18,-35.75E-18,-38.79E-18
4.934E6,-27.63E-18,-33.42E-18,-35.75E-18,-38.79E-18
4.935E6,-27.63E-18,-33.42E-18,-35.75E-18,-38.79E-18
4.936E6,-27.63E-18,-33.42E-18,-35.75E-18,-38.79E-18
4.937E6,-27.63E-18,-33.42E-18,-35.75E-18,-38.79E-18
4.938E6,-27.63E-18,-33.42E-18,-35.75E-18,-38.79E-18
4.939E6,-27.63E-18,-33.42E-18,-35.75E-18,-38.79E-18
4.940E6,-27.63E-18,-33.42E-18,-35.75E-18,-38.79E-18
4.941E6,-27.63E-18,-33.42E-18,-35.75E-18,-38.79E-18
4.942E6,-27.63E-18,-33.42E-18,-35.75E-18,-38.79E-18
4.943E6,-27.63E-18,-33.42E-18,-35.75E-18,-38.79E-18
4.944E6,-27.63E-18,-33.42E-18,-35.75E-18,-38.79E-18
4.945E6,-27.63E-18,-33.42E-18,-35.75E-18,-38.79E-18
4.946E6,-27.63E-18,-33.42E-18,-35.75E-18,-38.79E-18
4.947E6,-27.63E-18,-33.42E-18,-35.75E-18,-38.79E-18
4.948E6,-27.63E-18,-33.42E-18,-35.75E-18,-38.79E-18
4.949E6,-27.63E-18,-33.42E-18,-35.75E-18,-38.79E-18
4.950E6,-27.63E-18,-33.42E-18,-35.75E-18,-38.79E-18
4.951E6,-27.63E-18,-33.42E-18,-35.75E-18,-38.79E-18
4.952E6,-27.63E-18,-33.42E-18,-35.75E-18,-38.79E-18
4.953E6,-27.63E-18,-33.42E-18,-35.75E-18,-38.79E-18
4.954E6,-27.63E-18,-33.42E-18,-35.75E-18,-38.79E-18
4.955E6,-27.63E-18,-33.42E-18,-35.75E-18,-38.79E-18
4.956E6,-27.63E-18,-33.42E-18,-35.75E-18,-38.79E-18
4.957E6,-27.63E-18,-33.42E-18,-35.75E-18,-38.79E-18
4.958E6,-27.63E-18,-33.42E-18,-35.75E-18,-38.79E-18
4.959E6,-27.63E-18,-33.42E-18,-35.75E-18,-38.79E-18
4.960E6,-27.63E-18,-33.42E-18,-35.75E-18,-38.79E-18
4.961E6,-27.63E-18,-33.42E-18,-35.75E-18,-38.79E-18
4.962E6,-27.63E-18,-33.42E-18,-35.75E-18,-38.79E-18
4.963E6,-27.63E-18,-33.42E-18,-35.75E-18,-38.79E-18
4.964E6,-27.63E-18,-33.42E-18,-35.75E-18,-38.79E-18
4.965E6,-27.63E-18,-33.42E-18,-35.75E-18,-38.79E-18
4.966E6,-27.63E-18,-33.42E-18,-35.75E-18,-38.79E-18
4.967E6,-27.63E-18,-33.42E-18,-35.75E-18,-38.79E-18
4.968E6,-27.63E-18,-33.42E-18,-35.75E-18,-38.79E-18
4.969E6,-27.63E-18,-33.42E-18,-35.75E-18,-38.79E-18
4.970E6,-27.63E-18,-33.42E-18,-35.75E-18,-38.79E-18
4.971E6,-27.63E-18,-33.42E-18,-35.75E-18,-38.79E-18
4.972E6,-27.63E-18,-33.42E-18,-35.75E-18,-38.79E-18
4.973E6,-27.63E-18,-33.42E-18,-35.75E-18,-38.79E-18
4.974E6,-27.63E-18,-33.42E-18,-35.75E-18,-38.79E-18
4.975E6,-27.63E-18,-33.42E-18,-35.75E-18,-38.79E-18
4.976E6,-27.63E-18,-33.42E-18,-35.75E-18,-38.79E-18
4.977E6,-27.63E-18,-33.42E-18,-35.75E-18,-38.79E-18
4.978E6,-27.63E-18,-33.42E-18,-35.75E-18,-38.79E-18
4.979E6,-27.63E-18,-33.42E-18,-35.75E-18,-38.79E-18
4.980E6,-27.63E-18,-33.42E-18,-35.75E-18,-38.79E-18
4.981E6,-27.63E-18,-33.42E-18,-35.75E-18,-38.79E-18
4.982E6,-27.63E-18,-33.42E-18,-35.75E-18,-38.79E-18
4.983E6,-27.63E-18,-33.42E-18,-35.75E-18,-38.79E-18
4.984E6,-27.63E-18,-33.42E-18,-35.75E-18,-38.79E-18
4.985E6,-27.63E-18,-33.42E-18,-35.75E-18,-38.79E-18
4.986E6,-27.63E-18,-33.42E-18,-35.75E-18,-38.79E-18
4.987E6,-27.63E-18,-33.42E-18,-35.75E-18,-38.79E-18
4.988E6,-27.63E-18,-33.42E-18,-35.75E-18,-38.79E-18
4.989E6,-27.63E-18,-33.42E-18,-35.75E-18,-38.79E-18
4.990E6,-27.63E-18,-33.42E-18,-35.75E-18,-38.79E-18
4.991E6,-27.63E-18,-33.42E-18,-35.75E-18,-38.79E-18
4.992E6,-27.63E-18,-33.42E-18,-35.75E-18,-38.79E-18
4.993E6,-27.63E-18,-33.42E-18,-35.75E-18,-38.79E-18
4.994E6,-27.63E-18,-33.42E-18,-35.75E-18,-38.79E-18
4.995E6,-27.63E-18,-33.42E-18,-35.75E-18,-38.79E-18
4.996E6,-27.63E-18,-33.42E-18,-35.75E-18,-38.79E-18
4.997E6,-27.63E-18,-33.42E-18,-35.75E-18,-38.79E-18
4.998E6,-27.63E-18,-33.42E-18,-35.75E-18,-38.79E-18
4.999E6,-27.63E-18,-33.42E-18,-35.75E-18,-38.79E-18
5.000E6,-27.63E-18,-33.42E-18,-35.75E-18,-38.79E-18
5.001E6,-27.63E-18,-33.42E-18,-35.75E-18,-38.79E-18
5.002E6,-27.63E-18,-33.42E-18,-35.75E-18,-38.79E-18
5.003E6,-27.63E-18,-33.42E-18,-35.75E-18,-38.79E-18
5.004E6,-27.63E-18,-33.42E-18,-35.75E-18,-38.79E-18
5.005E6,-27.63E-18,-33.42E-18,-35.75E-18,-38.79E-18
5.006E6,-27.63E-18,-33.42E-18,-35.75E-18,-38.79E-18
5.007E6,-27.63E-18,-33.42E-18,-35.75E-18,-38.79E-18
5.008E6,-27.63E-18,-33.42E-18,-35.75E-18,-38.79E-18
5.009E6,-27.63E-18,-33.42E-18,-35.75E-18,-38.79E-18
5.010E6,-27.63E-18,-33.42E-18,-35.75E-18,-38.79E-18
5.011E6,-27.63E-18,-33.42E-18,-35.75E-18,-38.79E-18
5.012E6,-27.63E-18,-33.42E-18,-35.75E-18,-38.79E-18
5.013E6,-27.63E-18,-33.42E-18,-35.75E-18,-38.79E-18
5.014E6,-27.63E-18,-33.42E-18,-35.75E-18,-38.79E-18
5.015E6,-27.63E-18,-33.42E-18,-35.75E-18,-38.79E-18
5.016E6,-27.63E-18,-33.42E-18,-35.75E-18,-38.79E-18
5.017E6,-27.63E-18,-33.42E-18,-35.75E-18,-38.79E-18
5.018E6,-27.63E-18,-33.42E-18,-35.75E-18,-38.79E-18
5.019E6,-27.63E-18,-33.42E-18,-35.75E-18,-38.79E-18
5.020E6,-27.63E-18,-33.42E-18,-35.75E-18,-38.79E-18
5.021E6,-27.63E-18,-33.42E-18,-35.75E-18,-38.79E-18
5.022E6,-27.63E-18,-33.42E-18,-35.75E-18,-38.79E-18
5.023E6,-27.63E-18,-33.42E-18,-35.75E-18,-38.79E-18
5.024E6,-27.63E-18,-33.42E-18,-35.75E-18,-38.79E-18
5.025E6,-27.63E-18,-33.42E-18,-35.75E-18,-38.79E-18
5.026E6,-27.63E-18,-33.42E-18,-35.75E-18,-38.79E-18
5.027E6,-27.63E-18,-33.42E-18,-35.75E-18,-38.79E-18
5.028E6,-27.63E-18,-33.42E-18,-35.75E-18,-38.79E-18
5.029E6,-27.63E-18,-33.42E-18,-35.75E-18,-38.79E-18
5.030E6,-27.63E-18,-33.42E-18,-35.75E-18,-38.79E-18
5.031E6,-27.63E-18,-33.42E-18,-35.75E-18,-38.79E-18
5.032E6,-27.63E-18,-33.42E-18,-35.75E-18,-38.79E-18
5.033E6,-27.63E-18,-33.42E-18,-35.75E-18,-38.79E-18
5.034E6,-27.63E-18,-33.42E-18,-35.75E-18,-38.79E-18
5.035E6,-27.63E-18,-33.42E-18,-35.75E-18,-38.79E-18
5.036E6,-27.63E-18,-33.42E-18,-35.75E-18,-38.79E-18
5.037E6,-27.63E-18,-33.42E-18,-35.75E-18,-38.79E-18
5.038E6,-27.63E-18,-33.42E-18,-35.75E-18,-38.79E-18
5.039E6,-27.63E-18,-33.42E-18,-35.75E-18,-38.79E-18
5.040E6,-27.63E-18,-33.42E-18,-35.75E-18,-38.79E-18
5.041E6,-27.63E-18,-33.42E-18,-35.75E-18,-38.79E-18
5.042E6,-27.63E-18,-33.42E-18,-35.75E-18,-38.79E-18
5.043E6,-27.63E-18,-33.42E-18,-35.75E-18,-38.79E-18
5.044E6,-27.63E-18,-33.42E-18,-35.75E-18,-38.79E-18
5.045E6,-27.63E-18,-33.42E-18,-35.75E-18,-38.79E-18
5.046E6,-27.63E-18,-33.42E-18,-35.75E-18,-38.79E-18
5.047E6,-27.63E-18,-33.42E-18,-35.75E-18,-38.79E-18
5.048E6,-27.63E-18,-33.42E-18,-35.75E-18,-38.79E-18
5.049E6,-27.63E-18,-33.42E-18,-35.75E-18,-38.79E-18
5.050E6,-27.63E-18,-33.42E-18,-35.75E-18,-38.79E-18
5.051E6,-27.63E-18,-33.42E-18,-35.75E-18,-38.79E-18
5.052E6,-27.63E-18,-33.42E-18,-35.75E-18,-38.79E-18
5.053E6,-27.63E-18,-33.42E-18,-35.75E-18,-38.79E-18
5.054E6,-27.63E-18,-33.42E-18,-35.75E-18,-38.79E-18
5.055E6,-27.63E-18,-33.42E-18,-35.75E-18,-38.79E-18
5.056E6,-27.63E-18,-33.42E-18,-35.75E-18,-38.79E-18
5.057E6,-27.63E-18,-33.42E-18,-35.75E-18,-38.79E-18
5.058E6,-27.63E-18,-33.42E-18,-35.75E-18,-38.79E-18
5.059E6,-27.63E-18,-33.42E-18,-35.75E-18,-38.79E-18
5.060E6,-27.63E-18,-33.42E-18,-35.75E-18,-38.79E-18
5.061E6,-27.63E-18,-33.42E-18,-35.75E-18,-38.79E-18
5.062E6,-27.63E-18,-33.42E-18,-35.75E-18,-38.79E-18
5.063E6,-27.63E-18,-33.42E-18,-35.75E-18,-38.79E-18
5.064E6,-27.63E-18,-33.42E-18,-35.75E-18,-38.79E-18
5.065E6,-27.63E-18,-33.42E-18,-35.75E-18,-38.79E-18
5.066E6,-27.63E-18,-33.42E-18,-35.75E-18,-38.79E-18
5.067E6,-27.63E-18,-33.42E-18,-35.75E-18,-38.79E-18
5.068E6,-27.63E-18,-33.42E-18,-35.75E-18,-38.79E-18
5.069E6,-27.63E-18,-33.42E-18,-35.75E-18,-38.79E-18
5.070E6,-27.63E-18,-33.42E-18,-35.75E-18,-38.79E-18
5.071E6,-27.63E-18,-33.42E-18,-35.75E-18,-38.79E-18
5.072E6,-27.63E-18,-33.42E-18,-35.75E-18,-38.79E-18
5.073E6,-27.63E-18,-33.42E-18,-35.75E-18,-38.79E-18
5.074E6,-27.63E-18,-33.42E-18,-35.75E-18,-38.79E-18
5.075E6,-27.63E-18,-33.42E-18,-35.75E-18,-38.79E-18
5.076E6,-27.63E-18,-33.42E-18,-35.75E-18,-38.79E-18
5.077E6,-27.63E-18,-33.42E-18,-35.75E-18,-38.79E-18
5.078E6,-27.63E-18,-33.42E-18,-35.75E-18,-38.79E-18
5.079E6,-27.63E-18,-33.42E-18,-35.75E-18,-38.79E-18
5.080E6,-27.63E-18,-33.42E-18,-35.75E-18,-38.79E-18
5.081E6,-27.63E-18,-33.42E-18,-35.75E-18,-38.79E-18
5.082E6,-27.63E-18,-33.42E-18,-35.75E-18,-38.79E-18
5.083E6,-27.63E-18,-33.42E-18,-35.75E-18,-38.79E-18
5.084E6,-27.63E-18,-33.42E-18,-35.75E-18,-38.79E-18
5.085E6,-27.63E-18,-33.42E-18,-35.75E-18,-38.79E-18
5.086E6,-27.63E-18,-33.42E-18,-35.75E-18,-38.79E-18
5.087E6,-27.63E-18,-33.42E-18,-35.75E-18,-38.79E-18
5.088E6,-27.63E-18,-33.42E-18,-35.75E-18,-38.79E-18
5.089E6,-27.63E-18,-33.42E-18,-35.75E-18,-38.79E-18
5.090E6,-27.63E-18,-33.42E-18,-35.75E-18,-38.79E-18
5.091E6,-27.63E-18,-33.42E-18,-35.75E-18,-38.79E-18
5.092E6,-27.63E-18,-33.42E-18,-35.75E-18,-38.79E-18
5.093E6,-27.63E-18,-33.42E-18,-35.75E-18,-38.79E-18
5.094E6,-27.63E-18,-33.42E-18,-35.75E-18,-38.79E-18
5.095E6,-27.63E-18,-33.42E-18,-35.75E-18,-38.79E-18
5.096E6,-27.63E-18,-33.42E-18,-35.75E-18,-38.79E-18
5.097E6,-27.63E-18,-33.42E-18,-35.75E-18,-38.79E-18
5.098E6,-27.63E-18,-33.42E-18,-35.75E-18,-38.79E-18
5.099E6,-27.63E-18,-33.42E-18,-35.75E-18,-38.79E-18
5.100E6,-27.63E-18,-33.42E-18,-35.75E-18,-38.79E-18
5.101E6,-27.63E-18,-33.42E-18,-35.75E-18,-38.79E-18
5.102E6,-27.63E-18,-33.42E-18,-35.75E-18,-38.79E-18
5.103E6,-27.63E-18,-33.42E-18,-35.75E-18,-38.79E-18
5.104E6,-27.63E-18,-33.42E-18,-35.75E-18,-38.79E-18
5.105E6,-27.63E-18,-33.42E-18,-35.75E-18,-38.79E-18
5.106E6,-27.63E-18,-33.42E-18,-35.75E-18,-38.79E-18
5.107E6,-27.63E-18,-33.42E-18,-35.75E-18,-38.79E-18
5.108E6,-27.63E-18,-33.42E-18,-35.75E-18,-38.79E-18
5.109E6,-27.63E-18,-33.42E-18,-35.75E-18,-38.79E-18
5.110E6,-27.63E-18,-33.42E-18,-35.75E-18,-38.79E-18
5.111E6,-27.63E-18,-33.42E-18,-35.75E-18,-38.79E-18
5.112E6,-27.63E-18,-33.42E-18,-35.75E-18,-38.79E-18
5.113E6,-27.63E-18,-33.42E-18,-35.75E-18,-38.79E-18
5.114E6,-27.63E-18,-33.42E-18,-35.75E-18,-38.79E-18
5.115E6,-27.63E-18,-33.42E-18,-35.75E-18,-38.79E-18
5.116E6,-27.63E-18,-33.42E-18,-35.75E-18,-38.79E-18
5.117E6,-27.63E-18,-33.42E-18,-35.75E-18,-38.79E-18
5.118E6,-27.63E-18,-33.42E-18,-35.75E-18,-38.79E-18
5.119E6,-27.63E-18,-33.42E-18,-35.75E-18,-38.79E-18
5.120E6,-27.63E-18,-33.42E-18,-35.75E-18,-38.79E-18
5.121E6,-27.63E-18,-33.42E-18,-35.75E-18,-38.79E-18
5.122E6,-27.63E-18,-33.42E-18,-35.75E-18,-38.79E-18
5.123E6,-27.63E-18,-33.42E-18,-35.75E-18,-38.79E-18
5.124E6,-27.63E-18,-33.42E-18,-35.75E-18,-38.79E-18
5.125E6,-27.63E-18,-33.42E-18,-35.75E-18,-38.79E-18
5.126E6,-27.63E-18,-33.42E-18,-35.75E-18,-38.79E-18
5.127E6,-27.63E-18,-33.42E-18,-35.75E-18,-38.79E-18
5.128E6,-27.63E-18,-33.42E-18,-35.75E-18,-38.79E-18
5.129E6,-27.63E-18,-33.42E-18,-35.75E-18,-38.79E-18
5.130E6,-27.63E-18,-33.42E-18,-35.75E-18,-38.79E-18
5.131E6,-27.63E-18,-33.42E-18,-35.75E-18,-38.79E-18
5.132E6,-27.63E-18,-33.42E-18,-35.75E-18,-38.79E-18
5.133E6,-27.63E-18,-33.42E-18,-35.75E-18,-38.79E-18
5.134E6,-27.63E-18,-33.42E-18,-35.75E-18,-38.79E-18
5.135E6,-27.63E-18,-33.42E-18,-35.75E-18,-38.79E-18
5.136E6,-27.63E-18,-33.42E-18,-35.75E-18,-38.79E-18
5.137E6,-27.63E-18,-33.42E-18,-35.75E-18,-38.79E-18
5.138E6,-27.63E-18,-33.42E-18,-35.75E-18,-38.79E-18
5.139E6,-27.63E-18,-33.42E-18,-35.75E-18,-38.79E-18
5.140E6,-27.63E-18,-33.42E-18,-35.75E-18,-38.79E-18
5.141E6,-27.63E-18,-33.42E-18,-35.75E-18,-38.79E-18
5.142E6,-27.63E-18,-33.42E-18,-35.75E-18,-38.79E-18
5.143E6,-27.63E-18,-33.42E-18,-35.75E-18,-38.79E-18
5.144E6,-27.63E-18,-33.42E-18,-35.75E-18,-38.79E-18
5.145E6,-27.63E-18,-33.42E-18,-35.75E-18,-38.79E-18
5.146E6,-27.63E-18,-33.42E-18,-35.75E-18,-38.79E-18
5.147E6,-27.63E-18,-33.42E-18,-35.75E-18,-38.79E-18
5.148E6,-27.63E-18,-33.42E-18,-35.75E-18,-38.79E-18
5.149E6,-27.63E-18,-33.42E-18,-35.75E-18,-38.79E-18
5.150E6,-27.63E-18,-33.42E-18,-35.75E-18,-38.79E-18
5.151E6,-27.63E-18,-33.42E-18,-35.75E-18,-38.79E-18
5.152E6,-27.63E-18,-33.42E-18,-35.75E-18,-38.79E-18
5.153E6,-27.63E-18,-33.42E-18,-35.75E-18,-38.79E-18
5.154E6,-27.63E-18,-33.42E-18,-35.75E-18,-38.79E-18
5.155E6,-27.63E-18,-33.42E-18,-35.75E-18,-38.79E-18
5.156E6,-27.63E-18,-33.42E-18,-35.75E-18,-38.79E-18
5.157E6,-27.63E-18,-33.42E-18,-35.75E-18,-38.79E-18
5.158E6,-27.63E-18,-33.42E-18,-35.75E-18,-38.79E-18
5.159E6,-27.63E-18,-33.42E-18,-35.75E-18,-38.79E-18
5.160E6,-27.63E-18,-33.42E-18,-35.75E-18,-38.79E-18
5.161E6,-27.63E-18,-33.42E-18,-35.75E-18,-38.79E-18
5.162E6,-27.63E-18,-33.42E-18,-35.75E-18,-38.79E-18
5.163E6,-27.63E-18,-33.42E-18,-35.75E-18,-38.79E-18
5.164E6,-27.63E-18,-33.42E-18,-35.75E-18,-38.79E-18
5.165E6,-27.63E-18,-33.42E-18,-35.75E-18,-38.79E-18
5.166E6,-27.63E-18,-33.42E-18,-35.75E-18,-38.79E-18
5.167E6,-27.63E-18,-33.42E-18,-35.75E-18,-38.79E-18
5.168E6,-27.63E-18,-33.42E-18,-35.75E-18,-38.79E-18
5.169E6,-27.63E-18,-33.42E-18,-35.75E-18,-38.79E-18
5.170E6,-27.63E-18,-33.42E-18,-35.75E-18,-38.79E-18
5.171E6,-27.63E-18,-33.42E-18,-35.75E-18,-38.79E-18
5.172E6,-27.63E-18,-33.42E-18,-35.75E-18,-38.79E-18
5.173E6,-27.63E-18,-33.42E-18,-35.75E-18,-38.79E-18
5.174E6,-27.63E-18,-33.42E-18,-35.75E-18,-38.79E-18
5.175E6,-27.63E-18,-33.42E-18,-35.75E-18,-38.79E-18
5.176E6,-27.63E-18,-33.42E-18,-35.75E-18,-38.79E-18
5.177E6,-27.63E-18,-33.42E-18,-35.75E-18,-38.79E-18
5.178E6,-27.63E-18,-33.42E-18,-35.75E-18,-38.79E-18
5.179E6,-27.63E-18,-33.42E-18,-35.75E-18,-38.79E-18
5.180E6,-27.63E-18,-33.42E-18,-35.75E-18,-38.79E-18
5.181E6,-27.63E-18,-33.42E-18,-35.75E-18,-38.79E-18
5.182E6,-27.63E-18,-33.42E-18,-35.75E-18,-38.79E-18
5.183E6,-27.63E-18,-33.42E-18,-35.75E-18,-38.79E-18
5.184E6,-27.63E-18,-33.42E-18,-35.75E-18,-38.79E-18
5.185E6,-27.63E-18,-33.42E-18,-35.75E-18,-38.79E-18
5.186E6,-27.63E-18,-33.42E-18,-35.75E-18,-38.79E-18
5.187E6,-27.63E-18,-33.42E-18,-35.75E-18,-38.79E-18
5.188E6,-27.63E-18,-33.42E-18,-35.75E-18,-38.79E-18
5.189E6,-27.63E-18,-33.42E-18,-35.75E-18,-38.79E-18
5.190E6,-27.63E-18,-33.42E-18,-35.75E-18,-38.79E-18
5.191E6,-27.63E-18,-33.42E-18,-35.75E-18,-38.79E-18
5.192E6,-27.63E-18,-33.42E-18,-35.75E-18,-38.79E-18
5.193E6,-27.63E-18,-33.42E-18,-35.75E-18,-38.79E-18
5.194E6,-27.63E-18,-33.42E-18,-35.75E-18,-38.79E-18
5.195E6,-27.63E-18,-33.42E-18,-35.75E-18,-38.79E-18
5.196E6,-27.63E-18,-33.42E-18,-35.75E-18,-38.79E-18
5.197E6,-27.63E-18,-33.42E-18,-35.75E-18,-38.79E-18
5.198E6,-27.63E-18,-33.42E-18,-35.75E-18,-38.79E-18
5.199E6,-27.63E-18,-33.42E-18,-35.75E-18,-38.79E-18
5.200E6,-27.63E-18,-33.42E-18,-35.75E-18,-38.79E-18
5.201E6,-27.63E-18,-33.42E-18,-35.75E-18,-38.79E-18
5.202E6,-27.63E-18,-33.42E-18,-35.75E-18,-38.79E-18
5.203E6,-27.63E-18,-33.42E-18,-35.75E-18,-38.79E-18
5.204E6,-27.63E-18,-33.42E-18,-35.75E-18,-38.79E-18
5.205E6,-27.63E-18,-33.42E-18,-35.75E-18,-38.79E-18
5.206E6,-27.63E-18,-33.42E-18,-35.75E-18,-38.79E-18
5.207E6,-27.63E-18,-33.42E-18,-35.75E-18,-38.79E-18
5.208E6,-27.63E-18,-33.42E-18,-35.75E-18,-38.79E-18
5.209E6,-27.63E-18,-33.42E-18,-35.75E-18,-38.79E-18
5.210E6,-27.63E-18,-33.42E-18,-35.75E-18,-38.79E-18
5.211E6,-27.63E-18,-33.42E-18,-35.75E-18,-38.79E-18
5.212E6,-27.63E-18,-33.42E-18,-35.75E-18,-38.79E-18
5.213E6,-27.63E-18,-33.42E-18,-35.75E-18,-38.79E-18
5.214E6,-27.63E-18,-33.42E-18,-35.75E-18,-38.79E-18
5.215E6,-27.63E-18,-33.42E-18,-35.75E-18,-38.79E-18
5.216E6,-27.63E-18,-33.42E-18,-35.75E-18,-38.79E-18
5.217E6,-27.63E-18,-33.42E-18,-35.75E-18,-38.79E-18
5.218E6,-27.63E-18,-33.42E-18,-35.75E-18,-38.79E-18
5.219E6,-27.63E-18,-33.42E-18,-35.75E-18,-38.79E-18
5.220E6,-27.63E-18,-33.42E-18,-35.75E-18,-38.79E-18
5.221E6,-27.63E-18,-33.42E-18,-35.75E-18,-38.79E-18
5.222E6,-27.63E-18,-33.42E-18,-35.75E-18,-38.79E-18
5.223E6,-27.63E-18,-33.42E-18,-35.75E-18,-38.79E-18
5.224E6,-27.63E-18,-33.42E-18,-35.75E-18,-38.79E-18
5.225E6,-27.63E-18,-33.42E-18,-35.75E-18,-38.79E-18
5.226E6,-27.63E-18,-33.42E-18,-35.75E-18,-38.79E-18
5.227E6,-27.63E-18,-33.42E-18,-35.75E-18,-38.79E-18
5.228E6,-27.63E-18,-33.42E-18,-35.75E-18,-38.79E-18
5.229E6,-27.63E-18,-33.42E-18,-35.75E-18,-38.79E-18
5.230E6,-27.63E-18,-33.42E-18,-35.75E-18,-38.79E-18
5.231E6,-27.63E-18,-33.42E-18,-35.75E-18,-38.79E-18
5.232E6,-27.63E-18,-33.42E-18,-35.75E-18,-38.79E-18
5.233E6,-27.63E-18,-33.42E-18,-35.75E-18,-38.79E-18
5.234E6,-27.63E-18,-33.42E-18,-35.75E-18,-38.79E-18
5.235E6,-27.63E-18,-33.42E-18,-35.75E-18,-38.79E-18
5.236E6,-27.63E-18,-33.42E-18,-35.75E-18,-38.79E-18
5.237E6,-27.63E-18,-33.42E-18,-35.75E-18,-38.79E-18
5.238E6,-27.63E-18,-33.42E-18,-35.75E-18,-38.79E-18
5.239E6,-27.63E-18,-33.42E-18,-35.75E-18,-38.79E-18
5.240E6,-27.63E-18,-33.42E-18,-35.75E-18,-38.79E-18
5.241E6,-27.63E-18,-33.42E-18,-35.75E-18,-38.79E-18
5.242E6,-27.63E-18,-33.42E-18,-35.75E-18,-38.79E-18
5.243E6,-27.63E-18,-33.42E-18,-35.75E-18,-38.79E-18
5.244E6,-27.63E-18,-33.42E-18,-35.75E-18,-38.79E-18
5.245E6,-27.63E-18,-33.42E-18,-35.75E-18,-38.79E-18
5.246E6,-27.63E-18,-33.42E-18,-35.75E-18,-38.79E-18
5.247E6,-27.63E-18,-33.42E-18,-35.75E-18,-38.79E-18
5.248E6,-27.63E-18,-33.42E-18,-35.75E-18,-38.79E-18
5.249E6,-27.63E-18,-33.42E-18,-35.75E-18,-38.79E-18
5.250E6,-27.63E-18,-33.42E-18,-35.75E-18,-38.79E-18
5.251E6,-27.63E-18,-33.42E-18,-35.75E-18,-38.79E-18
5.252E6,-27.63E-18,-33.42E-18,-35.75E-18,-38.79E-18
5.253E6,-27.63E-18,-33.42E-18,-35.75E-18,-38.79E-18
5.254E6,-27.63E-18,-33.42E-18,-35.75E-18,-38.79E-18
5.255E6,-27.63E-18,-33.42E-18,-35.75E-18,-38.79E-18
5.256E6,-27.63E-18,-33.42E-18,-35.75E-18,-38.79E-18
5.257E6,-27.63E-18,-33.42E-18,-35.75E-18,-38.79E-18
5.258E6,-27.63E-18,-33.42E-18,-35.75E-18,-38.79E-18
5.259E6,-27.63E-18,-33.42E-18,-35.75E-18,-38.79E-18
5.260E6,-27.63E-18,-33.42E-18,-35.75E-18,-38.79E-18
5.261E6,-27.63E-18,-33.42E-18,-35.75E-18,-38.79E-18
5.262E6,-27.63E-18,-33.42E-18,-35.75E-18,-38.79E-18
5.263E6,-27.63E-18,-33.42E-18,-35.75E-18,-38.79E-18
5.264E6,-27.63E-18,-33.42E-18,-35.75E-18,-38.79E-18
5.265E6,-27.63E-18,-33.42E-18,-35.75E-18,-38.79E-18
5.266E6,-27.63E-18,-33.42E-18,-35.75E-18,-38.79E-18
5.267E6,-27.63E-18,-33.42E-18,-35.75E-18,-38.79E-18
5.268E6,-27.63E-18,-33.42E-18,-35.75E-18,-38.79E-18
5.269E6,-27.63E-18,-33.42E-18,-35.75E-18,-38.79E-18
5.270E6,-27.63E-18,-33.42E-18,-35.75E-18,-38.79E-18
5.271E6,-27.63E-18,-33.42E-18,-35.75E-18,-38.79E-18
5.272E6,-27.63E-18,-33.42E-18,-35.75E-18,-38.79E-18
5.273E6,-27.63E-18,-33.42E-18,-35.75E-18,-38.79E-18
5.274E6,-27.63E-18,-33.42E-18,-35.75E-18,-38.79E-18
5.275E6,-27.63E-18,-33.42E-18,-35.75E-18,-38.79E-18
5.276E6,-27.63E-18,-33.42E-18,-35.75E-18,-38.79E-18
5.277E6,-27.63E-18,-33.42E-18,-35.75E-18,-38.79E-18
5.278E6,-27.63E-18,-33.42E-18,-35.75E-18,-38.79E-18
5.279E6,-27.63E-18,-33.42E-18,-35.75E-18,-38.79E-18
5.280E6,-27.63E-18,-33.42E-18,-35.75E-18,-38.79E-18
5.281E6,-27.63E-18,-33.42E-18,-35.75E-18,-38.79E-18
5.282E6,-27.63E-18,-33.42E-18,-35.75E-18,-38.79E-18
5.283E6,-27.63E-18,-33.42E-18,-35.75E-18,-38.79E-18
5.284E6,-27.63E-18,-33.42E-18,-35.75E-18,-38.79E-18
5.285E6,-27.63E-18,-33.42E-18,-35.75E-18,-38.79E-18
5.286E6,-27.63E-18,-33.42E-18,-35.75E-18,-38.79E-18
5.287E6,-27.63E-18,-33.42E-18,-35.75E-18,-38.79E-18
5.288E6,-27.63E-18,-33.42E-18,-35.75E-18,-38.79E-18
5.289E6,-27.63E-18,-33.42E-18,-35.75E-18,-38.79E-18
5.290E6,-27.63E-18,-33.42E-18,-35.75E-18,-38.79E-18
5.291E6,-27.63E-18,-33.42E-18,-35.75E-18,-38.79E-18
5.292E6,-27.63E-18,-33.42E-18,-35.75E-18,-38.79E-18
5.293E6,-27.63E-18,-33.42E-18,-35.75E-18,-38.79E-18
5.294E6,-27.63E-18,-33.42E-18,-35.75E-18,-38.79E-18
5.295E6,-27.63E-18,-33.42E-18,-35.75E-18,-38.79E-18
5.296E6,-27.63E-18,-33.42E-18,-35.75E-18,-38.79E-18
5.297E6,-27.63E-18,-33.42E-18,-35.75E-18,-38.79E-18
5.298E6,-27.63E-18,-33.42E-18,-35.75E-18,-38.79E-18
5.299E6,-27.63E-18,-33.42E-18,-35.75E-18,-38.79E-18
5.300E6,-27.63E-18,-33.42E-18,-35.75E-18,-38.79E-18
5.301E6,-27.63E-18,-33.42E-18,-35.75E-18,-38.79E-18
5.302E6,-27.63E-18,-33.42E-18,-35.75E-18,-38.79E-18
5.303E6,-27.63E-18,-33.42E-18,-35.75E-18,-38.79E-18
5.304E6,-27.63E-18,-33.42E-18,-35.75E-18,-38.79E-18
5.305E6,-27.63E-18,-33.42E-18,-35.75E-18,-38.79E-18
5.306E6,-27.63E-18,-33.42E-18,-35.75E-18,-38.79E-18
5.307E6,-27.63E-18,-33.42E-18,-35.75E-18,-38.79E-18
5.308E6,-27.63E-18,-33.42E-18,-35.75E-18,-38.79E-18
5.309E6,-27.63E-18,-33.42E-18,-35.75E-18,-38.79E-18
5.310E6,-27.63E-18,-33.42E-18,-35.75E-18,-38.79E-18
5.311E6,-27.63E-18,-33.42E-18,-35.75E-18,-38.79E-18
5.312E6,-27.63E-18,-33.42E-18,-35.75E-18,-38.79E-18
5.313E6,-27.63E-18,-33.42E-18,-35.75E-18,-38.79E-18
5.314E6,-27.63E-18,-33.42E-18,-35.75E-18,-38.79E-18
5.315E6,-27.63E-18,-33.42E-18,-35.75E-18,-38.79E-18
5.316E6,-27.63E-18,-33.42E-18,-35.75E-18,-38.79E-18
5.317E6,-27.63E-18,-33.42E-18,-35.75E-18,-38.79E-18
5.318E6,-27.63E-18,-33.42E-18,-35.75E-18,-38.79E-18
5.319E6,-27.63E-18,-33.42E-18,-35.75E-18,-38.79E-18
5.320E6,-27.63E-18,-33.42E-18,-35.75E-18,-38.79E-18
5.321E6,-27.63E-18,-33.42E-18,-35.75E-18,-38.79E-18
5.322E6,-27.63E-18,-33.42E-18,-35.75E-18,-38.79E-18
5.323E6,-27.63E-18,-33.42E-18,-35.75E-18,-38.79E-18
5.324E6,-27.63E-18,-33.42E-18,-35.75E-18,-38.79E-18
5.325E6,-27.63E-18,-33.42E-18,-35.75E-18,-38.79E-18
5.326E6,-27.63E-18,-33.42E-18,-35.75E-18,-38.79E-18
5.327E6,-27.63E-18,-33.42E-18,-35.75E-18,-38.79E-18
5.328E6,-27.63E-18,-33.42E-18,-35.75E-18,-38.79E-18
5.329E6,-27.63E-18,-33.42E-18,-35.75E-18,-38.79E-18
5.330E6,-27.63E-18,-33.42E-18,-35.75E-18,-38.79E-18
5.331E6,-27.63E-18,-33.42E-18,-35.75E-18,-38.79E-18
5.332E6,-27.63E-18,-33.42E-18,-35.75E-18,-38.79E-18
5.333E6,-27.63E-18,-33.42E-18,-35.75E-18,-38.79E-18
5.334E6,-27.63E-18,-33.42E-18,-35.75E-18,-38.79E-18
5.335E6,-27.63E-18,-33.42E-18,-35.75E-18,-38.79E-18
5.336E6,-27.63E-18,-33.42E-18,-35.75E-18,-38.79E-18
5.337E6,-27.63E-18,-33.42E-18,-35.75E-18,-38.79E-18
5.338E6,-27.63E-18,-33.42E-18,-35.75E-18,-38.79E-18
5.339E6,-27.63E-18,-33.42E-18,-35.75E-18,-38.79E-18
5.340E6,-27.63E-18,-33.42E-18,-35.75E-18,-38.79E-18
5.341E6,-27.63E-18,-33.42E-18,-35.75E-18,-38.79E-18
5.342E6,-27.63E-18,-33.42E-18,-35.75E-18,-38.79E-18
5.343E6,-27.63E-18,-33.42E-18,-35.75E-18,-38.79E-18
5.344E6,-27.63E-18,-33.42E-18,-35.75E-18,-38.79E-18
5.345E6,-27.63E-18,-33.42E-18,-35.75E-18,-38.79E-18
5.346E6,-27.63E-18,-33.42E-18,-35.75E-18,-38.79E-18
5.347E6,-27.63E-18,-33.42E-18,-35.75E-18,-38.79E-18
5.348E6,-27.63E-18,-33.42E-18,-35.75E-18,-38.79E-18
5.349E6,-27.63E-18,-33.42E-18,-35.75E-18,-38.79E-18
5.350E6,-27.63E-18,-33.42E-18,-35.75E-18,-38.79E-18
5.351E6,-27.63E-18,-33.42E-18,-35.75E-18,-38.79E-18
5.352E6,-27.63E-18,-33.42E-18,-35.75E-18,-38.79E-18
5.353E6,-27.63E-18,-33.42E-18,-35.75E-18,-38.79E-18
5.354E6,-27.63E-18,-33.42E-18,-35.75E-18,-38.79E-18
5.355E6,-27.63E-18,-33.42E-18,-35.75E-18,-38.79E-18
5.356E6,-27.63E-18,-33.42E-18,-35.75E-18,-38.79E-18
5.357E6,-27.63E-18,-33.42E-18,-35.75E-18,-38.79E-18
5.358E6,-27.63E-18,-33.42E-18,-35.75E-18,-38.79E-18
5.359E6,-27.63E-18,-33.42E-18,-35.75E-18,-38.79E-18
5.360E6,-27.63E-18,-33.42E-18,-35.75E-18,-38.79E-18
5.361E6,-27.63E-18,-33.42E-18,-35.75E-18,-38.79E-18
5.362E6,-27.63E-18,-33.42E-18,-35.75E-18,-38.79E-18
5.363E6,-27.63E-18,-33.42E-18,-35.75E-18,-38.79E-18
5.364E6,-27.63E-18,-33.42E-18,-35.75E-18,-38.79E-18
5.365E6,-27.63E-18,-33.42E-18,-35.75E-18,-38.79E-18
5.366E6,-27.63E-18,-33.42E-18,-35.75E-18,-38.79E-18
5.367E6,-27.63E-18,-33.42E-18,-35.75E-18,-38.79E-18
5.368E6,-27.63E-18,-33.42E-18,-35.75E-18,-38.79E-18
5.369E6,-27.63E-18,-33.42E-18,-35.75E-18,-38.79E-18
5.370E6,-27.63E-18,-33.42E-18,-35.75E-18,-38.79E-18
5.371E6,-27.63E-18,-33.42E-18,-35.75E-18,-38.79E-18
5.372E6,-27.63E-18,-33.42E-18,-35.75E-18,-38.79E-18
5.373E6,-27.63E-18,-33.42E-18,-35.75E-18,-38.79E-18
5.374E6,-27.63E-18,-33.42E-18,-35.75E-18,-38.79E-18
5.375E6,-27.63E-18,-33.42E-18,-35.75E-18,-38.79E-18
5.376E6,-27.63E-18,-33.42E-18,-35.75E-18,-38.79E-18
5.377E6,-27.63E-18,-33.42E-18,-35.75E-18,-38.79E-18
5.378E6,-27.63E-18,-33.42E-18,-35.75E-18,-38.79E-18
5.379E6,-27.63E-18,-33.42E-18,-35.75E-18,-38.79E-18
5.380E6,-27.63E-18,-33.42E-18,-35.75E-18,-38.79E-18
5.381E6,-27.63E-18,-33.42E-18,-35.75E-18,-38.79E-18
5.382E6,-27.63E-18,-33.42E-18,-35.75E-18,-38.79E-18
5.383E6,-27.63E-18,-33.42E-18,-35.75E-18,-38.79E-18
5.384E6,-27.63E-18,-33.42E-18,-35.75E-18,-38.79E-18
5.385E6,-27.63E-18,-33.42E-18,-35.75E-18,-38.79E-18
5.386E6,-27.63E-18,-33.42E-18,-35.75E-18,-38.79E-18
5.387E6,-27.63E-18,-33.42E-18,-35.75E-18,-38.79E-18
5.388E6,-27.63E-18,-33.42E-18,-35.75E-18,-38.79E-18
5.389E6,-27.63E-18,-33.42E-18,-35.75E-18,-38.79E-18
5.390E6,-27.63E-18,-33.42E-18,-35.75E-18,-38.79E-18
5.391E6,-27.63E-18,-33.42E-18,-35.75E-18,-38.79E-18
5.392E6,-27.63E-18,-33.42E-18,-35.75E-18,-38.79E-18
5.393E6,-27.63E-18,-33.42E-18,-35.75E-18,-38.79E-18
5.394E6,-27.63E-18,-33.42E-18,-35.75E-18,-38.79E-18
5.395E6,-27.63E-18,-33.42E-18,-35.75E-18,-38.79E-18
5.396E6,-27.63E-18,-33.42E-18,-35.75E-18,-38.79E-18
5.397E6,-27.63E-18,-33.42E-18,-35.75E-18,-38.79E-18
5.398E6,-27.63E-18,-33.42E-18,-35.75E-18,-38.79E-18
5.399E6,-27.63E-18,-33.42E-18,-35.75E-18,-38.79E-18
5.400E6,-27.63E-18,-33.42E-18,-35.75E-18,-38.79E-18
5.401E6,-27.63E-18,-33.42E-18,-35.75E-18,-38.79E-18
5.402E6,-27.63E-18,-33.42E-18,-35.75E-18,-38.79E-18
5.403E6,-27.63E-18,-33.42E-18,-35.75E-18,-38.79E-18
5.404E6,-27.63E-18,-33.42E-18,-35.75E-18,-38.79E-18
5.405E6,-27.63E-18,-33.42E-18,-35.75E-18,-38.79E-18
5.406E6,-27.63E-18,-33.42E-18,-35.75E-18,-38.79E-18
5.407E6,-27.63E-18,-33.42E-18,-35.75E-18,-38.79E-18
5.408E6,-27.63E-18,-33.42E-18,-35.75E-18,-38.79E-18
5.409E6,-27.63E-18,-33.42E-18,-35.75E-18,-38.79E-18
5.410E6,-27.63E-18,-33.42E-18,-35.75E-18,-38.79E-18
5.411E6,-27.63E-18,-33.42E-18,-35.75E-18,-38.79E-18
5.412E6,-27.63E-18,-33.42E-18,-35.75E-18,-38.79E-18
5.413E6,-27.63E-18,-33.42E-18,-35.75E-18,-38.79E-18
5.414E6,-27.63E-18,-33.42E-18,-35.75E-18,-38.79E-18
5.415E6,-27.63E-18,-33.42E-18,-35.75E-18,-38.79E-18
5.416E6,-27.63E-18,-33.42E-18,-35.75E-18,-38.79E-18
5.417E6,-27.63E-18,-33.42E-18,-35.75E-18,-38.79E-18
5.418E6,-27.63E-18,-33.42E-18,-35.75E-18,-38.79E-18
5.419E6,-27.63E-18,-33.42E-18,-35.75E-18,-38.79E-18
5.420E6,-27.63E-18,-33.42E-18,-35.75E-18,-38.79E-18
5.421E6,-27.63E-18,-33.42E-18,-35.75E-18,-38.79E-18
5.422E6,-27.63E-18,-33.42E-18,-35.75E-18,-38.79E-18
5.423E6,-27.63E-18,-33.42E-18,-35.75E-18,-38.79E-18
5.424E6,-27.63E-18,-33.42E-18,-35.75E-18,-38.79E-18
5.425E6,-27.63E-18,-33.42E-18,-35.75E-18,-38.79E-18
5.426E6,-27.63E-18,-33.42E-18,-35.75E-18,-38.79E-18
5.427E6,-27.63E-18,-33.42E-18,-35.75E-18,-38.79E-18
5.428E6,-27.63E-18,-33.42E-18,-35.75E-18,-38.79E-18
5.429E6,-27.63E-18,-33.42E-18,-35.75E-18,-38.79E-18
5.430E6,-27.63E-18,-33.42E-18,-35.75E-18,-38.79E-18
5.431E6,-27.63E-18,-33.42E-18,-35.75E-18,-38.79E-18
5.432E6,-27.63E-18,-33.42E-18,-35.75E-18,-38.79E-18
5.433E6,-27.63E-18,-33.42E-18,-35.75E-18,-38.79E-18
5.434E6,-27.63E-18,-33.42E-18,-35.75E-18,-38.79E-18
5.435E6,-27.63E-18,-33.42E-18,-35.75E-18,-38.79E-18
5.436E6,-27.63E-18,-33.42E-18,-35.75E-18,-38.79E-18
5.437E6,-27.63E-18,-33.42E-18,-35.75E-18,-38.79E-18
5.438E6,-27.63E-18,-33.42E-18,-35.75E-18,-38.79E-18
5.439E6,-27.63E-18,-33.42E-18,-35.75E-18,-38.79E-18
5.440E6,-27.63E-18,-33.42E-18,-35.75E-18,-38.79E-18
5.441E6,-27.63E-18,-33.42E-18,-35.75E-18,-38.79E-18
5.442E6,-27.63E-18,-33.42E-18,-35.75E-18,-38.79E-18
5.443E6,-27.63E-18,-33.42E-18,-35.75E-18,-38.79E-18
5.444E6,-27.63E-18,-33.42E-18,-35.75E-18,-38.79E-18
5.445E6,-27.63E-18,-33.42E-18,-35.75E-18,-38.79E-18
5.446E6,-27.63E-18,-33.42E-18,-35.75E-18,-38.79E-18
5.447E6,-27.63E-18,-33.42E-18,-35.75E-18,-38.79E-18
5.448E6,-27.63E-18,-33.42E-18,-35.75E-18,-38.79E-18
5.449E6,-27.63E-18,-33.42E-18,-35.75E-18,-38.79E-18
5.450E6,-27.63E-18,-33.42E-18,-35.75E-18,-38.79E-18
5.451E6,-27.63E-18,-33.42E-18,-35.75E-18,-38.79E-18
5.452E6,-27.63E-18,-33.42E-18,-35.75E-18,-38.79E-18
5.453E6,-27.63E-18,-33.42E-18,-35.75E-18,-38.79E-18
5.454E6,-27.63E-18,-33.42E-18,-35.75E-18,-38.79E-18
5.455E6,-27.63E-18,-33.42E-18,-35.75E-18,-38.79E-18
5.456E6,-27.63E-18,-33.42E-18,-35.75E-18,-38.79E-18
5.457E6,-27.63E-18,-33.42E-18,-35.75E-18,-38.79E-18
5.458E6,-27.63E-18,-33.42E-18,-35.75E-18,-38.79E-18
5.459E6,-27.63E-18,-33.42E-18,-35.75E-18,-38.79E-18
5.460E6,-27.63E-18,-33.42E-18,-35.75E-18,-38.79E-18
5.461E6,-27.63E-18,-33.42E-18,-35.75E-18,-38.79E-18
5.462E6,-27.63E-18,-33.42E-18,-35.75E-18,-38.79E-18
5.463E6,-27.63E-18,-33.42E-18,-35.75E-18,-38.79E-18
5.464E6,-27.63E-18,-33.42E-18,-35.75E-18,-38.79E-18
5.465E6,-27.63E-18,-33.42E-18,-35.75E-18,-38.79E-18
5.466E6,-27.63E-18,-33.42E-18,-35.75E-18,-38.79E-18
5.467E6,-27.63E-18,-33.42E-18,-35.75E-18,-38.79E-18
5.468E6,-27.63E-18,-33.42E-18,-35.75E-18,-38.79E-18
5.469E6,-27.63E-18,-33.42E-18,-35.75E-18,-38.79E-18
5.470E6,-27.63E-18,-33.42E-18,-35.75E-18,-38.79E-18
5.471E6,-27.63E-18,-33.42E-18,-35.75E-18,-38.79E-18
5.472E6,-27.63E-18,-33.42E-18,-35.75E-18,-38.79E-18
5.473E6,-27.63E-18,-33.42E-18,-35.75E-18,-38.79E-18
5.474E6,-27.63E-18,-33.42E-18,-35.75E-18,-38.79E-18
5.475E6,-27.63E-18,-33.42E-18,-35.75E-18,-38.79E-18
5.476E6,-27.63E-18,-33.42E-18,-35.75E-18,-38.79E-18
5.477E6,-27.63E-18,-33.42E-18,-35.75E-18,-38.79E-18
5.478E6,-27.63E-18,-33.42E-18,-35.75E-18,-38.79E-18
5.479E6,-27.63E-18,-33.42E-18,-35.75E-18,-38.79E-18
5.480E6,-27.63E-18,-33.42E-18,-35.75E-18,-38.79E-18
5.481E6,-27.63E-18,-33.42E-18,-35.75E-18,-38.79E-18
5.482E6,-27.63E-18,-33.42E-18,-35.75E-18,-38.79E-18
5.483E6,-27.63E-18,-33.42E-18,-35.75E-18,-38.79E-18
5.484E6,-27.63E-18,-33.42E-18,-35.75E-18,-38.79E-18
5.485E6,-27.63E-18,-33.42E-18,-35.75E-18,-38.79E-18
5.486E6,-27.63E-18,-33.42E-18,-35.75E-18,-38.79E-18
5.487E6,-27.63E-18,-33.42E-18,-35.75E-18,-38.79E-18
5.488E6,-27.63E-18,-33.42E-18,-35.75E-18,-38.79E-18
5.489E6,-27.63E-18,-33.42E-18,-35.75E-18,-38.79E-18
5.490E6,-27.63E-18,-33.42E-18,-35.75E-18,-38.79E-18
5.491E6,-27.63E-18,-33.42E-18,-35.75E-18,-38.79E-18
5.492E6,-27.63E-18,-33.42E-18,-35.75E-18,-38.79E-18
5.493E6,-27.63E-18,-33.42E-18,-35.75E-18,-38.79E-18
5.494E6,-27.63E-18,-33.42E-18,-35.75E-18,-38.79E-18
5.495E6,-27.63E-18,-33.42E-18,-35.75E-18,-38.79E-18
5.496E6,-27.63E-18,-33.42E-18,-35.75E-18,-38.79E-18
5.497E6,-27.63E-18,-33.42E-18,-35.75E-18,-38.79E-18
5.498E6,-27.63E-18,-33.42E-18,-35.75E-18,-38.79E-18
5.499E6,-27.63E-18,-33.42E-18,-35.75E-18,-38.79E-18
5.500E6,-27.63E-18,-33.42E-18,-35.75E-18,-38.79E-18
5.501E6,-27.63E-18,-33.42E-18,-35.75E-18,-38.79E-18
5.502E6,-27.63E-18,-33.42E-18,-35.75E-18,-38.79E-18
5.503E6,-27.63E-18,-33.42E-18,-35.75E-18,-38.79E-18
5.504E6,-27.63E-18,-33.42E-18,-35.75E-18,-38.79E-18
5.505E6,-27.63E-18,-33.42E-18,-35.75E-18,-38.79E-18
5.506E6,-27.63E-18,-33.42E-18,-35.75E-18,-38.79E-18
5.507E6,-27.63E-18,-33.42E-18,-35.75E-18,-38.79E-18
5.508E6,-27.63E-18,-33.42E-18,-35.75E-18,-38.79E-18
5.509E6,-27.63E-18,-33.42E-18,-35.75E-18,-38.79E-18
5.510E6,-27.63E-18,-33.42E-18,-35.75E-18,-38.79E-18
5.511E6,-27.63E-18,-33.42E-18,-35.75E-18,-38.79E-18
5.512E6,-27.63E-18,-33.42E-18,-35.75E-18,-38.79E-18
5.513E6,-27.63E-18,-33.42E-18,-35.75E-18,-38.79E-18
5.514E6,-27.63E-18,-33.42E-18,-35.75E-18,-38.79E-18
5.515E6,-27.63E-18,-33.42E-18,-35.75E-18,-38.79E-18
5.516E6,-27.63E-18,-33.42E-18,-35.75E-18,-38.79E-18
5.517E6,-27.63E-18,-33.42E-18,-35.75E-18,-38.79E-18
5.518E6,-27.63E-18,-33.42E-18,-35.75E-18,-38.79E-18
5.519E6,-27.63E-18,-33.42E-18,-35.75E-18,-38.79E-18
5.520E6,-27.63E-18,-33.42E-18,-35.75E-18,-38.79E-18
5.521E6,-27.63E-18,-33.42E-18,-35.75E-18,-38.79E-18
5.522E6,-27.63E-18,-33.42E-18,-35.75E-18,-38.79E-18
5.523E6,-27.63E-18,-33.42E-18,-35.75E-18,-38.79E-18
5.524E6,-27.63E-18,-33.42E-18,-35.75E-18,-38.79E-18
5.525E6,-27.63E-18,-33.42E-18,-35.75E-18,-38.79E-18
5.526E6,-27.63E-18,-33.42E-18,-35.75E-18,-38.79E-18
5.527E6,-27.63E-18,-33.42E-18,-35.75E-18,-38.79E-18
5.528E6,-27.63E-18,-33.42E-18,-35.75E-18,-38.79E-18
5.529E6,-27.63E-18,-33.42E-18,-35.75E-18,-38.79E-18
5.530E6,-27.63E-18,-33.42E-18,-35.75E-18,-38.79E-18
5.531E6,-27.63E-18,-33.42E-18,-35.75E-18,-38.79E-18
5.532E6,-27.63E-18,-33.42E-18,-35.75E-18,-38.79E-18
5.533E6,-27.63E-18,-33.42E-18,-35.75E-18,-38.79E-18
5.534E6,-27.63E-18,-33.42E-18,-35.75E-18,-38.79E-18
5.535E6,-27.63E-18,-33.42E-18,-35.75E-18,-38.79E-18
5.536E6,-27.63E-18,-33.42E-18,-35.75E-18,-38.79E-18
5.537E6,-27.63E-18,-33.42E-18,-35.75E-18,-38.79E-18
5.538E6,-27.63E-18,-33.42E-18,-35.75E-18,-38.79E-18
5.539E6,-27.63E-18,-33.42E-18,-35.75E-18,-38.79E-18
5.540E6,-27.63E-18,-33.42E-18,-35.75E-18,-38.79E-18
5.541E6,-27.63E-18,-33.42E-18,-35.75E-18,-38.79E-18
5.542E6,-27.63E-18,-33.42E-18,-35.75E-18,-38.79E-18
5.543E6,-27.63E-18,-33.42E-18,-35.75E-18,-38.79E-18
5.544E6,-27.63E-18,-33.42E-18,-35.75E-18,-38.79E-18
5.545E6,-27.63E-18,-33.42E-18,-35.75E-18,-38.79E-18
5.546E6,-27.63E-18,-33.42E-18,-35.75E-18,-38.79E-18
5.547E6,-27.63E-18,-33.42E-18,-35.75E-18,-38.79E-18
5.548E6,-27.63E-18,-33.42E-18,-35.75E-18,-38.79E-18
5.549E6,-27.63E-18,-33.42E-18,-35.75E-18,-38.79E-18
5.550E6,-27.63E-18,-33.42E-18,-35.75E-18,-38.79E-18
5.551E6,-27.63E-18,-33.42E-18,-35.75E-18,-38.79E-18
5.552E6,-27.63E-18,-33.42E-18,-35.75E-18,-38.79E-18
5.553E6,-27.63E-18,-33.42E-18,-35.75E-18,-38.79E-18
5.554E6,-27.63E-18,-33.42E-18,-35.75E-18,-38.79E-18
5.555E6,-27.63E-18,-33.42E-18,-35.75E-18,-38.79E-18
5.556E6,-27.63E-18,-33.42E-18,-35.75E-18,-38.79E-18
5.557E6,-27.63E-18,-33.42E-18,-35.75E-18,-38.79E-18
5.558E6,-27.63E-18,-33.42E-18,-35.75E-18,-38.79E-18
5.559E6,-27.63E-18,-33.42E-18,-35.75E-18,-38.79E-18
5.560E6,-27.63E-18,-33.42E-18,-35.75E-18,-38.79E-18
5.561E6,-27.63E-18,-33.42E-18,-35.75E-18,-38.79E-18
5.562E6,-27.63E-18,-33.42E-18,-35.75E-18,-38.79E-18
5.563E6,-27.63E-18,-33.42E-18,-35.75E-18,-38.79E-18
5.564E6,-27.63E-18,-33.42E-18,-35.75E-18,-38.79E-18
5.565E6,-27.63E-18,-33.42E-18,-35.75E-18,-38.79E-18
5.566E6,-27.63E-18,-33.42E-18,-35.75E-18,-38.79E-18
5.567E6,-27.63E-18,-33.42E-18,-35.75E-18,-38.79E-18
5.568E6,-27.63E-18,-33.42E-18,-35.75E-18,-38.79E-18
5.569E6,-27.63E-18,-33.42E-18,-35.75E-18,-38.79E-18
5.570E6,-27.63E-18,-33.42E-18,-35.75E-18,-38.79E-18
5.571E6,-27.63E-18,-33.42E-18,-35.75E-18,-38.79E-18
5.572E6,-27.63E-18,-33.42E-18,-35.75E-18,-38.79E-18
5.573E6,-27.63E-18,-33.42E-18,-35.75E-18,-38.79E-18
5.574E6,-27.63E-18,-33.42E-18,-35.75E-18,-38.79E-18
5.575E6,-27.63E-18,-33.42E-18,-35.75E-18,-38.79E-18
5.576E6,-27.63E-18,-33.42E-18,-35.75E-18,-38.79E-18
5.577E6,-27.63E-18,-33.42E-18,-35.75E-18,-38.79E-18
5.578E6,-27.63E-18,-33.42E-18,-35.75E-18,-38.79E-18
5.579E6,-27.63E-18,-33.42E-18,-35.75E-18,-38.79E-18
5.580E6,-27.63E-18,-33.42E-18,-35.75E-18,-38.79E-18
5.581E6,-27.63E-18,-33.42E-18,-35.75E-18,-38.79E-18
5.582E6,-27.63E-18,-33.42E-18,-35.75E-18,-38.79E-18
5.583E6,-27.63E-18,-33.42E-18,-35.75E-18,-38.79E-18
5.584E6,-27.63E-18,-33.42E-18,-35.75E-18,-38.79E-18
5.585E6,-27.63E-18,-33.42E-18,-35.75E-18,-38.79E-18
5.586E6,-27.63E-18,-33.42E-18,-35.75E-18,-38.79E-18
5.587E6,-27.63E-18,-33.42E-18,-35.75E-18,-38.79E-18
5.588E6,-27.63E-18,-33.42E-18,-35.75E-18,-38.79E-18
5.589E6,-27.63E-18,-33.42E-18,-35.75E-18,-38.79E-18
5.590E6,-27.63E-18,-33.42E-18,-35.75E-18,-38.79E-18
5.591E6,-27.63E-18,-33.42E-18,-35.75E-18,-38.79E-18
5.592E6,-27.63E-18,-33.42E-18,-35.75E-18,-38.79E-18
5.593E6,-27.63E-18,-33.42E-18,-35.75E-18,-38.79E-18
5.594E6,-27.63E-18,-33.42E-18,-35.75E-18,-38.79E-18
5.595E6,-27.63E-18,-33.42E-18,-35.75E-18,-38.79E-18
5.596E6,-27.63E-18,-33.42E-18,-35.75E-18,-38.79E-18
5.597E6,-27.63E-18,-33.42E-18,-35.75E-18,-38.79E-18
5.598E6,-27.63E-18,-33.42E-18,-35.75E-18,-38.79E-18
5.599E6,-27.63E-18,-33.42E-18,-35.75E-18,-38.79E-18
5.600E6,-27.63E-18,-33.42E-18,-35.75E-18,-38.79E-18
5.601E6,-27.63E-18,-33.42E-18,-35.75E-18,-38.79E-18
5.602E6,-27.63E-18,-33.42E-18,-35.75E-18,-38.79E-18
5.603E6,-27.63E-18,-33.42E-18,-35.75E-18,-38.79E-18
5.604E6,-27.63E-18,-33.42E-18,-35.75E-18,-38.79E-18
5.605E6,-27.63E-18,-33.42E-18,-35.75E-18,-38.79E-18
5.606E6,-27.63E-18,-33.42E-18,-35.75E-18,-38.79E-18
5.607E6,-27.63E-18,-33.42E-18,-35.75E-18,-38.79E-18
5.608E6,-27.63E-18,-33.42E-18,-35.75E-18,-38.79E-18
5.609E6,-27.63E-18,-33.42E-18,-35.75E-18,-38.79E-18
5.610E6,-27.63E-18,-33.42E-18,-35.75E-18,-38.79E-18
5.611E6,-27.63E-18,-33.42E-18,-35.75E-18,-38.79E-18
5.612E6,-27.63E-18,-33.42E-18,-35.75E-18,-38.79E-18
5.613E6,-27.63E-18,-33.42E-18,-35.75E-18,-38.79E-18
5.614E6,-27.63E-18,-33.42E-18,-35.75E-18,-38.79E-18
5.615E6,-27.63E-18,-33.42E-18,-35.75E-18,-38.79E-18
5.616E6,-27.63E-18,-33.42E-18,-35.75E-18,-38.79E-18
5.617E6,-27.63E-18,-33.42E-18,-35.75E-18,-38.79E-18
5.618E6,-27.63E-18,-33.42E-18,-35.75E-18,-38.79E-18
5.619E6,-27.63E-18,-33.42E-18,-35.75E-18,-38.79E-18
5.620E6,-27.63E-18,-33.42E-18,-35.75E-18,-38.79E-18
5.621E6,-27.63E-18,-33.42E-18,-35.75E-18,-38.79E-18
5.622E6,-27.63E-18,-33.42E-18,-35.75E-18,-38.79E-18
5.623E6,-27.63E-18,-33.42E-18,-35.75E-18,-38.79E-18
5.624E6,-27.63E-18,-33.42E-18,-35.75E-18,-38.79E-18
5.625E6,-27.63E-18,-33.42E-18,-35.75E-18,-38.79E-18
5.626E6,-27.63E-18,-33.42E-18,-35.75E-18,-38.79E-18
5.627E6,-27.63E-18,-33.42E-18,-35.75E-18,-38.79E-18
5.628E6,-27.63E-18,-33.42E-18,-35.75E-18,-38.79E-18
5.629E6,-27.63E-18,-33.42E-18,-35.75E-18,-38.79E-18
5.630E6,-27.63E-18,-33.42E-18,-35.75E-18,-38.79E-18
5.631E6,-27.63E-18,-33.42E-18,-35.75E-18,-38.79E-18
5.632E6,-27.63E-18,-33.42E-18,-35.75E-18,-38.79E-18
5.633E6,-27.63E-18,-33.42E-18,-35.75E-18,-38.79E-18
5.634E6,-27.63E-18,-33.42E-18,-35.75E-18,-38.79E-18
5.635E6,-27.63E-18,-33.42E-18,-35.75E-18,-38.79E-18
5.636E6,-27.63E-18,-33.42E-18,-35.75E-18,-38.79E-18
5.637E6,-27.63E-18,-33.42E-18,-35.75E-18,-38.79E-18
5.638E6,-27.63E-18,-33.42E-18,-35.75E-18,-38.79E-18
5.639E6,-27.63E-18,-33.42E-18,-35.75E-18,-38.79E-18
5.640E6,-27.63E-18,-33.42E-18,-35.75E-18,-38.79E-18
5.641E6,-27.63E-18,-33.42E-18,-35.75E-18,-38.79E-18
5.642E6,-27.63E-18,-33.42E-18,-35.75E-18,-38.79E-18
5.643E6,-27.63E-18,-33.42E-18,-35.75E-18,-38.79E-18
5.644E6,-27.63E-18,-33.42E-18,-35.75E-18,-38.79E-18
5.645E6,-27.63E-18,-33.42E-18,-35.75E-18,-38.79E-18
5.646E6,-27.63E-18,-33.42E-18,-35.75E-18,-38.79E-18
5.647E6,-27.63E-18,-33.42E-18,-35.75E-18,-38.79E-18
5.648E6,-27.63E-18,-33.42E-18,-35.75E-18,-38.79E-18
5.649E6,-27.63E-18,-33.42E-18,-35.75E-18,-38.79E-18
5.650E6,-27.63E-18,-33.42E-18,-35.75E-18,-38.79E-18
5.651E6,-27.63E-18,-33.42E-18,-35.75E-18,-38.79E-18
5.652E6,-27.63E-18,-33.42E-18,-35.75E-18,-38.79E-18
5.653E6,-27.63E-18,-33.42E-18,-35.75E-18,-38.79E-18
5.654E6,-27.63E-18,-33.42E-18,-35.75E-18,-38.79E-18
5.655E6,-27.63E-18,-33.42E-18,-35.75E-18,-38.79E-18
5.656E6,-27.63E-18,-33.42E-18,-35.75E-18,-38.79E-18
5.657E6,-27.63E-18,-33.42E-18,-35.75E-18,-38.79E-18
5.658E6,-27.63E-18,-33.42E-18,-35.75E-18,-38.79E-18
5.659E6,-27.63E-18,-33.42E-18,-35.75E-18,-38.79E-18
5.660E6,-27.63E-18,-33.42E-18,-35.75E-18,-38.79E-18
5.661E6,-27.63E-18,-33.42E-18,-35.75E-18,-38.79E-18
5.662E6,-27.63E-18,-33.42E-18,-35.75E-18,-38.79E-18
5.663E6,-27.63E-18,-33.42E-18,-35.75E-18,-38.79E-18
5.664E6,-27.63E-18,-33.42E-18,-35.75E-18,-38.79E-18
5.665E6,-27.63E-18,-33.42E-18,-35.75E-18,-38.79E-18
5.666E6,-27.63E-18,-33.42E-18,-35.75E-18,-38.79E-18
5.667E6,-27.63E-18,-33.42E-18,-35.75E-18,-38.79E-18
5.668E6,-27.63E-18,-33.42E-18,-35.75E-18,-38.79E-18
5.669E6,-27.63E-18,-33.42E-18,-35.75E-18,-38.79E-18
5.670E6,-27.63E-18,-33.42E-18,-35.75E-18,-38.79E-18
5.671E6,-27.63E-18,-33.42E-18,-35.75E-18,-38.79E-18
5.672E6,-27.63E-18,-33.42E-18,-35.75E-18,-38.79E-18
5.673E6,-27.63E-18,-33.42E-18,-35.75E-18,-38.79E-18
5.674E6,-27.63E-18,-33.42E-18,-35.75E-18,-38.79E-18
5.675E6,-27.63E-18,-33.42E-18,-35.75E-18,-38.79E-18
5.676E6,-27.63E-18,-33.42E-18,-35.75E-18,-38.79E-18
5.677E6,-27.63E-18,-33.42E-18,-35.75E-18,-38.79E-18
5.678E6,-27.63E-18,-33.42E-18,-35.75E-18,-38.79E-18
5.679E6,-27.63E-18,-33.42E-18,-35.75E-18,-38.79E-18
5.680E6,-27.63E-18,-33.42E-18,-35.75E-18,-38.79E-18
5.681E6,-27.63E-18,-33.42E-18,-35.75E-18,-38.79E-18
5.682E6,-27.63E-18,-33.42E-18,-35.75E-18,-38.79E-18
5.683E6,-27.63E-18,-33.42E-18,-35.75E-18,-38.79E-18
5.684E6,-27.63E-18,-33.42E-18,-35.75E-18,-38.79E-18
5.685E6,-27.63E-18,-33.42E-18,-35.75E-18,-38.79E-18
5.686E6,-27.63E-18,-33.42E-18,-35.75E-18,-38.79E-18
5.687E6,-27.63E-18,-33.42E-18,-35.75E-18,-38.79E-18
5.688E6,-27.63E-18,-33.42E-18,-35.75E-18,-38.79E-18
5.689E6,-27.63E-18,-33.42E-18,-35.75E-18,-38.79E-18
5.690E6,-27.63E-18,-33.42E-18,-35.75E-18,-38.79E-18
5.691E6,-27.63E-18,-33.42E-18,-35.75E-18,-38.79E-18
5.692E6,-27.63E-18,-33.42E-18,-35.75E-18,-38.79E-18
5.693E6,-27.63E-18,-33.42E-18,-35.75E-18,-38.79E-18
5.694E6,-27.63E-18,-33.42E-18,-35.75E-18,-38.79E-18
5.695E6,-27.63E-18,-33.42E-18,-35.75E-18,-38.79E-18
5.696E6,-27.63E-18,-33.42E-18,-35.75E-18,-38.79E-18
5.697E6,-27.63E-18,-33.42E-18,-35.75E-18,-38.79E-18
5.698E6,-27.63E-18,-33.42E-18,-35.75E-18,-38.79E-18
5.699E6,-27.63E-18,-33.42E-18,-35.75E-18,-38.79E-18
5.700E6,-27.63E-18,-33.42E-18,-35.75E-18,-38.79E-18
5.701E6,-27.63E-18,-33.42E-18,-35.75E-18,-38.79E-18
5.702E6,-27.63E-18,-33.42E-18,-35.75E-18,-38.79E-18
5.703E6,-27.63E-18,-33.42E-18,-35.75E-18,-38.79E-18
5.704E6,-27.63E-18,-33.42E-18,-35.75E-18,-38.79E-18
5.705E6,-27.63E-18,-33.42E-18,-35.75E-18,-38.79E-18
5.706E6,-27.63E-18,-33.42E-18,-35.75E-18,-38.79E-18
5.707E6,-27.63E-18,-33.42E-18,-35.75E-18,-38.79E-18
5.708E6,-27.63E-18,-33.42E-18,-35.75E-18,-38.79E-18
5.709E6,-27.63E-18,-33.42E-18,-35.75E-18,-38.79E-18
5.710E6,-27.63E-18,-33.42E-18,-35.75E-18,-38.79E-18
5.711E6,-27.63E-18,-33.42E-18,-35.75E-18,-38.79E-18
5.712E6,-27.63E-18,-33.42E-18,-35.75E-18,-38.79E-18
5.713E6,-27.63E-18,-33.42E-18,-35.75E-18,-38.79E-18
5.714E6,-27.63E-18,-33.42E-18,-35.75E-18,-38.79E-18
5.715E6,-27.63E-18,-33.42E-18,-35.75E-18,-38.79E-18
5.716E6,-27.63E-18,-33.42E-18,-35.75E-18,-38.79E-18
5.717E6,-27.63E-18,-33.42E-18,-35.75E-18,-38.79E-18
5.718E6,-27.63E-18,-33.42E-18,-35.75E-18,-38.79E-18
5.719E6,-27.63E-18,-33.42E-18,-35.75E-18,-38.79E-18
5.720E6,-27.63E-18,-33.42E-18,-35.75E-18,-38.79E-18
5.721E6,-27.63E-18,-33.42E-18,-35.75E-18,-38.79E-18
5.722E6,-27.63E-18,-33.42E-18,-35.75E-18,-38.79E-18
5.723E6,-27.63E-18,-33.42E-18,-35.75E-18,-38.79E-18
5.724E6,-27.63E-18,-33.42E-18,-35.75E-18,-38.79E-18
5.725E6,-27.63E-18,-33.42E-18,-35.75E-18,-38.79E-18
5.726E6,-27.63E-18,-33.42E-18,-35.75E-18,-38.79E-18
5.727E6,-27.63E-18,-33.42E-18,-35.75E-18,-38.79E-18
5.728E6,-27.63E-18,-33.42E-18,-35.75E-18,-38.79E-18
5.729E6,-27.63E-18,-33.42E-18,-35.75E-18,-38.79E-18
5.730E6,-27.63E-18,-33.42E-18,-35.75E-18,-38.79E-18
5.731E6,-27.63E-18,-33.42E-18,-35.75E-18,-38.79E-18
5.732E6,-27.63E-18,-33.42E-18,-35.75E-18,-38.79E-18
5.733E6,-27.63E-18,-33.42E-18,-35.75E-18,-38.79E-18
5.734E6,-27.63E-18,-33.42E-18,-35.75E-18,-38.79E-18
5.735E6,-27.63E-18,-33.42E-18,-35.75E-18,-38.79E-18
5.736E6,-27.63E-18,-33.42E-18,-35.75E-18,-38.79E-18
5.737E6,-27.63E-18,-33.42E-18,-35.75E-18,-38.79E-18
5.738E6,-27.63E-18,-33.42E-18,-35.75E-18,-38.79E-18
5.739E6,-27.63E-18,-33.42E-18,-35.75E-18,-38.79E-18
5.740E6,-27.63E-18,-33.42E-18,-35.75E-18,-38.79E-18
5.741E6,-27.63E-18,-33.42E-18,-35.75E-18,-38.79E-18
5.742E6,-27.63E-18,-33.42E-18,-35.75E-18,-38.79E-18
5.743E6,-27.63E-18,-33.42E-18,-35.75E-18,-38.79E-18
5.744E6,-27.63E-18,-33.42E-18,-35.75E-18,-38.79E-18
5.745E6,-27.63E-18,-33.42E-18,-35.75E-18,-38.79E-18
5.746E6,-27.63E-18,-33.42E-18,-35.75E-18,-38.79E-18
5.747E6,-27.63E-18,-33.42E-18,-35.75E-18,-38.79E-18
5.748E6,-27.63E-18,-33.42E-18,-35.75E-18,-38.79E-18
5.749E6,-27.63E-18,-33.42E-18,-35.75E-18,-38.79E-18
5.750E6,-27.63E-18,-33.42E-18,-35.75E-18,-38.79E-18
5.751E6,-27.63E-18,-33.42E-18,-35.75E-18,-38.79E-18
5.752E6,-27.63E-18,-33.42E-18,-35.75E-18,-38.79E-18
5.753E6,-27.63E-18,-33.42E-18,-35.75E-18,-38.79E-18
5.754E6,-27.63E-18,-33.42E-18,-35.75E-18,-38.79E-18
5.755E6,-27.63E-18,-33.42E-18,-35.75E-18,-38.79E-18
5.756E6,-27.63E-18,-33.42E-18,-35.75E-18,-38.79E-18
5.757E6,-27.63E-18,-33.42E-18,-35.75E-18,-38.79E-18
5.758E6,-27.63E-18,-33.42E-18,-35.75E-18,-38.79E-18
5.759E6,-27.63E-18,-33.42E-18,-35.75E-18,-38.79E-18
5.760E6,-27.63E-18,-33.42E-18,-35.75E-18,-38.79E-18
5.761E6,-27.63E-18,-33.42E-18,-35.75E-18,-38.79E-18
5.762E6,-27.63E-18,-33.42E-18,-35.75E-18,-38.79E-18
5.763E6,-27.63E-18,-33.42E-18,-35.75E-18,-38.79E-18
5.764E6,-27.63E-18,-33.42E-18,-35.75E-18,-38.79E-18
5.765E6,-27.63E-18,-33.42E-18,-35.75E-18,-38.79E-18
5.766E6,-27.63E-18,-33.42E-18,-35.75E-18,-38.79E-18
5.767E6,-27.63E-18,-33.42E-18,-35.75E-18,-38.79E-18
5.768E6,-27.63E-18,-33.42E-18,-35.75E-18,-38.79E-18
5.769E6,-27.63E-18,-33.42E-18,-35.75E-18,-38.79E-18
5.770E6,-27.63E-18,-33.42E-18,-35.75E-18,-38.79E-18
5.771E6,-27.63E-18,-33.42E-18,-35.75E-18,-38.79E-18
5.772E6,-27.63E-18,-33.42E-18,-35.75E-18,-38.79E-18
5.773E6,-27.63E-18,-33.42E-18,-35.75E-18,-38.79E-18
5.774E6,-27.63E-18,-33.42E-18,-35.75E-18,-38.79E-18
5.775E6,-27.63E-18,-33.42E-18,-35.75E-18,-38.79E-18
5.776E6,-27.63E-18,-33.42E-18,-35.75E-18,-38.79E-18
5.777E6,-27.63E-18,-33.42E-18,-35.75E-18,-38.79E-18
5.778E6,-27.63E-18,-33.42E-18,-35.75E-18,-38.79E-18
5.779E6,-27.63E-18,-33.42E-18,-35.75E-18,-38.79E-18
5.780E6,-27.63E-18,-33.42E-18,-35.75E-18,-38.79E-18
5.781E6,-27.63E-18,-33.42E-18,-35.75E-18,-38.79E-18
5.782E6,-27.63E-18,-33.42E-18,-35.75E-18,-38.79E-18
5.783E6,-27.63E-18,-33.42E-18,-35.75E-18,-38.79E-18
5.784E6,-27.63E-18,-33.42E-18,-35.75E-18,-38.79E-18
5.785E6,-27.63E-18,-33.42E-18,-35.75E-18,-38.79E-18
5.786E6,-27.63E-18,-33.42E-18,-35.75E-18,-38.79E-18
5.787E6,-27.63E-18,-33.42E-18,-35.75E-18,-38.79E-18
5.788E6,-27.63E-18,-33.42E-18,-35.75E-18,-38.79E-18
5.789E6,-27.63E-18,-33.42E-18,-35.75E-18,-38.79E-18
5.790E6,-27.63E-18,-33.42E-18,-35.75E-18,-38.79E-18
5.791E6,-27.63E-18,-33.42E-18,-35.75E-18,-38.79E-18
5.792E6,-27.63E-18,-33.42E-18,-35.75E-18,-38.79E-18
5.793E6,-27.63E-18,-33.42E-18,-35.75E-18,-38.79E-18
5.794E6,-27.63E-18,-33.42E-18,-35.75E-18,-38.79E-18
5.795E6,-27.63E-18,-33.42E-18,-35.75E-18,-38.79E-18
5.796E6,-27.63E-18,-33.42E-18,-35.75E-18,-38.79E-18
5.797E6,-27.63E-18,-33.42E-18,-35.75E-18,-38.79E-18
5.798E6,-27.63E-18,-33.42E-18,-35.75E-18,-38.79E-18
5.799E6,-27.63E-18,-33.42E-18,-35.75E-18,-38.79E-18
5.800E6,-27.63E-18,-33.42E-18,-35.75E-18,-38.79E-18
5.801E6,-27.63E-18,-33.42E-18,-35.75E-18,-38.79E-18
5.802E6,-27.63E-18,-33.42E-18,-35.75E-18,-38.79E-18
5.803E6,-27.63E-18,-33.42E-18,-35.75E-18,-38.79E-18
5.804E6,-27.63E-18,-33.42E-18,-35.75E-18,-38.79E-18
5.805E6,-27.63E-18,-33.42E-18,-35.75E-18,-38.79E-18
5.806E6,-27.63E-18,-33.42E-18,-35.75E-18,-38.79E-18
5.807E6,-27.63E-18,-33.42E-18,-35.75E-18,-38.79E-18
5.808E6,-27.63E-18,-33.42E-18,-35.75E-18,-38.79E-18
5.809E6,-27.63E-18,-33.42E-18,-35.75E-18,-38.79E-18
5.810E6,-27.63E-18,-33.42E-18,-35.75E-18,-38.79E-18
5.811E6,-27.63E-18,-33.42E-18,-35.75E-18,-38.79E-18
5.812E6,-27.63E-18,-33.42E-18,-35.75E-18,-38.79E-18
5.813E6,-27.63E-18,-33.42E-18,-35.75E-18,-38.79E-18
5.814E6,-27.63E-18,-33.42E-18,-35.75E-18,-38.79E-18
5.815E6,-27.63E-18,-33.42E-18,-35.75E-18,-38.79E-18
5.816E6,-27.63E-18,-33.42E-18,-35.75E-18,-38.79E-18
5.817E6,-27.63E-18,-33.42E-18,-35.75E-18,-38.79E-18
5.818E6,-27.63E-18,-33.42E-18,-35.75E-18,-38.79E-18
5.819E6,-27.63E-18,-33.42E-18,-35.75E-18,-38.79E-18
5.820E6,-27.63E-18,-33.42E-18,-35.75E-18,-38.79E-18
5.821E6,-27.63E-18,-33.42E-18,-35.75E-18,-38.79E-18
5.822E6,-27.63E-18,-33.42E-18,-35.75E-18,-38.79E-18
5.823E6,-27.63E-18,-33.42E-18,-35.75E-18,-38.79E-18
5.824E6,-27.63E-18,-33.42E-18,-35.75E-18,-38.79E-18
5.825E6,-27.63E-18,-33.42E-18,-35.75E-18,-38.79E-18
5.826E6,-27.63E-18,-33.42E-18,-35.75E-18,-38.79E-18
5.827E6,-27.63E-18,-33.42E-18,-35.75E-18,-38.79E-18
5.828E6,-27.63E-18,-33.42E-18,-35.75E-18,-38.79E-18
5.829E6,-27.63E-18,-33.42E-18,-35.75E-18,-38.79E-18
5.830E6,-27.63E-18,-33.42E-18,-35.75E-18,-38.79E-18
5.831E6,-27.63E-18,-33.42E-18,-35.75E-18,-38.79E-18
5.832E6,-27.63E-18,-33.42E-18,-35.75E-18,-38.79E-18
5.833E6,-27.63E-18,-33.42E-18,-35.75E-18,-38.79E-18
5.834E6,-27.63E-18,-33.42E-18,-35.75E-18,-38.79E-18
5.835E6,-27.63E-18,-33.42E-18,-35.75E-18,-38.79E-18
5.836E6,-27.63E-18,-33.42E-18,-35.75E-18,-38.79E-18
5.837E6,-27.63E-18,-33.42E-18,-35.75E-18,-38.79E-18
5.838E6,-27.63E-18,-33.42E-18,-35.75E-18,-38.79E-18
5.839E6,-27.63E-18,-33.42E-18,-35.75E-18,-38.79E-18
5.840E6,-27.63E-18,-33.42E-18,-35.75E-18,-38.79E-18
5.841E6,-27.63E-18,-33.42E-18,-35.75E-18,-38.79E-18
5.842E6,-27.63E-18,-33.42E-18,-35.75E-18,-38.79E-18
5.843E6,-27.63E-18,-33.42E-18,-35.75E-18,-38.79E-18
5.844E6,-27.63E-18,-33.42E-18,-35.75E-18,-38.79E-18
5.845E6,-27.63E-18,-33.42E-18,-35.75E-18,-38.79E-18
5.846E6,-27.63E-18,-33.42E-18,-35.75E-18,-38.79E-18
5.847E6,-27.63E-18,-33.42E-18,-35.75E-18,-38.79E-18
5.848E6,-27.63E-18,-33.42E-18,-35.75E-18,-38.79E-18
5.849E6,-27.63E-18,-33.42E-18,-35.75E-18,-38.79E-18
5.850E6,-27.63E-18,-33.42E-18,-35.75E-18,-38.79E-18
5.851E6,-27.63E-18,-33.42E-18,-35.75E-18,-38.79E-18
5.852E6,-27.63E-18,-33.42E-18,-35.75E-18,-38.79E-18
5.853E6,-27.63E-18,-33.42E-18,-35.75E-18,-38.79E-18
5.854E6,-27.63E-18,-33.42E-18,-35.75E-18,-38.79E-18
5.855E6,-27.63E-18,-33.42E-18,-35.75E-18,-38.79E-18
5.856E6,-27.63E-18,-33.42E-18,-35.75E-18,-38.79E-18
5.857E6,-27.63E-18,-33.42E-18,-35.75E-18,-38.79E-18
5.858E6,-27.63E-18,-33.42E-18,-35.75E-18,-38.79E-18
5.859E6,-27.63E-18,-33.42E-18,-35.75E-18,-38.79E-18
5.860E6,-27.63E-18,-33.42E-18,-35.75E-18,-38.79E-18
5.861E6,-27.63E-18,-33.42E-18,-35.75E-18,-38.79E-18
5.862E6,-27.63E-18,-33.42E-18,-35.75E-18,-38.79E-18
5.863E6,-27.63E-18,-33.42E-18,-35.75E-18,-38.79E-18
5.864E6,-27.63E-18,-33.42E-18,-35.75E-18,-38.79E-18
5.865E6,-27.63E-18,-33.42E-18,-35.75E-18,-38.79E-18
5.866E6,-27.63E-18,-33.42E-18,-35.75E-18,-38.79E-18
5.867E6,-27.63E-18,-33.42E-18,-35.75E-18,-38.79E-18
5.868E6,-27.63E-18,-33.42E-18,-35.75E-18,-38.79E-18
5.869E6,-27.63E-18,-33.42E-18,-35.75E-18,-38.79E-18
5.870E6,-27.63E-18,-33.42E-18,-35.75E-18,-38.79E-18
5.871E6,-27.63E-18,-33.42E-18,-35.75E-18,-38.79E-18
5.872E6,-27.63E-18,-33.42E-18,-35.75E-18,-38.79E-18
5.873E6,-27.63E-18,-33.42E-18,-35.75E-18,-38.79E-18
5.874E6,-27.63E-18,-33.42E-18,-35.75E-18,-38.79E-18
5.875E6,-27.63E-18,-33.42E-18,-35.75E-18,-38.79E-18
5.876E6,-27.63E-18,-33.42E-18,-35.75E-18,-38.79E-18
5.877E6,-27.63E-18,-33.42E-18,-35.75E-18,-38.79E-18
5.878E6,-27.63E-18,-33.42E-18,-35.75E-18,-38.79E-18
5.879E6,-27.63E-18,-33.42E-18,-35.75E-18,-38.79E-18
5.880E6,-27.63E-18,-33.42E-18,-35.75E-18,-38.79E-18
5.881E6,-27.63E-18,-33.42E-18,-35.75E-18,-38.79E-18
5.882E6,-27.63E-18,-33.42E-18,-35.75E-18,-38.79E-18
5.883E6,-27.63E-18,-33.42E-18,-35.75E-18,-38.79E-18
5.884E6,-27.63E-18,-33.42E-18,-35.75E-18,-38.79E-18
5.885E6,-27.63E-18,-33.42E-18,-35.75E-18,-38.79E-18
5.886E6,-27.63E-18,-33.42E-18,-35.75E-18,-38.79E-18
5.887E6,-27.63E-18,-33.42E-18,-35.75E-18,-38.79E-18
5.888E6,-27.63E-18,-33.42E-18,-35.75E-18,-38.79E-18
5.889E6,-27.63E-18,-33.42E-18,-35.75E-18,-38.79E-18
5.890E6,-27.63E-18,-33.42E-18,-35.75E-18,-38.79E-18
5.891E6,-27.63E-18,-33.42E-18,-35.75E-18,-38.79E-18
5.892E6,-27.63E-18,-33.42E-18,-35.75E-18,-38.79E-18
5.893E6,-27.63E-18,-33.42E-18,-35.75E-18,-38.79E-18
5.894E6,-27.63E-18,-33.42E-18,-35.75E-18,-38.79E-18
5.895E6,-27.63E-18,-33.42E-18,-35.75E-18,-38.79E-18
5.896E6,-27.63E-18,-33.42E-18,-35.75E-18,-38.79E-18
5.897E6,-27.63E-18,-33.42E-18,-35.75E-18,-38.79E-18
5.898E6,-27.63E-18,-33.42E-18,-35.75E-18,-38.79E-18
5.899E6,-27.63E-18,-33.42E-18,-35.75E-18,-38.79E-18
5.900E6,-27.63E-18,-33.42E-18,-35.75E-18,-38.79E-18
5.901E6,-27.63E-18,-33.42E-18,-35.75E-18,-38.79E-18
5.902E6,-27.63E-18,-33.42E-18,-35.75E-18,-38.79E-18
5.903E6,-27.63E-18,-33.42E-18,-35.75E-18,-38.79E-18
5.904E6,-27.63E-18,-33.42E-18,-35.75E-18,-38.79E-18
5.905E6,-27.63E-18,-33.42E-18,-35.75E-18,-38.79E-18
5.906E6,-27.63E-18,-33.42E-18,-35.75E-18,-38.79E-18
5.907E6,-27.63E-18,-33.42E-18,-35.75E-18,-38.79E-18
5.908E6,-27.63E-18,-33.42E-18,-35.75E-18,-38.79E-18
5.909E6,-27.63E-18,-33.42E-18,-35.75E-18,-38.79E-18
5.910E6,-27.63E-18,-33.42E-18,-35.75E-18,-38.79E-18
5.911E6,-27.63E-18,-33.42E-18,-35.75E-18,-38.79E-18
5.912E6,-27.63E-18,-33.42E-18,-35.75E-18,-38.79E-18
5.913E6,-27.63E-18,-33.42E-18,-35.75E-18,-38.79E-18
5.914E6,-27.63E-18,-33.42E-18,-35.75E-18,-38.79E-18
5.915E6,-27.63E-18,-33.42E-18,-35.75E-18,-38.79E-18
5.916E6,-27.63E-18,-33.42E-18,-35.75E-18,-38.79E-18
5.917E6,-27.63E-18,-33.42E-18,-35.75E-18,-38.79E-18
5.918E6,-27.63E-18,-33.42E-18,-35.75E-18,-38.79E-18
5.919E6,-27.63E-18,-33.42E-18,-35.75E-18,-38.79E-18
5.920E6,-27.63E-18,-33.42E-18,-35.75E-18,-38.79E-18
5.921E6,-27.63E-18,-33.42E-18,-35.75E-18,-38.79E-18
5.922E6,-27.63E-18,-33.42E-18,-35.75E-18,-38.79E-18
5.923E6,-27.63E-18,-33.42E-18,-35.75E-18,-38.79E-18
5.924E6,-27.63E-18,-33.42E-18,-35.75E-18,-38.79E-18
5.925E6,-27.63E-18,-33.42E-18,-35.75E-18,-38.79E-18
5.926E6,-27.63E-18,-33.42E-18,-35.75E-18,-38.79E-18
5.927E6,-27.63E-18,-33.42E-18,-35.75E-18,-38.79E-18
5.928E6,-27.63E-18,-33.42E-18,-35.75E-18,-38.79E-18
5.929E6,-27.63E-18,-33.42E-18,-35.75E-18,-38.79E-18
5.930E6,-27.63E-18,-33.42E-18,-35.75E-18,-38.79E-18
5.931E6,-27.63E-18,-33.42E-18,-35.75E-18,-38.79E-18
5.932E6,-27.63E-18,-33.42E-18,-35.75E-18,-38.79E-18
5.933E6,-27.63E-18,-33.42E-18,-35.75E-18,-38.79E-18
5.934E6,-27.63E-18,-33.42E-18,-35.75E-18,-38.79E-18
5.935E6,-27.63E-18,-33.42E-18,-35.75E-18,-38.79E-18
5.936E6,-27.63E-18,-33.42E-18,-35.75E-18,-38.79E-18
5.937E6,-27.63E-18,-33.42E-18,-35.75E-18,-38.79E-18
5.938E6,-27.63E-18,-33.42E-18,-35.75E-18,-38.79E-18
5.939E6,-27.63E-18,-33.42E-18,-35.75E-18,-38.79E-18
5.940E6,-27.63E-18,-33.42E-18,-35.75E-18,-38.79E-18
5.941E6,-27.63E-18,-33.42E-18,-35.75E-18,-38.79E-18
5.942E6,-27.63E-18,-33.42E-18,-35.75E-18,-38.79E-18
5.943E6,-27.63E-18,-33.42E-18,-35.75E-18,-38.79E-18
5.944E6,-27.63E-18,-33.42E-18,-35.75E-18,-38.79E-18
5.945E6,-27.63E-18,-33.42E-18,-35.75E-18,-38.79E-18
5.946E6,-27.63E-18,-33.42E-18,-35.75E-18,-38.79E-18
5.947E6,-27.63E-18,-33.42E-18,-35.75E-18,-38.79E-18
5.948E6,-27.63E-18,-33.42E-18,-35.75E-18,-38.79E-18
5.949E6,-27.63E-18,-33.42E-18,-35.75E-18,-38.79E-18
5.950E6,-27.63E-18,-33.42E-18,-35.75E-18,-38.79E-18
5.951E6,-27.63E-18,-33.42E-18,-35.75E-18,-38.79E-18
5.952E6,-27.63E-18,-33.42E-18,-35.75E-18,-38.79E-18
5.953E6,-27.63E-18,-33.42E-18,-35.75E-18,-38.79E-18
5.954E6,-27.63E-18,-33.42E-18,-35.75E-18,-38.79E-18
5.955E6,-27.63E-18,-33.42E-18,-35.75E-18,-38.79E-18
5.956E6,-27.63E-18,-33.42E-18,-35.75E-18,-38.79E-18
5.957E6,-27.63E-18,-33.42E-18,-35.75E-18,-38.79E-18
5.958E6,-27.63E-18,-33.42E-18,-35.75E-18,-38.79E-18
5.959E6,-27.63E-18,-33.42E-18,-35.75E-18,-38.79E-18
5.960E6,-27.63E-18,-33.42E-18,-35.75E-18,-38.79E-18
5.961E6,-27.63E-18,-33.42E-18,-35.75E-18,-38.79E-18
5.962E6,-27.63E-18,-33.42E-18,-35.75E-18,-38.79E-18
5.963E6,-27.63E-18,-33.42E-18,-35.75E-18,-38.79E-18
5.964E6,-27.63E-18,-33.42E-18,-35.75E-18,-38.79E-18
5.965E6,-27.63E-18,-33.42E-18,-35.75E-18,-38.79E-18
5.966E6,-27.63E-18,-33.42E-18,-35.75E-18,-38.79E-18
5.967E6,-27.63E-18,-33.42E-18,-35.75E-18,-38.79E-18
5.968E6,-27.63E-18,-33.42E-18,-35.75E-18,-38.79E-18
5.969E6,-27.63E-18,-33.42E-18,-35.75E-18,-38.79E-18
5.970E6,-27.63E-18,-33.42E-18,-35.75E-18,-38.79E-18
5.971E6,-27.63E-18,-33.42E-18,-35.75E-18,-38.79E-18
5.972E6,-27.63E-18,-33.42E-18,-35.75E-18,-38.79E-18
5.973E6,-27.63E-18,-33.42E-18,-35.75E-18,-38.79E-18
5.974E6,-27.63E-18,-33.42E-18,-35.75E-18,-38.79E-18
5.975E6,-27.63E-18,-33.42E-18,-35.75E-18,-38.79E-18
5.976E6,-27.63E-18,-33.42E-18,-35.75E-18,-38.79E-18
5.977E6,-27.63E-18,-33.42E-18,-35.75E-18,-38.79E-18
5.978E6,-27.63E-18,-33.42E-18,-35.75E-18,-38.79E-18
5.979E6,-27.63E-18,-33.42E-18,-35.75E-18,-38.79E-18
5.980E6,-27.63E-18,-33.42E-18,-35.75E-18,-38.79E-18
5.981E6,-27.63E-18,-33.42E-18,-35.75E-18,-38.79E-18
5.982E6,-27.63E-18,-33.42E-18,-35.75E-18,-38.79E-18
5.983E6,-27.63E-18,-33.42E-18,-35.75E-18,-38.79E-18
5.984E6,-27.63E-18,-33.42E-18,-35.75E-18,-38.79E-18
5.985E6,-27.63E-18,-33.42E-18,-35.75E-18,-38.79E-18
5.986E6,-27.63E-18,-33.42E-18,-35.75E-18,-38.79E-18
5.987E6,-27.63E-18,-33.42E-18,-35.75E-18,-38.79E-18
5.988E6,-27.63E-18,-33.42E-18,-35.75E-18,-38.79E-18
5.989E6,-27.63E-18,-33.42E-18,-35.75E-18,-38.79E-18
5.990E6,-27.63E-18,-33.42E-18,-35.75E-18,-38.79E-18
5.991E6,-27.63E-18,-33.42E-18,-35.75E-18,-38.79E-18
5.992E6,-27.63E-18,-33.42E-18,-35.75E-18,-38.79E-18
5.993E6,-27.63E-18,-33.42E-18,-35.75E-18,-38.79E-18
5.994E6,-27.63E-18,-33.42E-18,-35.75E-18,-38.79E-18
5.995E6,-27.63E-18,-33.42E-18,-35.75E-18,-38.79E-18
5.996E6,-27.63E-18,-33.42E-18,-35.75E-18,-38.79E-18
5.997E6,-27.63E-18,-33.42E-18,-35.75E-18,-38.79E-18
5.998E6,-27.63E-18,-33.42E-18,-35.75E-18,-38.79E-18
5.999E6,-27.63E-18,-33.42E-18,-35.75E-18,-38.79E-18
6.000E6,-27.63E-18,-33.42E-18,-35.75E-18,-38.79E-18
6.001E6,-27.63E-18,-33.42E-18,-35.75E-18,-38.79E-18
6.002E6,-27.63E-18,-33.42E-18,-35.75E-18,-38.79E-18
6.003E6,-27.63E-18,-33.42E-18,-35.75E-18,-38.79E-18
6.004E6,-27.63E-18,-33.42E-18,-35.75E-18,-38.79E-18
6.005E6,-27.63E-18,-33.42E-18,-35.75E-18,-38.79E-18
6.006E6,-27.63E-18,-33.42E-18,-35.75E-18,-38.79E-18
6.007E6,-27.63E-18,-33.42E-18,-35.75E-18,-38.79E-18
6.008E6,-27.63E-18,-33.42E-18,-35.75E-18,-38.79E-18
6.009E6,-27.63E-18,-33.42E-18,-35.75E-18,-38.79E-18
6.010E6,-27.63E-18,-33.42E-18,-35.75E-18,-38.79E-18
6.011E6,-27.63E-18,-33.42E-18,-35.75E-18,-38.79E-18
6.012E6,-27.63E-18,-33.42E-18,-35.75E-18,-38.79E-18
6.013E6,-27.63E-18,-33.42E-18,-35.75E-18,-38.79E-18
6.014E6,-27.63E-18,-33.42E-18,-35.75E-18,-38.79E-18
6.015E6,-27.63E-18,-33.42E-18,-35.75E-18,-38.79E-18
6.016E6,-27.63E-18,-33.42E-18,-35.75E-18,-38.79E-18
6.017E6,-27.63E-18,-33.42E-18,-35.75E-18,-38.79E-18
6.018E6,-27.63E-18,-33.42E-18,-35.75E-18,-38.79E-18
6.019E6,-27.63E-18,-33.42E-18,-35.75E-18,-38.79E-18
6.020E6,-27.63E-18,-33.42E-18,-35.75E-18,-38.79E-18
6.021E6,-27.63E-18,-33.42E-18,-35.75E-18,-38.79E-18
6.022E6,-27.63E-18,-33.42E-18,-35.75E-18,-38.79E-18
6.023E6,-27.63E-18,-33.42E-18,-35.75E-18,-38.79E-18
6.024E6,-27.63E-18,-33.42E-18,-35.75E-18,-38.79E-18
6.025E6,-27.63E-18,-33.42E-18,-35.75E-18,-38.79E-18
6.026E6,-27.63E-18,-33.42E-18,-35.75E-18,-38.79E-18
6.027E6,-27.63E-18,-33.42E-18,-35.75E-18,-38.79E-18
6.028E6,-27.63E-18,-33.42E-18,-35.75E-18,-38.79E-18
6.029E6,-27.63E-18,-33.42E-18,-35.75E-18,-38.79E-18
6.030E6,-27.63E-18,-33.42E-18,-35.75E-18,-38.79E-18
6.031E6,-27.63E-18,-33.42E-18,-35.75E-18,-38.79E-18
6.032E6,-27.63E-18,-33.42E-18,-35.75E-18,-38.79E-18
6.033E6,-27.63E-18,-33.42E-18,-35.75E-18,-38.79E-18
6.034E6,-27.63E-18,-33.42E-18,-35.75E-18,-38.79E-18
6.035E6,-27.63E-18,-33.42E-18,-35.75E-18,-38.79E-18
6.036E6,-27.63E-18,-33.42E-18,-35.75E-18,-38.79E-18
6.037E6,-27.63E-18,-33.42E-18,-35.75E-18,-38.79E-18
6.038E6,-27.63E-18,-33.42E-18,-35.75E-18,-38.79E-18
6.039E6,-27.63E-18,-33.42E-18,-35.75E-18,-38.79E-18
6.040E6,-27.63E-18,-33.42E-18,-35.75E-18,-38.79E-18
6.041E6,-27.63E-18,-33.42E-18,-35.75E-18,-38.79E-18
6.042E6,-27.63E-18,-33.42E-18,-35.75E-18,-38.79E-18
6.043E6,-27.63E-18,-33.42E-18,-35.75E-18,-38.79E-18
6.044E6,-27.63E-18,-33.42E-18,-35.75E-18,-38.79E-18
6.045E6,-27.63E-18,-33.42E-18,-35.75E-18,-38.79E-18
6.046E6,-27.63E-18,-33.42E-18,-35.75E-18,-38.79E-18
6.047E6,-27.63E-18,-33.42E-18,-35.75E-18,-38.79E-18
6.048E6,-27.63E-18,-33.42E-18,-35.75E-18,-38.79E-18
6.049E6,-27.63E-18,-33.42E-18,-35.75E-18,-38.79E-18
6.050E6,-27.63E-18,-33.42E-18,-35.75E-18,-38.79E-18
6.051E6,-27.63E-18,-33.42E-18,-35.75E-18,-38.79E-18
6.052E6,-27.63E-18,-33.42E-18,-35.75E-18,-38.79E-18
6.053E6,-27.63E-18,-33.42E-18,-35.75E-18,-38.79E-18
6.054E6,-27.63E-18,-33.42E-18,-35.75E-18,-38.79E-18
6.055E6,-27.63E-18,-33.42E-18,-35.75E-18,-38.79E-18
6.056E6,-27.63E-18,-33.42E-18,-35.75E-18,-38.79E-18
6.057E6,-27.63E-18,-33.42E-18,-35.75E-18,-38.79E-18
6.058E6,-27.63E-18,-33.42E-18,-35.75E-18,-38.79E-18
6.059E6,-27.63E-18,-33.42E-18,-35.75E-18,-38.79E-18
6.060E6,-27.63E-18,-33.42E-18,-35.75E-18,-38.79E-18
6.061E6,-27.63E-18,-33.42E-18,-35.75E-18,-38.79E-18
6.062E6,-27.63E-18,-33.42E-18,-35.75E-18,-38.79E-18
6.063E6,-27.63E-18,-33.42E-18,-35.75E-18,-38.79E-18
6.064E6,-27.63E-18,-33.42E-18,-35.75E-18,-38.79E-18
6.065E6,-27.63E-18,-33.42E-18,-35.75E-18,-38.79E-18
6.066E6,-27.63E-18,-33.42E-18,-35.75E-18,-38.79E-18
6.067E6,-27.63E-18,-33.42E-18,-35.75E-18,-38.79E-18
6.068E6,-27.63E-18,-33.42E-18,-35.75E-18,-38.79E-18
6.069E6,-27.63E-18,-33.42E-18,-35.75E-18,-38.79E-18
6.070E6,-27.63E-18,-33.42E-18,-35.75E-18,-38.79E-18
6.071E6,-27.63E-18,-33.42E-18,-35.75E-18,-38.79E-18
6.072E6,-27.63E-18,-33.42E-18,-35.75E-18,-38.79E-18
6.073E6,-27.63E-18,-33.42E-18,-35.75E-18,-38.79E-18
6.074E6,-27.63E-18,-33.42E-18,-35.75E-18,-38.79E-18
6.075E6,-27.63E-18,-33.42E-18,-35.75E-18,-38.79E-18
6.076E6,-27.63E-18,-33.42E-18,-35.75E-18,-38.79E-18
6.077E6,-27.63E-18,-33.42E-18,-35.75E-18,-38.79E-18
6.078E6,-27.63E-18,-33.42E-18,-35.75E-18,-38.79E-18
6.079E6,-27.63E-18,-33.42E-18,-35.75E-18,-38.79E-18
6.080E6,-27.63E-18,-33.42E-18,-35.75E-18,-38.79E-18
6.081E6,-27.63E-18,-33.42E-18,-35.75E-18,-38.79E-18
6.082E6,-27.63E-18,-33.42E-18,-35.75E-18,-38.79E-18
6.083E6,-27.63E-18,-33.42E-18,-35.75E-18,-38.79E-18
6.084E6,-27.63E-18,-33.42E-18,-35.75E-18,-38.79E-18
6.085E6,-27.63E-18,-33.42E-18,-35.75E-18,-38.79E-18
6.086E6,-27.63E-18,-33.42E-18,-35.75E-18,-38.79E-18
6.087E6,-27.63E-18,-33.42E-18,-35.75E-18,-38.79E-18
6.088E6,-27.63E-18,-33.42E-18,-35.75E-18,-38.79E-18
6.089E6,-27.63E-18,-33.42E-18,-35.75E-18,-38.79E-18
6.090E6,-27.63E-18,-33.42E-18,-35.75E-18,-38.79E-18
6.091E6,-27.63E-18,-33.42E-18,-35.75E-18,-38.79E-18
6.092E6,-27.63E-18,-33.42E-18,-35.75E-18,-38.79E-18
6.093E6,-27.63E-18,-33.42E-18,-35.75E-18,-38.79E-18
6.094E6,-27.63E-18,-33.42E-18,-35.75E-18,-38.79E-18
6.095E6,-27.63E-18,-33.42E-18,-35.75E-18,-38.79E-18
6.096E6,-27.63E-18,-33.42E-18,-35.75E-18,-38.79E-18
6.097E6,-27.63E-18,-33.42E-18,-35.75E-18,-38.79E-18
6.098E6,-27.63E-18,-33.42E-18,-35.75E-18,-38.79E-18
6.099E6,-27.63E-18,-33.42E-18,-35.75E-18,-38.79E-18
6.100E6,-27.63E-18,-33.42E-18,-35.75E-18,-38.79E-18
6.101E6,-27.63E-18,-33.42E-18,-35.75E-18,-38.79E-18
6.102E6,-27.63E-18,-33.42E-18,-35.75E-18,-38.79E-18
6.103E6,-27.63E-18,-33.42E-18,-35.75E-18,-38.79E-18
6.104E6,-27.63E-18,-33.42E-18,-35.75E-18,-38.79E-18
6.105E6,-27.63E-18,-33.42E-18,-35.75E-18,-38.79E-18
6.106E6,-27.63E-18,-33.42E-18,-35.75E-18,-38.79E-18
6.107E6,-27.63E-18,-33.42E-18,-35.75E-18,-38.79E-18
6.108E6,-27.63E-18,-33.42E-18,-35.75E-18,-38.79E-18
6.109E6,-27.63E-18,-33.42E-18,-35.75E-18,-38.79E-18
6.110E6,-27.63E-18,-33.42E-18,-35.75E-18,-38.79E-18
6.111E6,-27.63E-18,-33.42E-18,-35.75E-18,-38.79E-18
6.112E6,-27.63E-18,-33.42E-18,-35.75E-18,-38.79E-18
6.113E6,-27.63E-18,-33.42E-18,-35.75E-18,-38.79E-18
6.114E6,-27.63E-18,-33.42E-18,-35.75E-18,-38.79E-18
6.115E6,-27.63E-18,-33.42E-18,-35.75E-18,-38.79E-18
6.116E6,-27.63E-18,-33.42E-18,-35.75E-18,-38.79E-18
6.117E6,-27.63E-18,-33.42E-18,-35.75E-18,-38.79E-18
6.118E6,-27.63E-18,-33.42E-18,-35.75E-18,-38.79E-18
6.119E6,-27.63E-18,-33.42E-18,-35.75E-18,-38.79E-18
6.120E6,-27.63E-18,-33.42E-18,-35.75E-18,-38.79E-18
6.121E6,-27.63E-18,-33.42E-18,-35.75E-18,-38.79E-18
6.122E6,-27.63E-18,-33.42E-18,-35.75E-18,-38.79E-18
6.123E6,-27.63E-18,-33.42E-18,-35.75E-18,-38.79E-18
6.124E6,-27.63E-18,-33.42E-18,-35.75E-18,-38.79E-18
6.125E6,-27.63E-18,-33.42E-18,-35.75E-18,-38.79E-18
6.126E6,-27.63E-18,-33.42E-18,-35.75E-18,-38.79E-18
6.127E6,-27.63E-18,-33.42E-18,-35.75E-18,-38.79E-18
6.128E6,-27.63E-18,-33.42E-18,-35.75E-18,-38.79E-18
6.129E6,-27.63E-18,-33.42E-18,-35.75E-18,-38.79E-18
6.130E6,-27.63E-18,-33.42E-18,-35.75E-18,-38.79E-18
6.131E6,-27.63E-18,-33.42E-18,-35.75E-18,-38.79E-18
6.132E6,-27.63E-18,-33.42E-18,-35.75E-18,-38.79E-18
6.133E6,-27.63E-18,-33.42E-18,-35.75E-18,-38.79E-18
6.134E6,-27.63E-18,-33.42E-18,-35.75E-18,-38.79E-18
6.135E6,-27.63E-18,-33.42E-18,-35.75E-18,-38.79E-18
6.136E6,-27.63E-18,-33.42E-18,-35.75E-18,-38.79E-18
6.137E6,-27.63E-18,-33.42E-18,-35.75E-18,-38.79E-18
6.138E6,-27.63E-18,-33.42E-18,-35.75E-18,-38.79E-18
6.139E6,-27.63E-18,-33.42E-18,-35.75E-18,-38.79E-18
6.140E6,-27.63E-18,-33.42E-18,-35.75E-18,-38.79E-18
6.141E6,-27.63E-18,-33.42E-18,-35.75E-18,-38.79E-18
6.142E6,-27.63E-18,-33.42E-18,-35.75E-18,-38.79E-18
6.143E6,-27.63E-18,-33.42E-18,-35.75E-18,-38.79E-18
6.144E6,-27.63E-18,-33.42E-18,-35.75E-18,-38.79E-18
6.145E6,-27.63E-18,-33.42E-18,-35.75E-18,-38.79E-18
6.146E6,-27.63E-18,-33.42E-18,-35.75E-18,-38.79E-18
6.147E6,-27.63E-18,-33.42E-18,-35.75E-18,-38.79E-18
6.148E6,-27.63E-18,-33.42E-18,-35.75E-18,-38.79E-18
6.149E6,-27.63E-18,-33.42E-18,-35.75E-18,-38.79E-18
6.150E6,-27.63E-18,-33.42E-18,-35.75E-18,-38.79E-18
6.151E6,-27.63E-18,-33.42E-18,-35.75E-18,-38.79E-18
6.152E6,-27.63E-18,-33.42E-18,-35.75E-18,-38.79E-18
6.153E6,-27.63E-18,-33.42E-18,-35.75E-18,-38.79E-18
6.154E6,-27.63E-18,-33.42E-18,-35.75E-18,-38.79E-18
6.155E6,-27.63E-18,-33.42E-18,-35.75E-18,-38.79E-18
6.156E6,-27.63E-18,-33.42E-18,-35.75E-18,-38.79E-18
6.157E6,-27.63E-18,-33.42E-18,-35.75E-18,-38.79E-18
6.158E6,-27.63E-18,-33.42E-18,-35.75E-18,-38.79E-18
6.159E6,-27.63E-18,-33.42E-18,-35.75E-18,-38.79E-18
6.160E6,-27.63E-18,-33.42E-18,-35.75E-18,-38.79E-18
6.161E6,-27.63E-18,-33.42E-18,-35.75E-18,-38.79E-18
6.162E6,-27.63E-18,-33.42E-18,-35.75E-18,-38.79E-18
6.163E6,-27.63E-18,-33.42E-18,-35.75E-18,-38.79E-18
6.164E6,-27.63E-18,-33.42E-18,-35.75E-18,-38.79E-18
6.165E6,-27.63E-18,-33.42E-18,-35.75E-18,-38.79E-18
6.166E6,-27.63E-18,-33.42E-18,-35.75E-18,-38.79E-18
6.167E6,-27.63E-18,-33.42E-18,-35.75E-18,-38.79E-18
6.168E6,-27.63E-18,-33.42E-18,-35.75E-18,-38.79E-18
6.169E6,-27.63E-18,-33.42E-18,-35.75E-18,-38.79E-18
6.170E6,-27.63E-18,-33.42E-18,-35.75E-18,-38.79E-18
6.171E6,-27.63E-18,-33.42E-18,-35.75E-18,-38.79E-18
6.172E6,-27.63E-18,-33.42E-18,-35.75E-18,-38.79E-18
6.173E6,-27.63E-18,-33.42E-18,-35.75E-18,-38.79E-18
6.174E6,-27.63E-18,-33.42E-18,-35.75E-18,-38.79E-18
6.175E6,-27.63E-18,-33.42E-18,-35.75E-18,-38.79E-18
6.176E6,-27.63E-18,-33.42E-18,-35.75E-18,-38.79E-18
6.177E6,-27.63E-18,-33.42E-18,-35.75E-18,-38.79E-18
6.178E6,-27.63E-18,-33.42E-18,-35.75E-18,-38.79E-18
6.179E6,-27.63E-18,-33.42E-18,-35.75E-18,-38.79E-18
6.180E6,-27.63E-18,-33.42E-18,-35.75E-18,-38.79E-18
6.181E6,-27.63E-18,-33.42E-18,-35.75E-18,-38.79E-18
6.182E6,-27.63E-18,-33.42E-18,-35.75E-18,-38.79E-18
6.183E6,-27.63E-18,-33.42E-18,-35.75E-18,-38.79E-18
6.184E6,-27.63E-18,-33.42E-18,-35.75E-18,-38.79E-18
6.185E6,-27.63E-18,-33.42E-18,-35.75E-18,-38.79E-18
6.186E6,-27.63E-18,-33.42E-18,-35.75E-18,-38.79E-18
6.187E6,-27.63E-18,-33.42E-18,-35.75E-18,-38.79E-18
6.188E6,-27.63E-18,-33.42E-18,-35.75E-18,-38.79E-18
6.189E6,-27.63E-18,-33.42E-18,-35.75E-18,-38.79E-18
6.190E6,-27.63E-18,-33.42E-18,-35.75E-18,-38.79E-18
6.191E6,-27.63E-18,-33.42E-18,-35.75E-18,-38.79E-18
6.192E6,-27.63E-18,-33.42E-18,-35.75E-18,-38.79E-18
6.193E6,-27.63E-18,-33.42E-18,-35.75E-18,-38.79E-18
6.194E6,-27.63E-18,-33.42E-18,-35.75E-18,-38.79E-18
6.195E6,-27.63E-18,-33.42E-18,-35.75E-18,-38.79E-18
6.196E6,-27.63E-18,-33.42E-18,-35.75E-18,-38.79E-18
6.197E6,-27.63E-18,-33.42E-18,-35.75E-18,-38.79E-18
6.198E6,-27.63E-18,-33.42E-18,-35.75E-18,-38.79E-18
6.199E6,-27.63E-18,-33.42E-18,-35.75E-18,-38.79E-18
6.200E6,-27.63E-18,-33.42E-18,-35.75E-18,-38.79E-18
6.201E6,-27.63E-18,-33.42E-18,-35.75E-18,-38.79E-18
6.202E6,-27.63E-18,-33.42E-18,-35.75E-18,-38.79E-18
6.203E6,-27.63E-18,-33.42E-18,-35.75E-18,-38.79E-18
6.204E6,-27.63E-18,-33.42E-18,-35.75E-18,-38.79E-18
6.205E6,-27.63E-18,-33.42E-18,-35.75E-18,-38.79E-18
6.206E6,-27.63E-18,-33.42E-18,-35.75E-18,-38.79E-18
6.207E6,-27.63E-18,-33.42E-18,-35.75E-18,-38.79E-18
6.208E6,-27.63E-18,-33.42E-18,-35.75E-18,-38.79E-18
6.209E6,-27.63E-18,-33.42E-18,-35.75E-18,-38.79E-18
6.210E6,-27.63E-18,-33.42E-18,-35.75E-18,-38.79E-18
6.211E6,-27.63E-18,-33.42E-18,-35.75E-18,-38.79E-18
6.212E6,-27.63E-18,-33.42E-18,-35.75E-18,-38.79E-18
6.213E6,-27.63E-18,-33.42E-18,-35.75E-18,-38.79E-18
6.214E6,-27.63E-18,-33.42E-18,-35.75E-18,-38.79E-18
6.215E6,-27.63E-18,-33.42E-18,-35.75E-18,-38.79E-18
6.216E6,-27.63E-18,-33.42E-18,-35.75E-18,-38.79E-18
6.217E6,-27.63E-18,-33.42E-18,-35.75E-18,-38.79E-18
6.218E6,-27.63E-18,-33.42E-18,-35.75E-18,-38.79E-18
6.219E6,-27.63E-18,-33.42E-18,-35.75E-18,-38.79E-18
6.220E6,-27.63E-18,-33.42E-18,-35.75E-18,-38.79E-18
6.221E6,-27.63E-18,-33.42E-18,-35.75E-18,-38.79E-18
6.222E6,-27.63E-18,-33.42E-18,-35.75E-18,-38.79E-18
6.223E6,-27.63E-18,-33.42E-18,-35.75E-18,-38.79E-18
6.224E6,-27.63E-18,-33.42E-18,-35.75E-18,-38.79E-18
6.225E6,-27.63E-18,-33.42E-18,-35.75E-18,-38.79E-18
6.226E6,-27.63E-18,-33.42E-18,-35.75E-18,-38.79E-18
6.227E6,-27.63E-18,-33.42E-18,-35.75E-18,-38.79E-18
6.228E6,-27.63E-18,-33.42E-18,-35.75E-18,-38.79E-18
6.229E6,-27.63E-18,-33.42E-18,-35.75E-18,-38.79E-18
6.230E6,-27.63E-18,-33.42E-18,-35.75E-18,-38.79E-18
6.231E6,-27.63E-18,-33.42E-18,-35.75E-18,-38.79E-18
6.232E6,-27.63E-18,-33.42E-18,-35.75E-18,-38.79E-18
6.233E6,-27.63E-18,-33.42E-18,-35.75E-18,-38.79E-18
6.234E6,-27.63E-18,-33.42E-18,-35.75E-18,-38.79E-18
6.235E6,-27.63E-18,-33.42E-18,-35.75E-18,-38.79E-18
6.236E6,-27.63E-18,-33.42E-18,-35.75E-18,-38.79E-18
6.237E6,-27.63E-18,-33.42E-18,-35.75E-18,-38.79E-18
6.238E6,-27.63E-18,-33.42E-18,-35.75E-18,-38.79E-18
6.239E6,-27.63E-18,-33.42E-18,-35.75E-18,-38.79E-18
6.240E6,-27.63E-18,-33.42E-18,-35.75E-18,-38.79E-18
6.241E6,-27.63E-18,-33.42E-18,-35.75E-18,-38.79E-18
6.242E6,-27.63E-18,-33.42E-18,-35.75E-18,-38.79E-18
6.243E6,-27.63E-18,-33.42E-18,-35.75E-18,-38.79E-18
6.244E6,-27.63E-18,-33.42E-18,-35.75E-18,-38.79E-18
6.245E6,-27.63E-18,-33.42E-18,-35.75E-18,-38.79E-18
6.246E6,-27.63E-18,-33.42E-18,-35.75E-18,-38.79E-18
6.247E6,-27.63E-18,-33.42E-18,-35.75E-18,-38.79E-18
6.248E6,-27.63E-18,-33.42E-18,-35.75E-18,-38.79E-18
6.249E6,-27.63E-18,-33.42E-18,-35.75E-18,-38.79E-18
6.250E6,-27.63E-18,-33.42E-18,-35.75E-18,-38.79E-18
6.251E6,-27.63E-18,-33.42E-18,-35.75E-18,-38.79E-18
6.252E6,-27.63E-18,-33.42E-18,-35.75E-18,-38.79E-18
6.253E6,-27.63E-18,-33.42E-18,-35.75E-18,-38.79E-18
6.254E6,-27.63E-18,-33.42E-18,-35.75E-18,-38.79E-18
6.255E6,-27.63E-18,-33.42E-18,-35.75E-18,-38.79E-18
6.256E6,-27.63E-18,-33.42E-18,-35.75E-18,-38.79E-18
6.257E6,-27.63E-18,-33.42E-18,-35.75E-18,-38.79E-18
6.258E6,-27.63E-18,-33.42E-18,-35.75E-18,-38.79E-18
6.259E6,-27.63E-18,-33.42E-18,-35.75E-18,-38.79E-18
6.260E6,-27.63E-18,-33.42E-18,-35.75E-18,-38.79E-18
6.261E6,-27.63E-18,-33.42E-18,-35.75E-18,-38.79E-18
6.262E6,-27.63E-18,-33.42E-18,-35.75E-18,-38.79E-18
6.263E6,-27.63E-18,-33.42E-18,-35.75E-18,-38.79E-18
6.264E6,-27.63E-18,-33.42E-18,-35.75E-18,-38.79E-18
6.265E6,-27.63E-18,-33.42E-18,-35.75E-18,-38.79E-18
6.266E6,-27.63E-18,-33.42E-18,-35.75E-18,-38.79E-18
6.267E6,-27.63E-18,-33.42E-18,-35.75E-18,-38.79E-18
6.268E6,-27.63E-18,-33.42E-18,-35.75E-18,-38.79E-18
6.269E6,-27.63E-18,-33.42E-18,-35.75E-18,-38.79E-18
6.270E6,-27.63E-18,-33.42E-18,-35.75E-18,-38.79E-18
6.271E6,-27.63E-18,-33.42E-18,-35.75E-18,-38.79E-18
6.272E6,-27.63E-18,-33.42E-18,-35.75E-18,-38.79E-18
6.273E6,-27.63E-18,-33.42E-18,-35.75E-18,-38.79E-18
6.274E6,-27.63E-18,-33.42E-18,-35.75E-18,-38.79E-18
6.275E6,-27.63E-18,-33.42E-18,-35.75E-18,-38.79E-18
6.276E6,-27.63E-18,-33.42E-18,-35.75E-18,-38.79E-18
6.277E6,-27.63E-18,-33.42E-18,-35.75E-18,-38.79E-18
6.278E6,-27.63E-18,-33.42E-18,-35.75E-18,-38.79E-18
6.279E6,-27.63E-18,-33.42E-18,-35.75E-18,-38.79E-18
6.280E6,-27.63E-18,-33.42E-18,-35.75E-18,-38.79E-18
6.281E6,-27.63E-18,-33.42E-18,-35.75E-18,-38.79E-18
6.282E6,-27.63E-18,-33.42E-18,-35.75E-18,-38.79E-18
6.283E6,-27.63E-18,-33.42E-18,-35.75E-18,-38.79E-18
6.284E6,-27.63E-18,-33.42E-18,-35.75E-18,-38.79E-18
6.285E6,-27.63E-18,-33.42E-18,-35.75E-18,-38.79E-18
6.286E6,-27.63E-18,-33.42E-18,-35.75E-18,-38.79E-18
6.287E6,-27.63E-18,-33.42E-18,-35.75E-18,-38.79E-18
6.288E6,-27.63E-18,-33.42E-18,-35.75E-18,-38.79E-18
6.289E6,-27.63E-18,-33.42E-18,-35.75E-18,-38.79E-18
6.290E6,-27.63E-18,-33.42E-18,-35.75E-18,-38.79E-18
6.291E6,-27.63E-18,-33.42E-18,-35.75E-18,-38.79E-18
6.292E6,-27.63E-18,-33.42E-18,-35.75E-18,-38.79E-18
6.293E6,-27.63E-18,-33.42E-18,-35.75E-18,-38.79E-18
6.294E6,-27.63E-18,-33.42E-18,-35.75E-18,-38.79E-18
6.295E6,-27.63E-18,-33.42E-18,-35.75E-18,-38.79E-18
6.296E6,-27.63E-18,-33.42E-18,-35.75E-18,-38.79E-18
6.297E6,-27.63E-18,-33.42E-18,-35.75E-18,-38.79E-18
6.298E6,-27.63E-18,-33.42E-18,-35.75E-18,-38.79E-18
6.299E6,-27.63E-18,-33.42E-18,-35.75E-18,-38.79E-18
6.300E6,-27.63E-18,-33.42E-18,-35.75E-18,-38.79E-18
6.301E6,-27.63E-18,-33.42E-18,-35.75E-18,-38.79E-18
6.302E6,-27.63E-18,-33.42E-18,-35.75E-18,-38.79E-18
6.303E6,-27.63E-18,-33.42E-18,-35.75E-18,-38.79E-18
6.304E6,-27.63E-18,-33.42E-18,-35.75E-18,-38.79E-18
6.305E6,-27.63E-18,-33.42E-18,-35.75E-18,-38.79E-18
6.306E6,-27.63E-18,-33.42E-18,-35.75E-18,-38.79E-18
6.307E6,-27.63E-18,-33.42E-18,-35.75E-18,-38.79E-18
6.308E6,-27.63E-18,-33.42E-18,-35.75E-18,-38.79E-18
6.309E6,-27.63E-18,-33.42E-18,-35.75E-18,-38.79E-18
6.310E6,-27.63E-18,-33.42E-18,-35.75E-18,-38.79E-18
6.311E6,-27.63E-18,-33.42E-18,-35.75E-18,-38.79E-18
6.312E6,-27.63E-18,-33.42E-18,-35.75E-18,-38.79E-18
6.313E6,-27.63E-18,-33.42E-18,-35.75E-18,-38.79E-18
6.314E6,-27.63E-18,-33.42E-18,-35.75E-18,-38.79E-18
6.315E6,-27.63E-18,-33.42E-18,-35.75E-18,-38.79E-18
6.316E6,-27.63E-18,-33.42E-18,-35.75E-18,-38.79E-18
6.317E6,-27.63E-18,-33.42E-18,-35.75E-18,-38.79E-18
6.318E6,-27.63E-18,-33.42E-18,-35.75E-18,-38.79E-18
6.319E6,-27.63E-18,-33.42E-18,-35.75E-18,-38.79E-18
6.320E6,-27.63E-18,-33.42E-18,-35.75E-18,-38.79E-18
6.321E6,-27.63E-18,-33.42E-18,-35.75E-18,-38.79E-18
6.322E6,-27.63E-18,-33.42E-18,-35.75E-18,-38.79E-18
6.323E6,-27.63E-18,-33.42E-18,-35.75E-18,-38.79E-18
6.324E6,-27.63E-18,-33.42E-18,-35.75E-18,-38.79E-18
6.325E6,-27.63E-18,-33.42E-18,-35.75E-18,-38.79E-18
6.326E6,-27.63E-18,-33.42E-18,-35.75E-18,-38.79E-18
6.327E6,-27.63E-18,-33.42E-18,-35.75E-18,-38.79E-18
6.328E6,-27.63E-18,-33.42E-18,-35.75E-18,-38.79E-18
6.329E6,-27.63E-18,-33.42E-18,-35.75E-18,-38.79E-18
6.330E6,-27.63E-18,-33.42E-18,-35.75E-18,-38.79E-18
6.331E6,-27.63E-18,-33.42E-18,-35.75E-18,-38.79E-18
6.332E6,-27.63E-18,-33.42E-18,-35.75E-18,-38.79E-18
6.333E6,-27.63E-18,-33.42E-18,-35.75E-18,-38.79E-18
6.334E6,-27.63E-18,-33.42E-18,-35.75E-18,-38.79E-18
6.335E6,-27.63E-18,-33.42E-18,-35.75E-18,-38.79E-18
6.336E6,-27.63E-18,-33.42E-18,-35.75E-18,-38.79E-18
6.337E6,-27.63E-18,-33.42E-18,-35.75E-18,-38.79E-18
6.338E6,-27.63E-18,-33.42E-18,-35.75E-18,-38.79E-18
6.339E6,-27.63E-18,-33.42E-18,-35.75E-18,-38.79E-18
6.340E6,-27.63E-18,-33.42E-18,-35.75E-18,-38.79E-18
6.341E6,-27.63E-18,-33.42E-18,-35.75E-18,-38.79E-18
6.342E6,-27.63E-18,-33.42E-18,-35.75E-18,-38.79E-18
6.343E6,-27.63E-18,-33.42E-18,-35.75E-18,-38.79E-18
6.344E6,-27.63E-18,-33.42E-18,-35.75E-18,-38.79E-18
6.345E6,-27.63E-18,-33.42E-18,-35.75E-18,-38.79E-18
6.346E6,-27.63E-18,-33.42E-18,-35.75E-18,-38.79E-18
6.347E6,-27.63E-18,-33.42E-18,-35.75E-18,-38.79E-18
6.348E6,-27.63E-18,-33.42E-18,-35.75E-18,-38.79E-18
6.349E6,-27.63E-18,-33.42E-18,-35.75E-18,-38.79E-18
6.350E6,-27.63E-18,-33.42E-18,-35.75E-18,-38.79E-18
6.351E6,-27.63E-18,-33.42E-18,-35.75E-18,-38.79E-18
6.352E6,-27.63E-18,-33.42E-18,-35.75E-18,-38.79E-18
6.353E6,-27.63E-18,-33.42E-18,-35.75E-18,-38.79E-18
6.354E6,-27.63E-18,-33.42E-18,-35.75E-18,-38.79E-18
6.355E6,-27.63E-18,-33.42E-18,-35.75E-18,-38.79E-18
6.356E6,-27.63E-18,-33.42E-18,-35.75E-18,-38.79E-18
6.357E6,-27.63E-18,-33.42E-18,-35.75E-18,-38.79E-18
6.358E6,-27.63E-18,-33.42E-18,-35.75E-18,-38.79E-18
6.359E6,-27.63E-18,-33.42E-18,-35.75E-18,-38.79E-18
6.360E6,-27.63E-18,-33.42E-18,-35.75E-18,-38.79E-18
6.361E6,-27.63E-18,-33.42E-18,-35.75E-18,-38.79E-18
6.362E6,-27.63E-18,-33.42E-18,-35.75E-18,-38.79E-18
6.363E6,-27.63E-18,-33.42E-18,-35.75E-18,-38.79E-18
6.364E6,-27.63E-18,-33.42E-18,-35.75E-18,-38.79E-18
6.365E6,-27.63E-18,-33.42E-18,-35.75E-18,-38.79E-18
6.366E6,-27.63E-18,-33.42E-18,-35.75E-18,-38.79E-18
6.367E6,-27.63E-18,-33.42E-18,-35.75E-18,-38.79E-18
6.368E6,-27.63E-18,-33.42E-18,-35.75E-18,-38.79E-18
6.369E6,-27.63E-18,-33.42E-18,-35.75E-18,-38.79E-18
6.370E6,-27.63E-18,-33.42E-18,-35.75E-18,-38.79E-18
6.371E6,-27.63E-18,-33.42E-18,-35.75E-18,-38.79E-18
6.372E6,-27.63E-18,-33.42E-18,-35.75E-18,-38.79E-18
6.373E6,-27.63E-18,-33.42E-18,-35.75E-18,-38.79E-18
6.374E6,-27.63E-18,-33.42E-18,-35.75E-18,-38.79E-18
6.375E6,-27.63E-18,-33.42E-18,-35.75E-18,-38.79E-18
6.376E6,-27.63E-18,-33.42E-18,-35.75E-18,-38.79E-18
6.377E6,-27.63E-18,-33.42E-18,-35.75E-18,-38.79E-18
6.378E6,-27.63E-18,-33.42E-18,-35.75E-18,-38.79E-18
6.379E6,-27.63E-18,-33.42E-18,-35.75E-18,-38.79E-18
6.380E6,-27.63E-18,-33.42E-18,-35.75E-18,-38.79E-18
6.381E6,-27.63E-18,-33.42E-18,-35.75E-18,-38.79E-18
6.382E6,-27.63E-18,-33.42E-18,-35.75E-18,-38.79E-18
6.383E6,-27.63E-18,-33.42E-18,-35.75E-18,-38.79E-18
6.384E6,-27.63E-18,-33.42E-18,-35.75E-18,-38.79E-18
6.385E6,-27.63E-18,-33.42E-18,-35.75E-18,-38.79E-18
6.386E6,-27.63E-18,-33.42E-18,-35.75E-18,-38.79E-18
6.387E6,-27.63E-18,-33.42E-18,-35.75E-18,-38.79E-18
6.388E6,-27.63E-18,-33.42E-18,-35.75E-18,-38.79E-18
6.389E6,-27.63E-18,-33.42E-18,-35.75E-18,-38.79E-18
6.390E6,-27.63E-18,-33.42E-18,-35.75E-18,-38.79E-18
6.391E6,-27.63E-18,-33.42E-18,-35.75E-18,-38.79E-18
6.392E6,-27.63E-18,-33.42E-18,-35.75E-18,-38.79E-18
6.393E6,-27.63E-18,-33.42E-18,-35.75E-18,-38.79E-18
6.394E6,-27.63E-18,-33.42E-18,-35.75E-18,-38.79E-18
6.395E6,-27.63E-18,-33.42E-18,-35.75E-18,-38.79E-18
6.396E6,-27.63E-18,-33.42E-18,-35.75E-18,-38.79E-18
6.397E6,-27.63E-18,-33.42E-18,-35.75E-18,-38.79E-18
6.398E6,-27.63E-18,-33.42E-18,-35.75E-18,-38.79E-18
6.399E6,-27.63E-18,-33.42E-18,-35.75E-18,-38.79E-18
6.400E6,-27.63E-18,-33.42E-18,-35.75E-18,-38.79E-18
6.401E6,-27.63E-18,-33.42E-18,-35.75E-18,-38.79E-18
6.402E6,-27.63E-18,-33.42E-18,-35.75E-18,-38.79E-18
6.403E6,-27.63E-18,-33.42E-18,-35.75E-18,-38.79E-18
6.404E6,-27.63E-18,-33.42E-18,-35.75E-18,-38.79E-18
6.405E6,-27.63E-18,-33.42E-18,-35.75E-18,-38.79E-18
6.406E6,-27.63E-18,-33.42E-18,-35.75E-18,-38.79E-18
6.407E6,-27.63E-18,-33.42E-18,-35.75E-18,-38.79E-18
6.408E6,-27.63E-18,-33.42E-18,-35.75E-18,-38.79E-18
6.409E6,-27.63E-18,-33.42E-18,-35.75E-18,-38.79E-18
6.410E6,-27.63E-18,-33.42E-18,-35.75E-18,-38.79E-18
6.411E6,-27.63E-18,-33.42E-18,-35.75E-18,-38.79E-18
6.412E6,-27.63E-18,-33.42E-18,-35.75E-18,-38.79E-18
6.413E6,-27.63E-18,-33.42E-18,-35.75E-18,-38.79E-18
6.414E6,-27.63E-18,-33.42E-18,-35.75E-18,-38.79E-18
6.415E6,-27.63E-18,-33.42E-18,-35.75E-18,-38.79E-18
6.416E6,-27.63E-18,-33.42E-18,-35.75E-18,-38.79E-18
6.417E6,-27.63E-18,-33.42E-18,-35.75E-18,-38.79E-18
6.418E6,-27.63E-18,-33.42E-18,-35.75E-18,-38.79E-18
6.419E6,-27.63E-18,-33.42E-18,-35.75E-18,-38.79E-18
6.420E6,-27.63E-18,-33.42E-18,-35.75E-18,-38.79E-18
6.421E6,-27.63E-18,-33.42E-18,-35.75E-18,-38.79E-18
6.422E6,-27.63E-18,-33.42E-18,-35.75E-18,-38.79E-18
6.423E6,-27.63E-18,-33.42E-18,-35.75E-18,-38.79E-18
6.424E6,-27.63E-18,-33.42E-18,-35.75E-18,-38.79E-18
6.425E6,-27.63E-18,-33.42E-18,-35.75E-18,-38.79E-18
6.426E6,-27.63E-18,-33.42E-18,-35.75E-18,-38.79E-18
6.427E6,-27.63E-18,-33.42E-18,-35.75E-18,-38.79E-18
6.428E6,-27.63E-18,-33.42E-18,-35.75E-18,-38.79E-18
6.429E6,-27.63E-18,-33.42E-18,-35.75E-18,-38.79E-18
6.430E6,-27.63E-18,-33.42E-18,-35.75E-18,-38.79E-18
6.431E6,-27.63E-18,-33.42E-18,-35.75E-18,-38.79E-18
6.432E6,-27.63E-18,-33.42E-18,-35.75E-18,-38.79E-18
6.433E6,-27.63E-18,-33.42E-18,-35.75E-18,-38.79E-18
6.434E6,-27.63E-18,-33.42E-18,-35.75E-18,-38.79E-18
6.435E6,-27.63E-18,-33.42E-18,-35.75E-18,-38.79E-18
6.436E6,-27.63E-18,-33.42E-18,-35.75E-18,-38.79E-18
6.437E6,-27.63E-18,-33.42E-18,-35.75E-18,-38.79E-18
6.438E6,-27.63E-18,-33.42E-18,-35.75E-18,-38.79E-18
6.439E6,-27.63E-18,-33.42E-18,-35.75E-18,-38.79E-18
6.440E6,-27.63E-18,-33.42E-18,-35.75E-18,-38.79E-18
6.441E6,-27.63E-18,-33.42E-18,-35.75E-18,-38.79E-18
6.442E6,-27.63E-18,-33.42E-18,-35.75E-18,-38.79E-18
6.443E6,-27.63E-18,-33.42E-18,-35.75E-18,-38.79E-18
6.444E6,-27.63E-18,-33.42E-18,-35.75E-18,-38.79E-18
6.445E6,-27.63E-18,-33.42E-18,-35.75E-18,-38.79E-18
6.446E6,-27.63E-18,-33.42E-18,-35.75E-18,-38.79E-18
6.447E6,-27.63E-18,-33.42E-18,-35.75E-18,-38.79E-18
6.448E6,-27.63E-18,-33.42E-18,-35.75E-18,-38.79E-18
6.449E6,-27.63E-18,-33.42E-18,-35.75E-18,-38.79E-18
6.450E6,-27.63E-18,-33.42E-18,-35.75E-18,-38.79E-18
6.451E6,-27.63E-18,-33.42E-18,-35.75E-18,-38.79E-18
6.452E6,-27.63E-18,-33.42E-18,-35.75E-18,-38.79E-18
6.453E6,-27.63E-18,-33.42E-18,-35.75E-18,-38.79E-18
6.454E6,-27.63E-18,-33.42E-18,-35.75E-18,-38.79E-18
6.455E6,-27.63E-18,-33.42E-18,-35.75E-18,-38.79E-18
6.456E6,-27.63E-18,-33.42E-18,-35.75E-18,-38.79E-18
6.457E6,-27.63E-18,-33.42E-18,-35.75E-18,-38.79E-18
6.458E6,-27.63E-18,-33.42E-18,-35.75E-18,-38.79E-18
6.459E6,-27.63E-18,-33.42E-18,-35.75E-18,-38.79E-18
6.460E6,-27.63E-18,-33.42E-18,-35.75E-18,-38.79E-18
6.461E6,-27.63E-18,-33.42E-18,-35.75E-18,-38.79E-18
6.462E6,-27.63E-18,-33.42E-18,-35.75E-18,-38.79E-18
6.463E6,-27.63E-18,-33.42E-18,-35.75E-18,-38.79E-18
6.464E6,-27.63E-18,-33.42E-18,-35.75E-18,-38.79E-18
6.465E6,-27.63E-18,-33.42E-18,-35.75E-18,-38.79E-18
6.466E6,-27.63E-18,-33.42E-18,-35.75E-18,-38.79E-18
6.467E6,-27.63E-18,-33.42E-18,-35.75E-18,-38.79E-18
6.468E6,-27.63E-18,-33.42E-18,-35.75E-18,-38.79E-18
6.469E6,-27.63E-18,-33.42E-18,-35.75E-18,-38.79E-18
6.470E6,-27.63E-18,-33.42E-18,-35.75E-18,-38.79E-18
6.471E6,-27.63E-18,-33.42E-18,-35.75E-18,-38.79E-18
6.472E6,-27.63E-18,-33.42E-18,-35.75E-18,-38.79E-18
6.473E6,-27.63E-18,-33.42E-18,-35.75E-18,-38.79E-18
6.474E6,-27.63E-18,-33.42E-18,-35.75E-18,-38.79E-18
6.475E6,-27.63E-18,-33.42E-18,-35.75E-18,-38.79E-18
6.476E6,-27.63E-18,-33.42E-18,-35.75E-18,-38.79E-18
6.477E6,-27.63E-18,-33.42E-18,-35.75E-18,-38.79E-18
6.478E6,-27.63E-18,-33.42E-18,-35.75E-18,-38.79E-18
6.479E6,-27.63E-18,-33.42E-18,-35.75E-18,-38.79E-18
6.480E6,-27.63E-18,-33.42E-18,-35.75E-18,-38.79E-18
6.481E6,-27.63E-18,-33.42E-18,-35.75E-18,-38.79E-18
6.482E6,-27.63E-18,-33.42E-18,-35.75E-18,-38.79E-18
6.483E6,-27.63E-18,-33.42E-18,-35.75E-18,-38.79E-18
6.484E6,-27.63E-18,-33.42E-18,-35.75E-18,-38.79E-18
6.485E6,-27.63E-18,-33.42E-18,-35.75E-18,-38.79E-18
6.486E6,-27.63E-18,-33.42E-18,-35.75E-18,-38.79E-18
6.487E6,-27.63E-18,-33.42E-18,-35.75E-18,-38.79E-18
6.488E6,-27.63E-18,-33.42E-18,-35.75E-18,-38.79E-18
6.489E6,-27.63E-18,-33.42E-18,-35.75E-18,-38.79E-18
6.490E6,-27.63E-18,-33.42E-18,-35.75E-18,-38.79E-18
6.491E6,-27.63E-18,-33.42E-18,-35.75E-18,-38.79E-18
6.492E6,-27.63E-18,-33.42E-18,-35.75E-18,-38.79E-18
6.493E6,-27.63E-18,-33.42E-18,-35.75E-18,-38.79E-18
6.494E6,-27.63E-18,-33.42E-18,-35.75E-18,-38.79E-18
6.495E6,-27.63E-18,-33.42E-18,-35.75E-18,-38.79E-18
6.496E6,-27.63E-18,-33.42E-18,-35.75E-18,-38.79E-18
6.497E6,-27.63E-18,-33.42E-18,-35.75E-18,-38.79E-18
6.498E6,-27.63E-18,-33.42E-18,-35.75E-18,-38.79E-18
6.499E6,-27.63E-18,-33.42E-18,-35.75E-18,-38.79E-18
6.500E6,-27.63E-18,-33.42E-18,-35.75E-18,-38.79E-18
6.501E6,-27.63E-18,-33.42E-18,-35.75E-18,-38.79E-18
6.502E6,-27.63E-18,-33.42E-18,-35.75E-18,-38.79E-18
6.503E6,-27.63E-18,-33.42E-18,-35.75E-18,-38.79E-18
6.504E6,-27.63E-18,-33.42E-18,-35.75E-18,-38.79E-18
6.505E6,-27.63E-18,-33.42E-18,-35.75E-18,-38.79E-18
6.506E6,-27.63E-18,-33.42E-18,-35.75E-18,-38.79E-18
6.507E6,-27.63E-18,-33.42E-18,-35.75E-18,-38.79E-18
6.508E6,-27.63E-18,-33.42E-18,-35.75E-18,-38.79E-18
6.509E6,-27.63E-18,-33.42E-18,-35.75E-18,-38.79E-18
6.510E6,-27.63E-18,-33.42E-18,-35.75E-18,-38.79E-18
6.511E6,-27.63E-18,-33.42E-18,-35.75E-18,-38.79E-18
6.512E6,-27.63E-18,-33.42E-18,-35.75E-18,-38.79E-18
6.513E6,-27.63E-18,-33.42E-18,-35.75E-18,-38.79E-18
6.514E6,-27.63E-18,-33.42E-18,-35.75E-18,-38.79E-18
6.515E6,-27.63E-18,-33.42E-18,-35.75E-18,-38.79E-18
6.516E6,-27.63E-18,-33.42E-18,-35.75E-18,-38.79E-18
6.517E6,-27.63E-18,-33.42E-18,-35.75E-18,-38.79E-18
6.518E6,-27.63E-18,-33.42E-18,-35.75E-18,-38.79E-18
6.519E6,-27.63E-18,-33.42E-18,-35.75E-18,-38.79E-18
6.520E6,-27.63E-18,-33.42E-18,-35.75E-18,-38.79E-18
6.521E6,-27.63E-18,-33.42E-18,-35.75E-18,-38.79E-18
6.522E6,-27.63E-18,-33.42E-18,-35.75E-18,-38.79E-18
6.523E6,-27.63E-18,-33.42E-18,-35.75E-18,-38.79E-18
6.524E6,-27.63E-18,-33.42E-18,-35.75E-18,-38.79E-18
6.525E6,-27.63E-18,-33.42E-18,-35.75E-18,-38.79E-18
6.526E6,-27.63E-18,-33.42E-18,-35.75E-18,-38.79E-18
6.527E6,-27.63E-18,-33.42E-18,-35.75E-18,-38.79E-18
6.528E6,-27.63E-18,-33.42E-18,-35.75E-18,-38.79E-18
6.529E6,-27.63E-18,-33.42E-18,-35.75E-18,-38.79E-18
6.530E6,-27.63E-18,-33.42E-18,-35.75E-18,-38.79E-18
6.531E6,-27.63E-18,-33.42E-18,-35.75E-18,-38.79E-18
6.532E6,-27.63E-18,-33.42E-18,-35.75E-18,-38.79E-18
6.533E6,-27.63E-18,-33.42E-18,-35.75E-18,-38.79E-18
6.534E6,-27.63E-18,-33.42E-18,-35.75E-18,-38.79E-18
6.535E6,-27.63E-18,-33.42E-18,-35.75E-18,-38.79E-18
6.536E6,-27.63E-18,-33.42E-18,-35.75E-18,-38.79E-18
6.537E6,-27.63E-18,-33.42E-18,-35.75E-18,-38.79E-18
6.538E6,-27.63E-18,-33.42E-18,-35.75E-18,-38.79E-18
6.539E6,-27.63E-18,-33.42E-18,-35.75E-18,-38.79E-18
6.540E6,-27.63E-18,-33.42E-18,-35.75E-18,-38.79E-18
6.541E6,-27.63E-18,-33.42E-18,-35.75E-18,-38.79E-18
6.542E6,-27.63E-18,-33.42E-18,-35.75E-18,-38.79E-18
6.543E6,-27.63E-18,-33.42E-18,-35.75E-18,-38.79E-18
6.544E6,-27.63E-18,-33.42E-18,-35.75E-18,-38.79E-18
6.545E6,-27.63E-18,-33.42E-18,-35.75E-18,-38.79E-18
6.546E6,-27.63E-18,-33.42E-18,-35.75E-18,-38.79E-18
6.547E6,-27.63E-18,-33.42E-18,-35.75E-18,-38.79E-18
6.548E6,-27.63E-18,-33.42E-18,-35.75E-18,-38.79E-18
6.549E6,-27.63E-18,-33.42E-18,-35.75E-18,-38.79E-18
6.550E6,-27.63E-18,-33.42E-18,-35.75E-18,-38.79E-18
6.551E6,-27.63E-18,-33.42E-18,-35.75E-18,-38.79E-18
6.552E6,-27.63E-18,-33.42E-18,-35.75E-18,-38.79E-18
6.553E6,-27.63E-18,-33.42E-18,-35.75E-18,-38.79E-18
6.554E6,-27.63E-18,-33.42E-18,-35.75E-18,-38.79E-18
6.555E6,-27.63E-18,-33.42E-18,-35.75E-18,-38.79E-18
6.556E6,-27.63E-18,-33.42E-18,-35.75E-18,-38.79E-18
6.557E6,-27.63E-18,-33.42E-18,-35.75E-18,-38.79E-18
6.558E6,-27.63E-18,-33.42E-18,-35.75E-18,-38.79E-18
6.559E6,-27.63E-18,-33.42E-18,-35.75E-18,-38.79E-18
6.560E6,-27.63E-18,-33.42E-18,-35.75E-18,-38.79E-18
6.561E6,-27.63E-18,-33.42E-18,-35.75E-18,-38.79E-18
6.562E6,-27.63E-18,-33.42E-18,-35.75E-18,-38.79E-18
6.563E6,-27.63E-18,-33.42E-18,-35.75E-18,-38.79E-18
6.564E6,-27.63E-18,-33.42E-18,-35.75E-18,-38.79E-18
6.565E6,-27.63E-18,-33.42E-18,-35.75E-18,-38.79E-18
6.566E6,-27.63E-18,-33.42E-18,-35.75E-18,-38.79E-18
6.567E6,-27.63E-18,-33.42E-18,-35.75E-18,-38.79E-18
6.568E6,-27.63E-18,-33.42E-18,-35.75E-18,-38.79E-18
6.569E6,-27.63E-18,-33.42E-18,-35.75E-18,-38.79E-18
6.570E6,-27.63E-18,-33.42E-18,-35.75E-18,-38.79E-18
6.571E6,-27.63E-18,-33.42E-18,-35.75E-18,-38.79E-18
6.572E6,-27.63E-18,-33.42E-18,-35.75E-18,-38.79E-18
6.573E6,-27.63E-18,-33.42E-18,-35.75E-18,-38.79E-18
6.574E6,-27.63E-18,-33.42E-18,-35.75E-18,-38.79E-18
6.575E6,-27.63E-18,-33.42E-18,-35.75E-18,-38.79E-18
6.576E6,-27.63E-18,-33.42E-18,-35.75E-18,-38.79E-18
6.577E6,-27.63E-18,-33.42E-18,-35.75E-18,-38.79E-18
6.578E6,-27.63E-18,-33.42E-18,-35.75E-18,-38.79E-18
6.579E6,-27.63E-18,-33.42E-18,-35.75E-18,-38.79E-18
6.580E6,-27.63E-18,-33.42E-18,-35.75E-18,-38.79E-18
6.581E6,-27.63E-18,-33.42E-18,-35.75E-18,-38.79E-18
6.582E6,-27.63E-18,-33.42E-18,-35.75E-18,-38.79E-18
6.583E6,-27.63E-18,-33.42E-18,-35.75E-18,-38.79E-18
6.584E6,-27.63E-18,-33.42E-18,-35.75E-18,-38.79E-18
6.585E6,-27.63E-18,-33.42E-18,-35.75E-18,-38.79E-18
6.586E6,-27.63E-18,-33.42E-18,-35.75E-18,-38.79E-18
6.587E6,-27.63E-18,-33.42E-18,-35.75E-18,-38.79E-18
6.588E6,-27.63E-18,-33.42E-18,-35.75E-18,-38.79E-18
6.589E6,-27.63E-18,-33.42E-18,-35.75E-18,-38.79E-18
6.590E6,-27.63E-18,-33.42E-18,-35.75E-18,-38.79E-18
6.591E6,-27.63E-18,-33.42E-18,-35.75E-18,-38.79E-18
6.592E6,-27.63E-18,-33.42E-18,-35.75E-18,-38.79E-18
6.593E6,-27.63E-18,-33.42E-18,-35.75E-18,-38.79E-18
6.594E6,-27.63E-18,-33.42E-18,-35.75E-18,-38.79E-18
6.595E6,-27.63E-18,-33.42E-18,-35.75E-18,-38.79E-18
6.596E6,-27.63E-18,-33.42E-18,-35.75E-18,-38.79E-18
6.597E6,-27.63E-18,-33.42E-18,-35.75E-18,-38.79E-18
6.598E6,-27.63E-18,-33.42E-18,-35.75E-18,-38.79E-18
6.599E6,-27.63E-18,-33.42E-18,-35.75E-18,-38.79E-18
6.600E6,-27.63E-18,-33.42E-18,-35.75E-18,-38.79E-18
6.601E6,-27.63E-18,-33.42E-18,-35.75E-18,-38.79E-18
6.602E6,-27.63E-18,-33.42E-18,-35.75E-18,-38.79E-18
6.603E6,-27.63E-18,-33.42E-18,-35.75E-18,-38.79E-18
6.604E6,-27.63E-18,-33.42E-18,-35.75E-18,-38.79E-18
6.605E6,-27.63E-18,-33.42E-18,-35.75E-18,-38.79E-18
6.606E6,-27.63E-18,-33.42E-18,-35.75E-18,-38.79E-18
6.607E6,-27.63E-18,-33.42E-18,-35.75E-18,-38.79E-18
6.608E6,-27.63E-18,-33.42E-18,-35.75E-18,-38.79E-18
6.609E6,-27.63E-18,-33.42E-18,-35.75E-18,-38.79E-18
6.610E6,-27.63E-18,-33.42E-18,-35.75E-18,-38.79E-18
6.611E6,-27.63E-18,-33.42E-18,-35.75E-18,-38.79E-18
6.612E6,-27.63E-18,-33.42E-18,-35.75E-18,-38.79E-18
6.613E6,-27.63E-18,-33.42E-18,-35.75E-18,-38.79E-18
6.614E6,-27.63E-18,-33.42E-18,-35.75E-18,-38.79E-18
6.615E6,-27.63E-18,-33.42E-18,-35.75E-18,-38.79E-18
6.616E6,-27.63E-18,-33.42E-18,-35.75E-18,-38.79E-18
6.617E6,-27.63E-18,-33.42E-18,-35.75E-18,-38.79E-18
6.618E6,-27.63E-18,-33.42E-18,-35.75E-18,-38.79E-18
6.619E6,-27.63E-18,-33.42E-18,-35.75E-18,-38.79E-18
6.620E6,-27.63E-18,-33.42E-18,-35.75E-18,-38.79E-18
6.621E6,-27.63E-18,-33.42E-18,-35.75E-18,-38.79E-18
6.622E6,-27.63E-18,-33.42E-18,-35.75E-18,-38.79E-18
6.623E6,-27.63E-18,-33.42E-18,-35.75E-18,-38.79E-18
6.624E6,-27.63E-18,-33.42E-18,-35.75E-18,-38.79E-18
6.625E6,-27.63E-18,-33.42E-18,-35.75E-18,-38.79E-18
6.626E6,-27.63E-18,-33.42E-18,-35.75E-18,-38.79E-18
6.627E6,-27.63E-18,-33.42E-18,-35.75E-18,-38.79E-18
6.628E6,-27.63E-18,-33.42E-18,-35.75E-18,-38.79E-18
6.629E6,-27.63E-18,-33.42E-18,-35.75E-18,-38.79E-18
6.630E6,-27.63E-18,-33.42E-18,-35.75E-18,-38.79E-18
6.631E6,-27.63E-18,-33.42E-18,-35.75E-18,-38.79E-18
6.632E6,-27.63E-18,-33.42E-18,-35.75E-18,-38.79E-18
6.633E6,-27.63E-18,-33.42E-18,-35.75E-18,-38.79E-18
6.634E6,-27.63E-18,-33.42E-18,-35.75E-18,-38.79E-18
6.635E6,-27.63E-18,-33.42E-18,-35.75E-18,-38.79E-18
6.636E6,-27.63E-18,-33.42E-18,-35.75E-18,-38.79E-18
6.637E6,-27.63E-18,-33.42E-18,-35.75E-18,-38.79E-18
6.638E6,-27.63E-18,-33.42E-18,-35.75E-18,-38.79E-18
6.639E6,-27.63E-18,-33.42E-18,-35.75E-18,-38.79E-18
6.640E6,-27.63E-18,-33.42E-18,-35.75E-18,-38.79E-18
6.641E6,-27.63E-18,-33.42E-18,-35.75E-18,-38.79E-18
6.642E6,-27.63E-18,-33.42E-18,-35.75E-18,-38.79E-18
6.643E6,-27.63E-18,-33.42E-18,-35.75E-18,-38.79E-18
6.644E6,-27.63E-18,-33.42E-18,-35.75E-18,-38.79E-18
6.645E6,-27.63E-18,-33.42E-18,-35.75E-18,-38.79E-18
6.646E6,-27.63E-18,-33.42E-18,-35.75E-18,-38.79E-18
6.647E6,-27.63E-18,-33.42E-18,-35.75E-18,-38.79E-18
6.648E6,-27.63E-18,-33.42E-18,-35.75E-18,-38.79E-18
6.649E6,-27.63E-18,-33.42E-18,-35.75E-18,-38.79E-18
6.650E6,-27.63E-18,-33.42E-18,-35.75E-18,-38.79E-18
6.651E6,-27.63E-18,-33.42E-18,-35.75E-18,-38.79E-18
6.652E6,-27.63E-18,-33.42E-18,-35.75E-18,-38.79E-18
6.653E6,-27.63E-18,-33.42E-18,-35.75E-18,-38.79E-18
6.654E6,-27.63E-18,-33.42E-18,-35.75E-18,-38.79E-18
6.655E6,-27.63E-18,-33.42E-18,-35.75E-18,-38.79E-18
6.656E6,-27.63E-18,-33.42E-18,-35.75E-18,-38.79E-18
6.657E6,-27.63E-18,-33.42E-18,-35.75E-18,-38.79E-18
6.658E6,-27.63E-18,-33.42E-18,-35.75E-18,-38.79E-18
6.659E6,-27.63E-18,-33.42E-18,-35.75E-18,-38.79E-18
6.660E6,-27.63E-18,-33.42E-18,-35.75E-18,-38.79E-18
6.661E6,-27.63E-18,-33.42E-18,-35.75E-18,-38.79E-18
6.662E6,-27.63E-18,-33.42E-18,-35.75E-18,-38.79E-18
6.663E6,-27.63E-18,-33.42E-18,-35.75E-18,-38.79E-18
6.664E6,-27.63E-18,-33.42E-18,-35.75E-18,-38.79E-18
6.665E6,-27.63E-18,-33.42E-18,-35.75E-18,-38.79E-18
6.666E6,-27.63E-18,-33.42E-18,-35.75E-18,-38.79E-18
6.667E6,-27.63E-18,-33.42E-18,-35.75E-18,-38.79E-18
6.668E6,-27.63E-18,-33.42E-18,-35.75E-18,-38.79E-18
6.669E6,-27.63E-18,-33.42E-18,-35.75E-18,-38.79E-18
6.670E6,-27.63E-18,-33.42E-18,-35.75E-18,-38.79E-18
6.671E6,-27.63E-18,-33.42E-18,-35.75E-18,-38.79E-18
6.672E6,-27.63E-18,-33.42E-18,-35.75E-18,-38.79E-18
6.673E6,-27.63E-18,-33.42E-18,-35.75E-18,-38.79E-18
6.674E6,-27.63E-18,-33.42E-18,-35.75E-18,-38.79E-18
6.675E6,-27.63E-18,-33.42E-18,-35.75E-18,-38.79E-18
6.676E6,-27.63E-18,-33.42E-18,-35.75E-18,-38.79E-18
6.677E6,-27.63E-18,-33.42E-18,-35.75E-18,-38.79E-18
6.678E6,-27.63E-18,-33.42E-18,-35.75E-18,-38.79E-18
6.679E6,-27.63E-18,-33.42E-18,-35.75E-18,-38.79E-18
6.680E6,-27.63E-18,-33.42E-18,-35.75E-18,-38.79E-18
6.681E6,-27.63E-18,-33.42E-18,-35.75E-18,-38.79E-18
6.682E6,-27.63E-18,-33.42E-18,-35.75E-18,-38.79E-18
6.683E6,-27.63E-18,-33.42E-18,-35.75E-18,-38.79E-18
6.684E6,-27.63E-18,-33.42E-18,-35.75E-18,-38.79E-18
6.685E6,-27.63E-18,-33.42E-18,-35.75E-18,-38.79E-18
6.686E6,-27.63E-18,-33.42E-18,-35.75E-18,-38.79E-18
6.687E6,-27.63E-18,-33.42E-18,-35.75E-18,-38.79E-18
6.688E6,-27.63E-18,-33.42E-18,-35.75E-18,-38.79E-18
6.689E6,-27.63E-18,-33.42E-18,-35.75E-18,-38.79E-18
6.690E6,-27.63E-18,-33.42E-18,-35.75E-18,-38.79E-18
6.691E6,-27.63E-18,-33.42E-18,-35.75E-18,-38.79E-18
6.692E6,-27.63E-18,-33.42E-18,-35.75E-18,-38.79E-18
6.693E6,-27.63E-18,-33.42E-18,-35.75E-18,-38.79E-18
6.694E6,-27.63E-18,-33.42E-18,-35.75E-18,-38.79E-18
6.695E6,-27.63E-18,-33.42E-18,-35.75E-18,-38.79E-18
6.696E6,-27.63E-18,-33.42E-18,-35.75E-18,-38.79E-18
6.697E6,-27.63E-18,-33.42E-18,-35.75E-18,-38.79E-18
6.698E6,-27.63E-18,-33.42E-18,-35.75E-18,-38.79E-18
6.699E6,-27.63E-18,-33.42E-18,-35.75E-18,-38.79E-18
6.700E6,-27.63E-18,-33.42E-18,-35.75E-18,-38.79E-18
6.701E6,-27.63E-18,-33.42E-18,-35.75E-18,-38.79E-18
6.702E6,-27.63E-18,-33.42E-18,-35.75E-18,-38.79E-18
6.703E6,-27.63E-18,-33.42E-18,-35.75E-18,-38.79E-18
6.704E6,-27.63E-18,-33.42E-18,-35.75E-18,-38.79E-18
6.705E6,-27.63E-18,-33.42E-18,-35.75E-18,-38.79E-18
6.706E6,-27.63E-18,-33.42E-18,-35.75E-18,-38.79E-18
6.707E6,-27.63E-18,-33.42E-18,-35.75E-18,-38.79E-18
6.708E6,-27.63E-18,-33.42E-18,-35.75E-18,-38.79E-18
6.709E6,-27.63E-18,-33.42E-18,-35.75E-18,-38.79E-18
6.710E6,-27.63E-18,-33.42E-18,-35.75E-18,-38.79E-18
6.711E6,-27.63E-18,-33.42E-18,-35.75E-18,-38.79E-18
6.712E6,-27.63E-18,-33.42E-18,-35.75E-18,-38.79E-18
6.713E6,-27.63E-18,-33.42E-18,-35.75E-18,-38.79E-18
6.714E6,-27.63E-18,-33.42E-18,-35.75E-18,-38.79E-18
6.715E6,-27.63E-18,-33.42E-18,-35.75E-18,-38.79E-18
6.716E6,-27.63E-18,-33.42E-18,-35.75E-18,-38.79E-18
6.717E6,-27.63E-18,-33.42E-18,-35.75E-18,-38.79E-18
6.718E6,-27.63E-18,-33.42E-18,-35.75E-18,-38.79E-18
6.719E6,-27.63E-18,-33.42E-18,-35.75E-18,-38.79E-18
6.720E6,-27.63E-18,-33.42E-18,-35.75E-18,-38.79E-18
6.721E6,-27.63E-18,-33.42E-18,-35.75E-18,-38.79E-18
6.722E6,-27.63E-18,-33.42E-18,-35.75E-18,-38.79E-18
6.723E6,-27.63E-18,-33.42E-18,-35.75E-18,-38.79E-18
6.724E6,-27.63E-18,-33.42E-18,-35.75E-18,-38.79E-18
6.725E6,-27.63E-18,-33.42E-18,-35.75E-18,-38.79E-18
6.726E6,-27.63E-18,-33.42E-18,-35.75E-18,-38.79E-18
6.727E6,-27.63E-18,-33.42E-18,-35.75E-18,-38.79E-18
6.728E6,-27.63E-18,-33.42E-18,-35.75E-18,-38.79E-18
6.729E6,-27.63E-18,-33.42E-18,-35.75E-18,-38.79E-18
6.730E6,-27.63E-18,-33.42E-18,-35.75E-18,-38.79E-18
6.731E6,-27.63E-18,-33.42E-18,-35.75E-18,-38.79E-18
6.732E6,-27.63E-18,-33.42E-18,-35.75E-18,-38.79E-18
6.733E6,-27.63E-18,-33.42E-18,-35.75E-18,-38.79E-18
6.734E6,-27.63E-18,-33.42E-18,-35.75E-18,-38.79E-18
6.735E6,-27.63E-18,-33.42E-18,-35.75E-18,-38.79E-18
6.736E6,-27.63E-18,-33.42E-18,-35.75E-18,-38.79E-18
6.737E6,-27.63E-18,-33.42E-18,-35.75E-18,-38.79E-18
6.738E6,-27.63E-18,-33.42E-18,-35.75E-18,-38.79E-18
6.739E6,-27.63E-18,-33.42E-18,-35.75E-18,-38.79E-18
6.740E6,-27.63E-18,-33.42E-18,-35.75E-18,-38.79E-18
6.741E6,-27.63E-18,-33.42E-18,-35.75E-18,-38.79E-18
6.742E6,-27.63E-18,-33.42E-18,-35.75E-18,-38.79E-18
6.743E6,-27.63E-18,-33.42E-18,-35.75E-18,-38.79E-18
6.744E6,-27.63E-18,-33.42E-18,-35.75E-18,-38.79E-18
6.745E6,-27.63E-18,-33.42E-18,-35.75E-18,-38.79E-18
6.746E6,-27.63E-18,-33.42E-18,-35.75E-18,-38.79E-18
6.747E6,-27.63E-18,-33.42E-18,-35.75E-18,-38.79E-18
6.748E6,-27.63E-18,-33.42E-18,-35.75E-18,-38.79E-18
6.749E6,-27.63E-18,-33.42E-18,-35.75E-18,-38.79E-18
6.750E6,-27.63E-18,-33.42E-18,-35.75E-18,-38.79E-18
6.751E6,-27.63E-18,-33.42E-18,-35.75E-18,-38.79E-18
6.752E6,-27.63E-18,-33.42E-18,-35.75E-18,-38.79E-18
6.753E6,-27.63E-18,-33.42E-18,-35.75E-18,-38.79E-18
6.754E6,-27.63E-18,-33.42E-18,-35.75E-18,-38.79E-18
6.755E6,-27.63E-18,-33.42E-18,-35.75E-18,-38.79E-18
6.756E6,-27.63E-18,-33.42E-18,-35.75E-18,-38.79E-18
6.757E6,-27.63E-18,-33.42E-18,-35.75E-18,-38.79E-18
6.758E6,-27.63E-18,-33.42E-18,-35.75E-18,-38.79E-18
6.759E6,-27.63E-18,-33.42E-18,-35.75E-18,-38.79E-18
6.760E6,-27.63E-18,-33.42E-18,-35.75E-18,-38.79E-18
6.761E6,-27.63E-18,-33.42E-18,-35.75E-18,-38.79E-18
6.762E6,-27.63E-18,-33.42E-18,-35.75E-18,-38.79E-18
6.763E6,-27.63E-18,-33.42E-18,-35.75E-18,-38.79E-18
6.764E6,-27.63E-18,-33.42E-18,-35.75E-18,-38.79E-18
6.765E6,-27.63E-18,-33.42E-18,-35.75E-18,-38.79E-18
6.766E6,-27.63E-18,-33.42E-18,-35.75E-18,-38.79E-18
6.767E6,-27.63E-18,-33.42E-18,-35.75E-18,-38.79E-18
6.768E6,-27.63E-18,-33.42E-18,-35.75E-18,-38.79E-18
6.769E6,-27.63E-18,-33.42E-18,-35.75E-18,-38.79E-18
6.770E6,-27.63E-18,-33.42E-18,-35.75E-18,-38.79E-18
6.771E6,-27.63E-18,-33.42E-18,-35.75E-18,-38.79E-18
6.772E6,-27.63E-18,-33.42E-18,-35.75E-18,-38.79E-18
6.773E6,-27.63E-18,-33.42E-18,-35.75E-18,-38.79E-18
6.774E6,-27.63E-18,-33.42E-18,-35.75E-18,-38.79E-18
6.775E6,-27.63E-18,-33.42E-18,-35.75E-18,-38.79E-18
6.776E6,-27.63E-18,-33.42E-18,-35.75E-18,-38.79E-18
6.777E6,-27.63E-18,-33.42E-18,-35.75E-18,-38.79E-18
6.778E6,-27.63E-18,-33.42E-18,-35.75E-18,-38.79E-18
6.779E6,-27.63E-18,-33.42E-18,-35.75E-18,-38.79E-18
6.780E6,-27.63E-18,-33.42E-18,-35.75E-18,-38.79E-18
6.781E6,-27.63E-18,-33.42E-18,-35.75E-18,-38.79E-18
6.782E6,-27.63E-18,-33.42E-18,-35.75E-18,-38.79E-18
6.783E6,-27.63E-18,-33.42E-18,-35.75E-18,-38.79E-18
6.784E6,-27.63E-18,-33.42E-18,-35.75E-18,-38.79E-18
6.785E6,-27.63E-18,-33.42E-18,-35.75E-18,-38.79E-18
6.786E6,-27.63E-18,-33.42E-18,-35.75E-18,-38.79E-18
6.787E6,-27.63E-18,-33.42E-18,-35.75E-18,-38.79E-18
6.788E6,-27.63E-18,-33.42E-18,-35.75E-18,-38.79E-18
6.789E6,-27.63E-18,-33.42E-18,-35.75E-18,-38.79E-18
6.790E6,-27.63E-18,-33.42E-18,-35.75E-18,-38.79E-18
6.791E6,-27.63E-18,-33.42E-18,-35.75E-18,-38.79E-18
6.792E6,-27.63E-18,-33.42E-18,-35.75E-18,-38.79E-18
6.793E6,-27.63E-18,-33.42E-18,-35.75E-18,-38.79E-18
6.794E6,-27.63E-18,-33.42E-18,-35.75E-18,-38.79E-18
6.795E6,-27.63E-18,-33.42E-18,-35.75E-18,-38.79E-18
6.796E6,-27.63E-18,-33.42E-18,-35.75E-18,-38.79E-18
6.797E6,-27.63E-18,-33.42E-18,-35.75E-18,-38.79E-18
6.798E6,-27.63E-18,-33.42E-18,-35.75E-18,-38.79E-18
6.799E6,-27.63E-18,-33.42E-18,-35.75E-18,-38.79E-18
6.800E6,-27.63E-18,-33.42E-18,-35.75E-18,-38.79E-18
6.801E6,-27.63E-18,-33.42E-18,-35.75E-18,-38.79E-18
6.802E6,-27.63E-18,-33.42E-18,-35.75E-18,-38.79E-18
6.803E6,-27.63E-18,-33.42E-18,-35.75E-18,-38.79E-18
6.804E6,-27.63E-18,-33.42E-18,-35.75E-18,-38.79E-18
6.805E6,-27.63E-18,-33.42E-18,-35.75E-18,-38.79E-18
6.806E6,-27.63E-18,-33.42E-18,-35.75E-18,-38.79E-18
6.807E6,-27.63E-18,-33.42E-18,-35.75E-18,-38.79E-18
6.808E6,-27.63E-18,-33.42E-18,-35.75E-18,-38.79E-18
6.809E6,-27.63E-18,-33.42E-18,-35.75E-18,-38.79E-18
6.810E6,-27.63E-18,-33.42E-18,-35.75E-18,-38.79E-18
6.811E6,-27.63E-18,-33.42E-18,-35.75E-18,-38.79E-18
6.812E6,-27.63E-18,-33.42E-18,-35.75E-18,-38.79E-18
6.813E6,-27.63E-18,-33.42E-18,-35.75E-18,-38.79E-18
6.814E6,-27.63E-18,-33.42E-18,-35.75E-18,-38.79E-18
6.815E6,-27.63E-18,-33.42E-18,-35.75E-18,-38.79E-18
6.816E6,-27.63E-18,-33.42E-18,-35.75E-18,-38.79E-18
6.817E6,-27.63E-18,-33.42E-18,-35.75E-18,-38.79E-18
6.818E6,-27.63E-18,-33.42E-18,-35.75E-18,-38.79E-18
6.819E6,-27.63E-18,-33.42E-18,-35.75E-18,-38.79E-18
6.820E6,-27.63E-18,-33.42E-18,-35.75E-18,-38.79E-18
6.821E6,-27.63E-18,-33.42E-18,-35.75E-18,-38.79E-18
6.822E6,-27.63E-18,-33.42E-18,-35.75E-18,-38.79E-18
6.823E6,-27.63E-18,-33.42E-18,-35.75E-18,-38.79E-18
6.824E6,-27.63E-18,-33.42E-18,-35.75E-18,-38.79E-18
6.825E6,-27.63E-18,-33.42E-18,-35.75E-18,-38.79E-18
6.826E6,-27.63E-18,-33.42E-18,-35.75E-18,-38.79E-18
6.827E6,-27.63E-18,-33.42E-18,-35.75E-18,-38.79E-18
6.828E6,-27.63E-18,-33.42E-18,-35.75E-18,-38.79E-18
6.829E6,-27.63E-18,-33.42E-18,-35.75E-18,-38.79E-18
6.830E6,-27.63E-18,-33.42E-18,-35.75E-18,-38.79E-18
6.831E6,-27.63E-18,-33.42E-18,-35.75E-18,-38.79E-18
6.832E6,-27.63E-18,-33.42E-18,-35.75E-18,-38.79E-18
6.833E6,-27.63E-18,-33.42E-18,-35.75E-18,-38.79E-18
6.834E6,-27.63E-18,-33.42E-18,-35.75E-18,-38.79E-18
6.835E6,-27.63E-18,-33.42E-18,-35.75E-18,-38.79E-18
6.836E6,-27.63E-18,-33.42E-18,-35.75E-18,-38.79E-18
6.837E6,-27.63E-18,-33.42E-18,-35.75E-18,-38.79E-18
6.838E6,-27.63E-18,-33.42E-18,-35.75E-18,-38.79E-18
6.839E6,-27.63E-18,-33.42E-18,-35.75E-18,-38.79E-18
6.840E6,-27.63E-18,-33.42E-18,-35.75E-18,-38.79E-18
6.841E6,-27.63E-18,-33.42E-18,-35.75E-18,-38.79E-18
6.842E6,-27.63E-18,-33.42E-18,-35.75E-18,-38.79E-18
6.843E6,-27.63E-18,-33.42E-18,-35.75E-18,-38.79E-18
6.844E6,-27.63E-18,-33.42E-18,-35.75E-18,-38.79E-18
6.845E6,-27.63E-18,-33.42E-18,-35.75E-18,-38.79E-18
6.846E6,-27.63E-18,-33.42E-18,-35.75E-18,-38.79E-18
6.847E6,-27.63E-18,-33.42E-18,-35.75E-18,-38.79E-18
6.848E6,-27.63E-18,-33.42E-18,-35.75E-18,-38.79E-18
6.849E6,-27.63E-18,-33.42E-18,-35.75E-18,-38.79E-18
6.850E6,-27.63E-18,-33.42E-18,-35.75E-18,-38.79E-18
6.851E6,-27.63E-18,-33.42E-18,-35.75E-18,-38.79E-18
6.852E6,-27.63E-18,-33.42E-18,-35.75E-18,-38.79E-18
6.853E6,-27.63E-18,-33.42E-18,-35.75E-18,-38.79E-18
6.854E6,-27.63E-18,-33.42E-18,-35.75E-18,-38.79E-18
6.855E6,-27.63E-18,-33.42E-18,-35.75E-18,-38.79E-18
6.856E6,-27.63E-18,-33.42E-18,-35.75E-18,-38.79E-18
6.857E6,-27.63E-18,-33.42E-18,-35.75E-18,-38.79E-18
6.858E6,-27.63E-18,-33.42E-18,-35.75E-18,-38.79E-18
6.859E6,-27.63E-18,-33.42E-18,-35.75E-18,-38.79E-18
6.860E6,-27.63E-18,-33.42E-18,-35.75E-18,-38.79E-18
6.861E6,-27.63E-18,-33.42E-18,-35.75E-18,-38.79E-18
6.862E6,-27.63E-18,-33.42E-18,-35.75E-18,-38.79E-18
6.863E6,-27.63E-18,-33.42E-18,-35.75E-18,-38.79E-18
6.864E6,-27.63E-18,-33.42E-18,-35.75E-18,-38.79E-18
6.865E6,-27.63E-18,-33.42E-18,-35.75E-18,-38.79E-18
6.866E6,-27.63E-18,-33.42E-18,-35.75E-18,-38.79E-18
6.867E6,-27.63E-18,-33.42E-18,-35.75E-18,-38.79E-18
6.868E6,-27.63E-18,-33.42E-18,-35.75E-18,-38.79E-18
6.869E6,-27.63E-18,-33.42E-18,-35.75E-18,-38.79E-18
6.870E6,-27.63E-18,-33.42E-18,-35.75E-18,-38.79E-18
6.871E6,-27.63E-18,-33.42E-18,-35.75E-18,-38.79E-18
6.872E6,-27.63E-18,-33.42E-18,-35.75E-18,-38.79E-18
6.873E6,-27.63E-18,-33.42E-18,-35.75E-18,-38.79E-18
6.874E6,-27.63E-18,-33.42E-18,-35.75E-18,-38.79E-18
6.875E6,-27.63E-18,-33.42E-18,-35.75E-18,-38.79E-18
6.876E6,-27.63E-18,-33.42E-18,-35.75E-18,-38.79E-18
6.877E6,-27.63E-18,-33.42E-18,-35.75E-18,-38.79E-18
6.878E6,-27.63E-18,-33.42E-18,-35.75E-18,-38.79E-18
6.879E6,-27.63E-18,-33.42E-18,-35.75E-18,-38.79E-18
6.880E6,-27.63E-18,-33.42E-18,-35.75E-18,-38.79E-18
6.881E6,-27.63E-18,-33.42E-18,-35.75E-18,-38.79E-18
6.882E6,-27.63E-18,-33.42E-18,-35.75E-18,-38.79E-18
6.883E6,-27.63E-18,-33.42E-18,-35.75E-18,-38.79E-18
6.884E6,-27.63E-18,-33.42E-18,-35.75E-18,-38.79E-18
6.885E6,-27.63E-18,-33.42E-18,-35.75E-18,-38.79E-18
6.886E6,-27.63E-18,-33.42E-18,-35.75E-18,-38.79E-18
6.887E6,-27.63E-18,-33.42E-18,-35.75E-18,-38.79E-18
6.888E6,-27.63E-18,-33.42E-18,-35.75E-18,-38.79E-18
6.889E6,-27.63E-18,-33.42E-18,-35.75E-18,-38.79E-18
6.890E6,-27.63E-18,-33.42E-18,-35.75E-18,-38.79E-18
6.891E6,-27.63E-18,-33.42E-18,-35.75E-18,-38.79E-18
6.892E6,-27.63E-18,-33.42E-18,-35.75E-18,-38.79E-18
6.893E6,-27.63E-18,-33.42E-18,-35.75E-18,-38.79E-18
6.894E6,-27.63E-18,-33.42E-18,-35.75E-18,-38.79E-18
6.895E6,-27.63E-18,-33.42E-18,-35.75E-18,-38.79E-18
6.896E6,-27.63E-18,-33.42E-18,-35.75E-18,-38.79E-18
6.897E6,-27.63E-18,-33.42E-18,-35.75E-18,-38.79E-18
6.898E6,-27.63E-18,-33.42E-18,-35.75E-18,-38.79E-18
6.899E6,-27.63E-18,-33.42E-18,-35.75E-18,-38.79E-18
6.900E6,-27.63E-18,-33.42E-18,-35.75E-18,-38.79E-18
6.901E6,-27.63E-18,-33.42E-18,-35.75E-18,-38.79E-18
6.902E6,-27.63E-18,-33.42E-18,-35.75E-18,-38.79E-18
6.903E6,-27.63E-18,-33.42E-18,-35.75E-18,-38.79E-18
6.904E6,-27.63E-18,-33.42E-18,-35.75E-18,-38.79E-18
6.905E6,-27.63E-18,-33.42E-18,-35.75E-18,-38.79E-18
6.906E6,-27.63E-18,-33.42E-18,-35.75E-18,-38.79E-18
6.907E6,-27.63E-18,-33.42E-18,-35.75E-18,-38.79E-18
6.908E6,-27.63E-18,-33.42E-18,-35.75E-18,-38.79E-18
6.909E6,-27.63E-18,-33.42E-18,-35.75E-18,-38.79E-18
6.910E6,-27.63E-18,-33.42E-18,-35.75E-18,-38.79E-18
6.911E6,-27.63E-18,-33.42E-18,-35.75E-18,-38.79E-18
6.912E6,-27.63E-18,-33.42E-18,-35.75E-18,-38.79E-18
6.913E6,-27.63E-18,-33.42E-18,-35.75E-18,-38.79E-18
6.914E6,-27.63E-18,-33.42E-18,-35.75E-18,-38.79E-18
6.915E6,-27.63E-18,-33.42E-18,-35.75E-18,-38.79E-18
6.916E6,-27.63E-18,-33.42E-18,-35.75E-18,-38.79E-18
6.917E6,-27.63E-18,-33.42E-18,-35.75E-18,-38.79E-18
6.918E6,-27.63E-18,-33.42E-18,-35.75E-18,-38.79E-18
6.919E6,-27.63E-18,-33.42E-18,-35.75E-18,-38.79E-18
6.920E6,-27.63E-18,-33.42E-18,-35.75E-18,-38.79E-18
6.921E6,-27.63E-18,-33.42E-18,-35.75E-18,-38.79E-18
6.922E6,-27.63E-18,-33.42E-18,-35.75E-18,-38.79E-18
6.923E6,-27.63E-18,-33.42E-18,-35.75E-18,-38.79E-18
6.924E6,-27.63E-18,-33.42E-18,-35.75E-18,-38.79E-18
6.925E6,-27.63E-18,-33.42E-18,-35.75E-18,-38.79E-18
6.926E6,-27.63E-18,-33.42E-18,-35.75E-18,-38.79E-18
6.927E6,-27.63E-18,-33.42E-18,-35.75E-18,-38.79E-18
6.928E6,-27.63E-18,-33.42E-18,-35.75E-18,-38.79E-18
6.929E6,-27.63E-18,-33.42E-18,-35.75E-18,-38.79E-18
6.930E6,-27.63E-18,-33.42E-18,-35.75E-18,-38.79E-18
6.931E6,-27.63E-18,-33.42E-18,-35.75E-18,-38.79E-18
6.932E6,-27.63E-18,-33.42E-18,-35.75E-18,-38.79E-18
6.933E6,-27.63E-18,-33.42E-18,-35.75E-18,-38.79E-18
6.934E6,-27.63E-18,-33.42E-18,-35.75E-18,-38.79E-18
6.935E6,-27.63E-18,-33.42E-18,-35.75E-18,-38.79E-18
6.936E6,-27.63E-18,-33.42E-18,-35.75E-18,-38.79E-18
6.937E6,-27.63E-18,-33.42E-18,-35.75E-18,-38.79E-18
6.938E6,-27.63E-18,-33.42E-18,-35.75E-18,-38.79E-18
6.939E6,-27.63E-18,-33.42E-18,-35.75E-18,-38.79E-18
6.940E6,-27.63E-18,-33.42E-18,-35.75E-18,-38.79E-18
6.941E6,-27.63E-18,-33.42E-18,-35.75E-18,-38.79E-18
6.942E6,-27.63E-18,-33.42E-18,-35.75E-18,-38.79E-18
6.943E6,-27.63E-18,-33.42E-18,-35.75E-18,-38.79E-18
6.944E6,-27.63E-18,-33.42E-18,-35.75E-18,-38.79E-18
6.945E6,-27.63E-18,-33.42E-18,-35.75E-18,-38.79E-18
6.946E6,-27.63E-18,-33.42E-18,-35.75E-18,-38.79E-18
6.947E6,-27.63E-18,-33.42E-18,-35.75E-18,-38.79E-18
6.948E6,-27.63E-18,-33.42E-18,-35.75E-18,-38.79E-18
6.949E6,-27.63E-18,-33.42E-18,-35.75E-18,-38.79E-18
6.950E6,-27.63E-18,-33.42E-18,-35.75E-18,-38.79E-18
6.951E6,-27.63E-18,-33.42E-18,-35.75E-18,-38.79E-18
6.952E6,-27.63E-18,-33.42E-18,-35.75E-18,-38.79E-18
6.953E6,-27.63E-18,-33.42E-18,-35.75E-18,-38.79E-18
6.954E6,-27.63E-18,-33.42E-18,-35.75E-18,-38.79E-18
6.955E6,-27.63E-18,-33.42E-18,-35.75E-18,-38.79E-18
6.956E6,-27.63E-18,-33.42E-18,-35.75E-18,-38.79E-18
6.957E6,-27.63E-18,-33.42E-18,-35.75E-18,-38.79E-18
6.958E6,-27.63E-18,-33.42E-18,-35.75E-18,-38.79E-18
6.959E6,-27.63E-18,-33.42E-18,-35.75E-18,-38.79E-18
6.960E6,-27.63E-18,-33.42E-18,-35.75E-18,-38.79E-18
6.961E6,-27.63E-18,-33.42E-18,-35.75E-18,-38.79E-18
6.962E6,-27.63E-18,-33.42E-18,-35.75E-18,-38.79E-18
6.963E6,-27.63E-18,-33.42E-18,-35.75E-18,-38.79E-18
6.964E6,-27.63E-18,-33.42E-18,-35.75E-18,-38.79E-18
6.965E6,-27.63E-18,-33.42E-18,-35.75E-18,-38.79E-18
6.966E6,-27.63E-18,-33.42E-18,-35.75E-18,-38.79E-18
6.967E6,-27.63E-18,-33.42E-18,-35.75E-18,-38.79E-18
6.968E6,-27.63E-18,-33.42E-18,-35.75E-18,-38.79E-18
6.969E6,-27.63E-18,-33.42E-18,-35.75E-18,-38.79E-18
6.970E6,-27.63E-18,-33.42E-18,-35.75E-18,-38.79E-18
6.971E6,-27.63E-18,-33.42E-18,-35.75E-18,-38.79E-18
6.972E6,-27.63E-18,-33.42E-18,-35.75E-18,-38.79E-18
6.973E6,-27.63E-18,-33.42E-18,-35.75E-18,-38.79E-18
6.974E6,-27.63E-18,-33.42E-18,-35.75E-18,-38.79E-18
6.975E6,-27.63E-18,-33.42E-18,-35.75E-18,-38.79E-18
6.976E6,-27.63E-18,-33.42E-18,-35.75E-18,-38.79E-18
6.977E6,-27.63E-18,-33.42E-18,-35.75E-18,-38.79E-18
6.978E6,-27.63E-18,-33.42E-18,-35.75E-18,-38.79E-18
6.979E6,-27.63E-18,-33.42E-18,-35.75E-18,-38.79E-18
6.980E6,-27.63E-18,-33.42E-18,-35.75E-18,-38.79E-18
6.981E6,-27.63E-18,-33.42E-18,-35.75E-18,-38.79E-18
6.982E6,-27.63E-18,-33.42E-18,-35.75E-18,-38.79E-18
6.983E6,-27.63E-18,-33.42E-18,-35.75E-18,-38.79E-18
6.984E6,-27.63E-18,-33.42E-18,-35.75E-18,-38.79E-18
6.985E6,-27.63E-18,-33.42E-18,-35.75E-18,-38.79E-18
6.986E6,-27.63E-18,-33.42E-18,-35.75E-18,-38.79E-18
6.987E6,-27.63E-18,-33.42E-18,-35.75E-18,-38.79E-18
6.988E6,-27.63E-18,-33.42E-18,-35.75E-18,-38.79E-18
6.989E6,-27.63E-18,-33.42E-18,-35.75E-18,-38.79E-18
6.990E6,-27.63E-18,-33.42E-18,-35.75E-18,-38.79E-18
6.991E6,-27.63E-18,-33.42E-18,-35.75E-18,-38.79E-18
6.992E6,-27.63E-18,-33.42E-18,-35.75E-18,-38.79E-18
6.993E6,-27.63E-18,-33.42E-18,-35.75E-18,-38.79E-18
6.994E6,-27.63E-18,-33.42E-18,-35.75E-18,-38.79E-18
6.995E6,-27.63E-18,-33.42E-18,-35.75E-18,-38.79E-18
6.996E6,-27.63E-18,-33.42E-18,-35.75E-18,-38.79E-18
6.997E6,-27.63E-18,-33.42E-18,-35.75E-18,-38.79E-18
6.998E6,-27.63E-18,-33.42E-18,-35.75E-18,-38.79E-18
6.999E6,-27.63E-18,-33.42E-18,-35.75E-18,-38.79E-18
7.000E6,-27.63E-18,-33.42E-18,-35.75E-18,-38.79E-18
7.001E6,-27.63E-18,-33.42E-18,-35.75E-18,-38.79E-18
7.002E6,-27.63E-18,-33.42E-18,-35.75E-18,-38.79E-18
7.003E6,-27.63E-18,-33.42E-18,-35.75E-18,-38.79E-18
7.004E6,-27.63E-18,-33.42E-18,-35.75E-18,-38.79E-18
7.005E6,-27.63E-18,-33.42E-18,-35.75E-18,-38.79E-18
7.006E6,-27.63E-18,-33.42E-18,-35.75E-18,-38.79E-18
7.007E6,-27.63E-18,-33.42E-18,-35.75E-18,-38.79E-18
7.008E6,-27.63E-18,-33.42E-18,-35.75E-18,-38.79E-18
7.009E6,-27.63E-18,-33.42E-18,-35.75E-18,-38.79E-18
7.010E6,-27.63E-18,-33.42E-18,-35.75E-18,-38.79E-18
7.011E6,-27.63E-18,-33.42E-18,-35.75E-18,-38.79E-18
7.012E6,-27.63E-18,-33.42E-18,-35.75E-18,-38.79E-18
7.013E6,-27.63E-18,-33.42E-18,-35.75E-18,-38.79E-18
7.014E6,-27.63E-18,-33.42E-18,-35.75E-18,-38.79E-18
7.015E6,-27.63E-18,-33.42E-18,-35.75E-18,-38.79E-18
7.016E6,-27.63E-18,-33.42E-18,-35.75E-18,-38.79E-18
7.017E6,-27.63E-18,-33.42E-18,-35.75E-18,-38.79E-18
7.018E6,-27.63E-18,-33.42E-18,-35.75E-18,-38.79E-18
7.019E6,-27.63E-18,-33.42E-18,-35.75E-18,-38.79E-18
7.020E6,-27.63E-18,-33.42E-18,-35.75E-18,-38.79E-18
7.021E6,-27.63E-18,-33.42E-18,-35.75E-18,-38.79E-18
7.022E6,-27.63E-18,-33.42E-18,-35.75E-18,-38.79E-18
7.023E6,-27.63E-18,-33.42E-18,-35.75E-18,-38.79E-18
7.024E6,-27.63E-18,-33.42E-18,-35.75E-18,-38.79E-18
7.025E6,-27.63E-18,-33.42E-18,-35.75E-18,-38.79E-18
7.026E6,-27.63E-18,-33.42E-18,-35.75E-18,-38.79E-18
7.027E6,-27.63E-18,-33.42E-18,-35.75E-18,-38.79E-18
7.028E6,-27.63E-18,-33.42E-18,-35.75E-18,-38.79E-18
7.029E6,-27.63E-18,-33.42E-18,-35.75E-18,-38.79E-18
7.030E6,-27.63E-18,-33.42E-18,-35.75E-18,-38.79E-18
7.031E6,-27.63E-18,-33.42E-18,-35.75E-18,-38.79E-18
7.032E6,-27.63E-18,-33.42E-18,-35.75E-18,-38.79E-18
7.033E6,-27.63E-18,-33.42E-18,-35.75E-18,-38.79E-18
7.034E6,-27.63E-18,-33.42E-18,-35.75E-18,-38.79E-18
7.035E6,-27.63E-18,-33.42E-18,-35.75E-18,-38.79E-18
7.036E6,-27.63E-18,-33.42E-18,-35.75E-18,-38.79E-18
7.037E6,-27.63E-18,-33.42E-18,-35.75E-18,-38.79E-18
7.038E6,-27.63E-18,-33.42E-18,-35.75E-18,-38.79E-18
7.039E6,-27.63E-18,-33.42E-18,-35.75E-18,-38.79E-18
7.040E6,-27.63E-18,-33.42E-18,-35.75E-18,-38.79E-18
7.041E6,-27.63E-18,-33.42E-18,-35.75E-18,-38.79E-18
7.042E6,-27.63E-18,-33.42E-18,-35.75E-18,-38.79E-18
7.043E6,-27.63E-18,-33.42E-18,-35.75E-18,-38.79E-18
7.044E6,-27.63E-18,-33.42E-18,-35.75E-18,-38.79E-18
7.045E6,-27.63E-18,-33.42E-18,-35.75E-18,-38.79E-18
7.046E6,-27.63E-18,-33.42E-18,-35.75E-18,-38.79E-18
7.047E6,-27.63E-18,-33.42E-18,-35.75E-18,-38.79E-18
7.048E6,-27.63E-18,-33.42E-18,-35.75E-18,-38.79E-18
7.049E6,-27.63E-18,-33.42E-18,-35.75E-18,-38.79E-18
7.050E6,-27.63E-18,-33.42E-18,-35.75E-18,-38.79E-18
7.051E6,-27.63E-18,-33.42E-18,-35.75E-18,-38.79E-18
7.052E6,-27.63E-18,-33.42E-18,-35.75E-18,-38.79E-18
7.053E6,-27.63E-18,-33.42E-18,-35.75E-18,-38.79E-18
7.054E6,-27.63E-18,-33.42E-18,-35.75E-18,-38.79E-18
7.055E6,-27.63E-18,-33.42E-18,-35.75E-18,-38.79E-18
7.056E6,-27.63E-18,-33.42E-18,-35.75E-18,-38.79E-18
7.057E6,-27.63E-18,-33.42E-18,-35.75E-18,-38.79E-18
7.058E6,-27.63E-18,-33.42E-18,-35.75E-18,-38.79E-18
7.059E6,-27.63E-18,-33.42E-18,-35.75E-18,-38.79E-18
7.060E6,-27.63E-18,-33.42E-18,-35.75E-18,-38.79E-18
7.061E6,-27.63E-18,-33.42E-18,-35.75E-18,-38.79E-18
7.062E6,-27.63E-18,-33.42E-18,-35.75E-18,-38.79E-18
7.063E6,-27.63E-18,-33.42E-18,-35.75E-18,-38.79E-18
7.064E6,-27.63E-18,-33.42E-18,-35.75E-18,-38.79E-18
7.065E6,-27.63E-18,-33.42E-18,-35.75E-18,-38.79E-18
7.066E6,-27.63E-18,-33.42E-18,-35.75E-18,-38.79E-18
7.067E6,-27.63E-18,-33.42E-18,-35.75E-18,-38.79E-18
7.068E6,-27.63E-18,-33.42E-18,-35.75E-18,-38.79E-18
7.069E6,-27.63E-18,-33.42E-18,-35.75E-18,-38.79E-18
7.070E6,-27.63E-18,-33.42E-18,-35.75E-18,-38.79E-18
7.071E6,-27.63E-18,-33.42E-18,-35.75E-18,-38.79E-18
7.072E6,-27.63E-18,-33.42E-18,-35.75E-18,-38.79E-18
7.073E6,-27.63E-18,-33.42E-18,-35.75E-18,-38.79E-18
7.074E6,-27.63E-18,-33.42E-18,-35.75E-18,-38.79E-18
7.075E6,-27.63E-18,-33.42E-18,-35.75E-18,-38.79E-18
7.076E6,-27.63E-18,-33.42E-18,-35.75E-18,-38.79E-18
7.077E6,-27.63E-18,-33.42E-18,-35.75E-18,-38.79E-18
7.078E6,-27.63E-18,-33.42E-18,-35.75E-18,-38.79E-18
7.079E6,-27.63E-18,-33.42E-18,-35.75E-18,-38.79E-18
7.080E6,-27.63E-18,-33.42E-18,-35.75E-18,-38.79E-18
7.081E6,-27.63E-18,-33.42E-18,-35.75E-18,-38.79E-18
7.082E6,-27.63E-18,-33.42E-18,-35.75E-18,-38.79E-18
7.083E6,-27.63E-18,-33.42E-18,-35.75E-18,-38.79E-18
7.084E6,-27.63E-18,-33.42E-18,-35.75E-18,-38.79E-18
7.085E6,-27.63E-18,-33.42E-18,-35.75E-18,-38.79E-18
7.086E6,-27.63E-18,-33.42E-18,-35.75E-18,-38.79E-18
7.087E6,-27.63E-18,-33.42E-18,-35.75E-18,-38.79E-18
7.088E6,-27.63E-18,-33.42E-18,-35.75E-18,-38.79E-18
7.089E6,-27.63E-18,-33.42E-18,-35.75E-18,-38.79E-18
7.090E6,-27.63E-18,-33.42E-18,-35.75E-18,-38.79E-18
7.091E6,-27.63E-18,-33.42E-18,-35.75E-18,-38.79E-18
7.092E6,-27.63E-18,-33.42E-18,-35.75E-18,-38.79E-18
7.093E6,-27.63E-18,-33.42E-18,-35.75E-18,-38.79E-18
7.094E6,-27.63E-18,-33.42E-18,-35.75E-18,-38.79E-18
7.095E6,-27.63E-18,-33.42E-18,-35.75E-18,-38.79E-18
7.096E6,-27.63E-18,-33.42E-18,-35.75E-18,-38.79E-18
7.097E6,-27.63E-18,-33.42E-18,-35.75E-18,-38.79E-18
7.098E6,-27.63E-18,-33.42E-18,-35.75E-18,-38.79E-18
7.099E6,-27.63E-18,-33.42E-18,-35.75E-18,-38.79E-18
7.100E6,-27.63E-18,-33.42E-18,-35.75E-18,-38.79E-18
7.101E6,-27.63E-18,-33.42E-18,-35.75E-18,-38.79E-18
7.102E6,-27.63E-18,-33.42E-18,-35.75E-18,-38.79E-18
7.103E6,-27.63E-18,-33.42E-18,-35.75E-18,-38.79E-18
7.104E6,-27.63E-18,-33.42E-18,-35.75E-18,-38.79E-18
7.105E6,-27.63E-18,-33.42E-18,-35.75E-18,-38.79E-18
7.106E6,-27.63E-18,-33.42E-18,-35.75E-18,-38.79E-18
7.107E6,-27.63E-18,-33.42E-18,-35.75E-18,-38.79E-18
7.108E6,-27.63E-18,-33.42E-18,-35.75E-18,-38.79E-18
7.109E6,-27.63E-18,-33.42E-18,-35.75E-18,-38.79E-18
7.110E6,-27.63E-18,-33.42E-18,-35.75E-18,-38.79E-18
7.111E6,-27.63E-18,-33.42E-18,-35.75E-18,-38.79E-18
7.112E6,-27.63E-18,-33.42E-18,-35.75E-18,-38.79E-18
7.113E6,-27.63E-18,-33.42E-18,-35.75E-18,-38.79E-18
7.114E6,-27.63E-18,-33.42E-18,-35.75E-18,-38.79E-18
7.115E6,-27.63E-18,-33.42E-18,-35.75E-18,-38.79E-18
7.116E6,-27.63E-18,-33.42E-18,-35.75E-18,-38.79E-18
7.117E6,-27.63E-18,-33.42E-18,-35.75E-18,-38.79E-18
7.118E6,-27.63E-18,-33.42E-18,-35.75E-18,-38.79E-18
7.119E6,-27.63E-18,-33.42E-18,-35.75E-18,-38.79E-18
7.120E6,-27.63E-18,-33.42E-18,-35.75E-18,-38.79E-18
7.121E6,-27.63E-18,-33.42E-18,-35.75E-18,-38.79E-18
7.122E6,-27.63E-18,-33.42E-18,-35.75E-18,-38.79E-18
7.123E6,-27.63E-18,-33.42E-18,-35.75E-18,-38.79E-18
7.124E6,-27.63E-18,-33.42E-18,-35.75E-18,-38.79E-18
7.125E6,-27.63E-18,-33.42E-18,-35.75E-18,-38.79E-18
7.126E6,-27.63E-18,-33.42E-18,-35.75E-18,-38.79E-18
7.127E6,-27.63E-18,-33.42E-18,-35.75E-18,-38.79E-18
7.128E6,-27.63E-18,-33.42E-18,-35.75E-18,-38.79E-18
7.129E6,-27.63E-18,-33.42E-18,-35.75E-18,-38.79E-18
7.130E6,-27.63E-18,-33.42E-18,-35.75E-18,-38.79E-18
7.131E6,-27.63E-18,-33.42E-18,-35.75E-18,-38.79E-18
7.132E6,-27.63E-18,-33.42E-18,-35.75E-18,-38.79E-18
7.133E6,-27.63E-18,-33.42E-18,-35.75E-18,-38.79E-18
7.134E6,-27.63E-18,-33.42E-18,-35.75E-18,-38.79E-18
7.135E6,-27.63E-18,-33.42E-18,-35.75E-18,-38.79E-18
7.136E6,-27.63E-18,-33.42E-18,-35.75E-18,-38.79E-18
7.137E6,-27.63E-18,-33.42E-18,-35.75E-18,-38.79E-18
7.138E6,-27.63E-18,-33.42E-18,-35.75E-18,-38.79E-18
7.139E6,-27.63E-18,-33.42E-18,-35.75E-18,-38.79E-18
7.140E6,-27.63E-18,-33.42E-18,-35.75E-18,-38.79E-18
7.141E6,-27.63E-18,-33.42E-18,-35.75E-18,-38.79E-18
7.142E6,-27.63E-18,-33.42E-18,-35.75E-18,-38.79E-18
7.143E6,-27.63E-18,-33.42E-18,-35.75E-18,-38.79E-18
7.144E6,-27.63E-18,-33.42E-18,-35.75E-18,-38.79E-18
7.145E6,-27.63E-18,-33.42E-18,-35.75E-18,-38.79E-18
7.146E6,-27.63E-18,-33.42E-18,-35.75E-18,-38.79E-18
7.147E6,-27.63E-18,-33.42E-18,-35.75E-18,-38.79E-18
7.148E6,-27.63E-18,-33.42E-18,-35.75E-18,-38.79E-18
7.149E6,-27.63E-18,-33.42E-18,-35.75E-18,-38.79E-18
7.150E6,-27.63E-18,-33.42E-18,-35.75E-18,-38.79E-18
7.151E6,-27.63E-18,-33.42E-18,-35.75E-18,-38.79E-18
7.152E6,-27.63E-18,-33.42E-18,-35.75E-18,-38.79E-18
7.153E6,-27.63E-18,-33.42E-18,-35.75E-18,-38.79E-18
7.154E6,-27.63E-18,-33.42E-18,-35.75E-18,-38.79E-18
7.155E6,-27.63E-18,-33.42E-18,-35.75E-18,-38.79E-18
7.156E6,-27.63E-18,-33.42E-18,-35.75E-18,-38.79E-18
7.157E6,-27.63E-18,-33.42E-18,-35.75E-18,-38.79E-18
7.158E6,-27.63E-18,-33.42E-18,-35.75E-18,-38.79E-18
7.159E6,-27.63E-18,-33.42E-18,-35.75E-18,-38.79E-18
7.160E6,-27.63E-18,-33.42E-18,-35.75E-18,-38.79E-18
7.161E6,-27.63E-18,-33.42E-18,-35.75E-18,-38.79E-18
7.162E6,-27.63E-18,-33.42E-18,-35.75E-18,-38.79E-18
7.163E6,-27.63E-18,-33.42E-18,-35.75E-18,-38.79E-18
7.164E6,-27.63E-18,-33.42E-18,-35.75E-18,-38.79E-18
7.165E6,-27.63E-18,-33.42E-18,-35.75E-18,-38.79E-18
7.166E6,-27.63E-18,-33.42E-18,-35.75E-18,-38.79E-18
7.167E6,-27.63E-18,-33.42E-18,-35.75E-18,-38.79E-18
7.168E6,-27.63E-18,-33.42E-18,-35.75E-18,-38.79E-18
7.169E6,-27.63E-18,-33.42E-18,-35.75E-18,-38.79E-18
7.170E6,-27.63E-18,-33.42E-18,-35.75E-18,-38.79E-18
7.171E6,-27.63E-18,-33.42E-18,-35.75E-18,-38.79E-18
7.172E6,-27.63E-18,-33.42E-18,-35.75E-18,-38.79E-18
7.173E6,-27.63E-18,-33.42E-18,-35.75E-18,-38.79E-18
7.174E6,-27.63E-18,-33.42E-18,-35.75E-18,-38.79E-18
7.175E6,-27.63E-18,-33.42E-18,-35.75E-18,-38.79E-18
7.176E6,-27.63E-18,-33.42E-18,-35.75E-18,-38.79E-18
7.177E6,-27.63E-18,-33.42E-18,-35.75E-18,-38.79E-18
7.178E6,-27.63E-18,-33.42E-18,-35.75E-18,-38.79E-18
7.179E6,-27.63E-18,-33.42E-18,-35.75E-18,-38.79E-18
7.180E6,-27.63E-18,-33.42E-18,-35.75E-18,-38.79E-18
7.181E6,-27.63E-18,-33.42E-18,-35.75E-18,-38.79E-18
7.182E6,-27.63E-18,-33.42E-18,-35.75E-18,-38.79E-18
7.183E6,-27.63E-18,-33.42E-18,-35.75E-18,-38.79E-18
7.184E6,-27.63E-18,-33.42E-18,-35.75E-18,-38.79E-18
7.185E6,-27.63E-18,-33.42E-18,-35.75E-18,-38.79E-18
7.186E6,-27.63E-18,-33.42E-18,-35.75E-18,-38.79E-18
7.187E6,-27.63E-18,-33.42E-18,-35.75E-18,-38.79E-18
7.188E6,-27.63E-18,-33.42E-18,-35.75E-18,-38.79E-18
7.189E6,-27.63E-18,-33.42E-18,-35.75E-18,-38.79E-18
7.190E6,-27.63E-18,-33.42E-18,-35.75E-18,-38.79E-18
7.191E6,-27.63E-18,-33.42E-18,-35.75E-18,-38.79E-18
7.192E6,-27.63E-18,-33.42E-18,-35.75E-18,-38.79E-18
7.193E6,-27.63E-18,-33.42E-18,-35.75E-18,-38.79E-18
7.194E6,-27.63E-18,-33.42E-18,-35.75E-18,-38.79E-18
7.195E6,-27.63E-18,-33.42E-18,-35.75E-18,-38.79E-18
7.196E6,-27.63E-18,-33.42E-18,-35.75E-18,-38.79E-18
7.197E6,-27.63E-18,-33.42E-18,-35.75E-18,-38.79E-18
7.198E6,-27.63E-18,-33.42E-18,-35.75E-18,-38.79E-18
7.199E6,-27.63E-18,-33.42E-18,-35.75E-18,-38.79E-18
7.200E6,-27.63E-18,-33.42E-18,-35.75E-18,-38.79E-18
7.201E6,-27.63E-18,-33.42E-18,-35.75E-18,-38.79E-18
7.202E6,-27.63E-18,-33.42E-18,-35.75E-18,-38.79E-18
7.203E6,-27.63E-18,-33.42E-18,-35.75E-18,-38.79E-18
7.204E6,-27.63E-18,-33.42E-18,-35.75E-18,-38.79E-18
7.205E6,-27.63E-18,-33.42E-18,-35.75E-18,-38.79E-18
7.206E6,-27.63E-18,-33.42E-18,-35.75E-18,-38.79E-18
7.207E6,-27.63E-18,-33.42E-18,-35.75E-18,-38.79E-18
7.208E6,-27.63E-18,-33.42E-18,-35.75E-18,-38.79E-18
7.209E6,-27.63E-18,-33.42E-18,-35.75E-18,-38.79E-18
7.210E6,-27.63E-18,-33.42E-18,-35.75E-18,-38.79E-18
7.211E6,-27.63E-18,-33.42E-18,-35.75E-18,-38.79E-18
7.212E6,-27.63E-18,-33.42E-18,-35.75E-18,-38.79E-18
7.213E6,-27.63E-18,-33.42E-18,-35.75E-18,-38.79E-18
7.214E6,-27.63E-18,-33.42E-18,-35.75E-18,-38.79E-18
7.215E6,-27.63E-18,-33.42E-18,-35.75E-18,-38.79E-18
7.216E6,-27.63E-18,-33.42E-18,-35.75E-18,-38.79E-18
7.217E6,-27.63E-18,-33.42E-18,-35.75E-18,-38.79E-18
7.218E6,-27.63E-18,-33.42E-18,-35.75E-18,-38.79E-18
7.219E6,-27.63E-18,-33.42E-18,-35.75E-18,-38.79E-18
7.220E6,-27.63E-18,-33.42E-18,-35.75E-18,-38.79E-18
7.221E6,-27.63E-18,-33.42E-18,-35.75E-18,-38.79E-18
7.222E6,-27.63E-18,-33.42E-18,-35.75E-18,-38.79E-18
7.223E6,-27.63E-18,-33.42E-18,-35.75E-18,-38.79E-18
7.224E6,-27.63E-18,-33.42E-18,-35.75E-18,-38.79E-18
7.225E6,-27.63E-18,-33.42E-18,-35.75E-18,-38.79E-18
7.226E6,-27.63E-18,-33.42E-18,-35.75E-18,-38.79E-18
7.227E6,-27.63E-18,-33.42E-18,-35.75E-18,-38.79E-18
7.228E6,-27.63E-18,-33.42E-18,-35.75E-18,-38.79E-18
7.229E6,-27.63E-18,-33.42E-18,-35.75E-18,-38.79E-18
7.230E6,-27.63E-18,-33.42E-18,-35.75E-18,-38.79E-18
7.231E6,-27.63E-18,-33.42E-18,-35.75E-18,-38.79E-18
7.232E6,-27.63E-18,-33.42E-18,-35.75E-18,-38.79E-18
7.233E6,-27.63E-18,-33.42E-18,-35.75E-18,-38.79E-18
7.234E6,-27.63E-18,-33.42E-18,-35.75E-18,-38.79E-18
7.235E6,-27.63E-18,-33.42E-18,-35.75E-18,-38.79E-18
7.236E6,-27.63E-18,-33.42E-18,-35.75E-18,-38.79E-18
7.237E6,-27.63E-18,-33.42E-18,-35.75E-18,-38.79E-18
7.238E6,-27.63E-18,-33.42E-18,-35.75E-18,-38.79E-18
7.239E6,-27.63E-18,-33.42E-18,-35.75E-18,-38.79E-18
7.240E6,-27.63E-18,-33.42E-18,-35.75E-18,-38.79E-18
7.241E6,-27.63E-18,-33.42E-18,-35.75E-18,-38.79E-18
7.242E6,-27.63E-18,-33.42E-18,-35.75E-18,-38.79E-18
7.243E6,-27.63E-18,-33.42E-18,-35.75E-18,-38.79E-18
7.244E6,-27.63E-18,-33.42E-18,-35.75E-18,-38.79E-18
7.245E6,-27.63E-18,-33.42E-18,-35.75E-18,-38.79E-18
7.246E6,-27.63E-18,-33.42E-18,-35.75E-18,-38.79E-18
7.247E6,-27.63E-18,-33.42E-18,-35.75E-18,-38.79E-18
7.248E6,-27.63E-18,-33.42E-18,-35.75E-18,-38.79E-18
7.249E6,-27.63E-18,-33.42E-18,-35.75E-18,-38.79E-18
7.250E6,-27.63E-18,-33.42E-18,-35.75E-18,-38.79E-18
7.251E6,-27.63E-18,-33.42E-18,-35.75E-18,-38.79E-18
7.252E6,-27.63E-18,-33.42E-18,-35.75E-18,-38.79E-18
7.253E6,-27.63E-18,-33.42E-18,-35.75E-18,-38.79E-18
7.254E6,-27.63E-18,-33.42E-18,-35.75E-18,-38.79E-18
7.255E6,-27.63E-18,-33.42E-18,-35.75E-18,-38.79E-18
7.256E6,-27.63E-18,-33.42E-18,-35.75E-18,-38.79E-18
7.257E6,-27.63E-18,-33.42E-18,-35.75E-18,-38.79E-18
7.258E6,-27.63E-18,-33.42E-18,-35.75E-18,-38.79E-18
7.259E6,-27.63E-18,-33.42E-18,-35.75E-18,-38.79E-18
7.260E6,-27.63E-18,-33.42E-18,-35.75E-18,-38.79E-18
7.261E6,-27.63E-18,-33.42E-18,-35.75E-18,-38.79E-18
7.262E6,-27.63E-18,-33.42E-18,-35.75E-18,-38.79E-18
7.263E6,-27.63E-18,-33.42E-18,-35.75E-18,-38.79E-18
7.264E6,-27.63E-18,-33.42E-18,-35.75E-18,-38.79E-18
7.265E6,-27.63E-18,-33.42E-18,-35.75E-18,-38.79E-18
7.266E6,-27.63E-18,-33.42E-18,-35.75E-18,-38.79E-18
7.267E6,-27.63E-18,-33.42E-18,-35.75E-18,-38.79E-18
7.268E6,-27.63E-18,-33.42E-18,-35.75E-18,-38.79E-18
7.269E6,-27.63E-18,-33.42E-18,-35.75E-18,-38.79E-18
7.270E6,-27.63E-18,-33.42E-18,-35.75E-18,-38.79E-18
7.271E6,-27.63E-18,-33.42E-18,-35.75E-18,-38.79E-18
7.272E6,-27.63E-18,-33.42E-18,-35.75E-18,-38.79E-18
7.273E6,-27.63E-18,-33.42E-18,-35.75E-18,-38.79E-18
7.274E6,-27.63E-18,-33.42E-18,-35.75E-18,-38.79E-18
7.275E6,-27.63E-18,-33.42E-18,-35.75E-18,-38.79E-18
7.276E6,-27.63E-18,-33.42E-18,-35.75E-18,-38.79E-18
7.277E6,-27.63E-18,-33.42E-18,-35.75E-18,-38.79E-18
7.278E6,-27.63E-18,-33.42E-18,-35.75E-18,-38.79E-18
7.279E6,-27.63E-18,-33.42E-18,-35.75E-18,-38.79E-18
7.280E6,-27.63E-18,-33.42E-18,-35.75E-18,-38.79E-18
7.281E6,-27.63E-18,-33.42E-18,-35.75E-18,-38.79E-18
7.282E6,-27.63E-18,-33.42E-18,-35.75E-18,-38.79E-18
7.283E6,-27.63E-18,-33.42E-18,-35.75E-18,-38.79E-18
7.284E6,-27.63E-18,-33.42E-18,-35.75E-18,-38.79E-18
7.285E6,-27.63E-18,-33.42E-18,-35.75E-18,-38.79E-18
7.286E6,-27.63E-18,-33.42E-18,-35.75E-18,-38.79E-18
7.287E6,-27.63E-18,-33.42E-18,-35.75E-18,-38.79E-18
7.288E6,-27.63E-18,-33.42E-18,-35.75E-18,-38.79E-18
7.289E6,-27.63E-18,-33.42E-18,-35.75E-18,-38.79E-18
7.290E6,-27.63E-18,-33.42E-18,-35.75E-18,-38.79E-18
7.291E6,-27.63E-18,-33.42E-18,-35.75E-18,-38.79E-18
7.292E6,-27.63E-18,-33.42E-18,-35.75E-18,-38.79E-18
7.293E6,-27.63E-18,-33.42E-18,-35.75E-18,-38.79E-18
7.294E6,-27.63E-18,-33.42E-18,-35.75E-18,-38.79E-18
7.295E6,-27.63E-18,-33.42E-18,-35.75E-18,-38.79E-18
7.296E6,-27.63E-18,-33.42E-18,-35.75E-18,-38.79E-18
7.297E6,-27.63E-18,-33.42E-18,-35.75E-18,-38.79E-18
7.298E6,-27.63E-18,-33.42E-18,-35.75E-18,-38.79E-18
7.299E6,-27.63E-18,-33.42E-18,-35.75E-18,-38.79E-18
7.300E6,-27.63E-18,-33.42E-18,-35.75E-18,-38.79E-18
7.301E6,-27.63E-18,-33.42E-18,-35.75E-18,-38.79E-18
7.302E6,-27.63E-18,-33.42E-18,-35.75E-18,-38.79E-18
7.303E6,-27.63E-18,-33.42E-18,-35.75E-18,-38.79E-18
7.304E6,-27.63E-18,-33.42E-18,-35.75E-18,-38.79E-18
7.305E6,-27.63E-18,-33.42E-18,-35.75E-18,-38.79E-18
7.306E6,-27.63E-18,-33.42E-18,-35.75E-18,-38.79E-18
7.307E6,-27.63E-18,-33.42E-18,-35.75E-18,-38.79E-18
7.308E6,-27.63E-18,-33.42E-18,-35.75E-18,-38.79E-18
7.309E6,-27.63E-18,-33.42E-18,-35.75E-18,-38.79E-18
7.310E6,-27.63E-18,-33.42E-18,-35.75E-18,-38.79E-18
7.311E6,-27.63E-18,-33.42E-18,-35.75E-18,-38.79E-18
7.312E6,-27.63E-18,-33.42E-18,-35.75E-18,-38.79E-18
7.313E6,-27.63E-18,-33.42E-18,-35.75E-18,-38.79E-18
7.314E6,-27.63E-18,-33.42E-18,-35.75E-18,-38.79E-18
7.315E6,-27.63E-18,-33.42E-18,-35.75E-18,-38.79E-18
7.316E6,-27.63E-18,-33.42E-18,-35.75E-18,-38.79E-18
7.317E6,-27.63E-18,-33.42E-18,-35.75E-18,-38.79E-18
7.318E6,-27.63E-18,-33.42E-18,-35.75E-18,-38.79E-18
7.319E6,-27.63E-18,-33.42E-18,-35.75E-18,-38.79E-18
7.320E6,-27.63E-18,-33.42E-18,-35.75E-18,-38.79E-18
7.321E6,-27.63E-18,-33.42E-18,-35.75E-18,-38.79E-18
7.322E6,-27.63E-18,-33.42E-18,-35.75E-18,-38.79E-18
7.323E6,-27.63E-18,-33.42E-18,-35.75E-18,-38.79E-18
7.324E6,-27.63E-18,-33.42E-18,-35.75E-18,-38.79E-18
7.325E6,-27.63E-18,-33.42E-18,-35.75E-18,-38.79E-18
7.326E6,-27.63E-18,-33.42E-18,-35.75E-18,-38.79E-18
7.327E6,-27.63E-18,-33.42E-18,-35.75E-18,-38.79E-18
7.328E6,-27.63E-18,-33.42E-18,-35.75E-18,-38.79E-18
7.329E6,-27.63E-18,-33.42E-18,-35.75E-18,-38.79E-18
7.330E6,-27.63E-18,-33.42E-18,-35.75E-18,-38.79E-18
7.331E6,-27.63E-18,-33.42E-18,-35.75E-18,-38.79E-18
7.332E6,-27.63E-18,-33.42E-18,-35.75E-18,-38.79E-18
7.333E6,-27.63E-18,-33.42E-18,-35.75E-18,-38.79E-18
7.334E6,-27.63E-18,-33.42E-18,-35.75E-18,-38.79E-18
7.335E6,-27.63E-18,-33.42E-18,-35.75E-18,-38.79E-18
7.336E6,-27.63E-18,-33.42E-18,-35.75E-18,-38.79E-18
7.337E6,-27.63E-18,-33.42E-18,-35.75E-18,-38.79E-18
7.338E6,-27.63E-18,-33.42E-18,-35.75E-18,-38.79E-18
7.339E6,-27.63E-18,-33.42E-18,-35.75E-18,-38.79E-18
7.340E6,-27.63E-18,-33.42E-18,-35.75E-18,-38.79E-18
7.341E6,-27.63E-18,-33.42E-18,-35.75E-18,-38.79E-18
7.342E6,-27.63E-18,-33.42E-18,-35.75E-18,-38.79E-18
7.343E6,-27.63E-18,-33.42E-18,-35.75E-18,-38.79E-18
7.344E6,-27.63E-18,-33.42E-18,-35.75E-18,-38.79E-18
7.345E6,-27.63E-18,-33.42E-18,-35.75E-18,-38.79E-18
7.346E6,-27.63E-18,-33.42E-18,-35.75E-18,-38.79E-18
7.347E6,-27.63E-18,-33.42E-18,-35.75E-18,-38.79E-18
7.348E6,-27.63E-18,-33.42E-18,-35.75E-18,-38.79E-18
7.349E6,-27.63E-18,-33.42E-18,-35.75E-18,-38.79E-18
7.350E6,-27.63E-18,-33.42E-18,-35.75E-18,-38.79E-18
7.351E6,-27.63E-18,-33.42E-18,-35.75E-18,-38.79E-18
7.352E6,-27.63E-18,-33.42E-18,-35.75E-18,-38.79E-18
7.353E6,-27.63E-18,-33.42E-18,-35.75E-18,-38.79E-18
7.354E6,-27.63E-18,-33.42E-18,-35.75E-18,-38.79E-18
7.355E6,-27.63E-18,-33.42E-18,-35.75E-18,-38.79E-18
7.356E6,-27.63E-18,-33.42E-18,-35.75E-18,-38.79E-18
7.357E6,-27.63E-18,-33.42E-18,-35.75E-18,-38.79E-18
7.358E6,-27.63E-18,-33.42E-18,-35.75E-18,-38.79E-18
7.359E6,-27.63E-18,-33.42E-18,-35.75E-18,-38.79E-18
7.360E6,-27.63E-18,-33.42E-18,-35.75E-18,-38.79E-18
7.361E6,-27.63E-18,-33.42E-18,-35.75E-18,-38.79E-18
7.362E6,-27.63E-18,-33.42E-18,-35.75E-18,-38.79E-18
7.363E6,-27.63E-18,-33.42E-18,-35.75E-18,-38.79E-18
7.364E6,-27.63E-18,-33.42E-18,-35.75E-18,-38.79E-18
7.365E6,-27.63E-18,-33.42E-18,-35.75E-18,-38.79E-18
7.366E6,-27.63E-18,-33.42E-18,-35.75E-18,-38.79E-18
7.367E6,-27.63E-18,-33.42E-18,-35.75E-18,-38.79E-18
7.368E6,-27.63E-18,-33.42E-18,-35.75E-18,-38.79E-18
7.369E6,-27.63E-18,-33.42E-18,-35.75E-18,-38.79E-18
7.370E6,-27.63E-18,-33.42E-18,-35.75E-18,-38.79E-18
7.371E6,-27.63E-18,-33.42E-18,-35.75E-18,-38.79E-18
7.372E6,-27.63E-18,-33.42E-18,-35.75E-18,-38.79E-18
7.373E6,-27.63E-18,-33.42E-18,-35.75E-18,-38.79E-18
7.374E6,-27.63E-18,-33.42E-18,-35.75E-18,-38.79E-18
7.375E6,-27.63E-18,-33.42E-18,-35.75E-18,-38.79E-18
7.376E6,-27.63E-18,-33.42E-18,-35.75E-18,-38.79E-18
7.377E6,-27.63E-18,-33.42E-18,-35.75E-18,-38.79E-18
7.378E6,-27.63E-18,-33.42E-18,-35.75E-18,-38.79E-18
7.379E6,-27.63E-18,-33.42E-18,-35.75E-18,-38.79E-18
7.380E6,-27.63E-18,-33.42E-18,-35.75E-18,-38.79E-18
7.381E6,-27.63E-18,-33.42E-18,-35.75E-18,-38.79E-18
7.382E6,-27.63E-18,-33.42E-18,-35.75E-18,-38.79E-18
7.383E6,-27.63E-18,-33.42E-18,-35.75E-18,-38.79E-18
7.384E6,-27.63E-18,-33.42E-18,-35.75E-18,-38.79E-18
7.385E6,-27.63E-18,-33.42E-18,-35.75E-18,-38.79E-18
7.386E6,-27.63E-18,-33.42E-18,-35.75E-18,-38.79E-18
7.387E6,-27.63E-18,-33.42E-18,-35.75E-18,-38.79E-18
7.388E6,-27.63E-18,-33.42E-18,-35.75E-18,-38.79E-18
7.389E6,-27.63E-18,-33.42E-18,-35.75E-18,-38.79E-18
7.390E6,-27.63E-18,-33.42E-18,-35.75E-18,-38.79E-18
7.391E6,-27.63E-18,-33.42E-18,-35.75E-18,-38.79E-18
7.392E6,-27.63E-18,-33.42E-18,-35.75E-18,-38.79E-18
7.393E6,-27.63E-18,-33.42E-18,-35.75E-18,-38.79E-18
7.394E6,-27.63E-18,-33.42E-18,-35.75E-18,-38.79E-18
7.395E6,-27.63E-18,-33.42E-18,-35.75E-18,-38.79E-18
7.396E6,-27.63E-18,-33.42E-18,-35.75E-18,-38.79E-18
7.397E6,-27.63E-18,-33.42E-18,-35.75E-18,-38.79E-18
7.398E6,-27.63E-18,-33.42E-18,-35.75E-18,-38.79E-18
7.399E6,-27.63E-18,-33.42E-18,-35.75E-18,-38.79E-18
7.400E6,-27.63E-18,-33.42E-18,-35.75E-18,-38.79E-18
7.401E6,-27.63E-18,-33.42E-18,-35.75E-18,-38.79E-18
7.402E6,-27.63E-18,-33.42E-18,-35.75E-18,-38.79E-18
7.403E6,-27.63E-18,-33.42E-18,-35.75E-18,-38.79E-18
7.404E6,-27.63E-18,-33.42E-18,-35.75E-18,-38.79E-18
7.405E6,-27.63E-18,-33.42E-18,-35.75E-18,-38.79E-18
7.406E6,-27.63E-18,-33.42E-18,-35.75E-18,-38.79E-18
7.407E6,-27.63E-18,-33.42E-18,-35.75E-18,-38.79E-18
7.408E6,-27.63E-18,-33.42E-18,-35.75E-18,-38.79E-18
7.409E6,-27.63E-18,-33.42E-18,-35.75E-18,-38.79E-18
7.410E6,-27.63E-18,-33.42E-18,-35.75E-18,-38.79E-18
7.411E6,-27.63E-18,-33.42E-18,-35.75E-18,-38.79E-18
7.412E6,-27.63E-18,-33.42E-18,-35.75E-18,-38.79E-18
7.413E6,-27.63E-18,-33.42E-18,-35.75E-18,-38.79E-18
7.414E6,-27.63E-18,-33.42E-18,-35.75E-18,-38.79E-18
7.415E6,-27.63E-18,-33.42E-18,-35.75E-18,-38.79E-18
7.416E6,-27.63E-18,-33.42E-18,-35.75E-18,-38.79E-18
7.417E6,-27.63E-18,-33.42E-18,-35.75E-18,-38.79E-18
7.418E6,-27.63E-18,-33.42E-18,-35.75E-18,-38.79E-18
7.419E6,-27.63E-18,-33.42E-18,-35.75E-18,-38.79E-18
7.420E6,-27.63E-18,-33.42E-18,-35.75E-18,-38.79E-18
7.421E6,-27.63E-18,-33.42E-18,-35.75E-18,-38.79E-18
7.422E6,-27.63E-18,-33.42E-18,-35.75E-18,-38.79E-18
7.423E6,-27.63E-18,-33.42E-18,-35.75E-18,-38.79E-18
7.424E6,-27.63E-18,-33.42E-18,-35.75E-18,-38.79E-18
7.425E6,-27.63E-18,-33.42E-18,-35.75E-18,-38.79E-18
7.426E6,-27.63E-18,-33.42E-18,-35.75E-18,-38.79E-18
7.427E6,-27.63E-18,-33.42E-18,-35.75E-18,-38.79E-18
7.428E6,-27.63E-18,-33.42E-18,-35.75E-18,-38.79E-18
7.429E6,-27.63E-18,-33.42E-18,-35.75E-18,-38.79E-18
7.430E6,-27.63E-18,-33.42E-18,-35.75E-18,-38.79E-18
7.431E6,-27.63E-18,-33.42E-18,-35.75E-18,-38.79E-18
7.432E6,-27.63E-18,-33.42E-18,-35.75E-18,-38.79E-18
7.433E6,-27.63E-18,-33.42E-18,-35.75E-18,-38.79E-18
7.434E6,-27.63E-18,-33.42E-18,-35.75E-18,-38.79E-18
7.435E6,-27.63E-18,-33.42E-18,-35.75E-18,-38.79E-18
7.436E6,-27.63E-18,-33.42E-18,-35.75E-18,-38.79E-18
7.437E6,-27.63E-18,-33.42E-18,-35.75E-18,-38.79E-18
7.438E6,-27.63E-18,-33.42E-18,-35.75E-18,-38.79E-18
7.439E6,-27.63E-18,-33.42E-18,-35.75E-18,-38.79E-18
7.440E6,-27.63E-18,-33.42E-18,-35.75E-18,-38.79E-18
7.441E6,-27.63E-18,-33.42E-18,-35.75E-18,-38.79E-18
7.442E6,-27.63E-18,-33.42E-18,-35.75E-18,-38.79E-18
7.443E6,-27.63E-18,-33.42E-18,-35.75E-18,-38.79E-18
7.444E6,-27.63E-18,-33.42E-18,-35.75E-18,-38.79E-18
7.445E6,-27.63E-18,-33.42E-18,-35.75E-18,-38.79E-18
7.446E6,-27.63E-18,-33.42E-18,-35.75E-18,-38.79E-18
7.447E6,-27.63E-18,-33.42E-18,-35.75E-18,-38.79E-18
7.448E6,-27.63E-18,-33.42E-18,-35.75E-18,-38.79E-18
7.449E6,-27.63E-18,-33.42E-18,-35.75E-18,-38.79E-18
7.450E6,-27.63E-18,-33.42E-18,-35.75E-18,-38.79E-18
7.451E6,-27.63E-18,-33.42E-18,-35.75E-18,-38.79E-18
7.452E6,-27.63E-18,-33.42E-18,-35.75E-18,-38.79E-18
7.453E6,-27.63E-18,-33.42E-18,-35.75E-18,-38.79E-18
7.454E6,-27.63E-18,-33.42E-18,-35.75E-18,-38.79E-18
7.455E6,-27.63E-18,-33.42E-18,-35.75E-18,-38.79E-18
7.456E6,-27.63E-18,-33.42E-18,-35.75E-18,-38.79E-18
7.457E6,-27.63E-18,-33.42E-18,-35.75E-18,-38.79E-18
7.458E6,-27.63E-18,-33.42E-18,-35.75E-18,-38.79E-18
7.459E6,-27.63E-18,-33.42E-18,-35.75E-18,-38.79E-18
7.460E6,-27.63E-18,-33.42E-18,-35.75E-18,-38.79E-18
7.461E6,-27.63E-18,-33.42E-18,-35.75E-18,-38.79E-18
7.462E6,-27.63E-18,-33.42E-18,-35.75E-18,-38.79E-18
7.463E6,-27.63E-18,-33.42E-18,-35.75E-18,-38.79E-18
7.464E6,-27.63E-18,-33.42E-18,-35.75E-18,-38.79E-18
7.465E6,-27.63E-18,-33.42E-18,-35.75E-18,-38.79E-18
7.466E6,-27.63E-18,-33.42E-18,-35.75E-18,-38.79E-18
7.467E6,-27.63E-18,-33.42E-18,-35.75E-18,-38.79E-18
7.468E6,-27.63E-18,-33.42E-18,-35.75E-18,-38.79E-18
7.469E6,-27.63E-18,-33.42E-18,-35.75E-18,-38.79E-18
7.470E6,-27.63E-18,-33.42E-18,-35.75E-18,-38.79E-18
7.471E6,-27.63E-18,-33.42E-18,-35.75E-18,-38.79E-18
7.472E6,-27.63E-18,-33.42E-18,-35.75E-18,-38.79E-18
7.473E6,-27.63E-18,-33.42E-18,-35.75E-18,-38.79E-18
7.474E6,-27.63E-18,-33.42E-18,-35.75E-18,-38.79E-18
7.475E6,-27.63E-18,-33.42E-18,-35.75E-18,-38.79E-18
7.476E6,-27.63E-18,-33.42E-18,-35.75E-18,-38.79E-18
7.477E6,-27.63E-18,-33.42E-18,-35.75E-18,-38.79E-18
7.478E6,-27.63E-18,-33.42E-18,-35.75E-18,-38.79E-18
7.479E6,-27.63E-18,-33.42E-18,-35.75E-18,-38.79E-18
7.480E6,-27.63E-18,-33.42E-18,-35.75E-18,-38.79E-18
7.481E6,-27.63E-18,-33.42E-18,-35.75E-18,-38.79E-18
7.482E6,-27.63E-18,-33.42E-18,-35.75E-18,-38.79E-18
7.483E6,-27.63E-18,-33.42E-18,-35.75E-18,-38.79E-18
7.484E6,-27.63E-18,-33.42E-18,-35.75E-18,-38.79E-18
7.485E6,-27.63E-18,-33.42E-18,-35.75E-18,-38.79E-18
7.486E6,-27.63E-18,-33.42E-18,-35.75E-18,-38.79E-18
7.487E6,-27.63E-18,-33.42E-18,-35.75E-18,-38.79E-18
7.488E6,-27.63E-18,-33.42E-18,-35.75E-18,-38.79E-18
7.489E6,-27.63E-18,-33.42E-18,-35.75E-18,-38.79E-18
7.490E6,-27.63E-18,-33.42E-18,-35.75E-18,-38.79E-18
7.491E6,-27.63E-18,-33.42E-18,-35.75E-18,-38.79E-18
7.492E6,-27.63E-18,-33.42E-18,-35.75E-18,-38.79E-18
7.493E6,-27.63E-18,-33.42E-18,-35.75E-18,-38.79E-18
7.494E6,-27.63E-18,-33.42E-18,-35.75E-18,-38.79E-18
7.495E6,-27.63E-18,-33.42E-18,-35.75E-18,-38.79E-18
7.496E6,-27.63E-18,-33.42E-18,-35.75E-18,-38.79E-18
7.497E6,-27.63E-18,-33.42E-18,-35.75E-18,-38.79E-18
7.498E6,-27.63E-18,-33.42E-18,-35.75E-18,-38.79E-18
7.499E6,-27.63E-18,-33.42E-18,-35.75E-18,-38.79E-18
7.500E6,-27.63E-18,-33.42E-18,-35.75E-18,-38.79E-18
7.501E6,-27.63E-18,-33.42E-18,-35.75E-18,-38.79E-18
7.502E6,-27.63E-18,-33.42E-18,-35.75E-18,-38.79E-18
7.503E6,-27.63E-18,-33.42E-18,-35.75E-18,-38.79E-18
7.504E6,-27.63E-18,-33.42E-18,-35.75E-18,-38.79E-18
7.505E6,-27.63E-18,-33.42E-18,-35.75E-18,-38.79E-18
7.506E6,-27.63E-18,-33.42E-18,-35.75E-18,-38.79E-18
7.507E6,-27.63E-18,-33.42E-18,-35.75E-18,-38.79E-18
7.508E6,-27.63E-18,-33.42E-18,-35.75E-18,-38.79E-18
7.509E6,-27.63E-18,-33.42E-18,-35.75E-18,-38.79E-18
7.510E6,-27.63E-18,-33.42E-18,-35.75E-18,-38.79E-18
7.511E6,-27.63E-18,-33.42E-18,-35.75E-18,-38.79E-18
7.512E6,-27.63E-18,-33.42E-18,-35.75E-18,-38.79E-18
7.513E6,-27.63E-18,-33.42E-18,-35.75E-18,-38.79E-18
7.514E6,-27.63E-18,-33.42E-18,-35.75E-18,-38.79E-18
7.515E6,-27.63E-18,-33.42E-18,-35.75E-18,-38.79E-18
7.516E6,-27.63E-18,-33.42E-18,-35.75E-18,-38.79E-18
7.517E6,-27.63E-18,-33.42E-18,-35.75E-18,-38.79E-18
7.518E6,-27.63E-18,-33.42E-18,-35.75E-18,-38.79E-18
7.519E6,-27.63E-18,-33.42E-18,-35.75E-18,-38.79E-18
7.520E6,-27.63E-18,-33.42E-18,-35.75E-18,-38.79E-18
7.521E6,-27.63E-18,-33.42E-18,-35.75E-18,-38.79E-18
7.522E6,-27.63E-18,-33.42E-18,-35.75E-18,-38.79E-18
7.523E6,-27.63E-18,-33.42E-18,-35.75E-18,-38.79E-18
7.524E6,-27.63E-18,-33.42E-18,-35.75E-18,-38.79E-18
7.525E6,-27.63E-18,-33.42E-18,-35.75E-18,-38.79E-18
7.526E6,-27.63E-18,-33.42E-18,-35.75E-18,-38.79E-18
7.527E6,-27.63E-18,-33.42E-18,-35.75E-18,-38.79E-18
7.528E6,-27.63E-18,-33.42E-18,-35.75E-18,-38.79E-18
7.529E6,-27.63E-18,-33.42E-18,-35.75E-18,-38.79E-18
7.530E6,-27.63E-18,-33.42E-18,-35.75E-18,-38.79E-18
7.531E6,-27.63E-18,-33.42E-18,-35.75E-18,-38.79E-18
7.532E6,-27.63E-18,-33.42E-18,-35.75E-18,-38.79E-18
7.533E6,-27.63E-18,-33.42E-18,-35.75E-18,-38.79E-18
7.534E6,-27.63E-18,-33.42E-18,-35.75E-18,-38.79E-18
7.535E6,-27.63E-18,-33.42E-18,-35.75E-18,-38.79E-18
7.536E6,-27.63E-18,-33.42E-18,-35.75E-18,-38.79E-18
7.537E6,-27.63E-18,-33.42E-18,-35.75E-18,-38.79E-18
7.538E6,-27.63E-18,-33.42E-18,-35.75E-18,-38.79E-18
7.539E6,-27.63E-18,-33.42E-18,-35.75E-18,-38.79E-18
7.540E6,-27.63E-18,-33.42E-18,-35.75E-18,-38.79E-18
7.541E6,-27.63E-18,-33.42E-18,-35.75E-18,-38.79E-18
7.542E6,-27.63E-18,-33.42E-18,-35.75E-18,-38.79E-18
7.543E6,-27.63E-18,-33.42E-18,-35.75E-18,-38.79E-18
7.544E6,-27.63E-18,-33.42E-18,-35.75E-18,-38.79E-18
7.545E6,-27.63E-18,-33.42E-18,-35.75E-18,-38.79E-18
7.546E6,-27.63E-18,-33.42E-18,-35.75E-18,-38.79E-18
7.547E6,-27.63E-18,-33.42E-18,-35.75E-18,-38.79E-18
7.548E6,-27.63E-18,-33.42E-18,-35.75E-18,-38.79E-18
7.549E6,-27.63E-18,-33.42E-18,-35.75E-18,-38.79E-18
7.550E6,-27.63E-18,-33.42E-18,-35.75E-18,-38.79E-18
7.551E6,-27.63E-18,-33.42E-18,-35.75E-18,-38.79E-18
7.552E6,-27.63E-18,-33.42E-18,-35.75E-18,-38.79E-18
7.553E6,-27.63E-18,-33.42E-18,-35.75E-18,-38.79E-18
7.554E6,-27.63E-18,-33.42E-18,-35.75E-18,-38.79E-18
7.555E6,-27.63E-18,-33.42E-18,-35.75E-18,-38.79E-18
7.556E6,-27.63E-18,-33.42E-18,-35.75E-18,-38.79E-18
7.557E6,-27.63E-18,-33.42E-18,-35.75E-18,-38.79E-18
7.558E6,-27.63E-18,-33.42E-18,-35.75E-18,-38.79E-18
7.559E6,-27.63E-18,-33.42E-18,-35.75E-18,-38.79E-18
7.560E6,-27.63E-18,-33.42E-18,-35.75E-18,-38.79E-18
7.561E6,-27.63E-18,-33.42E-18,-35.75E-18,-38.79E-18
7.562E6,-27.63E-18,-33.42E-18,-35.75E-18,-38.79E-18
7.563E6,-27.63E-18,-33.42E-18,-35.75E-18,-38.79E-18
7.564E6,-27.63E-18,-33.42E-18,-35.75E-18,-38.79E-18
7.565E6,-27.63E-18,-33.42E-18,-35.75E-18,-38.79E-18
7.566E6,-27.63E-18,-33.42E-18,-35.75E-18,-38.79E-18
7.567E6,-27.63E-18,-33.42E-18,-35.75E-18,-38.79E-18
7.568E6,-27.63E-18,-33.42E-18,-35.75E-18,-38.79E-18
7.569E6,-27.63E-18,-33.42E-18,-35.75E-18,-38.79E-18
7.570E6,-27.63E-18,-33.42E-18,-35.75E-18,-38.79E-18
7.571E6,-27.63E-18,-33.42E-18,-35.75E-18,-38.79E-18
7.572E6,-27.63E-18,-33.42E-18,-35.75E-18,-38.79E-18
7.573E6,-27.63E-18,-33.42E-18,-35.75E-18,-38.79E-18
7.574E6,-27.63E-18,-33.42E-18,-35.75E-18,-38.79E-18
7.575E6,-27.63E-18,-33.42E-18,-35.75E-18,-38.79E-18
7.576E6,-27.63E-18,-33.42E-18,-35.75E-18,-38.79E-18
7.577E6,-27.63E-18,-33.42E-18,-35.75E-18,-38.79E-18
7.578E6,-27.63E-18,-33.42E-18,-35.75E-18,-38.79E-18
7.579E6,-27.63E-18,-33.42E-18,-35.75E-18,-38.79E-18
7.580E6,-27.63E-18,-33.42E-18,-35.75E-18,-38.79E-18
7.581E6,-27.63E-18,-33.42E-18,-35.75E-18,-38.79E-18
7.582E6,-27.63E-18,-33.42E-18,-35.75E-18,-38.79E-18
7.583E6,-27.63E-18,-33.42E-18,-35.75E-18,-38.79E-18
7.584E6,-27.63E-18,-33.42E-18,-35.75E-18,-38.79E-18
7.585E6,-27.63E-18,-33.42E-18,-35.75E-18,-38.79E-18
7.586E6,-27.63E-18,-33.42E-18,-35.75E-18,-38.79E-18
7.587E6,-27.63E-18,-33.42E-18,-35.75E-18,-38.79E-18
7.588E6,-27.63E-18,-33.42E-18,-35.75E-18,-38.79E-18
7.589E6,-27.63E-18,-33.42E-18,-35.75E-18,-38.79E-18
7.590E6,-27.63E-18,-33.42E-18,-35.75E-18,-38.79E-18
7.591E6,-27.63E-18,-33.42E-18,-35.75E-18,-38.79E-18
7.592E6,-27.63E-18,-33.42E-18,-35.75E-18,-38.79E-18
7.593E6,-27.63E-18,-33.42E-18,-35.75E-18,-38.79E-18
7.594E6,-27.63E-18,-33.42E-18,-35.75E-18,-38.79E-18
7.595E6,-27.63E-18,-33.42E-18,-35.75E-18,-38.79E-18
7.596E6,-27.63E-18,-33.42E-18,-35.75E-18,-38.79E-18
7.597E6,-27.63E-18,-33.42E-18,-35.75E-18,-38.79E-18
7.598E6,-27.63E-18,-33.42E-18,-35.75E-18,-38.79E-18
7.599E6,-27.63E-18,-33.42E-18,-35.75E-18,-38.79E-18
7.600E6,-27.63E-18,-33.42E-18,-35.75E-18,-38.79E-18
7.601E6,-27.63E-18,-33.42E-18,-35.75E-18,-38.79E-18
7.602E6,-27.63E-18,-33.42E-18,-35.75E-18,-38.79E-18
7.603E6,-27.63E-18,-33.42E-18,-35.75E-18,-38.79E-18
7.604E6,-27.63E-18,-33.42E-18,-35.75E-18,-38.79E-18
7.605E6,-27.63E-18,-33.42E-18,-35.75E-18,-38.79E-18
7.606E6,-27.63E-18,-33.42E-18,-35.75E-18,-38.79E-18
7.607E6,-27.63E-18,-33.42E-18,-35.75E-18,-38.79E-18
7.608E6,-27.63E-18,-33.42E-18,-35.75E-18,-38.79E-18
7.609E6,-27.63E-18,-33.42E-18,-35.75E-18,-38.79E-18
7.610E6,-27.63E-18,-33.42E-18,-35.75E-18,-38.79E-18
7.611E6,-27.63E-18,-33.42E-18,-35.75E-18,-38.79E-18
7.612E6,-27.63E-18,-33.42E-18,-35.75E-18,-38.79E-18
7.613E6,-27.63E-18,-33.42E-18,-35.75E-18,-38.79E-18
7.614E6,-27.63E-18,-33.42E-18,-35.75E-18,-38.79E-18
7.615E6,-27.63E-18,-33.42E-18,-35.75E-18,-38.79E-18
7.616E6,-27.63E-18,-33.42E-18,-35.75E-18,-38.79E-18
7.617E6,-27.63E-18,-33.42E-18,-35.75E-18,-38.79E-18
7.618E6,-27.63E-18,-33.42E-18,-35.75E-18,-38.79E-18
7.619E6,-27.63E-18,-33.42E-18,-35.75E-18,-38.79E-18
7.620E6,-27.63E-18,-33.42E-18,-35.75E-18,-38.79E-18
7.621E6,-27.63E-18,-33.42E-18,-35.75E-18,-38.79E-18
7.622E6,-27.63E-18,-33.42E-18,-35.75E-18,-38.79E-18
7.623E6,-27.63E-18,-33.42E-18,-35.75E-18,-38.79E-18
7.624E6,-27.63E-18,-33.42E-18,-35.75E-18,-38.79E-18
7.625E6,-27.63E-18,-33.42E-18,-35.75E-18,-38.79E-18
7.626E6,-27.63E-18,-33.42E-18,-35.75E-18,-38.79E-18
7.627E6,-27.63E-18,-33.42E-18,-35.75E-18,-38.79E-18
7.628E6,-27.63E-18,-33.42E-18,-35.75E-18,-38.79E-18
7.629E6,-27.63E-18,-33.42E-18,-35.75E-18,-38.79E-18
7.630E6,-27.63E-18,-33.42E-18,-35.75E-18,-38.79E-18
7.631E6,-27.63E-18,-33.42E-18,-35.75E-18,-38.79E-18
7.632E6,-27.63E-18,-33.42E-18,-35.75E-18,-38.79E-18
7.633E6,-27.63E-18,-33.42E-18,-35.75E-18,-38.79E-18
7.634E6,-27.63E-18,-33.42E-18,-35.75E-18,-38.79E-18
7.635E6,-27.63E-18,-33.42E-18,-35.75E-18,-38.79E-18
7.636E6,-27.63E-18,-33.42E-18,-35.75E-18,-38.79E-18
7.637E6,-27.63E-18,-33.42E-18,-35.75E-18,-38.79E-18
7.638E6,-27.63E-18,-33.42E-18,-35.75E-18,-38.79E-18
7.639E6,-27.63E-18,-33.42E-18,-35.75E-18,-38.79E-18
7.640E6,-27.63E-18,-33.42E-18,-35.75E-18,-38.79E-18
7.641E6,-27.63E-18,-33.42E-18,-35.75E-18,-38.79E-18
7.642E6,-27.63E-18,-33.42E-18,-35.75E-18,-38.79E-18
7.643E6,-27.63E-18,-33.42E-18,-35.75E-18,-38.79E-18
7.644E6,-27.63E-18,-33.42E-18,-35.75E-18,-38.79E-18
7.645E6,-27.63E-18,-33.42E-18,-35.75E-18,-38.79E-18
7.646E6,-27.63E-18,-33.42E-18,-35.75E-18,-38.79E-18
7.647E6,-27.63E-18,-33.42E-18,-35.75E-18,-38.79E-18
7.648E6,-27.63E-18,-33.42E-18,-35.75E-18,-38.79E-18
7.649E6,-27.63E-18,-33.42E-18,-35.75E-18,-38.79E-18
7.650E6,-27.63E-18,-33.42E-18,-35.75E-18,-38.79E-18
7.651E6,-27.63E-18,-33.42E-18,-35.75E-18,-38.79E-18
7.652E6,-27.63E-18,-33.42E-18,-35.75E-18,-38.79E-18
7.653E6,-27.63E-18,-33.42E-18,-35.75E-18,-38.79E-18
7.654E6,-27.63E-18,-33.42E-18,-35.75E-18,-38.79E-18
7.655E6,-27.63E-18,-33.42E-18,-35.75E-18,-38.79E-18
7.656E6,-27.63E-18,-33.42E-18,-35.75E-18,-38.79E-18
7.657E6,-27.63E-18,-33.42E-18,-35.75E-18,-38.79E-18
7.658E6,-27.63E-18,-33.42E-18,-35.75E-18,-38.79E-18
7.659E6,-27.63E-18,-33.42E-18,-35.75E-18,-38.79E-18
7.660E6,-27.63E-18,-33.42E-18,-35.75E-18,-38.79E-18
7.661E6,-27.63E-18,-33.42E-18,-35.75E-18,-38.79E-18
7.662E6,-27.63E-18,-33.42E-18,-35.75E-18,-38.79E-18
7.663E6,-27.63E-18,-33.42E-18,-35.75E-18,-38.79E-18
7.664E6,-27.63E-18,-33.42E-18,-35.75E-18,-38.79E-18
7.665E6,-27.63E-18,-33.42E-18,-35.75E-18,-38.79E-18
7.666E6,-27.63E-18,-33.42E-18,-35.75E-18,-38.79E-18
7.667E6,-27.63E-18,-33.42E-18,-35.75E-18,-38.79E-18
7.668E6,-27.63E-18,-33.42E-18,-35.75E-18,-38.79E-18
7.669E6,-27.63E-18,-33.42E-18,-35.75E-18,-38.79E-18
7.670E6,-27.63E-18,-33.42E-18,-35.75E-18,-38.79E-18
7.671E6,-27.63E-18,-33.42E-18,-35.75E-18,-38.79E-18
7.672E6,-27.63E-18,-33.42E-18,-35.75E-18,-38.79E-18
7.673E6,-27.63E-18,-33.42E-18,-35.75E-18,-38.79E-18
7.674E6,-27.63E-18,-33.42E-18,-35.75E-18,-38.79E-18
7.675E6,-27.63E-18,-33.42E-18,-35.75E-18,-38.79E-18
7.676E6,-27.63E-18,-33.42E-18,-35.75E-18,-38.79E-18
7.677E6,-27.63E-18,-33.42E-18,-35.75E-18,-38.79E-18
7.678E6,-27.63E-18,-33.42E-18,-35.75E-18,-38.79E-18
7.679E6,-27.63E-18,-33.42E-18,-35.75E-18,-38.79E-18
7.680E6,-27.63E-18,-33.42E-18,-35.75E-18,-38.79E-18
7.681E6,-27.63E-18,-33.42E-18,-35.75E-18,-38.79E-18
7.682E6,-27.63E-18,-33.42E-18,-35.75E-18,-38.79E-18
7.683E6,-27.63E-18,-33.42E-18,-35.75E-18,-38.79E-18
7.684E6,-27.63E-18,-33.42E-18,-35.75E-18,-38.79E-18
7.685E6,-27.63E-18,-33.42E-18,-35.75E-18,-38.79E-18
7.686E6,-27.63E-18,-33.42E-18,-35.75E-18,-38.79E-18
7.687E6,-27.63E-18,-33.42E-18,-35.75E-18,-38.79E-18
7.688E6,-27.63E-18,-33.42E-18,-35.75E-18,-38.79E-18
7.689E6,-27.63E-18,-33.42E-18,-35.75E-18,-38.79E-18
7.690E6,-27.63E-18,-33.42E-18,-35.75E-18,-38.79E-18
7.691E6,-27.63E-18,-33.42E-18,-35.75E-18,-38.79E-18
7.692E6,-27.63E-18,-33.42E-18,-35.75E-18,-38.79E-18
7.693E6,-27.63E-18,-33.42E-18,-35.75E-18,-38.79E-18
7.694E6,-27.63E-18,-33.42E-18,-35.75E-18,-38.79E-18
7.695E6,-27.63E-18,-33.42E-18,-35.75E-18,-38.79E-18
7.696E6,-27.63E-18,-33.42E-18,-35.75E-18,-38.79E-18
7.697E6,-27.63E-18,-33.42E-18,-35.75E-18,-38.79E-18
7.698E6,-27.63E-18,-33.42E-18,-35.75E-18,-38.79E-18
7.699E6,-27.63E-18,-33.42E-18,-35.75E-18,-38.79E-18
7.700E6,-27.63E-18,-33.42E-18,-35.75E-18,-38.79E-18
7.701E6,-27.63E-18,-33.42E-18,-35.75E-18,-38.79E-18
7.702E6,-27.63E-18,-33.42E-18,-35.75E-18,-38.79E-18
7.703E6,-27.63E-18,-33.42E-18,-35.75E-18,-38.79E-18
7.704E6,-27.63E-18,-33.42E-18,-35.75E-18,-38.79E-18
7.705E6,-27.63E-18,-33.42E-18,-35.75E-18,-38.79E-18
7.706E6,-27.63E-18,-33.42E-18,-35.75E-18,-38.79E-18
7.707E6,-27.63E-18,-33.42E-18,-35.75E-18,-38.79E-18
7.708E6,-27.63E-18,-33.42E-18,-35.75E-18,-38.79E-18
7.709E6,-27.63E-18,-33.42E-18,-35.75E-18,-38.79E-18
7.710E6,-27.63E-18,-33.42E-18,-35.75E-18,-38.79E-18
7.711E6,-27.63E-18,-33.42E-18,-35.75E-18,-38.79E-18
7.712E6,-27.63E-18,-33.42E-18,-35.75E-18,-38.79E-18
7.713E6,-27.63E-18,-33.42E-18,-35.75E-18,-38.79E-18
7.714E6,-27.63E-18,-33.42E-18,-35.75E-18,-38.79E-18
7.715E6,-27.63E-18,-33.42E-18,-35.75E-18,-38.79E-18
7.716E6,-27.63E-18,-33.42E-18,-35.75E-18,-38.79E-18
7.717E6,-27.63E-18,-33.42E-18,-35.75E-18,-38.79E-18
7.718E6,-27.63E-18,-33.42E-18,-35.75E-18,-38.79E-18
7.719E6,-27.63E-18,-33.42E-18,-35.75E-18,-38.79E-18
7.720E6,-27.63E-18,-33.42E-18,-35.75E-18,-38.79E-18
7.721E6,-27.63E-18,-33.42E-18,-35.75E-18,-38.79E-18
7.722E6,-27.63E-18,-33.42E-18,-35.75E-18,-38.79E-18
7.723E6,-27.63E-18,-33.42E-18,-35.75E-18,-38.79E-18
7.724E6,-27.63E-18,-33.42E-18,-35.75E-18,-38.79E-18
7.725E6,-27.63E-18,-33.42E-18,-35.75E-18,-38.79E-18
7.726E6,-27.63E-18,-33.42E-18,-35.75E-18,-38.79E-18
7.727E6,-27.63E-18,-33.42E-18,-35.75E-18,-38.79E-18
7.728E6,-27.63E-18,-33.42E-18,-35.75E-18,-38.79E-18
7.729E6,-27.63E-18,-33.42E-18,-35.75E-18,-38.79E-18
7.730E6,-27.63E-18,-33.42E-18,-35.75E-18,-38.79E-18
7.731E6,-27.63E-18,-33.42E-18,-35.75E-18,-38.79E-18
7.732E6,-27.63E-18,-33.42E-18,-35.75E-18,-38.79E-18
7.733E6,-27.63E-18,-33.42E-18,-35.75E-18,-38.79E-18
7.734E6,-27.63E-18,-33.42E-18,-35.75E-18,-38.79E-18
7.735E6,-27.63E-18,-33.42E-18,-35.75E-18,-38.79E-18
7.736E6,-27.63E-18,-33.42E-18,-35.75E-18,-38.79E-18
7.737E6,-27.63E-18,-33.42E-18,-35.75E-18,-38.79E-18
7.738E6,-27.63E-18,-33.42E-18,-35.75E-18,-38.79E-18
7.739E6,-27.63E-18,-33.42E-18,-35.75E-18,-38.79E-18
7.740E6,-27.63E-18,-33.42E-18,-35.75E-18,-38.79E-18
7.741E6,-27.63E-18,-33.42E-18,-35.75E-18,-38.79E-18
7.742E6,-27.63E-18,-33.42E-18,-35.75E-18,-38.79E-18
7.743E6,-27.63E-18,-33.42E-18,-35.75E-18,-38.79E-18
7.744E6,-27.63E-18,-33.42E-18,-35.75E-18,-38.79E-18
7.745E6,-27.63E-18,-33.42E-18,-35.75E-18,-38.79E-18
7.746E6,-27.63E-18,-33.42E-18,-35.75E-18,-38.79E-18
7.747E6,-27.63E-18,-33.42E-18,-35.75E-18,-38.79E-18
7.748E6,-27.63E-18,-33.42E-18,-35.75E-18,-38.79E-18
7.749E6,-27.63E-18,-33.42E-18,-35.75E-18,-38.79E-18
7.750E6,-27.63E-18,-33.42E-18,-35.75E-18,-38.79E-18
7.751E6,-27.63E-18,-33.42E-18,-35.75E-18,-38.79E-18
7.752E6,-27.63E-18,-33.42E-18,-35.75E-18,-38.79E-18
7.753E6,-27.63E-18,-33.42E-18,-35.75E-18,-38.79E-18
7.754E6,-27.63E-18,-33.42E-18,-35.75E-18,-38.79E-18
7.755E6,-27.63E-18,-33.42E-18,-35.75E-18,-38.79E-18
7.756E6,-27.63E-18,-33.42E-18,-35.75E-18,-38.79E-18
7.757E6,-27.63E-18,-33.42E-18,-35.75E-18,-38.79E-18
7.758E6,-27.63E-18,-33.42E-18,-35.75E-18,-38.79E-18
7.759E6,-27.63E-18,-33.42E-18,-35.75E-18,-38.79E-18
7.760E6,-27.63E-18,-33.42E-18,-35.75E-18,-38.79E-18
7.761E6,-27.63E-18,-33.42E-18,-35.75E-18,-38.79E-18
7.762E6,-27.63E-18,-33.42E-18,-35.75E-18,-38.79E-18
7.763E6,-27.63E-18,-33.42E-18,-35.75E-18,-38.79E-18
7.764E6,-27.63E-18,-33.42E-18,-35.75E-18,-38.79E-18
7.765E6,-27.63E-18,-33.42E-18,-35.75E-18,-38.79E-18
7.766E6,-27.63E-18,-33.42E-18,-35.75E-18,-38.79E-18
7.767E6,-27.63E-18,-33.42E-18,-35.75E-18,-38.79E-18
7.768E6,-27.63E-18,-33.42E-18,-35.75E-18,-38.79E-18
7.769E6,-27.63E-18,-33.42E-18,-35.75E-18,-38.79E-18
7.770E6,-27.63E-18,-33.42E-18,-35.75E-18,-38.79E-18
7.771E6,-27.63E-18,-33.42E-18,-35.75E-18,-38.79E-18
7.772E6,-27.63E-18,-33.42E-18,-35.75E-18,-38.79E-18
7.773E6,-27.63E-18,-33.42E-18,-35.75E-18,-38.79E-18
7.774E6,-27.63E-18,-33.42E-18,-35.75E-18,-38.79E-18
7.775E6,-27.63E-18,-33.42E-18,-35.75E-18,-38.79E-18
7.776E6,-27.63E-18,-33.42E-18,-35.75E-18,-38.79E-18
7.777E6,-27.63E-18,-33.42E-18,-35.75E-18,-38.79E-18
7.778E6,-27.63E-18,-33.42E-18,-35.75E-18,-38.79E-18
7.779E6,-27.63E-18,-33.42E-18,-35.75E-18,-38.79E-18
7.780E6,-27.63E-18,-33.42E-18,-35.75E-18,-38.79E-18
7.781E6,-27.63E-18,-33.42E-18,-35.75E-18,-38.79E-18
7.782E6,-27.63E-18,-33.42E-18,-35.75E-18,-38.79E-18
7.783E6,-27.63E-18,-33.42E-18,-35.75E-18,-38.79E-18
7.784E6,-27.63E-18,-33.42E-18,-35.75E-18,-38.79E-18
7.785E6,-27.63E-18,-33.42E-18,-35.75E-18,-38.79E-18
7.786E6,-27.63E-18,-33.42E-18,-35.75E-18,-38.79E-18
7.787E6,-27.63E-18,-33.42E-18,-35.75E-18,-38.79E-18
7.788E6,-27.63E-18,-33.42E-18,-35.75E-18,-38.79E-18
7.789E6,-27.63E-18,-33.42E-18,-35.75E-18,-38.79E-18
7.790E6,-27.63E-18,-33.42E-18,-35.75E-18,-38.79E-18
7.791E6,-27.63E-18,-33.42E-18,-35.75E-18,-38.79E-18
7.792E6,-27.63E-18,-33.42E-18,-35.75E-18,-38.79E-18
7.793E6,-27.63E-18,-33.42E-18,-35.75E-18,-38.79E-18
7.794E6,-27.63E-18,-33.42E-18,-35.75E-18,-38.79E-18
7.795E6,-27.63E-18,-33.42E-18,-35.75E-18,-38.79E-18
7.796E6,-27.63E-18,-33.42E-18,-35.75E-18,-38.79E-18
7.797E6,-27.63E-18,-33.42E-18,-35.75E-18,-38.79E-18
7.798E6,-27.63E-18,-33.42E-18,-35.75E-18,-38.79E-18
7.799E6,-27.63E-18,-33.42E-18,-35.75E-18,-38.79E-18
7.800E6,-27.63E-18,-33.42E-18,-35.75E-18,-38.79E-18
7.801E6,-27.63E-18,-33.42E-18,-35.75E-18,-38.79E-18
7.802E6,-27.63E-18,-33.42E-18,-35.75E-18,-38.79E-18
7.803E6,-27.63E-18,-33.42E-18,-35.75E-18,-38.79E-18
7.804E6,-27.63E-18,-33.42E-18,-35.75E-18,-38.79E-18
7.805E6,-27.63E-18,-33.42E-18,-35.75E-18,-38.79E-18
7.806E6,-27.63E-18,-33.42E-18,-35.75E-18,-38.79E-18
7.807E6,-27.63E-18,-33.42E-18,-35.75E-18,-38.79E-18
7.808E6,-27.63E-18,-33.42E-18,-35.75E-18,-38.79E-18
7.809E6,-27.63E-18,-33.42E-18,-35.75E-18,-38.79E-18
7.810E6,-27.63E-18,-33.42E-18,-35.75E-18,-38.79E-18
7.811E6,-27.63E-18,-33.42E-18,-35.75E-18,-38.79E-18
7.812E6,-27.63E-18,-33.42E-18,-35.75E-18,-38.79E-18
7.813E6,-27.63E-18,-33.42E-18,-35.75E-18,-38.79E-18
7.814E6,-27.63E-18,-33.42E-18,-35.75E-18,-38.79E-18
7.815E6,-27.63E-18,-33.42E-18,-35.75E-18,-38.79E-18
7.816E6,-27.63E-18,-33.42E-18,-35.75E-18,-38.79E-18
7.817E6,-27.63E-18,-33.42E-18,-35.75E-18,-38.79E-18
7.818E6,-27.63E-18,-33.42E-18,-35.75E-18,-38.79E-18
7.819E6,-27.63E-18,-33.42E-18,-35.75E-18,-38.79E-18
7.820E6,-27.63E-18,-33.42E-18,-35.75E-18,-38.79E-18
7.821E6,-27.63E-18,-33.42E-18,-35.75E-18,-38.79E-18
7.822E6,-27.63E-18,-33.42E-18,-35.75E-18,-38.79E-18
7.823E6,-27.63E-18,-33.42E-18,-35.75E-18,-38.79E-18
7.824E6,-27.63E-18,-33.42E-18,-35.75E-18,-38.79E-18
7.825E6,-27.63E-18,-33.42E-18,-35.75E-18,-38.79E-18
7.826E6,-27.63E-18,-33.42E-18,-35.75E-18,-38.79E-18
7.827E6,-27.63E-18,-33.42E-18,-35.75E-18,-38.79E-18
7.828E6,-27.63E-18,-33.42E-18,-35.75E-18,-38.79E-18
7.829E6,-27.63E-18,-33.42E-18,-35.75E-18,-38.79E-18
7.830E6,-27.63E-18,-33.42E-18,-35.75E-18,-38.79E-18
7.831E6,-27.63E-18,-33.42E-18,-35.75E-18,-38.79E-18
7.832E6,-27.63E-18,-33.42E-18,-35.75E-18,-38.79E-18
7.833E6,-27.63E-18,-33.42E-18,-35.75E-18,-38.79E-18
7.834E6,-27.63E-18,-33.42E-18,-35.75E-18,-38.79E-18
7.835E6,-27.63E-18,-33.42E-18,-35.75E-18,-38.79E-18
7.836E6,-27.63E-18,-33.42E-18,-35.75E-18,-38.79E-18
7.837E6,-27.63E-18,-33.42E-18,-35.75E-18,-38.79E-18
7.838E6,-27.63E-18,-33.42E-18,-35.75E-18,-38.79E-18
7.839E6,-27.63E-18,-33.42E-18,-35.75E-18,-38.79E-18
7.840E6,-27.63E-18,-33.42E-18,-35.75E-18,-38.79E-18
7.841E6,-27.63E-18,-33.42E-18,-35.75E-18,-38.79E-18
7.842E6,-27.63E-18,-33.42E-18,-35.75E-18,-38.79E-18
7.843E6,-27.63E-18,-33.42E-18,-35.75E-18,-38.79E-18
7.844E6,-27.63E-18,-33.42E-18,-35.75E-18,-38.79E-18
7.845E6,-27.63E-18,-33.42E-18,-35.75E-18,-38.79E-18
7.846E6,-27.63E-18,-33.42E-18,-35.75E-18,-38.79E-18
7.847E6,-27.63E-18,-33.42E-18,-35.75E-18,-38.79E-18
7.848E6,-27.63E-18,-33.42E-18,-35.75E-18,-38.79E-18
7.849E6,-27.63E-18,-33.42E-18,-35.75E-18,-38.79E-18
7.850E6,-27.63E-18,-33.42E-18,-35.75E-18,-38.79E-18
7.851E6,-27.63E-18,-33.42E-18,-35.75E-18,-38.79E-18
7.852E6,-27.63E-18,-33.42E-18,-35.75E-18,-38.79E-18
7.853E6,-27.63E-18,-33.42E-18,-35.75E-18,-38.79E-18
7.854E6,-27.63E-18,-33.42E-18,-35.75E-18,-38.79E-18
7.855E6,-27.63E-18,-33.42E-18,-35.75E-18,-38.79E-18
7.856E6,-27.63E-18,-33.42E-18,-35.75E-18,-38.79E-18
7.857E6,-27.63E-18,-33.42E-18,-35.75E-18,-38.79E-18
7.858E6,-27.63E-18,-33.42E-18,-35.75E-18,-38.79E-18
7.859E6,-27.63E-18,-33.42E-18,-35.75E-18,-38.79E-18
7.860E6,-27.63E-18,-33.42E-18,-35.75E-18,-38.79E-18
7.861E6,-27.63E-18,-33.42E-18,-35.75E-18,-38.79E-18
7.862E6,-27.63E-18,-33.42E-18,-35.75E-18,-38.79E-18
7.863E6,-27.63E-18,-33.42E-18,-35.75E-18,-38.79E-18
7.864E6,-27.63E-18,-33.42E-18,-35.75E-18,-38.79E-18
7.865E6,-27.63E-18,-33.42E-18,-35.75E-18,-38.79E-18
7.866E6,-27.63E-18,-33.42E-18,-35.75E-18,-38.79E-18
7.867E6,-27.63E-18,-33.42E-18,-35.75E-18,-38.79E-18
7.868E6,-27.63E-18,-33.42E-18,-35.75E-18,-38.79E-18
7.869E6,-27.63E-18,-33.42E-18,-35.75E-18,-38.79E-18
7.870E6,-27.63E-18,-33.42E-18,-35.75E-18,-38.79E-18
7.871E6,-27.63E-18,-33.42E-18,-35.75E-18,-38.79E-18
7.872E6,-27.63E-18,-33.42E-18,-35.75E-18,-38.79E-18
7.873E6,-27.63E-18,-33.42E-18,-35.75E-18,-38.79E-18
7.874E6,-27.63E-18,-33.42E-18,-35.75E-18,-38.79E-18
7.875E6,-27.63E-18,-33.42E-18,-35.75E-18,-38.79E-18
7.876E6,-27.63E-18,-33.42E-18,-35.75E-18,-38.79E-18
7.877E6,-27.63E-18,-33.42E-18,-35.75E-18,-38.79E-18
7.878E6,-27.63E-18,-33.42E-18,-35.75E-18,-38.79E-18
7.879E6,-27.63E-18,-33.42E-18,-35.75E-18,-38.79E-18
7.880E6,-27.63E-18,-33.42E-18,-35.75E-18,-38.79E-18
7.881E6,-27.63E-18,-33.42E-18,-35.75E-18,-38.79E-18
7.882E6,-27.63E-18,-33.42E-18,-35.75E-18,-38.79E-18
7.883E6,-27.63E-18,-33.42E-18,-35.75E-18,-38.79E-18
7.884E6,-27.63E-18,-33.42E-18,-35.75E-18,-38.79E-18
7.885E6,-27.63E-18,-33.42E-18,-35.75E-18,-38.79E-18
7.886E6,-27.63E-18,-33.42E-18,-35.75E-18,-38.79E-18
7.887E6,-27.63E-18,-33.42E-18,-35.75E-18,-38.79E-18
7.888E6,-27.63E-18,-33.42E-18,-35.75E-18,-38.79E-18
7.889E6,-27.63E-18,-33.42E-18,-35.75E-18,-38.79E-18
7.890E6,-27.63E-18,-33.42E-18,-35.75E-18,-38.79E-18
7.891E6,-27.63E-18,-33.42E-18,-35.75E-18,-38.79E-18
7.892E6,-27.63E-18,-33.42E-18,-35.75E-18,-38.79E-18
7.893E6,-27.63E-18,-33.42E-18,-35.75E-18,-38.79E-18
7.894E6,-27.63E-18,-33.42E-18,-35.75E-18,-38.79E-18
7.895E6,-27.63E-18,-33.42E-18,-35.75E-18,-38.79E-18
7.896E6,-27.63E-18,-33.42E-18,-35.75E-18,-38.79E-18
7.897E6,-27.63E-18,-33.42E-18,-35.75E-18,-38.79E-18
7.898E6,-27.63E-18,-33.42E-18,-35.75E-18,-38.79E-18
7.899E6,-27.63E-18,-33.42E-18,-35.75E-18,-38.79E-18
7.900E6,-27.63E-18,-33.42E-18,-35.75E-18,-38.79E-18
7.901E6,-27.63E-18,-33.42E-18,-35.75E-18,-38.79E-18
7.902E6,-27.63E-18,-33.42E-18,-35.75E-18,-38.79E-18
7.903E6,-27.63E-18,-33.42E-18,-35.75E-18,-38.79E-18
7.904E6,-27.63E-18,-33.42E-18,-35.75E-18,-38.79E-18
7.905E6,-27.63E-18,-33.42E-18,-35.75E-18,-38.79E-18
7.906E6,-27.63E-18,-33.42E-18,-35.75E-18,-38.79E-18
7.907E6,-27.63E-18,-33.42E-18,-35.75E-18,-38.79E-18
7.908E6,-27.63E-18,-33.42E-18,-35.75E-18,-38.79E-18
7.909E6,-27.63E-18,-33.42E-18,-35.75E-18,-38.79E-18
7.910E6,-27.63E-18,-33.42E-18,-35.75E-18,-38.79E-18
7.911E6,-27.63E-18,-33.42E-18,-35.75E-18,-38.79E-18
7.912E6,-27.63E-18,-33.42E-18,-35.75E-18,-38.79E-18
7.913E6,-27.63E-18,-33.42E-18,-35.75E-18,-38.79E-18
7.914E6,-27.63E-18,-33.42E-18,-35.75E-18,-38.79E-18
7.915E6,-27.63E-18,-33.42E-18,-35.75E-18,-38.79E-18
7.916E6,-27.63E-18,-33.42E-18,-35.75E-18,-38.79E-18
7.917E6,-27.63E-18,-33.42E-18,-35.75E-18,-38.79E-18
7.918E6,-27.63E-18,-33.42E-18,-35.75E-18,-38.79E-18
7.919E6,-27.63E-18,-33.42E-18,-35.75E-18,-38.79E-18
7.920E6,-27.63E-18,-33.42E-18,-35.75E-18,-38.79E-18
7.921E6,-27.63E-18,-33.42E-18,-35.75E-18,-38.79E-18
7.922E6,-27.63E-18,-33.42E-18,-35.75E-18,-38.79E-18
7.923E6,-27.63E-18,-33.42E-18,-35.75E-18,-38.79E-18
7.924E6,-27.63E-18,-33.42E-18,-35.75E-18,-38.79E-18
7.925E6,-27.63E-18,-33.42E-18,-35.75E-18,-38.79E-18
7.926E6,-27.63E-18,-33.42E-18,-35.75E-18,-38.79E-18
7.927E6,-27.63E-18,-33.42E-18,-35.75E-18,-38.79E-18
7.928E6,-27.63E-18,-33.42E-18,-35.75E-18,-38.79E-18
7.929E6,-27.63E-18,-33.42E-18,-35.75E-18,-38.79E-18
7.930E6,-27.63E-18,-33.42E-18,-35.75E-18,-38.79E-18
7.931E6,-27.63E-18,-33.42E-18,-35.75E-18,-38.79E-18
7.932E6,-27.63E-18,-33.42E-18,-35.75E-18,-38.79E-18
7.933E6,-27.63E-18,-33.42E-18,-35.75E-18,-38.79E-18
7.934E6,-27.63E-18,-33.42E-18,-35.75E-18,-38.79E-18
7.935E6,-27.63E-18,-33.42E-18,-35.75E-18,-38.79E-18
7.936E6,-27.63E-18,-33.42E-18,-35.75E-18,-38.79E-18
7.937E6,-27.63E-18,-33.42E-18,-35.75E-18,-38.79E-18
7.938E6,-27.63E-18,-33.42E-18,-35.75E-18,-38.79E-18
7.939E6,-27.63E-18,-33.42E-18,-35.75E-18,-38.79E-18
7.940E6,-27.63E-18,-33.42E-18,-35.75E-18,-38.79E-18
7.941E6,-27.63E-18,-33.42E-18,-35.75E-18,-38.79E-18
7.942E6,-27.63E-18,-33.42E-18,-35.75E-18,-38.79E-18
7.943E6,-27.63E-18,-33.42E-18,-35.75E-18,-38.79E-18
7.944E6,-27.63E-18,-33.42E-18,-35.75E-18,-38.79E-18
7.945E6,-27.63E-18,-33.42E-18,-35.75E-18,-38.79E-18
7.946E6,-27.63E-18,-33.42E-18,-35.75E-18,-38.79E-18
7.947E6,-27.63E-18,-33.42E-18,-35.75E-18,-38.79E-18
7.948E6,-27.63E-18,-33.42E-18,-35.75E-18,-38.79E-18
7.949E6,-27.63E-18,-33.42E-18,-35.75E-18,-38.79E-18
7.950E6,-27.63E-18,-33.42E-18,-35.75E-18,-38.79E-18
7.951E6,-27.63E-18,-33.42E-18,-35.75E-18,-38.79E-18
7.952E6,-27.63E-18,-33.42E-18,-35.75E-18,-38.79E-18
7.953E6,-27.63E-18,-33.42E-18,-35.75E-18,-38.79E-18
7.954E6,-27.63E-18,-33.42E-18,-35.75E-18,-38.79E-18
7.955E6,-27.63E-18,-33.42E-18,-35.75E-18,-38.79E-18
7.956E6,-27.63E-18,-33.42E-18,-35.75E-18,-38.79E-18
7.957E6,-27.63E-18,-33.42E-18,-35.75E-18,-38.79E-18
7.958E6,-27.63E-18,-33.42E-18,-35.75E-18,-38.79E-18
7.959E6,-27.63E-18,-33.42E-18,-35.75E-18,-38.79E-18
7.960E6,-27.63E-18,-33.42E-18,-35.75E-18,-38.79E-18
7.961E6,-27.63E-18,-33.42E-18,-35.75E-18,-38.79E-18
7.962E6,-27.63E-18,-33.42E-18,-35.75E-18,-38.79E-18
7.963E6,-27.63E-18,-33.42E-18,-35.75E-18,-38.79E-18
7.964E6,-27.63E-18,-33.42E-18,-35.75E-18,-38.79E-18
7.965E6,-27.63E-18,-33.42E-18,-35.75E-18,-38.79E-18
7.966E6,-27.63E-18,-33.42E-18,-35.75E-18,-38.79E-18
7.967E6,-27.63E-18,-33.42E-18,-35.75E-18,-38.79E-18
7.968E6,-27.63E-18,-33.42E-18,-35.75E-18,-38.79E-18
7.969E6,-27.63E-18,-33.42E-18,-35.75E-18,-38.79E-18
7.970E6,-27.63E-18,-33.42E-18,-35.75E-18,-38.79E-18
7.971E6,-27.63E-18,-33.42E-18,-35.75E-18,-38.79E-18
7.972E6,-27.63E-18,-33.42E-18,-35.75E-18,-38.79E-18
7.973E6,-27.63E-18,-33.42E-18,-35.75E-18,-38.79E-18
7.974E6,-27.63E-18,-33.42E-18,-35.75E-18,-38.79E-18
7.975E6,-27.63E-18,-33.42E-18,-35.75E-18,-38.79E-18
7.976E6,-27.63E-18,-33.42E-18,-35.75E-18,-38.79E-18
7.977E6,-27.63E-18,-33.42E-18,-35.75E-18,-38.79E-18
7.978E6,-27.63E-18,-33.42E-18,-35.75E-18,-38.79E-18
7.979E6,-27.63E-18,-33.42E-18,-35.75E-18,-38.79E-18
7.980E6,-27.63E-18,-33.42E-18,-35.75E-18,-38.79E-18
7.981E6,-27.63E-18,-33.42E-18,-35.75E-18,-38.79E-18
7.982E6,-27.63E-18,-33.42E-18,-35.75E-18,-38.79E-18
7.983E6,-27.63E-18,-33.42E-18,-35.75E-18,-38.79E-18
7.984E6,-27.63E-18,-33.42E-18,-35.75E-18,-38.79E-18
7.985E6,-27.63E-18,-33.42E-18,-35.75E-18,-38.79E-18
7.986E6,-27.63E-18,-33.42E-18,-35.75E-18,-38.79E-18
7.987E6,-27.63E-18,-33.42E-18,-35.75E-18,-38.79E-18
7.988E6,-27.63E-18,-33.42E-18,-35.75E-18,-38.79E-18
7.989E6,-27.63E-18,-33.42E-18,-35.75E-18,-38.79E-18
7.990E6,-27.63E-18,-33.42E-18,-35.75E-18,-38.79E-18
7.991E6,-27.63E-18,-33.42E-18,-35.75E-18,-38.79E-18
7.992E6,-27.63E-18,-33.42E-18,-35.75E-18,-38.79E-18
7.993E6,-27.63E-18,-33.42E-18,-35.75E-18,-38.79E-18
7.994E6,-27.63E-18,-33.42E-18,-35.75E-18,-38.79E-18
7.995E6,-27.63E-18,-33.42E-18,-35.75E-18,-38.79E-18
7.996E6,-27.63E-18,-33.42E-18,-35.75E-18,-38.79E-18
7.997E6,-27.63E-18,-33.42E-18,-35.75E-18,-38.79E-18
7.998E6,-27.63E-18,-33.42E-18,-35.75E-18,-38.79E-18
7.999E6,-27.63E-18,-33.42E-18,-35.75E-18,-38.79E-18
8.000E6,-27.63E-18,-33.42E-18,-35.75E-18,-38.79E-18
8.001E6,-27.63E-18,-33.42E-18,-35.75E-18,-38.79E-18
8.002E6,-27.63E-18,-33.42E-18,-35.75E-18,-38.79E-18
8.003E6,-27.63E-18,-33.42E-18,-35.75E-18,-38.79E-18
8.004E6,-27.63E-18,-33.42E-18,-35.75E-18,-38.79E-18
8.005E6,-27.63E-18,-33.42E-18,-35.75E-18,-38.79E-18
8.006E6,-27.63E-18,-33.42E-18,-35.75E-18,-38.79E-18
8.007E6,-27.63E-18,-33.42E-18,-35.75E-18,-38.79E-18
8.008E6,-27.63E-18,-33.42E-18,-35.75E-18,-38.79E-18
8.009E6,-27.63E-18,-33.42E-18,-35.75E-18,-38.79E-18
8.010E6,-27.63E-18,-33.42E-18,-35.75E-18,-38.79E-18
8.011E6,-27.63E-18,-33.42E-18,-35.75E-18,-38.79E-18
8.012E6,-27.63E-18,-33.42E-18,-35.75E-18,-38.79E-18
8.013E6,-27.63E-18,-33.42E-18,-35.75E-18,-38.79E-18
8.014E6,-27.63E-18,-33.42E-18,-35.75E-18,-38.79E-18
8.015E6,-27.63E-18,-33.42E-18,-35.75E-18,-38.79E-18
8.016E6,-27.63E-18,-33.42E-18,-35.75E-18,-38.79E-18
8.017E6,-27.63E-18,-33.42E-18,-35.75E-18,-38.79E-18
8.018E6,-27.63E-18,-33.42E-18,-35.75E-18,-38.79E-18
8.019E6,-27.63E-18,-33.42E-18,-35.75E-18,-38.79E-18
8.020E6,-27.63E-18,-33.42E-18,-35.75E-18,-38.79E-18
8.021E6,-27.63E-18,-33.42E-18,-35.75E-18,-38.79E-18
8.022E6,-27.63E-18,-33.42E-18,-35.75E-18,-38.79E-18
8.023E6,-27.63E-18,-33.42E-18,-35.75E-18,-38.79E-18
8.024E6,-27.63E-18,-33.42E-18,-35.75E-18,-38.79E-18
8.025E6,-27.63E-18,-33.42E-18,-35.75E-18,-38.79E-18
8.026E6,-27.63E-18,-33.42E-18,-35.75E-18,-38.79E-18
8.027E6,-27.63E-18,-33.42E-18,-35.75E-18,-38.79E-18
8.028E6,-27.63E-18,-33.42E-18,-35.75E-18,-38.79E-18
8.029E6,-27.63E-18,-33.42E-18,-35.75E-18,-38.79E-18
8.030E6,-27.63E-18,-33.42E-18,-35.75E-18,-38.79E-18
8.031E6,-27.63E-18,-33.42E-18,-35.75E-18,-38.79E-18
8.032E6,-27.63E-18,-33.42E-18,-35.75E-18,-38.79E-18
8.033E6,-27.63E-18,-33.42E-18,-35.75E-18,-38.79E-18
8.034E6,-27.63E-18,-33.42E-18,-35.75E-18,-38.79E-18
8.035E6,-27.63E-18,-33.42E-18,-35.75E-18,-38.79E-18
8.036E6,-27.63E-18,-33.42E-18,-35.75E-18,-38.79E-18
8.037E6,-27.63E-18,-33.42E-18,-35.75E-18,-38.79E-18
8.038E6,-27.63E-18,-33.42E-18,-35.75E-18,-38.79E-18
8.039E6,-27.63E-18,-33.42E-18,-35.75E-18,-38.79E-18
8.040E6,-27.63E-18,-33.42E-18,-35.75E-18,-38.79E-18
8.041E6,-27.63E-18,-33.42E-18,-35.75E-18,-38.79E-18
8.042E6,-27.63E-18,-33.42E-18,-35.75E-18,-38.79E-18
8.043E6,-27.63E-18,-33.42E-18,-35.75E-18,-38.79E-18
8.044E6,-27.63E-18,-33.42E-18,-35.75E-18,-38.79E-18
8.045E6,-27.63E-18,-33.42E-18,-35.75E-18,-38.79E-18
8.046E6,-27.63E-18,-33.42E-18,-35.75E-18,-38.79E-18
8.047E6,-27.63E-18,-33.42E-18,-35.75E-18,-38.79E-18
8.048E6,-27.63E-18,-33.42E-18,-35.75E-18,-38.79E-18
8.049E6,-27.63E-18,-33.42E-18,-35.75E-18,-38.79E-18
8.050E6,-27.63E-18,-33.42E-18,-35.75E-18,-38.79E-18
8.051E6,-27.63E-18,-33.42E-18,-35.75E-18,-38.79E-18
8.052E6,-27.63E-18,-33.42E-18,-35.75E-18,-38.79E-18
8.053E6,-27.63E-18,-33.42E-18,-35.75E-18,-38.79E-18
8.054E6,-27.63E-18,-33.42E-18,-35.75E-18,-38.79E-18
8.055E6,-27.63E-18,-33.42E-18,-35.75E-18,-38.79E-18
8.056E6,-27.63E-18,-33.42E-18,-35.75E-18,-38.79E-18
8.057E6,-27.63E-18,-33.42E-18,-35.75E-18,-38.79E-18
8.058E6,-27.63E-18,-33.42E-18,-35.75E-18,-38.79E-18
8.059E6,-27.63E-18,-33.42E-18,-35.75E-18,-38.79E-18
8.060E6,-27.63E-18,-33.42E-18,-35.75E-18,-38.79E-18
8.061E6,-27.63E-18,-33.42E-18,-35.75E-18,-38.79E-18
8.062E6,-27.63E-18,-33.42E-18,-35.75E-18,-38.79E-18
8.063E6,-27.63E-18,-33.42E-18,-35.75E-18,-38.79E-18
8.064E6,-27.63E-18,-33.42E-18,-35.75E-18,-38.79E-18
8.065E6,-27.63E-18,-33.42E-18,-35.75E-18,-38.79E-18
8.066E6,-27.63E-18,-33.42E-18,-35.75E-18,-38.79E-18
8.067E6,-27.63E-18,-33.42E-18,-35.75E-18,-38.79E-18
8.068E6,-27.63E-18,-33.42E-18,-35.75E-18,-38.79E-18
8.069E6,-27.63E-18,-33.42E-18,-35.75E-18,-38.79E-18
8.070E6,-27.63E-18,-33.42E-18,-35.75E-18,-38.79E-18
8.071E6,-27.63E-18,-33.42E-18,-35.75E-18,-38.79E-18
8.072E6,-27.63E-18,-33.42E-18,-35.75E-18,-38.79E-18
8.073E6,-27.63E-18,-33.42E-18,-35.75E-18,-38.79E-18
8.074E6,-27.63E-18,-33.42E-18,-35.75E-18,-38.79E-18
8.075E6,-27.63E-18,-33.42E-18,-35.75E-18,-38.79E-18
8.076E6,-27.63E-18,-33.42E-18,-35.75E-18,-38.79E-18
8.077E6,-27.63E-18,-33.42E-18,-35.75E-18,-38.79E-18
8.078E6,-27.63E-18,-33.42E-18,-35.75E-18,-38.79E-18
8.079E6,-27.63E-18,-33.42E-18,-35.75E-18,-38.79E-18
8.080E6,-27.63E-18,-33.42E-18,-35.75E-18,-38.79E-18
8.081E6,-27.63E-18,-33.42E-18,-35.75E-18,-38.79E-18
8.082E6,-27.63E-18,-33.42E-18,-35.75E-18,-38.79E-18
8.083E6,-27.63E-18,-33.42E-18,-35.75E-18,-38.79E-18
8.084E6,-27.63E-18,-33.42E-18,-35.75E-18,-38.79E-18
8.085E6,-27.63E-18,-33.42E-18,-35.75E-18,-38.79E-18
8.086E6,-27.63E-18,-33.42E-18,-35.75E-18,-38.79E-18
8.087E6,-27.63E-18,-33.42E-18,-35.75E-18,-38.79E-18
8.088E6,-27.63E-18,-33.42E-18,-35.75E-18,-38.79E-18
8.089E6,-27.63E-18,-33.42E-18,-35.75E-18,-38.79E-18
8.090E6,-27.63E-18,-33.42E-18,-35.75E-18,-38.79E-18
8.091E6,-27.63E-18,-33.42E-18,-35.75E-18,-38.79E-18
8.092E6,-27.63E-18,-33.42E-18,-35.75E-18,-38.79E-18
8.093E6,-27.63E-18,-33.42E-18,-35.75E-18,-38.79E-18
8.094E6,-27.63E-18,-33.42E-18,-35.75E-18,-38.79E-18
8.095E6,-27.63E-18,-33.42E-18,-35.75E-18,-38.79E-18
8.096E6,-27.63E-18,-33.42E-18,-35.75E-18,-38.79E-18
8.097E6,-27.63E-18,-33.42E-18,-35.75E-18,-38.79E-18
8.098E6,-27.63E-18,-33.42E-18,-35.75E-18,-38.79E-18
8.099E6,-27.63E-18,-33.42E-18,-35.75E-18,-38.79E-18
8.100E6,-27.63E-18,-33.42E-18,-35.75E-18,-38.79E-18
8.101E6,-27.63E-18,-33.42E-18,-35.75E-18,-38.79E-18
8.102E6,-27.63E-18,-33.42E-18,-35.75E-18,-38.79E-18
8.103E6,-27.63E-18,-33.42E-18,-35.75E-18,-38.79E-18
8.104E6,-27.63E-18,-33.42E-18,-35.75E-18,-38.79E-18
8.105E6,-27.63E-18,-33.42E-18,-35.75E-18,-38.79E-18
8.106E6,-27.63E-18,-33.42E-18,-35.75E-18,-38.79E-18
8.107E6,-27.63E-18,-33.42E-18,-35.75E-18,-38.79E-18
8.108E6,-27.63E-18,-33.42E-18,-35.75E-18,-38.79E-18
8.109E6,-27.63E-18,-33.42E-18,-35.75E-18,-38.79E-18
8.110E6,-27.63E-18,-33.42E-18,-35.75E-18,-38.79E-18
8.111E6,-27.63E-18,-33.42E-18,-35.75E-18,-38.79E-18
8.112E6,-27.63E-18,-33.42E-18,-35.75E-18,-38.79E-18
8.113E6,-27.63E-18,-33.42E-18,-35.75E-18,-38.79E-18
8.114E6,-27.63E-18,-33.42E-18,-35.75E-18,-38.79E-18
8.115E6,-27.63E-18,-33.42E-18,-35.75E-18,-38.79E-18
8.116E6,-27.63E-18,-33.42E-18,-35.75E-18,-38.79E-18
8.117E6,-27.63E-18,-33.42E-18,-35.75E-18,-38.79E-18
8.118E6,-27.63E-18,-33.42E-18,-35.75E-18,-38.79E-18
8.119E6,-27.63E-18,-33.42E-18,-35.75E-18,-38.79E-18
8.120E6,-27.63E-18,-33.42E-18,-35.75E-18,-38.79E-18
8.121E6,-27.63E-18,-33.42E-18,-35.75E-18,-38.79E-18
8.122E6,-27.63E-18,-33.42E-18,-35.75E-18,-38.79E-18
8.123E6,-27.63E-18,-33.42E-18,-35.75E-18,-38.79E-18
8.124E6,-27.63E-18,-33.42E-18,-35.75E-18,-38.79E-18
8.125E6,-27.63E-18,-33.42E-18,-35.75E-18,-38.79E-18
8.126E6,-27.63E-18,-33.42E-18,-35.75E-18,-38.79E-18
8.127E6,-27.63E-18,-33.42E-18,-35.75E-18,-38.79E-18
8.128E6,-27.63E-18,-33.42E-18,-35.75E-18,-38.79E-18
8.129E6,-27.63E-18,-33.42E-18,-35.75E-18,-38.79E-18
8.130E6,-27.63E-18,-33.42E-18,-35.75E-18,-38.79E-18
8.131E6,-27.63E-18,-33.42E-18,-35.75E-18,-38.79E-18
8.132E6,-27.63E-18,-33.42E-18,-35.75E-18,-38.79E-18
8.133E6,-27.63E-18,-33.42E-18,-35.75E-18,-38.79E-18
8.134E6,-27.63E-18,-33.42E-18,-35.75E-18,-38.79E-18
8.135E6,-27.63E-18,-33.42E-18,-35.75E-18,-38.79E-18
8.136E6,-27.63E-18,-33.42E-18,-35.75E-18,-38.79E-18
8.137E6,-27.63E-18,-33.42E-18,-35.75E-18,-38.79E-18
8.138E6,-27.63E-18,-33.42E-18,-35.75E-18,-38.79E-18
8.139E6,-27.63E-18,-33.42E-18,-35.75E-18,-38.79E-18
8.140E6,-27.63E-18,-33.42E-18,-35.75E-18,-38.79E-18
8.141E6,-27.63E-18,-33.42E-18,-35.75E-18,-38.79E-18
8.142E6,-27.63E-18,-33.42E-18,-35.75E-18,-38.79E-18
8.143E6,-27.63E-18,-33.42E-18,-35.75E-18,-38.79E-18
8.144E6,-27.63E-18,-33.42E-18,-35.75E-18,-38.79E-18
8.145E6,-27.63E-18,-33.42E-18,-35.75E-18,-38.79E-18
8.146E6,-27.63E-18,-33.42E-18,-35.75E-18,-38.79E-18
8.147E6,-27.63E-18,-33.42E-18,-35.75E-18,-38.79E-18
8.148E6,-27.63E-18,-33.42E-18,-35.75E-18,-38.79E-18
8.149E6,-27.63E-18,-33.42E-18,-35.75E-18,-38.79E-18
8.150E6,-27.63E-18,-33.42E-18,-35.75E-18,-38.79E-18
8.151E6,-27.63E-18,-33.42E-18,-35.75E-18,-38.79E-18
8.152E6,-27.63E-18,-33.42E-18,-35.75E-18,-38.79E-18
8.153E6,-27.63E-18,-33.42E-18,-35.75E-18,-38.79E-18
8.154E6,-27.63E-18,-33.42E-18,-35.75E-18,-38.79E-18
8.155E6,-27.63E-18,-33.42E-18,-35.75E-18,-38.79E-18
8.156E6,-27.63E-18,-33.42E-18,-35.75E-18,-38.79E-18
8.157E6,-27.63E-18,-33.42E-18,-35.75E-18,-38.79E-18
8.158E6,-27.63E-18,-33.42E-18,-35.75E-18,-38.79E-18
8.159E6,-27.63E-18,-33.42E-18,-35.75E-18,-38.79E-18
8.160E6,-27.63E-18,-33.42E-18,-35.75E-18,-38.79E-18
8.161E6,-27.63E-18,-33.42E-18,-35.75E-18,-38.79E-18
8.162E6,-27.63E-18,-33.42E-18,-35.75E-18,-38.79E-18
8.163E6,-27.63E-18,-33.42E-18,-35.75E-18,-38.79E-18
8.164E6,-27.63E-18,-33.42E-18,-35.75E-18,-38.79E-18
8.165E6,-27.63E-18,-33.42E-18,-35.75E-18,-38.79E-18
8.166E6,-27.63E-18,-33.42E-18,-35.75E-18,-38.79E-18
8.167E6,-27.63E-18,-33.42E-18,-35.75E-18,-38.79E-18
8.168E6,-27.63E-18,-33.42E-18,-35.75E-18,-38.79E-18
8.169E6,-27.63E-18,-33.42E-18,-35.75E-18,-38.79E-18
8.170E6,-27.63E-18,-33.42E-18,-35.75E-18,-38.79E-18
8.171E6,-27.63E-18,-33.42E-18,-35.75E-18,-38.79E-18
8.172E6,-27.63E-18,-33.42E-18,-35.75E-18,-38.79E-18
8.173E6,-27.63E-18,-33.42E-18,-35.75E-18,-38.79E-18
8.174E6,-27.63E-18,-33.42E-18,-35.75E-18,-38.79E-18
8.175E6,-27.63E-18,-33.42E-18,-35.75E-18,-38.79E-18
8.176E6,-27.63E-18,-33.42E-18,-35.75E-18,-38.79E-18
8.177E6,-27.63E-18,-33.42E-18,-35.75E-18,-38.79E-18
8.178E6,-27.63E-18,-33.42E-18,-35.75E-18,-38.79E-18
8.179E6,-27.63E-18,-33.42E-18,-35.75E-18,-38.79E-18
8.180E6,-27.63E-18,-33.42E-18,-35.75E-18,-38.79E-18
8.181E6,-27.63E-18,-33.42E-18,-35.75E-18,-38.79E-18
8.182E6,-27.63E-18,-33.42E-18,-35.75E-18,-38.79E-18
8.183E6,-27.63E-18,-33.42E-18,-35.75E-18,-38.79E-18
8.184E6,-27.63E-18,-33.42E-18,-35.75E-18,-38.79E-18
8.185E6,-27.63E-18,-33.42E-18,-35.75E-18,-38.79E-18
8.186E6,-27.63E-18,-33.42E-18,-35.75E-18,-38.79E-18
8.187E6,-27.63E-18,-33.42E-18,-35.75E-18,-38.79E-18
8.188E6,-27.63E-18,-33.42E-18,-35.75E-18,-38.79E-18
8.189E6,-27.63E-18,-33.42E-18,-35.75E-18,-38.79E-18
8.190E6,-27.63E-18,-33.42E-18,-35.75E-18,-38.79E-18
8.191E6,-27.63E-18,-33.42E-18,-35.75E-18,-38.79E-18
8.192E6,-27.63E-18,-33.42E-18,-35.75E-18,-38.79E-18
8.193E6,-27.63E-18,-33.42E-18,-35.75E-18,-38.79E-18
8.194E6,-27.63E-18,-33.42E-18,-35.75E-18,-38.79E-18
8.195E6,-27.63E-18,-33.42E-18,-35.75E-18,-38.79E-18
8.196E6,-27.63E-18,-33.42E-18,-35.75E-18,-38.79E-18
8.197E6,-27.63E-18,-33.42E-18,-35.75E-18,-38.79E-18
8.198E6,-27.63E-18,-33.42E-18,-35.75E-18,-38.79E-18
8.199E6,-27.63E-18,-33.42E-18,-35.75E-18,-38.79E-18
8.200E6,-27.63E-18,-33.42E-18,-35.75E-18,-38.79E-18
8.201E6,-27.63E-18,-33.42E-18,-35.75E-18,-38.79E-18
8.202E6,-27.63E-18,-33.42E-18,-35.75E-18,-38.79E-18
8.203E6,-27.63E-18,-33.42E-18,-35.75E-18,-38.79E-18
8.204E6,-27.63E-18,-33.42E-18,-35.75E-18,-38.79E-18
8.205E6,-27.63E-18,-33.42E-18,-35.75E-18,-38.79E-18
8.206E6,-27.63E-18,-33.42E-18,-35.75E-18,-38.79E-18
8.207E6,-27.63E-18,-33.42E-18,-35.75E-18,-38.79E-18
8.208E6,-27.63E-18,-33.42E-18,-35.75E-18,-38.79E-18
8.209E6,-27.63E-18,-33.42E-18,-35.75E-18,-38.79E-18
8.210E6,-27.63E-18,-33.42E-18,-35.75E-18,-38.79E-18
8.211E6,-27.63E-18,-33.42E-18,-35.75E-18,-38.79E-18
8.212E6,-27.63E-18,-33.42E-18,-35.75E-18,-38.79E-18
8.213E6,-27.63E-18,-33.42E-18,-35.75E-18,-38.79E-18
8.214E6,-27.63E-18,-33.42E-18,-35.75E-18,-38.79E-18
8.215E6,-27.63E-18,-33.42E-18,-35.75E-18,-38.79E-18
8.216E6,-27.63E-18,-33.42E-18,-35.75E-18,-38.79E-18
8.217E6,-27.63E-18,-33.42E-18,-35.75E-18,-38.79E-18
8.218E6,-27.63E-18,-33.42E-18,-35.75E-18,-38.79E-18
8.219E6,-27.63E-18,-33.42E-18,-35.75E-18,-38.79E-18
8.220E6,-27.63E-18,-33.42E-18,-35.75E-18,-38.79E-18
8.221E6,-27.63E-18,-33.42E-18,-35.75E-18,-38.79E-18
8.222E6,-27.63E-18,-33.42E-18,-35.75E-18,-38.79E-18
8.223E6,-27.63E-18,-33.42E-18,-35.75E-18,-38.79E-18
8.224E6,-27.63E-18,-33.42E-18,-35.75E-18,-38.79E-18
8.225E6,-27.63E-18,-33.42E-18,-35.75E-18,-38.79E-18
8.226E6,-27.63E-18,-33.42E-18,-35.75E-18,-38.79E-18
8.227E6,-27.63E-18,-33.42E-18,-35.75E-18,-38.79E-18
8.228E6,-27.63E-18,-33.42E-18,-35.75E-18,-38.79E-18
8.229E6,-27.63E-18,-33.42E-18,-35.75E-18,-38.79E-18
8.230E6,-27.63E-18,-33.42E-18,-35.75E-18,-38.79E-18
8.231E6,-27.63E-18,-33.42E-18,-35.75E-18,-38.79E-18
8.232E6,-27.63E-18,-33.42E-18,-35.75E-18,-38.79E-18
8.233E6,-27.63E-18,-33.42E-18,-35.75E-18,-38.79E-18
8.234E6,-27.63E-18,-33.42E-18,-35.75E-18,-38.79E-18
8.235E6,-27.63E-18,-33.42E-18,-35.75E-18,-38.79E-18
8.236E6,-27.63E-18,-33.42E-18,-35.75E-18,-38.79E-18
8.237E6,-27.63E-18,-33.42E-18,-35.75E-18,-38.79E-18
8.238E6,-27.63E-18,-33.42E-18,-35.75E-18,-38.79E-18
8.239E6,-27.63E-18,-33.42E-18,-35.75E-18,-38.79E-18
8.240E6,-27.63E-18,-33.42E-18,-35.75E-18,-38.79E-18
8.241E6,-27.63E-18,-33.42E-18,-35.75E-18,-38.79E-18
8.242E6,-27.63E-18,-33.42E-18,-35.75E-18,-38.79E-18
8.243E6,-27.63E-18,-33.42E-18,-35.75E-18,-38.79E-18
8.244E6,-27.63E-18,-33.42E-18,-35.75E-18,-38.79E-18
8.245E6,-27.63E-18,-33.42E-18,-35.75E-18,-38.79E-18
8.246E6,-27.63E-18,-33.42E-18,-35.75E-18,-38.79E-18
8.247E6,-27.63E-18,-33.42E-18,-35.75E-18,-38.79E-18
8.248E6,-27.63E-18,-33.42E-18,-35.75E-18,-38.79E-18
8.249E6,-27.63E-18,-33.42E-18,-35.75E-18,-38.79E-18
8.250E6,-27.63E-18,-33.42E-18,-35.75E-18,-38.79E-18
8.251E6,-27.63E-18,-33.42E-18,-35.75E-18,-38.79E-18
8.252E6,-27.63E-18,-33.42E-18,-35.75E-18,-38.79E-18
8.253E6,-27.63E-18,-33.42E-18,-35.75E-18,-38.79E-18
8.254E6,-27.63E-18,-33.42E-18,-35.75E-18,-38.79E-18
8.255E6,-27.63E-18,-33.42E-18,-35.75E-18,-38.79E-18
8.256E6,-27.63E-18,-33.42E-18,-35.75E-18,-38.79E-18
8.257E6,-27.63E-18,-33.42E-18,-35.75E-18,-38.79E-18
8.258E6,-27.63E-18,-33.42E-18,-35.75E-18,-38.79E-18
8.259E6,-27.63E-18,-33.42E-18,-35.75E-18,-38.79E-18
8.260E6,-27.63E-18,-33.42E-18,-35.75E-18,-38.79E-18
8.261E6,-27.63E-18,-33.42E-18,-35.75E-18,-38.79E-18
8.262E6,-27.63E-18,-33.42E-18,-35.75E-18,-38.79E-18
8.263E6,-27.63E-18,-33.42E-18,-35.75E-18,-38.79E-18
8.264E6,-27.63E-18,-33.42E-18,-35.75E-18,-38.79E-18
8.265E6,-27.63E-18,-33.42E-18,-35.75E-18,-38.79E-18
8.266E6,-27.63E-18,-33.42E-18,-35.75E-18,-38.79E-18
8.267E6,-27.63E-18,-33.42E-18,-35.75E-18,-38.79E-18
8.268E6,-27.63E-18,-33.42E-18,-35.75E-18,-38.79E-18
8.269E6,-27.63E-18,-33.42E-18,-35.75E-18,-38.79E-18
8.270E6,-27.63E-18,-33.42E-18,-35.75E-18,-38.79E-18
8.271E6,-27.63E-18,-33.42E-18,-35.75E-18,-38.79E-18
8.272E6,-27.63E-18,-33.42E-18,-35.75E-18,-38.79E-18
8.273E6,-27.63E-18,-33.42E-18,-35.75E-18,-38.79E-18
8.274E6,-27.63E-18,-33.42E-18,-35.75E-18,-38.79E-18
8.275E6,-27.63E-18,-33.42E-18,-35.75E-18,-38.79E-18
8.276E6,-27.63E-18,-33.42E-18,-35.75E-18,-38.79E-18
8.277E6,-27.63E-18,-33.42E-18,-35.75E-18,-38.79E-18
8.278E6,-27.63E-18,-33.42E-18,-35.75E-18,-38.79E-18
8.279E6,-27.63E-18,-33.42E-18,-35.75E-18,-38.79E-18
8.280E6,-27.63E-18,-33.42E-18,-35.75E-18,-38.79E-18
8.281E6,-27.63E-18,-33.42E-18,-35.75E-18,-38.79E-18
8.282E6,-27.63E-18,-33.42E-18,-35.75E-18,-38.79E-18
8.283E6,-27.63E-18,-33.42E-18,-35.75E-18,-38.79E-18
8.284E6,-27.63E-18,-33.42E-18,-35.75E-18,-38.79E-18
8.285E6,-27.63E-18,-33.42E-18,-35.75E-18,-38.79E-18
8.286E6,-27.63E-18,-33.42E-18,-35.75E-18,-38.79E-18
8.287E6,-27.63E-18,-33.42E-18,-35.75E-18,-38.79E-18
8.288E6,-27.63E-18,-33.42E-18,-35.75E-18,-38.79E-18
8.289E6,-27.63E-18,-33.42E-18,-35.75E-18,-38.79E-18
8.290E6,-27.63E-18,-33.42E-18,-35.75E-18,-38.79E-18
8.291E6,-27.63E-18,-33.42E-18,-35.75E-18,-38.79E-18
8.292E6,-27.63E-18,-33.42E-18,-35.75E-18,-38.79E-18
8.293E6,-27.63E-18,-33.42E-18,-35.75E-18,-38.79E-18
8.294E6,-27.63E-18,-33.42E-18,-35.75E-18,-38.79E-18
8.295E6,-27.63E-18,-33.42E-18,-35.75E-18,-38.79E-18
8.296E6,-27.63E-18,-33.42E-18,-35.75E-18,-38.79E-18
8.297E6,-27.63E-18,-33.42E-18,-35.75E-18,-38.79E-18
8.298E6,-27.63E-18,-33.42E-18,-35.75E-18,-38.79E-18
8.299E6,-27.63E-18,-33.42E-18,-35.75E-18,-38.79E-18
8.300E6,-27.63E-18,-33.42E-18,-35.75E-18,-38.79E-18
8.301E6,-27.63E-18,-33.42E-18,-35.75E-18,-38.79E-18
8.302E6,-27.63E-18,-33.42E-18,-35.75E-18,-38.79E-18
8.303E6,-27.63E-18,-33.42E-18,-35.75E-18,-38.79E-18
8.304E6,-27.63E-18,-33.42E-18,-35.75E-18,-38.79E-18
8.305E6,-27.63E-18,-33.42E-18,-35.75E-18,-38.79E-18
8.306E6,-27.63E-18,-33.42E-18,-35.75E-18,-38.79E-18
8.307E6,-27.63E-18,-33.42E-18,-35.75E-18,-38.79E-18
8.308E6,-27.63E-18,-33.42E-18,-35.75E-18,-38.79E-18
8.309E6,-27.63E-18,-33.42E-18,-35.75E-18,-38.79E-18
8.310E6,-27.63E-18,-33.42E-18,-35.75E-18,-38.79E-18
8.311E6,-27.63E-18,-33.42E-18,-35.75E-18,-38.79E-18
8.312E6,-27.63E-18,-33.42E-18,-35.75E-18,-38.79E-18
8.313E6,-27.63E-18,-33.42E-18,-35.75E-18,-38.79E-18
8.314E6,-27.63E-18,-33.42E-18,-35.75E-18,-38.79E-18
8.315E6,-27.63E-18,-33.42E-18,-35.75E-18,-38.79E-18
8.316E6,-27.63E-18,-33.42E-18,-35.75E-18,-38.79E-18
8.317E6,-27.63E-18,-33.42E-18,-35.75E-18,-38.79E-18
8.318E6,-27.63E-18,-33.42E-18,-35.75E-18,-38.79E-18
8.319E6,-27.63E-18,-33.42E-18,-35.75E-18,-38.79E-18
8.320E6,-27.63E-18,-33.42E-18,-35.75E-18,-38.79E-18
8.321E6,-27.63E-18,-33.42E-18,-35.75E-18,-38.79E-18
8.322E6,-27.63E-18,-33.42E-18,-35.75E-18,-38.79E-18
8.323E6,-27.63E-18,-33.42E-18,-35.75E-18,-38.79E-18
8.324E6,-27.63E-18,-33.42E-18,-35.75E-18,-38.79E-18
8.325E6,-27.63E-18,-33.42E-18,-35.75E-18,-38.79E-18
8.326E6,-27.63E-18,-33.42E-18,-35.75E-18,-38.79E-18
8.327E6,-27.63E-18,-33.42E-18,-35.75E-18,-38.79E-18
8.328E6,-27.63E-18,-33.42E-18,-35.75E-18,-38.79E-18
8.329E6,-27.63E-18,-33.42E-18,-35.75E-18,-38.79E-18
8.330E6,-27.63E-18,-33.42E-18,-35.75E-18,-38.79E-18
8.331E6,-27.63E-18,-33.42E-18,-35.75E-18,-38.79E-18
8.332E6,-27.63E-18,-33.42E-18,-35.75E-18,-38.79E-18
8.333E6,-27.63E-18,-33.42E-18,-35.75E-18,-38.79E-18
8.334E6,-27.63E-18,-33.42E-18,-35.75E-18,-38.79E-18
8.335E6,-27.63E-18,-33.42E-18,-35.75E-18,-38.79E-18
8.336E6,-27.63E-18,-33.42E-18,-35.75E-18,-38.79E-18
8.337E6,-27.63E-18,-33.42E-18,-35.75E-18,-38.79E-18
8.338E6,-27.63E-18,-33.42E-18,-35.75E-18,-38.79E-18
8.339E6,-27.63E-18,-33.42E-18,-35.75E-18,-38.79E-18
8.340E6,-27.63E-18,-33.42E-18,-35.75E-18,-38.79E-18
8.341E6,-27.63E-18,-33.42E-18,-35.75E-18,-38.79E-18
8.342E6,-27.63E-18,-33.42E-18,-35.75E-18,-38.79E-18
8.343E6,-27.63E-18,-33.42E-18,-35.75E-18,-38.79E-18
8.344E6,-27.63E-18,-33.42E-18,-35.75E-18,-38.79E-18
8.345E6,-27.63E-18,-33.42E-18,-35.75E-18,-38.79E-18
8.346E6,-27.63E-18,-33.42E-18,-35.75E-18,-38.79E-18
8.347E6,-27.63E-18,-33.42E-18,-35.75E-18,-38.79E-18
8.348E6,-27.63E-18,-33.42E-18,-35.75E-18,-38.79E-18
8.349E6,-27.63E-18,-33.42E-18,-35.75E-18,-38.79E-18
8.350E6,-27.63E-18,-33.42E-18,-35.75E-18,-38.79E-18
8.351E6,-27.63E-18,-33.42E-18,-35.75E-18,-38.79E-18
8.352E6,-27.63E-18,-33.42E-18,-35.75E-18,-38.79E-18
8.353E6,-27.63E-18,-33.42E-18,-35.75E-18,-38.79E-18
8.354E6,-27.63E-18,-33.42E-18,-35.75E-18,-38.79E-18
8.355E6,-27.63E-18,-33.42E-18,-35.75E-18,-38.79E-18
8.356E6,-27.63E-18,-33.42E-18,-35.75E-18,-38.79E-18
8.357E6,-27.63E-18,-33.42E-18,-35.75E-18,-38.79E-18
8.358E6,-27.63E-18,-33.42E-18,-35.75E-18,-38.79E-18
8.359E6,-27.63E-18,-33.42E-18,-35.75E-18,-38.79E-18
8.360E6,-27.63E-18,-33.42E-18,-35.75E-18,-38.79E-18
8.361E6,-27.63E-18,-33.42E-18,-35.75E-18,-38.79E-18
8.362E6,-27.63E-18,-33.42E-18,-35.75E-18,-38.79E-18
8.363E6,-27.63E-18,-33.42E-18,-35.75E-18,-38.79E-18
8.364E6,-27.63E-18,-33.42E-18,-35.75E-18,-38.79E-18
8.365E6,-27.63E-18,-33.42E-18,-35.75E-18,-38.79E-18
8.366E6,-27.63E-18,-33.42E-18,-35.75E-18,-38.79E-18
8.367E6,-27.63E-18,-33.42E-18,-35.75E-18,-38.79E-18
8.368E6,-27.63E-18,-33.42E-18,-35.75E-18,-38.79E-18
8.369E6,-27.63E-18,-33.42E-18,-35.75E-18,-38.79E-18
8.370E6,-27.63E-18,-33.42E-18,-35.75E-18,-38.79E-18
8.371E6,-27.63E-18,-33.42E-18,-35.75E-18,-38.79E-18
8.372E6,-27.63E-18,-33.42E-18,-35.75E-18,-38.79E-18
8.373E6,-27.63E-18,-33.42E-18,-35.75E-18,-38.79E-18
8.374E6,-27.63E-18,-33.42E-18,-35.75E-18,-38.79E-18
8.375E6,-27.63E-18,-33.42E-18,-35.75E-18,-38.79E-18
8.376E6,-27.63E-18,-33.42E-18,-35.75E-18,-38.79E-18
8.377E6,-27.63E-18,-33.42E-18,-35.75E-18,-38.79E-18
8.378E6,-27.63E-18,-33.42E-18,-35.75E-18,-38.79E-18
8.379E6,-27.63E-18,-33.42E-18,-35.75E-18,-38.79E-18
8.380E6,-27.63E-18,-33.42E-18,-35.75E-18,-38.79E-18
8.381E6,-27.63E-18,-33.42E-18,-35.75E-18,-38.79E-18
8.382E6,-27.63E-18,-33.42E-18,-35.75E-18,-38.79E-18
8.383E6,-27.63E-18,-33.42E-18,-35.75E-18,-38.79E-18
8.384E6,-27.63E-18,-33.42E-18,-35.75E-18,-38.79E-18
8.385E6,-27.63E-18,-33.42E-18,-35.75E-18,-38.79E-18
8.386E6,-27.63E-18,-33.42E-18,-35.75E-18,-38.79E-18
8.387E6,-27.63E-18,-33.42E-18,-35.75E-18,-38.79E-18
8.388E6,-27.63E-18,-33.42E-18,-35.75E-18,-38.79E-18
8.389E6,-27.63E-18,-33.42E-18,-35.75E-18,-38.79E-18
8.390E6,-27.63E-18,-33.42E-18,-35.75E-18,-38.79E-18
8.391E6,-27.63E-18,-33.42E-18,-35.75E-18,-38.79E-18
8.392E6,-27.63E-18,-33.42E-18,-35.75E-18,-38.79E-18
8.393E6,-27.63E-18,-33.42E-18,-35.75E-18,-38.79E-18
8.394E6,-27.63E-18,-33.42E-18,-35.75E-18,-38.79E-18
8.395E6,-27.63E-18,-33.42E-18,-35.75E-18,-38.79E-18
8.396E6,-27.63E-18,-33.42E-18,-35.75E-18,-38.79E-18
8.397E6,-27.63E-18,-33.42E-18,-35.75E-18,-38.79E-18
8.398E6,-27.63E-18,-33.42E-18,-35.75E-18,-38.79E-18
8.399E6,-27.63E-18,-33.42E-18,-35.75E-18,-38.79E-18
8.400E6,-27.63E-18,-33.42E-18,-35.75E-18,-38.79E-18
8.401E6,-27.63E-18,-33.42E-18,-35.75E-18,-38.79E-18
8.402E6,-27.63E-18,-33.42E-18,-35.75E-18,-38.79E-18
8.403E6,-27.63E-18,-33.42E-18,-35.75E-18,-38.79E-18
8.404E6,-27.63E-18,-33.42E-18,-35.75E-18,-38.79E-18
8.405E6,-27.63E-18,-33.42E-18,-35.75E-18,-38.79E-18
8.406E6,-27.63E-18,-33.42E-18,-35.75E-18,-38.79E-18
8.407E6,-27.63E-18,-33.42E-18,-35.75E-18,-38.79E-18
8.408E6,-27.63E-18,-33.42E-18,-35.75E-18,-38.79E-18
8.409E6,-27.63E-18,-33.42E-18,-35.75E-18,-38.79E-18
8.410E6,-27.63E-18,-33.42E-18,-35.75E-18,-38.79E-18
8.411E6,-27.63E-18,-33.42E-18,-35.75E-18,-38.79E-18
8.412E6,-27.63E-18,-33.42E-18,-35.75E-18,-38.79E-18
8.413E6,-27.63E-18,-33.42E-18,-35.75E-18,-38.79E-18
8.414E6,-27.63E-18,-33.42E-18,-35.75E-18,-38.79E-18
8.415E6,-27.63E-18,-33.42E-18,-35.75E-18,-38.79E-18
8.416E6,-27.63E-18,-33.42E-18,-35.75E-18,-38.79E-18
8.417E6,-27.63E-18,-33.42E-18,-35.75E-18,-38.79E-18
8.418E6,-27.63E-18,-33.42E-18,-35.75E-18,-38.79E-18
8.419E6,-27.63E-18,-33.42E-18,-35.75E-18,-38.79E-18
8.420E6,-27.63E-18,-33.42E-18,-35.75E-18,-38.79E-18
8.421E6,-27.63E-18,-33.42E-18,-35.75E-18,-38.79E-18
8.422E6,-27.63E-18,-33.42E-18,-35.75E-18,-38.79E-18
8.423E6,-27.63E-18,-33.42E-18,-35.75E-18,-38.79E-18
8.424E6,-27.63E-18,-33.42E-18,-35.75E-18,-38.79E-18
8.425E6,-27.63E-18,-33.42E-18,-35.75E-18,-38.79E-18
8.426E6,-27.63E-18,-33.42E-18,-35.75E-18,-38.79E-18
8.427E6,-27.63E-18,-33.42E-18,-35.75E-18,-38.79E-18
8.428E6,-27.63E-18,-33.42E-18,-35.75E-18,-38.79E-18
8.429E6,-27.63E-18,-33.42E-18,-35.75E-18,-38.79E-18
8.430E6,-27.63E-18,-33.42E-18,-35.75E-18,-38.79E-18
8.431E6,-27.63E-18,-33.42E-18,-35.75E-18,-38.79E-18
8.432E6,-27.63E-18,-33.42E-18,-35.75E-18,-38.79E-18
8.433E6,-27.63E-18,-33.42E-18,-35.75E-18,-38.79E-18
8.434E6,-27.63E-18,-33.42E-18,-35.75E-18,-38.79E-18
8.435E6,-27.63E-18,-33.42E-18,-35.75E-18,-38.79E-18
8.436E6,-27.63E-18,-33.42E-18,-35.75E-18,-38.79E-18
8.437E6,-27.63E-18,-33.42E-18,-35.75E-18,-38.79E-18
8.438E6,-27.63E-18,-33.42E-18,-35.75E-18,-38.79E-18
8.439E6,-27.63E-18,-33.42E-18,-35.75E-18,-38.79E-18
8.440E6,-27.63E-18,-33.42E-18,-35.75E-18,-38.79E-18
8.441E6,-27.63E-18,-33.42E-18,-35.75E-18,-38.79E-18
8.442E6,-27.63E-18,-33.42E-18,-35.75E-18,-38.79E-18
8.443E6,-27.63E-18,-33.42E-18,-35.75E-18,-38.79E-18
8.444E6,-27.63E-18,-33.42E-18,-35.75E-18,-38.79E-18
8.445E6,-27.63E-18,-33.42E-18,-35.75E-18,-38.79E-18
8.446E6,-27.63E-18,-33.42E-18,-35.75E-18,-38.79E-18
8.447E6,-27.63E-18,-33.42E-18,-35.75E-18,-38.79E-18
8.448E6,-27.63E-18,-33.42E-18,-35.75E-18,-38.79E-18
8.449E6,-27.63E-18,-33.42E-18,-35.75E-18,-38.79E-18
8.450E6,-27.63E-18,-33.42E-18,-35.75E-18,-38.79E-18
8.451E6,-27.63E-18,-33.42E-18,-35.75E-18,-38.79E-18
8.452E6,-27.63E-18,-33.42E-18,-35.75E-18,-38.79E-18
8.453E6,-27.63E-18,-33.42E-18,-35.75E-18,-38.79E-18
8.454E6,-27.63E-18,-33.42E-18,-35.75E-18,-38.79E-18
8.455E6,-27.63E-18,-33.42E-18,-35.75E-18,-38.79E-18
8.456E6,-27.63E-18,-33.42E-18,-35.75E-18,-38.79E-18
8.457E6,-27.63E-18,-33.42E-18,-35.75E-18,-38.79E-18
8.458E6,-27.63E-18,-33.42E-18,-35.75E-18,-38.79E-18
8.459E6,-27.63E-18,-33.42E-18,-35.75E-18,-38.79E-18
8.460E6,-27.63E-18,-33.42E-18,-35.75E-18,-38.79E-18
8.461E6,-27.63E-18,-33.42E-18,-35.75E-18,-38.79E-18
8.462E6,-27.63E-18,-33.42E-18,-35.75E-18,-38.79E-18
8.463E6,-27.63E-18,-33.42E-18,-35.75E-18,-38.79E-18
8.464E6,-27.63E-18,-33.42E-18,-35.75E-18,-38.79E-18
8.465E6,-27.63E-18,-33.42E-18,-35.75E-18,-38.79E-18
8.466E6,-27.63E-18,-33.42E-18,-35.75E-18,-38.79E-18
8.467E6,-27.63E-18,-33.42E-18,-35.75E-18,-38.79E-18
8.468E6,-27.63E-18,-33.42E-18,-35.75E-18,-38.79E-18
8.469E6,-27.63E-18,-33.42E-18,-35.75E-18,-38.79E-18
8.470E6,-27.63E-18,-33.42E-18,-35.75E-18,-38.79E-18
8.471E6,-27.63E-18,-33.42E-18,-35.75E-18,-38.79E-18
8.472E6,-27.63E-18,-33.42E-18,-35.75E-18,-38.79E-18
8.473E6,-27.63E-18,-33.42E-18,-35.75E-18,-38.79E-18
8.474E6,-27.63E-18,-33.42E-18,-35.75E-18,-38.79E-18
8.475E6,-27.63E-18,-33.42E-18,-35.75E-18,-38.79E-18
8.476E6,-27.63E-18,-33.42E-18,-35.75E-18,-38.79E-18
8.477E6,-27.63E-18,-33.42E-18,-35.75E-18,-38.79E-18
8.478E6,-27.63E-18,-33.42E-18,-35.75E-18,-38.79E-18
8.479E6,-27.63E-18,-33.42E-18,-35.75E-18,-38.79E-18
8.480E6,-27.63E-18,-33.42E-18,-35.75E-18,-38.79E-18
8.481E6,-27.63E-18,-33.42E-18,-35.75E-18,-38.79E-18
8.482E6,-27.63E-18,-33.42E-18,-35.75E-18,-38.79E-18
8.483E6,-27.63E-18,-33.42E-18,-35.75E-18,-38.79E-18
8.484E6,-27.63E-18,-33.42E-18,-35.75E-18,-38.79E-18
8.485E6,-27.63E-18,-33.42E-18,-35.75E-18,-38.79E-18
8.486E6,-27.63E-18,-33.42E-18,-35.75E-18,-38.79E-18
8.487E6,-27.63E-18,-33.42E-18,-35.75E-18,-38.79E-18
8.488E6,-27.63E-18,-33.42E-18,-35.75E-18,-38.79E-18
8.489E6,-27.63E-18,-33.42E-18,-35.75E-18,-38.79E-18
8.490E6,-27.63E-18,-33.42E-18,-35.75E-18,-38.79E-18
8.491E6,-27.63E-18,-33.42E-18,-35.75E-18,-38.79E-18
8.492E6,-27.63E-18,-33.42E-18,-35.75E-18,-38.79E-18
8.493E6,-27.63E-18,-33.42E-18,-35.75E-18,-38.79E-18
8.494E6,-27.63E-18,-33.42E-18,-35.75E-18,-38.79E-18
8.495E6,-27.63E-18,-33.42E-18,-35.75E-18,-38.79E-18
8.496E6,-27.63E-18,-33.42E-18,-35.75E-18,-38.79E-18
8.497E6,-27.63E-18,-33.42E-18,-35.75E-18,-38.79E-18
8.498E6,-27.63E-18,-33.42E-18,-35.75E-18,-38.79E-18
8.499E6,-27.63E-18,-33.42E-18,-35.75E-18,-38.79E-18
8.500E6,-27.63E-18,-33.42E-18,-35.75E-18,-38.79E-18
8.501E6,-27.63E-18,-33.42E-18,-35.75E-18,-38.79E-18
8.502E6,-27.63E-18,-33.42E-18,-35.75E-18,-38.79E-18
8.503E6,-27.63E-18,-33.42E-18,-35.75E-18,-38.79E-18
8.504E6,-27.63E-18,-33.42E-18,-35.75E-18,-38.79E-18
8.505E6,-27.63E-18,-33.42E-18,-35.75E-18,-38.79E-18
8.506E6,-27.63E-18,-33.42E-18,-35.75E-18,-38.79E-18
8.507E6,-27.63E-18,-33.42E-18,-35.75E-18,-38.79E-18
8.508E6,-27.63E-18,-33.42E-18,-35.75E-18,-38.79E-18
8.509E6,-27.63E-18,-33.42E-18,-35.75E-18,-38.79E-18
8.510E6,-27.63E-18,-33.42E-18,-35.75E-18,-38.79E-18
8.511E6,-27.63E-18,-33.42E-18,-35.75E-18,-38.79E-18
8.512E6,-27.63E-18,-33.42E-18,-35.75E-18,-38.79E-18
8.513E6,-27.63E-18,-33.42E-18,-35.75E-18,-38.79E-18
8.514E6,-27.63E-18,-33.42E-18,-35.75E-18,-38.79E-18
8.515E6,-27.63E-18,-33.42E-18,-35.75E-18,-38.79E-18
8.516E6,-27.63E-18,-33.42E-18,-35.75E-18,-38.79E-18
8.517E6,-27.63E-18,-33.42E-18,-35.75E-18,-38.79E-18
8.518E6,-27.63E-18,-33.42E-18,-35.75E-18,-38.79E-18
8.519E6,-27.63E-18,-33.42E-18,-35.75E-18,-38.79E-18
8.520E6,-27.63E-18,-33.42E-18,-35.75E-18,-38.79E-18
8.521E6,-27.63E-18,-33.42E-18,-35.75E-18,-38.79E-18
8.522E6,-27.63E-18,-33.42E-18,-35.75E-18,-38.79E-18
8.523E6,-27.63E-18,-33.42E-18,-35.75E-18,-38.79E-18
8.524E6,-27.63E-18,-33.42E-18,-35.75E-18,-38.79E-18
8.525E6,-27.63E-18,-33.42E-18,-35.75E-18,-38.79E-18
8.526E6,-27.63E-18,-33.42E-18,-35.75E-18,-38.79E-18
8.527E6,-27.63E-18,-33.42E-18,-35.75E-18,-38.79E-18
8.528E6,-27.63E-18,-33.42E-18,-35.75E-18,-38.79E-18
8.529E6,-27.63E-18,-33.42E-18,-35.75E-18,-38.79E-18
8.530E6,-27.63E-18,-33.42E-18,-35.75E-18,-38.79E-18
8.531E6,-27.63E-18,-33.42E-18,-35.75E-18,-38.79E-18
8.532E6,-27.63E-18,-33.42E-18,-35.75E-18,-38.79E-18
8.533E6,-27.63E-18,-33.42E-18,-35.75E-18,-38.79E-18
8.534E6,-27.63E-18,-33.42E-18,-35.75E-18,-38.79E-18
8.535E6,-27.63E-18,-33.42E-18,-35.75E-18,-38.79E-18
8.536E6,-27.63E-18,-33.42E-18,-35.75E-18,-38.79E-18
8.537E6,-27.63E-18,-33.42E-18,-35.75E-18,-38.79E-18
8.538E6,-27.63E-18,-33.42E-18,-35.75E-18,-38.79E-18
8.539E6,-27.63E-18,-33.42E-18,-35.75E-18,-38.79E-18
8.540E6,-27.63E-18,-33.42E-18,-35.75E-18,-38.79E-18
8.541E6,-27.63E-18,-33.42E-18,-35.75E-18,-38.79E-18
8.542E6,-27.63E-18,-33.42E-18,-35.75E-18,-38.79E-18
8.543E6,-27.63E-18,-33.42E-18,-35.75E-18,-38.79E-18
8.544E6,-27.63E-18,-33.42E-18,-35.75E-18,-38.79E-18
8.545E6,-27.63E-18,-33.42E-18,-35.75E-18,-38.79E-18
8.546E6,-27.63E-18,-33.42E-18,-35.75E-18,-38.79E-18
8.547E6,-27.63E-18,-33.42E-18,-35.75E-18,-38.79E-18
8.548E6,-27.63E-18,-33.42E-18,-35.75E-18,-38.79E-18
8.549E6,-27.63E-18,-33.42E-18,-35.75E-18,-38.79E-18
8.550E6,-27.63E-18,-33.42E-18,-35.75E-18,-38.79E-18
8.551E6,-27.63E-18,-33.42E-18,-35.75E-18,-38.79E-18
8.552E6,-27.63E-18,-33.42E-18,-35.75E-18,-38.79E-18
8.553E6,-27.63E-18,-33.42E-18,-35.75E-18,-38.79E-18
8.554E6,-27.63E-18,-33.42E-18,-35.75E-18,-38.79E-18
8.555E6,-27.63E-18,-33.42E-18,-35.75E-18,-38.79E-18
8.556E6,-27.63E-18,-33.42E-18,-35.75E-18,-38.79E-18
8.557E6,-27.63E-18,-33.42E-18,-35.75E-18,-38.79E-18
8.558E6,-27.63E-18,-33.42E-18,-35.75E-18,-38.79E-18
8.559E6,-27.63E-18,-33.42E-18,-35.75E-18,-38.79E-18
8.560E6,-27.63E-18,-33.42E-18,-35.75E-18,-38.79E-18
8.561E6,-27.63E-18,-33.42E-18,-35.75E-18,-38.79E-18
8.562E6,-27.63E-18,-33.42E-18,-35.75E-18,-38.79E-18
8.563E6,-27.63E-18,-33.42E-18,-35.75E-18,-38.79E-18
8.564E6,-27.63E-18,-33.42E-18,-35.75E-18,-38.79E-18
8.565E6,-27.63E-18,-33.42E-18,-35.75E-18,-38.79E-18
8.566E6,-27.63E-18,-33.42E-18,-35.75E-18,-38.79E-18
8.567E6,-27.63E-18,-33.42E-18,-35.75E-18,-38.79E-18
8.568E6,-27.63E-18,-33.42E-18,-35.75E-18,-38.79E-18
8.569E6,-27.63E-18,-33.42E-18,-35.75E-18,-38.79E-18
8.570E6,-27.63E-18,-33.42E-18,-35.75E-18,-38.79E-18
8.571E6,-27.63E-18,-33.42E-18,-35.75E-18,-38.79E-18
8.572E6,-27.63E-18,-33.42E-18,-35.75E-18,-38.79E-18
8.573E6,-27.63E-18,-33.42E-18,-35.75E-18,-38.79E-18
8.574E6,-27.63E-18,-33.42E-18,-35.75E-18,-38.79E-18
8.575E6,-27.63E-18,-33.42E-18,-35.75E-18,-38.79E-18
8.576E6,-27.63E-18,-33.42E-18,-35.75E-18,-38.79E-18
8.577E6,-27.63E-18,-33.42E-18,-35.75E-18,-38.79E-18
8.578E6,-27.63E-18,-33.42E-18,-35.75E-18,-38.79E-18
8.579E6,-27.63E-18,-33.42E-18,-35.75E-18,-38.79E-18
8.580E6,-27.63E-18,-33.42E-18,-35.75E-18,-38.79E-18
8.581E6,-27.63E-18,-33.42E-18,-35.75E-18,-38.79E-18
8.582E6,-27.63E-18,-33.42E-18,-35.75E-18,-38.79E-18
8.583E6,-27.63E-18,-33.42E-18,-35.75E-18,-38.79E-18
8.584E6,-27.63E-18,-33.42E-18,-35.75E-18,-38.79E-18
8.585E6,-27.63E-18,-33.42E-18,-35.75E-18,-38.79E-18
8.586E6,-27.63E-18,-33.42E-18,-35.75E-18,-38.79E-18
8.587E6,-27.63E-18,-33.42E-18,-35.75E-18,-38.79E-18
8.588E6,-27.63E-18,-33.42E-18,-35.75E-18,-38.79E-18
8.589E6,-27.63E-18,-33.42E-18,-35.75E-18,-38.79E-18
8.590E6,-27.63E-18,-33.42E-18,-35.75E-18,-38.79E-18
8.591E6,-27.63E-18,-33.42E-18,-35.75E-18,-38.79E-18
8.592E6,-27.63E-18,-33.42E-18,-35.75E-18,-38.79E-18
8.593E6,-27.63E-18,-33.42E-18,-35.75E-18,-38.79E-18
8.594E6,-27.63E-18,-33.42E-18,-35.75E-18,-38.79E-18
8.595E6,-27.63E-18,-33.42E-18,-35.75E-18,-38.79E-18
8.596E6,-27.63E-18,-33.42E-18,-35.75E-18,-38.79E-18
8.597E6,-27.63E-18,-33.42E-18,-35.75E-18,-38.79E-18
8.598E6,-27.63E-18,-33.42E-18,-35.75E-18,-38.79E-18
8.599E6,-27.63E-18,-33.42E-18,-35.75E-18,-38.79E-18
8.600E6,-27.63E-18,-33.42E-18,-35.75E-18,-38.79E-18
8.601E6,-27.63E-18,-33.42E-18,-35.75E-18,-38.79E-18
8.602E6,-27.63E-18,-33.42E-18,-35.75E-18,-38.79E-18
8.603E6,-27.63E-18,-33.42E-18,-35.75E-18,-38.79E-18
8.604E6,-27.63E-18,-33.42E-18,-35.75E-18,-38.79E-18
8.605E6,-27.63E-18,-33.42E-18,-35.75E-18,-38.79E-18
8.606E6,-27.63E-18,-33.42E-18,-35.75E-18,-38.79E-18
8.607E6,-27.63E-18,-33.42E-18,-35.75E-18,-38.79E-18
8.608E6,-27.63E-18,-33.42E-18,-35.75E-18,-38.79E-18
8.609E6,-27.63E-18,-33.42E-18,-35.75E-18,-38.79E-18
8.610E6,-27.63E-18,-33.42E-18,-35.75E-18,-38.79E-18
8.611E6,-27.63E-18,-33.42E-18,-35.75E-18,-38.79E-18
8.612E6,-27.63E-18,-33.42E-18,-35.75E-18,-38.79E-18
8.613E6,-27.63E-18,-33.42E-18,-35.75E-18,-38.79E-18
8.614E6,-27.63E-18,-33.42E-18,-35.75E-18,-38.79E-18
8.615E6,-27.63E-18,-33.42E-18,-35.75E-18,-38.79E-18
8.616E6,-27.63E-18,-33.42E-18,-35.75E-18,-38.79E-18
8.617E6,-27.63E-18,-33.42E-18,-35.75E-18,-38.79E-18
8.618E6,-27.63E-18,-33.42E-18,-35.75E-18,-38.79E-18
8.619E6,-27.63E-18,-33.42E-18,-35.75E-18,-38.79E-18
8.620E6,-27.63E-18,-33.42E-18,-35.75E-18,-38.79E-18
8.621E6,-27.63E-18,-33.42E-18,-35.75E-18,-38.79E-18
8.622E6,-27.63E-18,-33.42E-18,-35.75E-18,-38.79E-18
8.623E6,-27.63E-18,-33.42E-18,-35.75E-18,-38.79E-18
8.624E6,-27.63E-18,-33.42E-18,-35.75E-18,-38.79E-18
8.625E6,-27.63E-18,-33.42E-18,-35.75E-18,-38.79E-18
8.626E6,-27.63E-18,-33.42E-18,-35.75E-18,-38.79E-18
8.627E6,-27.63E-18,-33.42E-18,-35.75E-18,-38.79E-18
8.628E6,-27.63E-18,-33.42E-18,-35.75E-18,-38.79E-18
8.629E6,-27.63E-18,-33.42E-18,-35.75E-18,-38.79E-18
8.630E6,-27.63E-18,-33.42E-18,-35.75E-18,-38.79E-18
8.631E6,-27.63E-18,-33.42E-18,-35.75E-18,-38.79E-18
8.632E6,-27.63E-18,-33.42E-18,-35.75E-18,-38.79E-18
8.633E6,-27.63E-18,-33.42E-18,-35.75E-18,-38.79E-18
8.634E6,-27.63E-18,-33.42E-18,-35.75E-18,-38.79E-18
8.635E6,-27.63E-18,-33.42E-18,-35.75E-18,-38.79E-18
8.636E6,-27.63E-18,-33.42E-18,-35.75E-18,-38.79E-18
8.637E6,-27.63E-18,-33.42E-18,-35.75E-18,-38.79E-18
8.638E6,-27.63E-18,-33.42E-18,-35.75E-18,-38.79E-18
8.639E6,-27.63E-18,-33.42E-18,-35.75E-18,-38.79E-18
8.640E6,-27.63E-18,-33.42E-18,-35.75E-18,-38.79E-18
8.641E6,-27.63E-18,-33.42E-18,-35.75E-18,-38.79E-18
8.642E6,-27.63E-18,-33.42E-18,-35.75E-18,-38.79E-18
8.643E6,-27.63E-18,-33.42E-18,-35.75E-18,-38.79E-18
8.644E6,-27.63E-18,-33.42E-18,-35.75E-18,-38.79E-18
8.645E6,-27.63E-18,-33.42E-18,-35.75E-18,-38.79E-18
8.646E6,-27.63E-18,-33.42E-18,-35.75E-18,-38.79E-18
8.647E6,-27.63E-18,-33.42E-18,-35.75E-18,-38.79E-18
8.648E6,-27.63E-18,-33.42E-18,-35.75E-18,-38.79E-18
8.649E6,-27.63E-18,-33.42E-18,-35.75E-18,-38.79E-18
8.650E6,-27.63E-18,-33.42E-18,-35.75E-18,-38.79E-18
8.651E6,-27.63E-18,-33.42E-18,-35.75E-18,-38.79E-18
8.652E6,-27.63E-18,-33.42E-18,-35.75E-18,-38.79E-18
8.653E6,-27.63E-18,-33.42E-18,-35.75E-18,-38.79E-18
8.654E6,-27.63E-18,-33.42E-18,-35.75E-18,-38.79E-18
8.655E6,-27.63E-18,-33.42E-18,-35.75E-18,-38.79E-18
8.656E6,-27.63E-18,-33.42E-18,-35.75E-18,-38.79E-18
8.657E6,-27.63E-18,-33.42E-18,-35.75E-18,-38.79E-18
8.658E6,-27.63E-18,-33.42E-18,-35.75E-18,-38.79E-18
8.659E6,-27.63E-18,-33.42E-18,-35.75E-18,-38.79E-18
8.660E6,-27.63E-18,-33.42E-18,-35.75E-18,-38.79E-18
8.661E6,-27.63E-18,-33.42E-18,-35.75E-18,-38.79E-18
8.662E6,-27.63E-18,-33.42E-18,-35.75E-18,-38.79E-18
8.663E6,-27.63E-18,-33.42E-18,-35.75E-18,-38.79E-18
8.664E6,-27.63E-18,-33.42E-18,-35.75E-18,-38.79E-18
8.665E6,-27.63E-18,-33.42E-18,-35.75E-18,-38.79E-18
8.666E6,-27.63E-18,-33.42E-18,-35.75E-18,-38.79E-18
8.667E6,-27.63E-18,-33.42E-18,-35.75E-18,-38.79E-18
8.668E6,-27.63E-18,-33.42E-18,-35.75E-18,-38.79E-18
8.669E6,-27.63E-18,-33.42E-18,-35.75E-18,-38.79E-18
8.670E6,-27.63E-18,-33.42E-18,-35.75E-18,-38.79E-18
8.671E6,-27.63E-18,-33.42E-18,-35.75E-18,-38.79E-18
8.672E6,-27.63E-18,-33.42E-18,-35.75E-18,-38.79E-18
8.673E6,-27.63E-18,-33.42E-18,-35.75E-18,-38.79E-18
8.674E6,-27.63E-18,-33.42E-18,-35.75E-18,-38.79E-18
8.675E6,-27.63E-18,-33.42E-18,-35.75E-18,-38.79E-18
8.676E6,-27.63E-18,-33.42E-18,-35.75E-18,-38.79E-18
8.677E6,-27.63E-18,-33.42E-18,-35.75E-18,-38.79E-18
8.678E6,-27.63E-18,-33.42E-18,-35.75E-18,-38.79E-18
8.679E6,-27.63E-18,-33.42E-18,-35.75E-18,-38.79E-18
8.680E6,-27.63E-18,-33.42E-18,-35.75E-18,-38.79E-18
8.681E6,-27.63E-18,-33.42E-18,-35.75E-18,-38.79E-18
8.682E6,-27.63E-18,-33.42E-18,-35.75E-18,-38.79E-18
8.683E6,-27.63E-18,-33.42E-18,-35.75E-18,-38.79E-18
8.684E6,-27.63E-18,-33.42E-18,-35.75E-18,-38.79E-18
8.685E6,-27.63E-18,-33.42E-18,-35.75E-18,-38.79E-18
8.686E6,-27.63E-18,-33.42E-18,-35.75E-18,-38.79E-18
8.687E6,-27.63E-18,-33.42E-18,-35.75E-18,-38.79E-18
8.688E6,-27.63E-18,-33.42E-18,-35.75E-18,-38.79E-18
8.689E6,-27.63E-18,-33.42E-18,-35.75E-18,-38.79E-18
8.690E6,-27.63E-18,-33.42E-18,-35.75E-18,-38.79E-18
8.691E6,-27.63E-18,-33.42E-18,-35.75E-18,-38.79E-18
8.692E6,-27.63E-18,-33.42E-18,-35.75E-18,-38.79E-18
8.693E6,-27.63E-18,-33.42E-18,-35.75E-18,-38.79E-18
8.694E6,-27.63E-18,-33.42E-18,-35.75E-18,-38.79E-18
8.695E6,-27.63E-18,-33.42E-18,-35.75E-18,-38.79E-18
8.696E6,-27.63E-18,-33.42E-18,-35.75E-18,-38.79E-18
8.697E6,-27.63E-18,-33.42E-18,-35.75E-18,-38.79E-18
8.698E6,-27.63E-18,-33.42E-18,-35.75E-18,-38.79E-18
8.699E6,-27.63E-18,-33.42E-18,-35.75E-18,-38.79E-18
8.700E6,-27.63E-18,-33.42E-18,-35.75E-18,-38.79E-18
8.701E6,-27.63E-18,-33.42E-18,-35.75E-18,-38.79E-18
8.702E6,-27.63E-18,-33.42E-18,-35.75E-18,-38.79E-18
8.703E6,-27.63E-18,-33.42E-18,-35.75E-18,-38.79E-18
8.704E6,-27.63E-18,-33.42E-18,-35.75E-18,-38.79E-18
8.705E6,-27.63E-18,-33.42E-18,-35.75E-18,-38.79E-18
8.706E6,-27.63E-18,-33.42E-18,-35.75E-18,-38.79E-18
8.707E6,-27.63E-18,-33.42E-18,-35.75E-18,-38.79E-18
8.708E6,-27.63E-18,-33.42E-18,-35.75E-18,-38.79E-18
8.709E6,-27.63E-18,-33.42E-18,-35.75E-18,-38.79E-18
8.710E6,-27.63E-18,-33.42E-18,-35.75E-18,-38.79E-18
8.711E6,-27.63E-18,-33.42E-18,-35.75E-18,-38.79E-18
8.712E6,-27.63E-18,-33.42E-18,-35.75E-18,-38.79E-18
8.713E6,-27.63E-18,-33.42E-18,-35.75E-18,-38.79E-18
8.714E6,-27.63E-18,-33.42E-18,-35.75E-18,-38.79E-18
8.715E6,-27.63E-18,-33.42E-18,-35.75E-18,-38.79E-18
8.716E6,-27.63E-18,-33.42E-18,-35.75E-18,-38.79E-18
8.717E6,-27.63E-18,-33.42E-18,-35.75E-18,-38.79E-18
8.718E6,-27.63E-18,-33.42E-18,-35.75E-18,-38.79E-18
8.719E6,-27.63E-18,-33.42E-18,-35.75E-18,-38.79E-18
8.720E6,-27.63E-18,-33.42E-18,-35.75E-18,-38.79E-18
8.721E6,-27.63E-18,-33.42E-18,-35.75E-18,-38.79E-18
8.722E6,-27.63E-18,-33.42E-18,-35.75E-18,-38.79E-18
8.723E6,-27.63E-18,-33.42E-18,-35.75E-18,-38.79E-18
8.724E6,-27.63E-18,-33.42E-18,-35.75E-18,-38.79E-18
8.725E6,-27.63E-18,-33.42E-18,-35.75E-18,-38.79E-18
8.726E6,-27.63E-18,-33.42E-18,-35.75E-18,-38.79E-18
8.727E6,-27.63E-18,-33.42E-18,-35.75E-18,-38.79E-18
8.728E6,-27.63E-18,-33.42E-18,-35.75E-18,-38.79E-18
8.729E6,-27.63E-18,-33.42E-18,-35.75E-18,-38.79E-18
8.730E6,-27.63E-18,-33.42E-18,-35.75E-18,-38.79E-18
8.731E6,-27.63E-18,-33.42E-18,-35.75E-18,-38.79E-18
8.732E6,-27.63E-18,-33.42E-18,-35.75E-18,-38.79E-18
8.733E6,-27.63E-18,-33.42E-18,-35.75E-18,-38.79E-18
8.734E6,-27.63E-18,-33.42E-18,-35.75E-18,-38.79E-18
8.735E6,-27.63E-18,-33.42E-18,-35.75E-18,-38.79E-18
8.736E6,-27.63E-18,-33.42E-18,-35.75E-18,-38.79E-18
8.737E6,-27.63E-18,-33.42E-18,-35.75E-18,-38.79E-18
8.738E6,-27.63E-18,-33.42E-18,-35.75E-18,-38.79E-18
8.739E6,-27.63E-18,-33.42E-18,-35.75E-18,-38.79E-18
8.740E6,-27.63E-18,-33.42E-18,-35.75E-18,-38.79E-18
8.741E6,-27.63E-18,-33.42E-18,-35.75E-18,-38.79E-18
8.742E6,-27.63E-18,-33.42E-18,-35.75E-18,-38.79E-18
8.743E6,-27.63E-18,-33.42E-18,-35.75E-18,-38.79E-18
8.744E6,-27.63E-18,-33.42E-18,-35.75E-18,-38.79E-18
8.745E6,-27.63E-18,-33.42E-18,-35.75E-18,-38.79E-18
8.746E6,-27.63E-18,-33.42E-18,-35.75E-18,-38.79E-18
8.747E6,-27.63E-18,-33.42E-18,-35.75E-18,-38.79E-18
8.748E6,-27.63E-18,-33.42E-18,-35.75E-18,-38.79E-18
8.749E6,-27.63E-18,-33.42E-18,-35.75E-18,-38.79E-18
8.750E6,-27.63E-18,-33.42E-18,-35.75E-18,-38.79E-18
8.751E6,-27.63E-18,-33.42E-18,-35.75E-18,-38.79E-18
8.752E6,-27.63E-18,-33.42E-18,-35.75E-18,-38.79E-18
8.753E6,-27.63E-18,-33.42E-18,-35.75E-18,-38.79E-18
8.754E6,-27.63E-18,-33.42E-18,-35.75E-18,-38.79E-18
8.755E6,-27.63E-18,-33.42E-18,-35.75E-18,-38.79E-18
8.756E6,-27.63E-18,-33.42E-18,-35.75E-18,-38.79E-18
8.757E6,-27.63E-18,-33.42E-18,-35.75E-18,-38.79E-18
8.758E6,-27.63E-18,-33.42E-18,-35.75E-18,-38.79E-18
8.759E6,-27.63E-18,-33.42E-18,-35.75E-18,-38.79E-18
8.760E6,-27.63E-18,-33.42E-18,-35.75E-18,-38.79E-18
8.761E6,-27.63E-18,-33.42E-18,-35.75E-18,-38.79E-18
8.762E6,-27.63E-18,-33.42E-18,-35.75E-18,-38.79E-18
8.763E6,-27.63E-18,-33.42E-18,-35.75E-18,-38.79E-18
8.764E6,-27.63E-18,-33.42E-18,-35.75E-18,-38.79E-18
8.765E6,-27.63E-18,-33.42E-18,-35.75E-18,-38.79E-18
8.766E6,-27.63E-18,-33.42E-18,-35.75E-18,-38.79E-18
8.767E6,-27.63E-18,-33.42E-18,-35.75E-18,-38.79E-18
8.768E6,-27.63E-18,-33.42E-18,-35.75E-18,-38.79E-18
8.769E6,-27.63E-18,-33.42E-18,-35.75E-18,-38.79E-18
8.770E6,-27.63E-18,-33.42E-18,-35.75E-18,-38.79E-18
8.771E6,-27.63E-18,-33.42E-18,-35.75E-18,-38.79E-18
8.772E6,-27.63E-18,-33.42E-18,-35.75E-18,-38.79E-18
8.773E6,-27.63E-18,-33.42E-18,-35.75E-18,-38.79E-18
8.774E6,-27.63E-18,-33.42E-18,-35.75E-18,-38.79E-18
8.775E6,-27.63E-18,-33.42E-18,-35.75E-18,-38.79E-18
8.776E6,-27.63E-18,-33.42E-18,-35.75E-18,-38.79E-18
8.777E6,-27.63E-18,-33.42E-18,-35.75E-18,-38.79E-18
8.778E6,-27.63E-18,-33.42E-18,-35.75E-18,-38.79E-18
8.779E6,-27.63E-18,-33.42E-18,-35.75E-18,-38.79E-18
8.780E6,-27.63E-18,-33.42E-18,-35.75E-18,-38.79E-18
8.781E6,-27.63E-18,-33.42E-18,-35.75E-18,-38.79E-18
8.782E6,-27.63E-18,-33.42E-18,-35.75E-18,-38.79E-18
8.783E6,-27.63E-18,-33.42E-18,-35.75E-18,-38.79E-18
8.784E6,-27.63E-18,-33.42E-18,-35.75E-18,-38.79E-18
8.785E6,-27.63E-18,-33.42E-18,-35.75E-18,-38.79E-18
8.786E6,-27.63E-18,-33.42E-18,-35.75E-18,-38.79E-18
8.787E6,-27.63E-18,-33.42E-18,-35.75E-18,-38.79E-18
8.788E6,-27.63E-18,-33.42E-18,-35.75E-18,-38.79E-18
8.789E6,-27.63E-18,-33.42E-18,-35.75E-18,-38.79E-18
8.790E6,-27.63E-18,-33.42E-18,-35.75E-18,-38.79E-18
8.791E6,-27.63E-18,-33.42E-18,-35.75E-18,-38.79E-18
8.792E6,-27.63E-18,-33.42E-18,-35.75E-18,-38.79E-18
8.793E6,-27.63E-18,-33.42E-18,-35.75E-18,-38.79E-18
8.794E6,-27.63E-18,-33.42E-18,-35.75E-18,-38.79E-18
8.795E6,-27.63E-18,-33.42E-18,-35.75E-18,-38.79E-18
8.796E6,-27.63E-18,-33.42E-18,-35.75E-18,-38.79E-18
8.797E6,-27.63E-18,-33.42E-18,-35.75E-18,-38.79E-18
8.798E6,-27.63E-18,-33.42E-18,-35.75E-18,-38.79E-18
8.799E6,-27.63E-18,-33.42E-18,-35.75E-18,-38.79E-18
8.800E6,-27.63E-18,-33.42E-18,-35.75E-18,-38.79E-18
8.801E6,-27.63E-18,-33.42E-18,-35.75E-18,-38.79E-18
8.802E6,-27.63E-18,-33.42E-18,-35.75E-18,-38.79E-18
8.803E6,-27.63E-18,-33.42E-18,-35.75E-18,-38.79E-18
8.804E6,-27.63E-18,-33.42E-18,-35.75E-18,-38.79E-18
8.805E6,-27.63E-18,-33.42E-18,-35.75E-18,-38.79E-18
8.806E6,-27.63E-18,-33.42E-18,-35.75E-18,-38.79E-18
8.807E6,-27.63E-18,-33.42E-18,-35.75E-18,-38.79E-18
8.808E6,-27.63E-18,-33.42E-18,-35.75E-18,-38.79E-18
8.809E6,-27.63E-18,-33.42E-18,-35.75E-18,-38.79E-18
8.810E6,-27.63E-18,-33.42E-18,-35.75E-18,-38.79E-18
8.811E6,-27.63E-18,-33.42E-18,-35.75E-18,-38.79E-18
8.812E6,-27.63E-18,-33.42E-18,-35.75E-18,-38.79E-18
8.813E6,-27.63E-18,-33.42E-18,-35.75E-18,-38.79E-18
8.814E6,-27.63E-18,-33.42E-18,-35.75E-18,-38.79E-18
8.815E6,-27.63E-18,-33.42E-18,-35.75E-18,-38.79E-18
8.816E6,-27.63E-18,-33.42E-18,-35.75E-18,-38.79E-18
8.817E6,-27.63E-18,-33.42E-18,-35.75E-18,-38.79E-18
8.818E6,-27.63E-18,-33.42E-18,-35.75E-18,-38.79E-18
8.819E6,-27.63E-18,-33.42E-18,-35.75E-18,-38.79E-18
8.820E6,-27.63E-18,-33.42E-18,-35.75E-18,-38.79E-18
8.821E6,-27.63E-18,-33.42E-18,-35.75E-18,-38.79E-18
8.822E6,-27.63E-18,-33.42E-18,-35.75E-18,-38.79E-18
8.823E6,-27.63E-18,-33.42E-18,-35.75E-18,-38.79E-18
8.824E6,-27.63E-18,-33.42E-18,-35.75E-18,-38.79E-18
8.825E6,-27.63E-18,-33.42E-18,-35.75E-18,-38.79E-18
8.826E6,-27.63E-18,-33.42E-18,-35.75E-18,-38.79E-18
8.827E6,-27.63E-18,-33.42E-18,-35.75E-18,-38.79E-18
8.828E6,-27.63E-18,-33.42E-18,-35.75E-18,-38.79E-18
8.829E6,-27.63E-18,-33.42E-18,-35.75E-18,-38.79E-18
8.830E6,-27.63E-18,-33.42E-18,-35.75E-18,-38.79E-18
8.831E6,-27.63E-18,-33.42E-18,-35.75E-18,-38.79E-18
8.832E6,-27.63E-18,-33.42E-18,-35.75E-18,-38.79E-18
8.833E6,-27.63E-18,-33.42E-18,-35.75E-18,-38.79E-18
8.834E6,-27.63E-18,-33.42E-18,-35.75E-18,-38.79E-18
8.835E6,-27.63E-18,-33.42E-18,-35.75E-18,-38.79E-18
8.836E6,-27.63E-18,-33.42E-18,-35.75E-18,-38.79E-18
8.837E6,-27.63E-18,-33.42E-18,-35.75E-18,-38.79E-18
8.838E6,-27.63E-18,-33.42E-18,-35.75E-18,-38.79E-18
8.839E6,-27.63E-18,-33.42E-18,-35.75E-18,-38.79E-18
8.840E6,-27.63E-18,-33.42E-18,-35.75E-18,-38.79E-18
8.841E6,-27.63E-18,-33.42E-18,-35.75E-18,-38.79E-18
8.842E6,-27.63E-18,-33.42E-18,-35.75E-18,-38.79E-18
8.843E6,-27.63E-18,-33.42E-18,-35.75E-18,-38.79E-18
8.844E6,-27.63E-18,-33.42E-18,-35.75E-18,-38.79E-18
8.845E6,-27.63E-18,-33.42E-18,-35.75E-18,-38.79E-18
8.846E6,-27.63E-18,-33.42E-18,-35.75E-18,-38.79E-18
8.847E6,-27.63E-18,-33.42E-18,-35.75E-18,-38.79E-18
8.848E6,-27.63E-18,-33.42E-18,-35.75E-18,-38.79E-18
8.849E6,-27.63E-18,-33.42E-18,-35.75E-18,-38.79E-18
8.850E6,-27.63E-18,-33.42E-18,-35.75E-18,-38.79E-18
8.851E6,-27.63E-18,-33.42E-18,-35.75E-18,-38.79E-18
8.852E6,-27.63E-18,-33.42E-18,-35.75E-18,-38.79E-18
8.853E6,-27.63E-18,-33.42E-18,-35.75E-18,-38.79E-18
8.854E6,-27.63E-18,-33.42E-18,-35.75E-18,-38.79E-18
8.855E6,-27.63E-18,-33.42E-18,-35.75E-18,-38.79E-18
8.856E6,-27.63E-18,-33.42E-18,-35.75E-18,-38.79E-18
8.857E6,-27.63E-18,-33.42E-18,-35.75E-18,-38.79E-18
8.858E6,-27.63E-18,-33.42E-18,-35.75E-18,-38.79E-18
8.859E6,-27.63E-18,-33.42E-18,-35.75E-18,-38.79E-18
8.860E6,-27.63E-18,-33.42E-18,-35.75E-18,-38.79E-18
8.861E6,-27.63E-18,-33.42E-18,-35.75E-18,-38.79E-18
8.862E6,-27.63E-18,-33.42E-18,-35.75E-18,-38.79E-18
8.863E6,-27.63E-18,-33.42E-18,-35.75E-18,-38.79E-18
8.864E6,-27.63E-18,-33.42E-18,-35.75E-18,-38.79E-18
8.865E6,-27.63E-18,-33.42E-18,-35.75E-18,-38.79E-18
8.866E6,-27.63E-18,-33.42E-18,-35.75E-18,-38.79E-18
8.867E6,-27.63E-18,-33.42E-18,-35.75E-18,-38.79E-18
8.868E6,-27.63E-18,-33.42E-18,-35.75E-18,-38.79E-18
8.869E6,-27.63E-18,-33.42E-18,-35.75E-18,-38.79E-18
8.870E6,-27.63E-18,-33.42E-18,-35.75E-18,-38.79E-18
8.871E6,-27.63E-18,-33.42E-18,-35.75E-18,-38.79E-18
8.872E6,-27.63E-18,-33.42E-18,-35.75E-18,-38.79E-18
8.873E6,-27.63E-18,-33.42E-18,-35.75E-18,-38.79E-18
8.874E6,-27.63E-18,-33.42E-18,-35.75E-18,-38.79E-18
8.875E6,-27.63E-18,-33.42E-18,-35.75E-18,-38.79E-18
8.876E6,-27.63E-18,-33.42E-18,-35.75E-18,-38.79E-18
8.877E6,-27.63E-18,-33.42E-18,-35.75E-18,-38.79E-18
8.878E6,-27.63E-18,-33.42E-18,-35.75E-18,-38.79E-18
8.879E6,-27.63E-18,-33.42E-18,-35.75E-18,-38.79E-18
8.880E6,-27.63E-18,-33.42E-18,-35.75E-18,-38.79E-18
8.881E6,-27.63E-18,-33.42E-18,-35.75E-18,-38.79E-18
8.882E6,-27.63E-18,-33.42E-18,-35.75E-18,-38.79E-18
8.883E6,-27.63E-18,-33.42E-18,-35.75E-18,-38.79E-18
8.884E6,-27.63E-18,-33.42E-18,-35.75E-18,-38.79E-18
8.885E6,-27.63E-18,-33.42E-18,-35.75E-18,-38.79E-18
8.886E6,-27.63E-18,-33.42E-18,-35.75E-18,-38.79E-18
8.887E6,-27.63E-18,-33.42E-18,-35.75E-18,-38.79E-18
8.888E6,-27.63E-18,-33.42E-18,-35.75E-18,-38.79E-18
8.889E6,-27.63E-18,-33.42E-18,-35.75E-18,-38.79E-18
8.890E6,-27.63E-18,-33.42E-18,-35.75E-18,-38.79E-18
8.891E6,-27.63E-18,-33.42E-18,-35.75E-18,-38.79E-18
8.892E6,-27.63E-18,-33.42E-18,-35.75E-18,-38.79E-18
8.893E6,-27.63E-18,-33.42E-18,-35.75E-18,-38.79E-18
8.894E6,-27.63E-18,-33.42E-18,-35.75E-18,-38.79E-18
8.895E6,-27.63E-18,-33.42E-18,-35.75E-18,-38.79E-18
8.896E6,-27.63E-18,-33.42E-18,-35.75E-18,-38.79E-18
8.897E6,-27.63E-18,-33.42E-18,-35.75E-18,-38.79E-18
8.898E6,-27.63E-18,-33.42E-18,-35.75E-18,-38.79E-18
8.899E6,-27.63E-18,-33.42E-18,-35.75E-18,-38.79E-18
8.900E6,-27.63E-18,-33.42E-18,-35.75E-18,-38.79E-18
8.901E6,-27.63E-18,-33.42E-18,-35.75E-18,-38.79E-18
8.902E6,-27.63E-18,-33.42E-18,-35.75E-18,-38.79E-18
8.903E6,-27.63E-18,-33.42E-18,-35.75E-18,-38.79E-18
8.904E6,-27.63E-18,-33.42E-18,-35.75E-18,-38.79E-18
8.905E6,-27.63E-18,-33.42E-18,-35.75E-18,-38.79E-18
8.906E6,-27.63E-18,-33.42E-18,-35.75E-18,-38.79E-18
8.907E6,-27.63E-18,-33.42E-18,-35.75E-18,-38.79E-18
8.908E6,-27.63E-18,-33.42E-18,-35.75E-18,-38.79E-18
8.909E6,-27.63E-18,-33.42E-18,-35.75E-18,-38.79E-18
8.910E6,-27.63E-18,-33.42E-18,-35.75E-18,-38.79E-18
8.911E6,-27.63E-18,-33.42E-18,-35.75E-18,-38.79E-18
8.912E6,-27.63E-18,-33.42E-18,-35.75E-18,-38.79E-18
8.913E6,-27.63E-18,-33.42E-18,-35.75E-18,-38.79E-18
8.914E6,-27.63E-18,-33.42E-18,-35.75E-18,-38.79E-18
8.915E6,-27.63E-18,-33.42E-18,-35.75E-18,-38.79E-18
8.916E6,-27.63E-18,-33.42E-18,-35.75E-18,-38.79E-18
8.917E6,-27.63E-18,-33.42E-18,-35.75E-18,-38.79E-18
8.918E6,-27.63E-18,-33.42E-18,-35.75E-18,-38.79E-18
8.919E6,-27.63E-18,-33.42E-18,-35.75E-18,-38.79E-18
8.920E6,-27.63E-18,-33.42E-18,-35.75E-18,-38.79E-18
8.921E6,-27.63E-18,-33.42E-18,-35.75E-18,-38.79E-18
8.922E6,-27.63E-18,-33.42E-18,-35.75E-18,-38.79E-18
8.923E6,-27.63E-18,-33.42E-18,-35.75E-18,-38.79E-18
8.924E6,-27.63E-18,-33.42E-18,-35.75E-18,-38.79E-18
8.925E6,-27.63E-18,-33.42E-18,-35.75E-18,-38.79E-18
8.926E6,-27.63E-18,-33.42E-18,-35.75E-18,-38.79E-18
8.927E6,-27.63E-18,-33.42E-18,-35.75E-18,-38.79E-18
8.928E6,-27.63E-18,-33.42E-18,-35.75E-18,-38.79E-18
8.929E6,-27.63E-18,-33.42E-18,-35.75E-18,-38.79E-18
8.930E6,-27.63E-18,-33.42E-18,-35.75E-18,-38.79E-18
8.931E6,-27.63E-18,-33.42E-18,-35.75E-18,-38.79E-18
8.932E6,-27.63E-18,-33.42E-18,-35.75E-18,-38.79E-18
8.933E6,-27.63E-18,-33.42E-18,-35.75E-18,-38.79E-18
8.934E6,-27.63E-18,-33.42E-18,-35.75E-18,-38.79E-18
8.935E6,-27.63E-18,-33.42E-18,-35.75E-18,-38.79E-18
8.936E6,-27.63E-18,-33.42E-18,-35.75E-18,-38.79E-18
8.937E6,-27.63E-18,-33.42E-18,-35.75E-18,-38.79E-18
8.938E6,-27.63E-18,-33.42E-18,-35.75E-18,-38.79E-18
8.939E6,-27.63E-18,-33.42E-18,-35.75E-18,-38.79E-18
8.940E6,-27.63E-18,-33.42E-18,-35.75E-18,-38.79E-18
8.941E6,-27.63E-18,-33.42E-18,-35.75E-18,-38.79E-18
8.942E6,-27.63E-18,-33.42E-18,-35.75E-18,-38.79E-18
8.943E6,-27.63E-18,-33.42E-18,-35.75E-18,-38.79E-18
8.944E6,-27.63E-18,-33.42E-18,-35.75E-18,-38.79E-18
8.945E6,-27.63E-18,-33.42E-18,-35.75E-18,-38.79E-18
8.946E6,-27.63E-18,-33.42E-18,-35.75E-18,-38.79E-18
8.947E6,-27.63E-18,-33.42E-18,-35.75E-18,-38.79E-18
8.948E6,-27.63E-18,-33.42E-18,-35.75E-18,-38.79E-18
8.949E6,-27.63E-18,-33.42E-18,-35.75E-18,-38.79E-18
8.950E6,-27.63E-18,-33.42E-18,-35.75E-18,-38.79E-18
8.951E6,-27.63E-18,-33.42E-18,-35.75E-18,-38.79E-18
8.952E6,-27.63E-18,-33.42E-18,-35.75E-18,-38.79E-18
8.953E6,-27.63E-18,-33.42E-18,-35.75E-18,-38.79E-18
8.954E6,-27.63E-18,-33.42E-18,-35.75E-18,-38.79E-18
8.955E6,-27.63E-18,-33.42E-18,-35.75E-18,-38.79E-18
8.956E6,-27.63E-18,-33.42E-18,-35.75E-18,-38.79E-18
8.957E6,-27.63E-18,-33.42E-18,-35.75E-18,-38.79E-18
8.958E6,-27.63E-18,-33.42E-18,-35.75E-18,-38.79E-18
8.959E6,-27.63E-18,-33.42E-18,-35.75E-18,-38.79E-18
8.960E6,-27.63E-18,-33.42E-18,-35.75E-18,-38.79E-18
8.961E6,-27.63E-18,-33.42E-18,-35.75E-18,-38.79E-18
8.962E6,-27.63E-18,-33.42E-18,-35.75E-18,-38.79E-18
8.963E6,-27.63E-18,-33.42E-18,-35.75E-18,-38.79E-18
8.964E6,-27.63E-18,-33.42E-18,-35.75E-18,-38.79E-18
8.965E6,-27.63E-18,-33.42E-18,-35.75E-18,-38.79E-18
8.966E6,-27.63E-18,-33.42E-18,-35.75E-18,-38.79E-18
8.967E6,-27.63E-18,-33.42E-18,-35.75E-18,-38.79E-18
8.968E6,-27.63E-18,-33.42E-18,-35.75E-18,-38.79E-18
8.969E6,-27.63E-18,-33.42E-18,-35.75E-18,-38.79E-18
8.970E6,-27.63E-18,-33.42E-18,-35.75E-18,-38.79E-18
8.971E6,-27.63E-18,-33.42E-18,-35.75E-18,-38.79E-18
8.972E6,-27.63E-18,-33.42E-18,-35.75E-18,-38.79E-18
8.973E6,-27.63E-18,-33.42E-18,-35.75E-18,-38.79E-18
8.974E6,-27.63E-18,-33.42E-18,-35.75E-18,-38.79E-18
8.975E6,-27.63E-18,-33.42E-18,-35.75E-18,-38.79E-18
8.976E6,-27.63E-18,-33.42E-18,-35.75E-18,-38.79E-18
8.977E6,-27.63E-18,-33.42E-18,-35.75E-18,-38.79E-18
8.978E6,-27.63E-18,-33.42E-18,-35.75E-18,-38.79E-18
8.979E6,-27.63E-18,-33.42E-18,-35.75E-18,-38.79E-18
8.980E6,-27.63E-18,-33.42E-18,-35.75E-18,-38.79E-18
8.981E6,-27.63E-18,-33.42E-18,-35.75E-18,-38.79E-18
8.982E6,-27.63E-18,-33.42E-18,-35.75E-18,-38.79E-18
8.983E6,-27.63E-18,-33.42E-18,-35.75E-18,-38.79E-18
8.984E6,-27.63E-18,-33.42E-18,-35.75E-18,-38.79E-18
8.985E6,-27.63E-18,-33.42E-18,-35.75E-18,-38.79E-18
8.986E6,-27.63E-18,-33.42E-18,-35.75E-18,-38.79E-18
8.987E6,-27.63E-18,-33.42E-18,-35.75E-18,-38.79E-18
8.988E6,-27.63E-18,-33.42E-18,-35.75E-18,-38.79E-18
8.989E6,-27.63E-18,-33.42E-18,-35.75E-18,-38.79E-18
8.990E6,-27.63E-18,-33.42E-18,-35.75E-18,-38.79E-18
8.991E6,-27.63E-18,-33.42E-18,-35.75E-18,-38.79E-18
8.992E6,-27.63E-18,-33.42E-18,-35.75E-18,-38.79E-18
8.993E6,-27.63E-18,-33.42E-18,-35.75E-18,-38.79E-18
8.994E6,-27.63E-18,-33.42E-18,-35.75E-18,-38.79E-18
8.995E6,-27.63E-18,-33.42E-18,-35.75E-18,-38.79E-18
8.996E6,-27.63E-18,-33.42E-18,-35.75E-18,-38.79E-18
8.997E6,-27.63E-18,-33.42E-18,-35.75E-18,-38.79E-18
8.998E6,-27.63E-18,-33.42E-18,-35.75E-18,-38.79E-18
8.999E6,-27.63E-18,-33.42E-18,-35.75E-18,-38.79E-18
9.000E6,-27.63E-18,-33.42E-18,-35.75E-18,-38.79E-18
9.001E6,-27.63E-18,-33.42E-18,-35.75E-18,-38.79E-18
9.002E6,-27.63E-18,-33.42E-18,-35.75E-18,-38.79E-18
9.003E6,-27.63E-18,-33.42E-18,-35.75E-18,-38.79E-18
9.004E6,-27.63E-18,-33.42E-18,-35.75E-18,-38.79E-18
9.005E6,-27.63E-18,-33.42E-18,-35.75E-18,-38.79E-18
9.006E6,-27.63E-18,-33.42E-18,-35.75E-18,-38.79E-18
9.007E6,-27.63E-18,-33.42E-18,-35.75E-18,-38.79E-18
9.008E6,-27.63E-18,-33.42E-18,-35.75E-18,-38.79E-18
9.009E6,-27.63E-18,-33.42E-18,-35.75E-18,-38.79E-18
9.010E6,-27.63E-18,-33.42E-18,-35.75E-18,-38.79E-18
9.011E6,-27.63E-18,-33.42E-18,-35.75E-18,-38.79E-18
9.012E6,-27.63E-18,-33.42E-18,-35.75E-18,-38.79E-18
9.013E6,-27.63E-18,-33.42E-18,-35.75E-18,-38.79E-18
9.014E6,-27.63E-18,-33.42E-18,-35.75E-18,-38.79E-18
9.015E6,-27.63E-18,-33.42E-18,-35.75E-18,-38.79E-18
9.016E6,-27.63E-18,-33.42E-18,-35.75E-18,-38.79E-18
9.017E6,-27.63E-18,-33.42E-18,-35.75E-18,-38.79E-18
9.018E6,-27.63E-18,-33.42E-18,-35.75E-18,-38.79E-18
9.019E6,-27.63E-18,-33.42E-18,-35.75E-18,-38.79E-18
9.020E6,-27.63E-18,-33.42E-18,-35.75E-18,-38.79E-18
9.021E6,-27.63E-18,-33.42E-18,-35.75E-18,-38.79E-18
9.022E6,-27.63E-18,-33.42E-18,-35.75E-18,-38.79E-18
9.023E6,-27.63E-18,-33.42E-18,-35.75E-18,-38.79E-18
9.024E6,-27.63E-18,-33.42E-18,-35.75E-18,-38.79E-18
9.025E6,-27.63E-18,-33.42E-18,-35.75E-18,-38.79E-18
9.026E6,-27.63E-18,-33.42E-18,-35.75E-18,-38.79E-18
9.027E6,-27.63E-18,-33.42E-18,-35.75E-18,-38.79E-18
9.028E6,-27.63E-18,-33.42E-18,-35.75E-18,-38.79E-18
9.029E6,-27.63E-18,-33.42E-18,-35.75E-18,-38.79E-18
9.030E6,-27.63E-18,-33.42E-18,-35.75E-18,-38.79E-18
9.031E6,-27.63E-18,-33.42E-18,-35.75E-18,-38.79E-18
9.032E6,-27.63E-18,-33.42E-18,-35.75E-18,-38.79E-18
9.033E6,-27.63E-18,-33.42E-18,-35.75E-18,-38.79E-18
9.034E6,-27.63E-18,-33.42E-18,-35.75E-18,-38.79E-18
9.035E6,-27.63E-18,-33.42E-18,-35.75E-18,-38.79E-18
9.036E6,-27.63E-18,-33.42E-18,-35.75E-18,-38.79E-18
9.037E6,-27.63E-18,-33.42E-18,-35.75E-18,-38.79E-18
9.038E6,-27.63E-18,-33.42E-18,-35.75E-18,-38.79E-18
9.039E6,-27.63E-18,-33.42E-18,-35.75E-18,-38.79E-18
9.040E6,-27.63E-18,-33.42E-18,-35.75E-18,-38.79E-18
9.041E6,-27.63E-18,-33.42E-18,-35.75E-18,-38.79E-18
9.042E6,-27.63E-18,-33.42E-18,-35.75E-18,-38.79E-18
9.043E6,-27.63E-18,-33.42E-18,-35.75E-18,-38.79E-18
9.044E6,-27.63E-18,-33.42E-18,-35.75E-18,-38.79E-18
9.045E6,-27.63E-18,-33.42E-18,-35.75E-18,-38.79E-18
9.046E6,-27.63E-18,-33.42E-18,-35.75E-18,-38.79E-18
9.047E6,-27.63E-18,-33.42E-18,-35.75E-18,-38.79E-18
9.048E6,-27.63E-18,-33.42E-18,-35.75E-18,-38.79E-18
9.049E6,-27.63E-18,-33.42E-18,-35.75E-18,-38.79E-18
9.050E6,-27.63E-18,-33.42E-18,-35.75E-18,-38.79E-18
9.051E6,-27.63E-18,-33.42E-18,-35.75E-18,-38.79E-18
9.052E6,-27.63E-18,-33.42E-18,-35.75E-18,-38.79E-18
9.053E6,-27.63E-18,-33.42E-18,-35.75E-18,-38.79E-18
9.054E6,-27.63E-18,-33.42E-18,-35.75E-18,-38.79E-18
9.055E6,-27.63E-18,-33.42E-18,-35.75E-18,-38.79E-18
9.056E6,-27.63E-18,-33.42E-18,-35.75E-18,-38.79E-18
9.057E6,-27.63E-18,-33.42E-18,-35.75E-18,-38.79E-18
9.058E6,-27.63E-18,-33.42E-18,-35.75E-18,-38.79E-18
9.059E6,-27.63E-18,-33.42E-18,-35.75E-18,-38.79E-18
9.060E6,-27.63E-18,-33.42E-18,-35.75E-18,-38.79E-18
9.061E6,-27.63E-18,-33.42E-18,-35.75E-18,-38.79E-18
9.062E6,-27.63E-18,-33.42E-18,-35.75E-18,-38.79E-18
9.063E6,-27.63E-18,-33.42E-18,-35.75E-18,-38.79E-18
9.064E6,-27.63E-18,-33.42E-18,-35.75E-18,-38.79E-18
9.065E6,-27.63E-18,-33.42E-18,-35.75E-18,-38.79E-18
9.066E6,-27.63E-18,-33.42E-18,-35.75E-18,-38.79E-18
9.067E6,-27.63E-18,-33.42E-18,-35.75E-18,-38.79E-18
9.068E6,-27.63E-18,-33.42E-18,-35.75E-18,-38.79E-18
9.069E6,-27.63E-18,-33.42E-18,-35.75E-18,-38.79E-18
9.070E6,-27.63E-18,-33.42E-18,-35.75E-18,-38.79E-18
9.071E6,-27.63E-18,-33.42E-18,-35.75E-18,-38.79E-18
9.072E6,-27.63E-18,-33.42E-18,-35.75E-18,-38.79E-18
9.073E6,-27.63E-18,-33.42E-18,-35.75E-18,-38.79E-18
9.074E6,-27.63E-18,-33.42E-18,-35.75E-18,-38.79E-18
9.075E6,-27.63E-18,-33.42E-18,-35.75E-18,-38.79E-18
9.076E6,-27.63E-18,-33.42E-18,-35.75E-18,-38.79E-18
9.077E6,-27.63E-18,-33.42E-18,-35.75E-18,-38.79E-18
9.078E6,-27.63E-18,-33.42E-18,-35.75E-18,-38.79E-18
9.079E6,-27.63E-18,-33.42E-18,-35.75E-18,-38.79E-18
9.080E6,-27.63E-18,-33.42E-18,-35.75E-18,-38.79E-18
9.081E6,-27.63E-18,-33.42E-18,-35.75E-18,-38.79E-18
9.082E6,-27.63E-18,-33.42E-18,-35.75E-18,-38.79E-18
9.083E6,-27.63E-18,-33.42E-18,-35.75E-18,-38.79E-18
9.084E6,-27.63E-18,-33.42E-18,-35.75E-18,-38.79E-18
9.085E6,-27.63E-18,-33.42E-18,-35.75E-18,-38.79E-18
9.086E6,-27.63E-18,-33.42E-18,-35.75E-18,-38.79E-18
9.087E6,-27.63E-18,-33.42E-18,-35.75E-18,-38.79E-18
9.088E6,-27.63E-18,-33.42E-18,-35.75E-18,-38.79E-18
9.089E6,-27.63E-18,-33.42E-18,-35.75E-18,-38.79E-18
9.090E6,-27.63E-18,-33.42E-18,-35.75E-18,-38.79E-18
9.091E6,-27.63E-18,-33.42E-18,-35.75E-18,-38.79E-18
9.092E6,-27.63E-18,-33.42E-18,-35.75E-18,-38.79E-18
9.093E6,-27.63E-18,-33.42E-18,-35.75E-18,-38.79E-18
9.094E6,-27.63E-18,-33.42E-18,-35.75E-18,-38.79E-18
9.095E6,-27.63E-18,-33.42E-18,-35.75E-18,-38.79E-18
9.096E6,-27.63E-18,-33.42E-18,-35.75E-18,-38.79E-18
9.097E6,-27.63E-18,-33.42E-18,-35.75E-18,-38.79E-18
9.098E6,-27.63E-18,-33.42E-18,-35.75E-18,-38.79E-18
9.099E6,-27.63E-18,-33.42E-18,-35.75E-18,-38.79E-18
9.100E6,-27.63E-18,-33.42E-18,-35.75E-18,-38.79E-18
9.101E6,-27.63E-18,-33.42E-18,-35.75E-18,-38.79E-18
9.102E6,-27.63E-18,-33.42E-18,-35.75E-18,-38.79E-18
9.103E6,-27.63E-18,-33.42E-18,-35.75E-18,-38.79E-18
9.104E6,-27.63E-18,-33.42E-18,-35.75E-18,-38.79E-18
9.105E6,-27.63E-18,-33.42E-18,-35.75E-18,-38.79E-18
9.106E6,-27.63E-18,-33.42E-18,-35.75E-18,-38.79E-18
9.107E6,-27.63E-18,-33.42E-18,-35.75E-18,-38.79E-18
9.108E6,-27.63E-18,-33.42E-18,-35.75E-18,-38.79E-18
9.109E6,-27.63E-18,-33.42E-18,-35.75E-18,-38.79E-18
9.110E6,-27.63E-18,-33.42E-18,-35.75E-18,-38.79E-18
9.111E6,-27.63E-18,-33.42E-18,-35.75E-18,-38.79E-18
9.112E6,-27.63E-18,-33.42E-18,-35.75E-18,-38.79E-18
9.113E6,-27.63E-18,-33.42E-18,-35.75E-18,-38.79E-18
9.114E6,-27.63E-18,-33.42E-18,-35.75E-18,-38.79E-18
9.115E6,-27.63E-18,-33.42E-18,-35.75E-18,-38.79E-18
9.116E6,-27.63E-18,-33.42E-18,-35.75E-18,-38.79E-18
9.117E6,-27.63E-18,-33.42E-18,-35.75E-18,-38.79E-18
9.118E6,-27.63E-18,-33.42E-18,-35.75E-18,-38.79E-18
9.119E6,-27.63E-18,-33.42E-18,-35.75E-18,-38.79E-18
9.120E6,-27.63E-18,-33.42E-18,-35.75E-18,-38.79E-18
9.121E6,-27.63E-18,-33.42E-18,-35.75E-18,-38.79E-18
9.122E6,-27.63E-18,-33.42E-18,-35.75E-18,-38.79E-18
9.123E6,-27.63E-18,-33.42E-18,-35.75E-18,-38.79E-18
9.124E6,-27.63E-18,-33.42E-18,-35.75E-18,-38.79E-18
9.125E6,-27.63E-18,-33.42E-18,-35.75E-18,-38.79E-18
9.126E6,-27.63E-18,-33.42E-18,-35.75E-18,-38.79E-18
9.127E6,-27.63E-18,-33.42E-18,-35.75E-18,-38.79E-18
9.128E6,-27.63E-18,-33.42E-18,-35.75E-18,-38.79E-18
9.129E6,-27.63E-18,-33.42E-18,-35.75E-18,-38.79E-18
9.130E6,-27.63E-18,-33.42E-18,-35.75E-18,-38.79E-18
9.131E6,-27.63E-18,-33.42E-18,-35.75E-18,-38.79E-18
9.132E6,-27.63E-18,-33.42E-18,-35.75E-18,-38.79E-18
9.133E6,-27.63E-18,-33.42E-18,-35.75E-18,-38.79E-18
9.134E6,-27.63E-18,-33.42E-18,-35.75E-18,-38.79E-18
9.135E6,-27.63E-18,-33.42E-18,-35.75E-18,-38.79E-18
9.136E6,-27.63E-18,-33.42E-18,-35.75E-18,-38.79E-18
9.137E6,-27.63E-18,-33.42E-18,-35.75E-18,-38.79E-18
9.138E6,-27.63E-18,-33.42E-18,-35.75E-18,-38.79E-18
9.139E6,-27.63E-18,-33.42E-18,-35.75E-18,-38.79E-18
9.140E6,-27.63E-18,-33.42E-18,-35.75E-18,-38.79E-18
9.141E6,-27.63E-18,-33.42E-18,-35.75E-18,-38.79E-18
9.142E6,-27.63E-18,-33.42E-18,-35.75E-18,-38.79E-18
9.143E6,-27.63E-18,-33.42E-18,-35.75E-18,-38.79E-18
9.144E6,-27.63E-18,-33.42E-18,-35.75E-18,-38.79E-18
9.145E6,-27.63E-18,-33.42E-18,-35.75E-18,-38.79E-18
9.146E6,-27.63E-18,-33.42E-18,-35.75E-18,-38.79E-18
9.147E6,-27.63E-18,-33.42E-18,-35.75E-18,-38.79E-18
9.148E6,-27.63E-18,-33.42E-18,-35.75E-18,-38.79E-18
9.149E6,-27.63E-18,-33.42E-18,-35.75E-18,-38.79E-18
9.150E6,-27.63E-18,-33.42E-18,-35.75E-18,-38.79E-18
9.151E6,-27.63E-18,-33.42E-18,-35.75E-18,-38.79E-18
9.152E6,-27.63E-18,-33.42E-18,-35.75E-18,-38.79E-18
9.153E6,-27.63E-18,-33.42E-18,-35.75E-18,-38.79E-18
9.154E6,-27.63E-18,-33.42E-18,-35.75E-18,-38.79E-18
9.155E6,-27.63E-18,-33.42E-18,-35.75E-18,-38.79E-18
9.156E6,-27.63E-18,-33.42E-18,-35.75E-18,-38.79E-18
9.157E6,-27.63E-18,-33.42E-18,-35.75E-18,-38.79E-18
9.158E6,-27.63E-18,-33.42E-18,-35.75E-18,-38.79E-18
9.159E6,-27.63E-18,-33.42E-18,-35.75E-18,-38.79E-18
9.160E6,-27.63E-18,-33.42E-18,-35.75E-18,-38.79E-18
9.161E6,-27.63E-18,-33.42E-18,-35.75E-18,-38.79E-18
9.162E6,-27.63E-18,-33.42E-18,-35.75E-18,-38.79E-18
9.163E6,-27.63E-18,-33.42E-18,-35.75E-18,-38.79E-18
9.164E6,-27.63E-18,-33.42E-18,-35.75E-18,-38.79E-18
9.165E6,-27.63E-18,-33.42E-18,-35.75E-18,-38.79E-18
9.166E6,-27.63E-18,-33.42E-18,-35.75E-18,-38.79E-18
9.167E6,-27.63E-18,-33.42E-18,-35.75E-18,-38.79E-18
9.168E6,-27.63E-18,-33.42E-18,-35.75E-18,-38.79E-18
9.169E6,-27.63E-18,-33.42E-18,-35.75E-18,-38.79E-18
9.170E6,-27.63E-18,-33.42E-18,-35.75E-18,-38.79E-18
9.171E6,-27.63E-18,-33.42E-18,-35.75E-18,-38.79E-18
9.172E6,-27.63E-18,-33.42E-18,-35.75E-18,-38.79E-18
9.173E6,-27.63E-18,-33.42E-18,-35.75E-18,-38.79E-18
9.174E6,-27.63E-18,-33.42E-18,-35.75E-18,-38.79E-18
9.175E6,-27.63E-18,-33.42E-18,-35.75E-18,-38.79E-18
9.176E6,-27.63E-18,-33.42E-18,-35.75E-18,-38.79E-18
9.177E6,-27.63E-18,-33.42E-18,-35.75E-18,-38.79E-18
9.178E6,-27.63E-18,-33.42E-18,-35.75E-18,-38.79E-18
9.179E6,-27.63E-18,-33.42E-18,-35.75E-18,-38.79E-18
9.180E6,-27.63E-18,-33.42E-18,-35.75E-18,-38.79E-18
9.181E6,-27.63E-18,-33.42E-18,-35.75E-18,-38.79E-18
9.182E6,-27.63E-18,-33.42E-18,-35.75E-18,-38.79E-18
9.183E6,-27.63E-18,-33.42E-18,-35.75E-18,-38.79E-18
9.184E6,-27.63E-18,-33.42E-18,-35.75E-18,-38.79E-18
9.185E6,-27.63E-18,-33.42E-18,-35.75E-18,-38.79E-18
9.186E6,-27.63E-18,-33.42E-18,-35.75E-18,-38.79E-18
9.187E6,-27.63E-18,-33.42E-18,-35.75E-18,-38.79E-18
9.188E6,-27.63E-18,-33.42E-18,-35.75E-18,-38.79E-18
9.189E6,-27.63E-18,-33.42E-18,-35.75E-18,-38.79E-18
9.190E6,-27.63E-18,-33.42E-18,-35.75E-18,-38.79E-18
9.191E6,-27.63E-18,-33.42E-18,-35.75E-18,-38.79E-18
9.192E6,-27.63E-18,-33.42E-18,-35.75E-18,-38.79E-18
9.193E6,-27.63E-18,-33.42E-18,-35.75E-18,-38.79E-18
9.194E6,-27.63E-18,-33.42E-18,-35.75E-18,-38.79E-18
9.195E6,-27.63E-18,-33.42E-18,-35.75E-18,-38.79E-18
9.196E6,-27.63E-18,-33.42E-18,-35.75E-18,-38.79E-18
9.197E6,-27.63E-18,-33.42E-18,-35.75E-18,-38.79E-18
9.198E6,-27.63E-18,-33.42E-18,-35.75E-18,-38.79E-18
9.199E6,-27.63E-18,-33.42E-18,-35.75E-18,-38.79E-18
9.200E6,-27.63E-18,-33.42E-18,-35.75E-18,-38.79E-18
9.201E6,-27.63E-18,-33.42E-18,-35.75E-18,-38.79E-18
9.202E6,-27.63E-18,-33.42E-18,-35.75E-18,-38.79E-18
9.203E6,-27.63E-18,-33.42E-18,-35.75E-18,-38.79E-18
9.204E6,-27.63E-18,-33.42E-18,-35.75E-18,-38.79E-18
9.205E6,-27.63E-18,-33.42E-18,-35.75E-18,-38.79E-18
9.206E6,-27.63E-18,-33.42E-18,-35.75E-18,-38.79E-18
9.207E6,-27.63E-18,-33.42E-18,-35.75E-18,-38.79E-18
9.208E6,-27.63E-18,-33.42E-18,-35.75E-18,-38.79E-18
9.209E6,-27.63E-18,-33.42E-18,-35.75E-18,-38.79E-18
9.210E6,-27.63E-18,-33.42E-18,-35.75E-18,-38.79E-18
9.211E6,-27.63E-18,-33.42E-18,-35.75E-18,-38.79E-18
9.212E6,-27.63E-18,-33.42E-18,-35.75E-18,-38.79E-18
9.213E6,-27.63E-18,-33.42E-18,-35.75E-18,-38.79E-18
9.214E6,-27.63E-18,-33.42E-18,-35.75E-18,-38.79E-18
9.215E6,-27.63E-18,-33.42E-18,-35.75E-18,-38.79E-18
9.216E6,-27.63E-18,-33.42E-18,-35.75E-18,-38.79E-18
9.217E6,-27.63E-18,-33.42E-18,-35.75E-18,-38.79E-18
9.218E6,-27.63E-18,-33.42E-18,-35.75E-18,-38.79E-18
9.219E6,-27.63E-18,-33.42E-18,-35.75E-18,-38.79E-18
9.220E6,-27.63E-18,-33.42E-18,-35.75E-18,-38.79E-18
9.221E6,-27.63E-18,-33.42E-18,-35.75E-18,-38.79E-18
9.222E6,-27.63E-18,-33.42E-18,-35.75E-18,-38.79E-18
9.223E6,-27.63E-18,-33.42E-18,-35.75E-18,-38.79E-18
9.224E6,-27.63E-18,-33.42E-18,-35.75E-18,-38.79E-18
9.225E6,-27.63E-18,-33.42E-18,-35.75E-18,-38.79E-18
9.226E6,-27.63E-18,-33.42E-18,-35.75E-18,-38.79E-18
9.227E6,-27.63E-18,-33.42E-18,-35.75E-18,-38.79E-18
9.228E6,-27.63E-18,-33.42E-18,-35.75E-18,-38.79E-18
9.229E6,-27.63E-18,-33.42E-18,-35.75E-18,-38.79E-18
9.230E6,-27.63E-18,-33.42E-18,-35.75E-18,-38.79E-18
9.231E6,-27.63E-18,-33.42E-18,-35.75E-18,-38.79E-18
9.232E6,-27.63E-18,-33.42E-18,-35.75E-18,-38.79E-18
9.233E6,-27.63E-18,-33.42E-18,-35.75E-18,-38.79E-18
9.234E6,-27.63E-18,-33.42E-18,-35.75E-18,-38.79E-18
9.235E6,-27.63E-18,-33.42E-18,-35.75E-18,-38.79E-18
9.236E6,-27.63E-18,-33.42E-18,-35.75E-18,-38.79E-18
9.237E6,-27.63E-18,-33.42E-18,-35.75E-18,-38.79E-18
9.238E6,-27.63E-18,-33.42E-18,-35.75E-18,-38.79E-18
9.239E6,-27.63E-18,-33.42E-18,-35.75E-18,-38.79E-18
9.240E6,-27.63E-18,-33.42E-18,-35.75E-18,-38.79E-18
9.241E6,-27.63E-18,-33.42E-18,-35.75E-18,-38.79E-18
9.242E6,-27.63E-18,-33.42E-18,-35.75E-18,-38.79E-18
9.243E6,-27.63E-18,-33.42E-18,-35.75E-18,-38.79E-18
9.244E6,-27.63E-18,-33.42E-18,-35.75E-18,-38.79E-18
9.245E6,-27.63E-18,-33.42E-18,-35.75E-18,-38.79E-18
9.246E6,-27.63E-18,-33.42E-18,-35.75E-18,-38.79E-18
9.247E6,-27.63E-18,-33.42E-18,-35.75E-18,-38.79E-18
9.248E6,-27.63E-18,-33.42E-18,-35.75E-18,-38.79E-18
9.249E6,-27.63E-18,-33.42E-18,-35.75E-18,-38.79E-18
9.250E6,-27.63E-18,-33.42E-18,-35.75E-18,-38.79E-18
9.251E6,-27.63E-18,-33.42E-18,-35.75E-18,-38.79E-18
9.252E6,-27.63E-18,-33.42E-18,-35.75E-18,-38.79E-18
9.253E6,-27.63E-18,-33.42E-18,-35.75E-18,-38.79E-18
9.254E6,-27.63E-18,-33.42E-18,-35.75E-18,-38.79E-18
9.255E6,-27.63E-18,-33.42E-18,-35.75E-18,-38.79E-18
9.256E6,-27.63E-18,-33.42E-18,-35.75E-18,-38.79E-18
9.257E6,-27.63E-18,-33.42E-18,-35.75E-18,-38.79E-18
9.258E6,-27.63E-18,-33.42E-18,-35.75E-18,-38.79E-18
9.259E6,-27.63E-18,-33.42E-18,-35.75E-18,-38.79E-18
9.260E6,-27.63E-18,-33.42E-18,-35.75E-18,-38.79E-18
9.261E6,-27.63E-18,-33.42E-18,-35.75E-18,-38.79E-18
9.262E6,-27.63E-18,-33.42E-18,-35.75E-18,-38.79E-18
9.263E6,-27.63E-18,-33.42E-18,-35.75E-18,-38.79E-18
9.264E6,-27.63E-18,-33.42E-18,-35.75E-18,-38.79E-18
9.265E6,-27.63E-18,-33.42E-18,-35.75E-18,-38.79E-18
9.266E6,-27.63E-18,-33.42E-18,-35.75E-18,-38.79E-18
9.267E6,-27.63E-18,-33.42E-18,-35.75E-18,-38.79E-18
9.268E6,-27.63E-18,-33.42E-18,-35.75E-18,-38.79E-18
9.269E6,-27.63E-18,-33.42E-18,-35.75E-18,-38.79E-18
9.270E6,-27.63E-18,-33.42E-18,-35.75E-18,-38.79E-18
9.271E6,-27.63E-18,-33.42E-18,-35.75E-18,-38.79E-18
9.272E6,-27.63E-18,-33.42E-18,-35.75E-18,-38.79E-18
9.273E6,-27.63E-18,-33.42E-18,-35.75E-18,-38.79E-18
9.274E6,-27.63E-18,-33.42E-18,-35.75E-18,-38.79E-18
9.275E6,-27.63E-18,-33.42E-18,-35.75E-18,-38.79E-18
9.276E6,-27.63E-18,-33.42E-18,-35.75E-18,-38.79E-18
9.277E6,-27.63E-18,-33.42E-18,-35.75E-18,-38.79E-18
9.278E6,-27.63E-18,-33.42E-18,-35.75E-18,-38.79E-18
9.279E6,-27.63E-18,-33.42E-18,-35.75E-18,-38.79E-18
9.280E6,-27.63E-18,-33.42E-18,-35.75E-18,-38.79E-18
9.281E6,-27.63E-18,-33.42E-18,-35.75E-18,-38.79E-18
9.282E6,-27.63E-18,-33.42E-18,-35.75E-18,-38.79E-18
9.283E6,-27.63E-18,-33.42E-18,-35.75E-18,-38.79E-18
9.284E6,-27.63E-18,-33.42E-18,-35.75E-18,-38.79E-18
9.285E6,-27.63E-18,-33.42E-18,-35.75E-18,-38.79E-18
9.286E6,-27.63E-18,-33.42E-18,-35.75E-18,-38.79E-18
9.287E6,-27.63E-18,-33.42E-18,-35.75E-18,-38.79E-18
9.288E6,-27.63E-18,-33.42E-18,-35.75E-18,-38.79E-18
9.289E6,-27.63E-18,-33.42E-18,-35.75E-18,-38.79E-18
9.290E6,-27.63E-18,-33.42E-18,-35.75E-18,-38.79E-18
9.291E6,-27.63E-18,-33.42E-18,-35.75E-18,-38.79E-18
9.292E6,-27.63E-18,-33.42E-18,-35.75E-18,-38.79E-18
9.293E6,-27.63E-18,-33.42E-18,-35.75E-18,-38.79E-18
9.294E6,-27.63E-18,-33.42E-18,-35.75E-18,-38.79E-18
9.295E6,-27.63E-18,-33.42E-18,-35.75E-18,-38.79E-18
9.296E6,-27.63E-18,-33.42E-18,-35.75E-18,-38.79E-18
9.297E6,-27.63E-18,-33.42E-18,-35.75E-18,-38.79E-18
9.298E6,-27.63E-18,-33.42E-18,-35.75E-18,-38.79E-18
9.299E6,-27.63E-18,-33.42E-18,-35.75E-18,-38.79E-18
9.300E6,-27.63E-18,-33.42E-18,-35.75E-18,-38.79E-18
9.301E6,-27.63E-18,-33.42E-18,-35.75E-18,-38.79E-18
9.302E6,-27.63E-18,-33.42E-18,-35.75E-18,-38.79E-18
9.303E6,-27.63E-18,-33.42E-18,-35.75E-18,-38.79E-18
9.304E6,-27.63E-18,-33.42E-18,-35.75E-18,-38.79E-18
9.305E6,-27.63E-18,-33.42E-18,-35.75E-18,-38.79E-18
9.306E6,-27.63E-18,-33.42E-18,-35.75E-18,-38.79E-18
9.307E6,-27.63E-18,-33.42E-18,-35.75E-18,-38.79E-18
9.308E6,-27.63E-18,-33.42E-18,-35.75E-18,-38.79E-18
9.309E6,-27.63E-18,-33.42E-18,-35.75E-18,-38.79E-18
9.310E6,-27.63E-18,-33.42E-18,-35.75E-18,-38.79E-18
9.311E6,-27.63E-18,-33.42E-18,-35.75E-18,-38.79E-18
9.312E6,-27.63E-18,-33.42E-18,-35.75E-18,-38.79E-18
9.313E6,-27.63E-18,-33.42E-18,-35.75E-18,-38.79E-18
9.314E6,-27.63E-18,-33.42E-18,-35.75E-18,-38.79E-18
9.315E6,-27.63E-18,-33.42E-18,-35.75E-18,-38.79E-18
9.316E6,-27.63E-18,-33.42E-18,-35.75E-18,-38.79E-18
9.317E6,-27.63E-18,-33.42E-18,-35.75E-18,-38.79E-18
9.318E6,-27.63E-18,-33.42E-18,-35.75E-18,-38.79E-18
9.319E6,-27.63E-18,-33.42E-18,-35.75E-18,-38.79E-18
9.320E6,-27.63E-18,-33.42E-18,-35.75E-18,-38.79E-18
9.321E6,-27.63E-18,-33.42E-18,-35.75E-18,-38.79E-18
9.322E6,-27.63E-18,-33.42E-18,-35.75E-18,-38.79E-18
9.323E6,-27.63E-18,-33.42E-18,-35.75E-18,-38.79E-18
9.324E6,-27.63E-18,-33.42E-18,-35.75E-18,-38.79E-18
9.325E6,-27.63E-18,-33.42E-18,-35.75E-18,-38.79E-18
9.326E6,-27.63E-18,-33.42E-18,-35.75E-18,-38.79E-18
9.327E6,-27.63E-18,-33.42E-18,-35.75E-18,-38.79E-18
9.328E6,-27.63E-18,-33.42E-18,-35.75E-18,-38.79E-18
9.329E6,-27.63E-18,-33.42E-18,-35.75E-18,-38.79E-18
9.330E6,-27.63E-18,-33.42E-18,-35.75E-18,-38.79E-18
9.331E6,-27.63E-18,-33.42E-18,-35.75E-18,-38.79E-18
9.332E6,-27.63E-18,-33.42E-18,-35.75E-18,-38.79E-18
9.333E6,-27.63E-18,-33.42E-18,-35.75E-18,-38.79E-18
9.334E6,-27.63E-18,-33.42E-18,-35.75E-18,-38.79E-18
9.335E6,-27.63E-18,-33.42E-18,-35.75E-18,-38.79E-18
9.336E6,-27.63E-18,-33.42E-18,-35.75E-18,-38.79E-18
9.337E6,-27.63E-18,-33.42E-18,-35.75E-18,-38.79E-18
9.338E6,-27.63E-18,-33.42E-18,-35.75E-18,-38.79E-18
9.339E6,-27.63E-18,-33.42E-18,-35.75E-18,-38.79E-18
9.340E6,-27.63E-18,-33.42E-18,-35.75E-18,-38.79E-18
9.341E6,-27.63E-18,-33.42E-18,-35.75E-18,-38.79E-18
9.342E6,-27.63E-18,-33.42E-18,-35.75E-18,-38.79E-18
9.343E6,-27.63E-18,-33.42E-18,-35.75E-18,-38.79E-18
9.344E6,-27.63E-18,-33.42E-18,-35.75E-18,-38.79E-18
9.345E6,-27.63E-18,-33.42E-18,-35.75E-18,-38.79E-18
9.346E6,-27.63E-18,-33.42E-18,-35.75E-18,-38.79E-18
9.347E6,-27.63E-18,-33.42E-18,-35.75E-18,-38.79E-18
9.348E6,-27.63E-18,-33.42E-18,-35.75E-18,-38.79E-18
9.349E6,-27.63E-18,-33.42E-18,-35.75E-18,-38.79E-18
9.350E6,-27.63E-18,-33.42E-18,-35.75E-18,-38.79E-18
9.351E6,-27.63E-18,-33.42E-18,-35.75E-18,-38.79E-18
9.352E6,-27.63E-18,-33.42E-18,-35.75E-18,-38.79E-18
9.353E6,-27.63E-18,-33.42E-18,-35.75E-18,-38.79E-18
9.354E6,-27.63E-18,-33.42E-18,-35.75E-18,-38.79E-18
9.355E6,-27.63E-18,-33.42E-18,-35.75E-18,-38.79E-18
9.356E6,-27.63E-18,-33.42E-18,-35.75E-18,-38.79E-18
9.357E6,-27.63E-18,-33.42E-18,-35.75E-18,-38.79E-18
9.358E6,-27.63E-18,-33.42E-18,-35.75E-18,-38.79E-18
9.359E6,-27.63E-18,-33.42E-18,-35.75E-18,-38.79E-18
9.360E6,-27.63E-18,-33.42E-18,-35.75E-18,-38.79E-18
9.361E6,-27.63E-18,-33.42E-18,-35.75E-18,-38.79E-18
9.362E6,-27.63E-18,-33.42E-18,-35.75E-18,-38.79E-18
9.363E6,-27.63E-18,-33.42E-18,-35.75E-18,-38.79E-18
9.364E6,-27.63E-18,-33.42E-18,-35.75E-18,-38.79E-18
9.365E6,-27.63E-18,-33.42E-18,-35.75E-18,-38.79E-18
9.366E6,-27.63E-18,-33.42E-18,-35.75E-18,-38.79E-18
9.367E6,-27.63E-18,-33.42E-18,-35.75E-18,-38.79E-18
9.368E6,-27.63E-18,-33.42E-18,-35.75E-18,-38.79E-18
9.369E6,-27.63E-18,-33.42E-18,-35.75E-18,-38.79E-18
9.370E6,-27.63E-18,-33.42E-18,-35.75E-18,-38.79E-18
9.371E6,-27.63E-18,-33.42E-18,-35.75E-18,-38.79E-18
9.372E6,-27.63E-18,-33.42E-18,-35.75E-18,-38.79E-18
9.373E6,-27.63E-18,-33.42E-18,-35.75E-18,-38.79E-18
9.374E6,-27.63E-18,-33.42E-18,-35.75E-18,-38.79E-18
9.375E6,-27.63E-18,-33.42E-18,-35.75E-18,-38.79E-18
9.376E6,-27.63E-18,-33.42E-18,-35.75E-18,-38.79E-18
9.377E6,-27.63E-18,-33.42E-18,-35.75E-18,-38.79E-18
9.378E6,-27.63E-18,-33.42E-18,-35.75E-18,-38.79E-18
9.379E6,-27.63E-18,-33.42E-18,-35.75E-18,-38.79E-18
9.380E6,-27.63E-18,-33.42E-18,-35.75E-18,-38.79E-18
9.381E6,-27.63E-18,-33.42E-18,-35.75E-18,-38.79E-18
9.382E6,-27.63E-18,-33.42E-18,-35.75E-18,-38.79E-18
9.383E6,-27.63E-18,-33.42E-18,-35.75E-18,-38.79E-18
9.384E6,-27.63E-18,-33.42E-18,-35.75E-18,-38.79E-18
9.385E6,-27.63E-18,-33.42E-18,-35.75E-18,-38.79E-18
9.386E6,-27.63E-18,-33.42E-18,-35.75E-18,-38.79E-18
9.387E6,-27.63E-18,-33.42E-18,-35.75E-18,-38.79E-18
9.388E6,-27.63E-18,-33.42E-18,-35.75E-18,-38.79E-18
9.389E6,-27.63E-18,-33.42E-18,-35.75E-18,-38.79E-18
9.390E6,-27.63E-18,-33.42E-18,-35.75E-18,-38.79E-18
9.391E6,-27.63E-18,-33.42E-18,-35.75E-18,-38.79E-18
9.392E6,-27.63E-18,-33.42E-18,-35.75E-18,-38.79E-18
9.393E6,-27.63E-18,-33.42E-18,-35.75E-18,-38.79E-18
9.394E6,-27.63E-18,-33.42E-18,-35.75E-18,-38.79E-18
9.395E6,-27.63E-18,-33.42E-18,-35.75E-18,-38.79E-18
9.396E6,-27.63E-18,-33.42E-18,-35.75E-18,-38.79E-18
9.397E6,-27.63E-18,-33.42E-18,-35.75E-18,-38.79E-18
9.398E6,-27.63E-18,-33.42E-18,-35.75E-18,-38.79E-18
9.399E6,-27.63E-18,-33.42E-18,-35.75E-18,-38.79E-18
9.400E6,-27.63E-18,-33.42E-18,-35.75E-18,-38.79E-18
9.401E6,-27.63E-18,-33.42E-18,-35.75E-18,-38.79E-18
9.402E6,-27.63E-18,-33.42E-18,-35.75E-18,-38.79E-18
9.403E6,-27.63E-18,-33.42E-18,-35.75E-18,-38.79E-18
9.404E6,-27.63E-18,-33.42E-18,-35.75E-18,-38.79E-18
9.405E6,-27.63E-18,-33.42E-18,-35.75E-18,-38.79E-18
9.406E6,-27.63E-18,-33.42E-18,-35.75E-18,-38.79E-18
9.407E6,-27.63E-18,-33.42E-18,-35.75E-18,-38.79E-18
9.408E6,-27.63E-18,-33.42E-18,-35.75E-18,-38.79E-18
9.409E6,-27.63E-18,-33.42E-18,-35.75E-18,-38.79E-18
9.410E6,-27.63E-18,-33.42E-18,-35.75E-18,-38.79E-18
9.411E6,-27.63E-18,-33.42E-18,-35.75E-18,-38.79E-18
9.412E6,-27.63E-18,-33.42E-18,-35.75E-18,-38.79E-18
9.413E6,-27.63E-18,-33.42E-18,-35.75E-18,-38.79E-18
9.414E6,-27.63E-18,-33.42E-18,-35.75E-18,-38.79E-18
9.415E6,-27.63E-18,-33.42E-18,-35.75E-18,-38.79E-18
9.416E6,-27.63E-18,-33.42E-18,-35.75E-18,-38.79E-18
9.417E6,-27.63E-18,-33.42E-18,-35.75E-18,-38.79E-18
9.418E6,-27.63E-18,-33.42E-18,-35.75E-18,-38.79E-18
9.419E6,-27.63E-18,-33.42E-18,-35.75E-18,-38.79E-18
9.420E6,-27.63E-18,-33.42E-18,-35.75E-18,-38.79E-18
9.421E6,-27.63E-18,-33.42E-18,-35.75E-18,-38.79E-18
9.422E6,-27.63E-18,-33.42E-18,-35.75E-18,-38.79E-18
9.423E6,-27.63E-18,-33.42E-18,-35.75E-18,-38.79E-18
9.424E6,-27.63E-18,-33.42E-18,-35.75E-18,-38.79E-18
9.425E6,-27.63E-18,-33.42E-18,-35.75E-18,-38.79E-18
9.426E6,-27.63E-18,-33.42E-18,-35.75E-18,-38.79E-18
9.427E6,-27.63E-18,-33.42E-18,-35.75E-18,-38.79E-18
9.428E6,-27.63E-18,-33.42E-18,-35.75E-18,-38.79E-18
9.429E6,-27.63E-18,-33.42E-18,-35.75E-18,-38.79E-18
9.430E6,-27.63E-18,-33.42E-18,-35.75E-18,-38.79E-18
9.431E6,-27.63E-18,-33.42E-18,-35.75E-18,-38.79E-18
9.432E6,-27.63E-18,-33.42E-18,-35.75E-18,-38.79E-18
9.433E6,-27.63E-18,-33.42E-18,-35.75E-18,-38.79E-18
9.434E6,-27.63E-18,-33.42E-18,-35.75E-18,-38.79E-18
9.435E6,-27.63E-18,-33.42E-18,-35.75E-18,-38.79E-18
9.436E6,-27.63E-18,-33.42E-18,-35.75E-18,-38.79E-18
9.437E6,-27.63E-18,-33.42E-18,-35.75E-18,-38.79E-18
9.438E6,-27.63E-18,-33.42E-18,-35.75E-18,-38.79E-18
9.439E6,-27.63E-18,-33.42E-18,-35.75E-18,-38.79E-18
9.440E6,-27.63E-18,-33.42E-18,-35.75E-18,-38.79E-18
9.441E6,-27.63E-18,-33.42E-18,-35.75E-18,-38.79E-18
9.442E6,-27.63E-18,-33.42E-18,-35.75E-18,-38.79E-18
9.443E6,-27.63E-18,-33.42E-18,-35.75E-18,-38.79E-18
9.444E6,-27.63E-18,-33.42E-18,-35.75E-18,-38.79E-18
9.445E6,-27.63E-18,-33.42E-18,-35.75E-18,-38.79E-18
9.446E6,-27.63E-18,-33.42E-18,-35.75E-18,-38.79E-18
9.447E6,-27.63E-18,-33.42E-18,-35.75E-18,-38.79E-18
9.448E6,-27.63E-18,-33.42E-18,-35.75E-18,-38.79E-18
9.449E6,-27.63E-18,-33.42E-18,-35.75E-18,-38.79E-18
9.450E6,-27.63E-18,-33.42E-18,-35.75E-18,-38.79E-18
9.451E6,-27.63E-18,-33.42E-18,-35.75E-18,-38.79E-18
9.452E6,-27.63E-18,-33.42E-18,-35.75E-18,-38.79E-18
9.453E6,-27.63E-18,-33.42E-18,-35.75E-18,-38.79E-18
9.454E6,-27.63E-18,-33.42E-18,-35.75E-18,-38.79E-18
9.455E6,-27.63E-18,-33.42E-18,-35.75E-18,-38.79E-18
9.456E6,-27.63E-18,-33.42E-18,-35.75E-18,-38.79E-18
9.457E6,-27.63E-18,-33.42E-18,-35.75E-18,-38.79E-18
9.458E6,-27.63E-18,-33.42E-18,-35.75E-18,-38.79E-18
9.459E6,-27.63E-18,-33.42E-18,-35.75E-18,-38.79E-18
9.460E6,-27.63E-18,-33.42E-18,-35.75E-18,-38.79E-18
9.461E6,-27.63E-18,-33.42E-18,-35.75E-18,-38.79E-18
9.462E6,-27.63E-18,-33.42E-18,-35.75E-18,-38.79E-18
9.463E6,-27.63E-18,-33.42E-18,-35.75E-18,-38.79E-18
9.464E6,-27.63E-18,-33.42E-18,-35.75E-18,-38.79E-18
9.465E6,-27.63E-18,-33.42E-18,-35.75E-18,-38.79E-18
9.466E6,-27.63E-18,-33.42E-18,-35.75E-18,-38.79E-18
9.467E6,-27.63E-18,-33.42E-18,-35.75E-18,-38.79E-18
9.468E6,-27.63E-18,-33.42E-18,-35.75E-18,-38.79E-18
9.469E6,-27.63E-18,-33.42E-18,-35.75E-18,-38.79E-18
9.470E6,-27.63E-18,-33.42E-18,-35.75E-18,-38.79E-18
9.471E6,-27.63E-18,-33.42E-18,-35.75E-18,-38.79E-18
9.472E6,-27.63E-18,-33.42E-18,-35.75E-18,-38.79E-18
9.473E6,-27.63E-18,-33.42E-18,-35.75E-18,-38.79E-18
9.474E6,-27.63E-18,-33.42E-18,-35.75E-18,-38.79E-18
9.475E6,-27.63E-18,-33.42E-18,-35.75E-18,-38.79E-18
9.476E6,-27.63E-18,-33.42E-18,-35.75E-18,-38.79E-18
9.477E6,-27.63E-18,-33.42E-18,-35.75E-18,-38.79E-18
9.478E6,-27.63E-18,-33.42E-18,-35.75E-18,-38.79E-18
9.479E6,-27.63E-18,-33.42E-18,-35.75E-18,-38.79E-18
9.480E6,-27.63E-18,-33.42E-18,-35.75E-18,-38.79E-18
9.481E6,-27.63E-18,-33.42E-18,-35.75E-18,-38.79E-18
9.482E6,-27.63E-18,-33.42E-18,-35.75E-18,-38.79E-18
9.483E6,-27.63E-18,-33.42E-18,-35.75E-18,-38.79E-18
9.484E6,-27.63E-18,-33.42E-18,-35.75E-18,-38.79E-18
9.485E6,-27.63E-18,-33.42E-18,-35.75E-18,-38.79E-18
9.486E6,-27.63E-18,-33.42E-18,-35.75E-18,-38.79E-18
9.487E6,-27.63E-18,-33.42E-18,-35.75E-18,-38.79E-18
9.488E6,-27.63E-18,-33.42E-18,-35.75E-18,-38.79E-18
9.489E6,-27.63E-18,-33.42E-18,-35.75E-18,-38.79E-18
9.490E6,-27.63E-18,-33.42E-18,-35.75E-18,-38.79E-18
9.491E6,-27.63E-18,-33.42E-18,-35.75E-18,-38.79E-18
9.492E6,-27.63E-18,-33.42E-18,-35.75E-18,-38.79E-18
9.493E6,-27.63E-18,-33.42E-18,-35.75E-18,-38.79E-18
9.494E6,-27.63E-18,-33.42E-18,-35.75E-18,-38.79E-18
9.495E6,-27.63E-18,-33.42E-18,-35.75E-18,-38.79E-18
9.496E6,-27.63E-18,-33.42E-18,-35.75E-18,-38.79E-18
9.497E6,-27.63E-18,-33.42E-18,-35.75E-18,-38.79E-18
9.498E6,-27.63E-18,-33.42E-18,-35.75E-18,-38.79E-18
9.499E6,-27.63E-18,-33.42E-18,-35.75E-18,-38.79E-18
9.500E6,-27.63E-18,-33.42E-18,-35.75E-18,-38.79E-18
9.501E6,-27.63E-18,-33.42E-18,-35.75E-18,-38.79E-18
9.502E6,-27.63E-18,-33.42E-18,-35.75E-18,-38.79E-18
9.503E6,-27.63E-18,-33.42E-18,-35.75E-18,-38.79E-18
9.504E6,-27.63E-18,-33.42E-18,-35.75E-18,-38.79E-18
9.505E6,-27.63E-18,-33.42E-18,-35.75E-18,-38.79E-18
9.506E6,-27.63E-18,-33.42E-18,-35.75E-18,-38.79E-18
9.507E6,-27.63E-18,-33.42E-18,-35.75E-18,-38.79E-18
9.508E6,-27.63E-18,-33.42E-18,-35.75E-18,-38.79E-18
9.509E6,-27.63E-18,-33.42E-18,-35.75E-18,-38.79E-18
9.510E6,-27.63E-18,-33.42E-18,-35.75E-18,-38.79E-18
9.511E6,-27.63E-18,-33.42E-18,-35.75E-18,-38.79E-18
9.512E6,-27.63E-18,-33.42E-18,-35.75E-18,-38.79E-18
9.513E6,-27.63E-18,-33.42E-18,-35.75E-18,-38.79E-18
9.514E6,-27.63E-18,-33.42E-18,-35.75E-18,-38.79E-18
9.515E6,-27.63E-18,-33.42E-18,-35.75E-18,-38.79E-18
9.516E6,-27.63E-18,-33.42E-18,-35.75E-18,-38.79E-18
9.517E6,-27.63E-18,-33.42E-18,-35.75E-18,-38.79E-18
9.518E6,-27.63E-18,-33.42E-18,-35.75E-18,-38.79E-18
9.519E6,-27.63E-18,-33.42E-18,-35.75E-18,-38.79E-18
9.520E6,-27.63E-18,-33.42E-18,-35.75E-18,-38.79E-18
9.521E6,-27.63E-18,-33.42E-18,-35.75E-18,-38.79E-18
9.522E6,-27.63E-18,-33.42E-18,-35.75E-18,-38.79E-18
9.523E6,-27.63E-18,-33.42E-18,-35.75E-18,-38.79E-18
9.524E6,-27.63E-18,-33.42E-18,-35.75E-18,-38.79E-18
9.525E6,-27.63E-18,-33.42E-18,-35.75E-18,-38.79E-18
9.526E6,-27.63E-18,-33.42E-18,-35.75E-18,-38.79E-18
9.527E6,-27.63E-18,-33.42E-18,-35.75E-18,-38.79E-18
9.528E6,-27.63E-18,-33.42E-18,-35.75E-18,-38.79E-18
9.529E6,-27.63E-18,-33.42E-18,-35.75E-18,-38.79E-18
9.530E6,-27.63E-18,-33.42E-18,-35.75E-18,-38.79E-18
9.531E6,-27.63E-18,-33.42E-18,-35.75E-18,-38.79E-18
9.532E6,-27.63E-18,-33.42E-18,-35.75E-18,-38.79E-18
9.533E6,-27.63E-18,-33.42E-18,-35.75E-18,-38.79E-18
9.534E6,-27.63E-18,-33.42E-18,-35.75E-18,-38.79E-18
9.535E6,-27.63E-18,-33.42E-18,-35.75E-18,-38.79E-18
9.536E6,-27.63E-18,-33.42E-18,-35.75E-18,-38.79E-18
9.537E6,-27.63E-18,-33.42E-18,-35.75E-18,-38.79E-18
9.538E6,-27.63E-18,-33.42E-18,-35.75E-18,-38.79E-18
9.539E6,-27.63E-18,-33.42E-18,-35.75E-18,-38.79E-18
9.540E6,-27.63E-18,-33.42E-18,-35.75E-18,-38.79E-18
9.541E6,-27.63E-18,-33.42E-18,-35.75E-18,-38.79E-18
9.542E6,-27.63E-18,-33.42E-18,-35.75E-18,-38.79E-18
9.543E6,-27.63E-18,-33.42E-18,-35.75E-18,-38.79E-18
9.544E6,-27.63E-18,-33.42E-18,-35.75E-18,-38.79E-18
9.545E6,-27.63E-18,-33.42E-18,-35.75E-18,-38.79E-18
9.546E6,-27.63E-18,-33.42E-18,-35.75E-18,-38.79E-18
9.547E6,-27.63E-18,-33.42E-18,-35.75E-18,-38.79E-18
9.548E6,-27.63E-18,-33.42E-18,-35.75E-18,-38.79E-18
9.549E6,-27.63E-18,-33.42E-18,-35.75E-18,-38.79E-18
9.550E6,-27.63E-18,-33.42E-18,-35.75E-18,-38.79E-18
9.551E6,-27.63E-18,-33.42E-18,-35.75E-18,-38.79E-18
9.552E6,-27.63E-18,-33.42E-18,-35.75E-18,-38.79E-18
9.553E6,-27.63E-18,-33.42E-18,-35.75E-18,-38.79E-18
9.554E6,-27.63E-18,-33.42E-18,-35.75E-18,-38.79E-18
9.555E6,-27.63E-18,-33.42E-18,-35.75E-18,-38.79E-18
9.556E6,-27.63E-18,-33.42E-18,-35.75E-18,-38.79E-18
9.557E6,-27.63E-18,-33.42E-18,-35.75E-18,-38.79E-18
9.558E6,-27.63E-18,-33.42E-18,-35.75E-18,-38.79E-18
9.559E6,-27.63E-18,-33.42E-18,-35.75E-18,-38.79E-18
9.560E6,-27.63E-18,-33.42E-18,-35.75E-18,-38.79E-18
9.561E6,-27.63E-18,-33.42E-18,-35.75E-18,-38.79E-18
9.562E6,-27.63E-18,-33.42E-18,-35.75E-18,-38.79E-18
9.563E6,-27.63E-18,-33.42E-18,-35.75E-18,-38.79E-18
9.564E6,-27.63E-18,-33.42E-18,-35.75E-18,-38.79E-18
9.565E6,-27.63E-18,-33.42E-18,-35.75E-18,-38.79E-18
9.566E6,-27.63E-18,-33.42E-18,-35.75E-18,-38.79E-18
9.567E6,-27.63E-18,-33.42E-18,-35.75E-18,-38.79E-18
9.568E6,-27.63E-18,-33.42E-18,-35.75E-18,-38.79E-18
9.569E6,-27.63E-18,-33.42E-18,-35.75E-18,-38.79E-18
9.570E6,-27.63E-18,-33.42E-18,-35.75E-18,-38.79E-18
9.571E6,-27.63E-18,-33.42E-18,-35.75E-18,-38.79E-18
9.572E6,-27.63E-18,-33.42E-18,-35.75E-18,-38.79E-18
9.573E6,-27.63E-18,-33.42E-18,-35.75E-18,-38.79E-18
9.574E6,-27.63E-18,-33.42E-18,-35.75E-18,-38.79E-18
9.575E6,-27.63E-18,-33.42E-18,-35.75E-18,-38.79E-18
9.576E6,-27.63E-18,-33.42E-18,-35.75E-18,-38.79E-18
9.577E6,-27.63E-18,-33.42E-18,-35.75E-18,-38.79E-18
9.578E6,-27.63E-18,-33.42E-18,-35.75E-18,-38.79E-18
9.579E6,-27.63E-18,-33.42E-18,-35.75E-18,-38.79E-18
9.580E6,-27.63E-18,-33.42E-18,-35.75E-18,-38.79E-18
9.581E6,-27.63E-18,-33.42E-18,-35.75E-18,-38.79E-18
9.582E6,-27.63E-18,-33.42E-18,-35.75E-18,-38.79E-18
9.583E6,-27.63E-18,-33.42E-18,-35.75E-18,-38.79E-18
9.584E6,-27.63E-18,-33.42E-18,-35.75E-18,-38.79E-18
9.585E6,-27.63E-18,-33.42E-18,-35.75E-18,-38.79E-18
9.586E6,-27.63E-18,-33.42E-18,-35.75E-18,-38.79E-18
9.587E6,-27.63E-18,-33.42E-18,-35.75E-18,-38.79E-18
9.588E6,-27.63E-18,-33.42E-18,-35.75E-18,-38.79E-18
9.589E6,-27.63E-18,-33.42E-18,-35.75E-18,-38.79E-18
9.590E6,-27.63E-18,-33.42E-18,-35.75E-18,-38.79E-18
9.591E6,-27.63E-18,-33.42E-18,-35.75E-18,-38.79E-18
9.592E6,-27.63E-18,-33.42E-18,-35.75E-18,-38.79E-18
9.593E6,-27.63E-18,-33.42E-18,-35.75E-18,-38.79E-18
9.594E6,-27.63E-18,-33.42E-18,-35.75E-18,-38.79E-18
9.595E6,-27.63E-18,-33.42E-18,-35.75E-18,-38.79E-18
9.596E6,-27.63E-18,-33.42E-18,-35.75E-18,-38.79E-18
9.597E6,-27.63E-18,-33.42E-18,-35.75E-18,-38.79E-18
9.598E6,-27.63E-18,-33.42E-18,-35.75E-18,-38.79E-18
9.599E6,-27.63E-18,-33.42E-18,-35.75E-18,-38.79E-18
9.600E6,-27.63E-18,-33.42E-18,-35.75E-18,-38.79E-18
9.601E6,-27.63E-18,-33.42E-18,-35.75E-18,-38.79E-18
9.602E6,-27.63E-18,-33.42E-18,-35.75E-18,-38.79E-18
9.603E6,-27.63E-18,-33.42E-18,-35.75E-18,-38.79E-18
9.604E6,-27.63E-18,-33.42E-18,-35.75E-18,-38.79E-18
9.605E6,-27.63E-18,-33.42E-18,-35.75E-18,-38.79E-18
9.606E6,-27.63E-18,-33.42E-18,-35.75E-18,-38.79E-18
9.607E6,-27.63E-18,-33.42E-18,-35.75E-18,-38.79E-18
9.608E6,-27.63E-18,-33.42E-18,-35.75E-18,-38.79E-18
9.609E6,-27.63E-18,-33.42E-18,-35.75E-18,-38.79E-18
9.610E6,-27.63E-18,-33.42E-18,-35.75E-18,-38.79E-18
9.611E6,-27.63E-18,-33.42E-18,-35.75E-18,-38.79E-18
9.612E6,-27.63E-18,-33.42E-18,-35.75E-18,-38.79E-18
9.613E6,-27.63E-18,-33.42E-18,-35.75E-18,-38.79E-18
9.614E6,-27.63E-18,-33.42E-18,-35.75E-18,-38.79E-18
9.615E6,-27.63E-18,-33.42E-18,-35.75E-18,-38.79E-18
9.616E6,-27.63E-18,-33.42E-18,-35.75E-18,-38.79E-18
9.617E6,-27.63E-18,-33.42E-18,-35.75E-18,-38.79E-18
9.618E6,-27.63E-18,-33.42E-18,-35.75E-18,-38.79E-18
9.619E6,-27.63E-18,-33.42E-18,-35.75E-18,-38.79E-18
9.620E6,-27.63E-18,-33.42E-18,-35.75E-18,-38.79E-18
9.621E6,-27.63E-18,-33.42E-18,-35.75E-18,-38.79E-18
9.622E6,-27.63E-18,-33.42E-18,-35.75E-18,-38.79E-18
9.623E6,-27.63E-18,-33.42E-18,-35.75E-18,-38.79E-18
9.624E6,-27.63E-18,-33.42E-18,-35.75E-18,-38.79E-18
9.625E6,-27.63E-18,-33.42E-18,-35.75E-18,-38.79E-18
9.626E6,-27.63E-18,-33.42E-18,-35.75E-18,-38.79E-18
9.627E6,-27.63E-18,-33.42E-18,-35.75E-18,-38.79E-18
9.628E6,-27.63E-18,-33.42E-18,-35.75E-18,-38.79E-18
9.629E6,-27.63E-18,-33.42E-18,-35.75E-18,-38.79E-18
9.630E6,-27.63E-18,-33.42E-18,-35.75E-18,-38.79E-18
9.631E6,-27.63E-18,-33.42E-18,-35.75E-18,-38.79E-18
9.632E6,-27.63E-18,-33.42E-18,-35.75E-18,-38.79E-18
9.633E6,-27.63E-18,-33.42E-18,-35.75E-18,-38.79E-18
9.634E6,-27.63E-18,-33.42E-18,-35.75E-18,-38.79E-18
9.635E6,-27.63E-18,-33.42E-18,-35.75E-18,-38.79E-18
9.636E6,-27.63E-18,-33.42E-18,-35.75E-18,-38.79E-18
9.637E6,-27.63E-18,-33.42E-18,-35.75E-18,-38.79E-18
9.638E6,-27.63E-18,-33.42E-18,-35.75E-18,-38.79E-18
9.639E6,-27.63E-18,-33.42E-18,-35.75E-18,-38.79E-18
9.640E6,-27.63E-18,-33.42E-18,-35.75E-18,-38.79E-18
9.641E6,-27.63E-18,-33.42E-18,-35.75E-18,-38.79E-18
9.642E6,-27.63E-18,-33.42E-18,-35.75E-18,-38.79E-18
9.643E6,-27.63E-18,-33.42E-18,-35.75E-18,-38.79E-18
9.644E6,-27.63E-18,-33.42E-18,-35.75E-18,-38.79E-18
9.645E6,-27.63E-18,-33.42E-18,-35.75E-18,-38.79E-18
9.646E6,-27.63E-18,-33.42E-18,-35.75E-18,-38.79E-18
9.647E6,-27.63E-18,-33.42E-18,-35.75E-18,-38.79E-18
9.648E6,-27.63E-18,-33.42E-18,-35.75E-18,-38.79E-18
9.649E6,-27.63E-18,-33.42E-18,-35.75E-18,-38.79E-18
9.650E6,-27.63E-18,-33.42E-18,-35.75E-18,-38.79E-18
9.651E6,-27.63E-18,-33.42E-18,-35.75E-18,-38.79E-18
9.652E6,-27.63E-18,-33.42E-18,-35.75E-18,-38.79E-18
9.653E6,-27.63E-18,-33.42E-18,-35.75E-18,-38.79E-18
9.654E6,-27.63E-18,-33.42E-18,-35.75E-18,-38.79E-18
9.655E6,-27.63E-18,-33.42E-18,-35.75E-18,-38.79E-18
9.656E6,-27.63E-18,-33.42E-18,-35.75E-18,-38.79E-18
9.657E6,-27.63E-18,-33.42E-18,-35.75E-18,-38.79E-18
9.658E6,-27.63E-18,-33.42E-18,-35.75E-18,-38.79E-18
9.659E6,-27.63E-18,-33.42E-18,-35.75E-18,-38.79E-18
9.660E6,-27.63E-18,-33.42E-18,-35.75E-18,-38.79E-18
9.661E6,-27.63E-18,-33.42E-18,-35.75E-18,-38.79E-18
9.662E6,-27.63E-18,-33.42E-18,-35.75E-18,-38.79E-18
9.663E6,-27.63E-18,-33.42E-18,-35.75E-18,-38.79E-18
9.664E6,-27.63E-18,-33.42E-18,-35.75E-18,-38.79E-18
9.665E6,-27.63E-18,-33.42E-18,-35.75E-18,-38.79E-18
9.666E6,-27.63E-18,-33.42E-18,-35.75E-18,-38.79E-18
9.667E6,-27.63E-18,-33.42E-18,-35.75E-18,-38.79E-18
9.668E6,-27.63E-18,-33.42E-18,-35.75E-18,-38.79E-18
9.669E6,-27.63E-18,-33.42E-18,-35.75E-18,-38.79E-18
9.670E6,-27.63E-18,-33.42E-18,-35.75E-18,-38.79E-18
9.671E6,-27.63E-18,-33.42E-18,-35.75E-18,-38.79E-18
9.672E6,-27.63E-18,-33.42E-18,-35.75E-18,-38.79E-18
9.673E6,-27.63E-18,-33.42E-18,-35.75E-18,-38.79E-18
9.674E6,-27.63E-18,-33.42E-18,-35.75E-18,-38.79E-18
9.675E6,-27.63E-18,-33.42E-18,-35.75E-18,-38.79E-18
9.676E6,-27.63E-18,-33.42E-18,-35.75E-18,-38.79E-18
9.677E6,-27.63E-18,-33.42E-18,-35.75E-18,-38.79E-18
9.678E6,-27.63E-18,-33.42E-18,-35.75E-18,-38.79E-18
9.679E6,-27.63E-18,-33.42E-18,-35.75E-18,-38.79E-18
9.680E6,-27.63E-18,-33.42E-18,-35.75E-18,-38.79E-18
9.681E6,-27.63E-18,-33.42E-18,-35.75E-18,-38.79E-18
9.682E6,-27.63E-18,-33.42E-18,-35.75E-18,-38.79E-18
9.683E6,-27.63E-18,-33.42E-18,-35.75E-18,-38.79E-18
9.684E6,-27.63E-18,-33.42E-18,-35.75E-18,-38.79E-18
9.685E6,-27.63E-18,-33.42E-18,-35.75E-18,-38.79E-18
9.686E6,-27.63E-18,-33.42E-18,-35.75E-18,-38.79E-18
9.687E6,-27.63E-18,-33.42E-18,-35.75E-18,-38.79E-18
9.688E6,-27.63E-18,-33.42E-18,-35.75E-18,-38.79E-18
9.689E6,-27.63E-18,-33.42E-18,-35.75E-18,-38.79E-18
9.690E6,-27.63E-18,-33.42E-18,-35.75E-18,-38.79E-18
9.691E6,-27.63E-18,-33.42E-18,-35.75E-18,-38.79E-18
9.692E6,-27.63E-18,-33.42E-18,-35.75E-18,-38.79E-18
9.693E6,-27.63E-18,-33.42E-18,-35.75E-18,-38.79E-18
9.694E6,-27.63E-18,-33.42E-18,-35.75E-18,-38.79E-18
9.695E6,-27.63E-18,-33.42E-18,-35.75E-18,-38.79E-18
9.696E6,-27.63E-18,-33.42E-18,-35.75E-18,-38.79E-18
9.697E6,-27.63E-18,-33.42E-18,-35.75E-18,-38.79E-18
9.698E6,-27.63E-18,-33.42E-18,-35.75E-18,-38.79E-18
9.699E6,-27.63E-18,-33.42E-18,-35.75E-18,-38.79E-18
9.700E6,-27.63E-18,-33.42E-18,-35.75E-18,-38.79E-18
9.701E6,-27.63E-18,-33.42E-18,-35.75E-18,-38.79E-18
9.702E6,-27.63E-18,-33.42E-18,-35.75E-18,-38.79E-18
9.703E6,-27.63E-18,-33.42E-18,-35.75E-18,-38.79E-18
9.704E6,-27.63E-18,-33.42E-18,-35.75E-18,-38.79E-18
9.705E6,-27.63E-18,-33.42E-18,-35.75E-18,-38.79E-18
9.706E6,-27.63E-18,-33.42E-18,-35.75E-18,-38.79E-18
9.707E6,-27.63E-18,-33.42E-18,-35.75E-18,-38.79E-18
9.708E6,-27.63E-18,-33.42E-18,-35.75E-18,-38.79E-18
9.709E6,-27.63E-18,-33.42E-18,-35.75E-18,-38.79E-18
9.710E6,-27.63E-18,-33.42E-18,-35.75E-18,-38.79E-18
9.711E6,-27.63E-18,-33.42E-18,-35.75E-18,-38.79E-18
9.712E6,-27.63E-18,-33.42E-18,-35.75E-18,-38.79E-18
9.713E6,-27.63E-18,-33.42E-18,-35.75E-18,-38.79E-18
9.714E6,-27.63E-18,-33.42E-18,-35.75E-18,-38.79E-18
9.715E6,-27.63E-18,-33.42E-18,-35.75E-18,-38.79E-18
9.716E6,-27.63E-18,-33.42E-18,-35.75E-18,-38.79E-18
9.717E6,-27.63E-18,-33.42E-18,-35.75E-18,-38.79E-18
9.718E6,-27.63E-18,-33.42E-18,-35.75E-18,-38.79E-18
9.719E6,-27.63E-18,-33.42E-18,-35.75E-18,-38.79E-18
9.720E6,-27.63E-18,-33.42E-18,-35.75E-18,-38.79E-18
9.721E6,-27.63E-18,-33.42E-18,-35.75E-18,-38.79E-18
9.722E6,-27.63E-18,-33.42E-18,-35.75E-18,-38.79E-18
9.723E6,-27.63E-18,-33.42E-18,-35.75E-18,-38.79E-18
9.724E6,-27.63E-18,-33.42E-18,-35.75E-18,-38.79E-18
9.725E6,-27.63E-18,-33.42E-18,-35.75E-18,-38.79E-18
9.726E6,-27.63E-18,-33.42E-18,-35.75E-18,-38.79E-18
9.727E6,-27.63E-18,-33.42E-18,-35.75E-18,-38.79E-18
9.728E6,-27.63E-18,-33.42E-18,-35.75E-18,-38.79E-18
9.729E6,-27.63E-18,-33.42E-18,-35.75E-18,-38.79E-18
9.730E6,-27.63E-18,-33.42E-18,-35.75E-18,-38.79E-18
9.731E6,-27.63E-18,-33.42E-18,-35.75E-18,-38.79E-18
9.732E6,-27.63E-18,-33.42E-18,-35.75E-18,-38.79E-18
9.733E6,-27.63E-18,-33.42E-18,-35.75E-18,-38.79E-18
9.734E6,-27.63E-18,-33.42E-18,-35.75E-18,-38.79E-18
9.735E6,-27.63E-18,-33.42E-18,-35.75E-18,-38.79E-18
9.736E6,-27.63E-18,-33.42E-18,-35.75E-18,-38.79E-18
9.737E6,-27.63E-18,-33.42E-18,-35.75E-18,-38.79E-18
9.738E6,-27.63E-18,-33.42E-18,-35.75E-18,-38.79E-18
9.739E6,-27.63E-18,-33.42E-18,-35.75E-18,-38.79E-18
9.740E6,-27.63E-18,-33.42E-18,-35.75E-18,-38.79E-18
9.741E6,-27.63E-18,-33.42E-18,-35.75E-18,-38.79E-18
9.742E6,-27.63E-18,-33.42E-18,-35.75E-18,-38.79E-18
9.743E6,-27.63E-18,-33.42E-18,-35.75E-18,-38.79E-18
9.744E6,-27.63E-18,-33.42E-18,-35.75E-18,-38.79E-18
9.745E6,-27.63E-18,-33.42E-18,-35.75E-18,-38.79E-18
9.746E6,-27.63E-18,-33.42E-18,-35.75E-18,-38.79E-18
9.747E6,-27.63E-18,-33.42E-18,-35.75E-18,-38.79E-18
9.748E6,-27.63E-18,-33.42E-18,-35.75E-18,-38.79E-18
9.749E6,-27.63E-18,-33.42E-18,-35.75E-18,-38.79E-18
9.750E6,-27.63E-18,-33.42E-18,-35.75E-18,-38.79E-18
9.751E6,-27.63E-18,-33.42E-18,-35.75E-18,-38.79E-18
9.752E6,-27.63E-18,-33.42E-18,-35.75E-18,-38.79E-18
9.753E6,-27.63E-18,-33.42E-18,-35.75E-18,-38.79E-18
9.754E6,-27.63E-18,-33.42E-18,-35.75E-18,-38.79E-18
9.755E6,-27.63E-18,-33.42E-18,-35.75E-18,-38.79E-18
9.756E6,-27.63E-18,-33.42E-18,-35.75E-18,-38.79E-18
9.757E6,-27.63E-18,-33.42E-18,-35.75E-18,-38.79E-18
9.758E6,-27.63E-18,-33.42E-18,-35.75E-18,-38.79E-18
9.759E6,-27.63E-18,-33.42E-18,-35.75E-18,-38.79E-18
9.760E6,-27.63E-18,-33.42E-18,-35.75E-18,-38.79E-18
9.761E6,-27.63E-18,-33.42E-18,-35.75E-18,-38.79E-18
9.762E6,-27.63E-18,-33.42E-18,-35.75E-18,-38.79E-18
9.763E6,-27.63E-18,-33.42E-18,-35.75E-18,-38.79E-18
9.764E6,-27.63E-18,-33.42E-18,-35.75E-18,-38.79E-18
9.765E6,-27.63E-18,-33.42E-18,-35.75E-18,-38.79E-18
9.766E6,-27.63E-18,-33.42E-18,-35.75E-18,-38.79E-18
9.767E6,-27.63E-18,-33.42E-18,-35.75E-18,-38.79E-18
9.768E6,-27.63E-18,-33.42E-18,-35.75E-18,-38.79E-18
9.769E6,-27.63E-18,-33.42E-18,-35.75E-18,-38.79E-18
9.770E6,-27.63E-18,-33.42E-18,-35.75E-18,-38.79E-18
9.771E6,-27.63E-18,-33.42E-18,-35.75E-18,-38.79E-18
9.772E6,-27.63E-18,-33.42E-18,-35.75E-18,-38.79E-18
9.773E6,-27.63E-18,-33.42E-18,-35.75E-18,-38.79E-18
9.774E6,-27.63E-18,-33.42E-18,-35.75E-18,-38.79E-18
9.775E6,-27.63E-18,-33.42E-18,-35.75E-18,-38.79E-18
9.776E6,-27.63E-18,-33.42E-18,-35.75E-18,-38.79E-18
9.777E6,-27.63E-18,-33.42E-18,-35.75E-18,-38.79E-18
9.778E6,-27.63E-18,-33.42E-18,-35.75E-18,-38.79E-18
9.779E6,-27.63E-18,-33.42E-18,-35.75E-18,-38.79E-18
9.780E6,-27.63E-18,-33.42E-18,-35.75E-18,-38.79E-18
9.781E6,-27.63E-18,-33.42E-18,-35.75E-18,-38.79E-18
9.782E6,-27.63E-18,-33.42E-18,-35.75E-18,-38.79E-18
9.783E6,-27.63E-18,-33.42E-18,-35.75E-18,-38.79E-18
9.784E6,-27.63E-18,-33.42E-18,-35.75E-18,-38.79E-18
9.785E6,-27.63E-18,-33.42E-18,-35.75E-18,-38.79E-18
9.786E6,-27.63E-18,-33.42E-18,-35.75E-18,-38.79E-18
9.787E6,-27.63E-18,-33.42E-18,-35.75E-18,-38.79E-18
9.788E6,-27.63E-18,-33.42E-18,-35.75E-18,-38.79E-18
9.789E6,-27.63E-18,-33.42E-18,-35.75E-18,-38.79E-18
9.790E6,-27.63E-18,-33.42E-18,-35.75E-18,-38.79E-18
9.791E6,-27.63E-18,-33.42E-18,-35.75E-18,-38.79E-18
9.792E6,-27.63E-18,-33.42E-18,-35.75E-18,-38.79E-18
9.793E6,-27.63E-18,-33.42E-18,-35.75E-18,-38.79E-18
9.794E6,-27.63E-18,-33.42E-18,-35.75E-18,-38.79E-18
9.795E6,-27.63E-18,-33.42E-18,-35.75E-18,-38.79E-18
9.796E6,-27.63E-18,-33.42E-18,-35.75E-18,-38.79E-18
9.797E6,-27.63E-18,-33.42E-18,-35.75E-18,-38.79E-18
9.798E6,-27.63E-18,-33.42E-18,-35.75E-18,-38.79E-18
9.799E6,-27.63E-18,-33.42E-18,-35.75E-18,-38.79E-18
9.800E6,-27.63E-18,-33.42E-18,-35.75E-18,-38.79E-18
9.801E6,-27.63E-18,-33.42E-18,-35.75E-18,-38.79E-18
9.802E6,-27.63E-18,-33.42E-18,-35.75E-18,-38.79E-18
9.803E6,-27.63E-18,-33.42E-18,-35.75E-18,-38.79E-18
9.804E6,-27.63E-18,-33.42E-18,-35.75E-18,-38.79E-18
9.805E6,-27.63E-18,-33.42E-18,-35.75E-18,-38.79E-18
9.806E6,-27.63E-18,-33.42E-18,-35.75E-18,-38.79E-18
9.807E6,-27.63E-18,-33.42E-18,-35.75E-18,-38.79E-18
9.808E6,-27.63E-18,-33.42E-18,-35.75E-18,-38.79E-18
9.809E6,-27.63E-18,-33.42E-18,-35.75E-18,-38.79E-18
9.810E6,-27.63E-18,-33.42E-18,-35.75E-18,-38.79E-18
9.811E6,-27.63E-18,-33.42E-18,-35.75E-18,-38.79E-18
9.812E6,-27.63E-18,-33.42E-18,-35.75E-18,-38.79E-18
9.813E6,-27.63E-18,-33.42E-18,-35.75E-18,-38.79E-18
9.814E6,-27.63E-18,-33.42E-18,-35.75E-18,-38.79E-18
9.815E6,-27.63E-18,-33.42E-18,-35.75E-18,-38.79E-18
9.816E6,-27.63E-18,-33.42E-18,-35.75E-18,-38.79E-18
9.817E6,-27.63E-18,-33.42E-18,-35.75E-18,-38.79E-18
9.818E6,-27.63E-18,-33.42E-18,-35.75E-18,-38.79E-18
9.819E6,-27.63E-18,-33.42E-18,-35.75E-18,-38.79E-18
9.820E6,-27.63E-18,-33.42E-18,-35.75E-18,-38.79E-18
9.821E6,-27.63E-18,-33.42E-18,-35.75E-18,-38.79E-18
9.822E6,-27.63E-18,-33.42E-18,-35.75E-18,-38.79E-18
9.823E6,-27.63E-18,-33.42E-18,-35.75E-18,-38.79E-18
9.824E6,-27.63E-18,-33.42E-18,-35.75E-18,-38.79E-18
9.825E6,-27.63E-18,-33.42E-18,-35.75E-18,-38.79E-18
9.826E6,-27.63E-18,-33.42E-18,-35.75E-18,-38.79E-18
9.827E6,-27.63E-18,-33.42E-18,-35.75E-18,-38.79E-18
9.828E6,-27.63E-18,-33.42E-18,-35.75E-18,-38.79E-18
9.829E6,-27.63E-18,-33.42E-18,-35.75E-18,-38.79E-18
9.830E6,-27.63E-18,-33.42E-18,-35.75E-18,-38.79E-18
9.831E6,-27.63E-18,-33.42E-18,-35.75E-18,-38.79E-18
9.832E6,-27.63E-18,-33.42E-18,-35.75E-18,-38.79E-18
9.833E6,-27.63E-18,-33.42E-18,-35.75E-18,-38.79E-18
9.834E6,-27.63E-18,-33.42E-18,-35.75E-18,-38.79E-18
9.835E6,-27.63E-18,-33.42E-18,-35.75E-18,-38.79E-18
9.836E6,-27.63E-18,-33.42E-18,-35.75E-18,-38.79E-18
9.837E6,-27.63E-18,-33.42E-18,-35.75E-18,-38.79E-18
9.838E6,-27.63E-18,-33.42E-18,-35.75E-18,-38.79E-18
9.839E6,-27.63E-18,-33.42E-18,-35.75E-18,-38.79E-18
9.840E6,-27.63E-18,-33.42E-18,-35.75E-18,-38.79E-18
9.841E6,-27.63E-18,-33.42E-18,-35.75E-18,-38.79E-18
9.842E6,-27.63E-18,-33.42E-18,-35.75E-18,-38.79E-18
9.843E6,-27.63E-18,-33.42E-18,-35.75E-18,-38.79E-18
9.844E6,-27.63E-18,-33.42E-18,-35.75E-18,-38.79E-18
9.845E6,-27.63E-18,-33.42E-18,-35.75E-18,-38.79E-18
9.846E6,-27.63E-18,-33.42E-18,-35.75E-18,-38.79E-18
9.847E6,-27.63E-18,-33.42E-18,-35.75E-18,-38.79E-18
9.848E6,-27.63E-18,-33.42E-18,-35.75E-18,-38.79E-18
9.849E6,-27.63E-18,-33.42E-18,-35.75E-18,-38.79E-18
9.850E6,-27.63E-18,-33.42E-18,-35.75E-18,-38.79E-18
9.851E6,-27.63E-18,-33.42E-18,-35.75E-18,-38.79E-18
9.852E6,-27.63E-18,-33.42E-18,-35.75E-18,-38.79E-18
9.853E6,-27.63E-18,-33.42E-18,-35.75E-18,-38.79E-18
9.854E6,-27.63E-18,-33.42E-18,-35.75E-18,-38.79E-18
9.855E6,-27.63E-18,-33.42E-18,-35.75E-18,-38.79E-18
9.856E6,-27.63E-18,-33.42E-18,-35.75E-18,-38.79E-18
9.857E6,-27.63E-18,-33.42E-18,-35.75E-18,-38.79E-18
9.858E6,-27.63E-18,-33.42E-18,-35.75E-18,-38.79E-18
9.859E6,-27.63E-18,-33.42E-18,-35.75E-18,-38.79E-18
9.860E6,-27.63E-18,-33.42E-18,-35.75E-18,-38.79E-18
9.861E6,-27.63E-18,-33.42E-18,-35.75E-18,-38.79E-18
9.862E6,-27.63E-18,-33.42E-18,-35.75E-18,-38.79E-18
9.863E6,-27.63E-18,-33.42E-18,-35.75E-18,-38.79E-18
9.864E6,-27.63E-18,-33.42E-18,-35.75E-18,-38.79E-18
9.865E6,-27.63E-18,-33.42E-18,-35.75E-18,-38.79E-18
9.866E6,-27.63E-18,-33.42E-18,-35.75E-18,-38.79E-18
9.867E6,-27.63E-18,-33.42E-18,-35.75E-18,-38.79E-18
9.868E6,-27.63E-18,-33.42E-18,-35.75E-18,-38.79E-18
9.869E6,-27.63E-18,-33.42E-18,-35.75E-18,-38.79E-18
9.870E6,-27.63E-18,-33.42E-18,-35.75E-18,-38.79E-18
9.871E6,-27.63E-18,-33.42E-18,-35.75E-18,-38.79E-18
9.872E6,-27.63E-18,-33.42E-18,-35.75E-18,-38.79E-18
9.873E6,-27.63E-18,-33.42E-18,-35.75E-18,-38.79E-18
9.874E6,-27.63E-18,-33.42E-18,-35.75E-18,-38.79E-18
9.875E6,-27.63E-18,-33.42E-18,-35.75E-18,-38.79E-18
9.876E6,-27.63E-18,-33.42E-18,-35.75E-18,-38.79E-18
9.877E6,-27.63E-18,-33.42E-18,-35.75E-18,-38.79E-18
9.878E6,-27.63E-18,-33.42E-18,-35.75E-18,-38.79E-18
9.879E6,-27.63E-18,-33.42E-18,-35.75E-18,-38.79E-18
9.880E6,-27.63E-18,-33.42E-18,-35.75E-18,-38.79E-18
9.881E6,-27.63E-18,-33.42E-18,-35.75E-18,-38.79E-18
9.882E6,-27.63E-18,-33.42E-18,-35.75E-18,-38.79E-18
9.883E6,-27.63E-18,-33.42E-18,-35.75E-18,-38.79E-18
9.884E6,-27.63E-18,-33.42E-18,-35.75E-18,-38.79E-18
9.885E6,-27.63E-18,-33.42E-18,-35.75E-18,-38.79E-18
9.886E6,-27.63E-18,-33.42E-18,-35.75E-18,-38.79E-18
9.887E6,-27.63E-18,-33.42E-18,-35.75E-18,-38.79E-18
9.888E6,-27.63E-18,-33.42E-18,-35.75E-18,-38.79E-18
9.889E6,-27.63E-18,-33.42E-18,-35.75E-18,-38.79E-18
9.890E6,-27.63E-18,-33.42E-18,-35.75E-18,-38.79E-18
9.891E6,-27.63E-18,-33.42E-18,-35.75E-18,-38.79E-18
9.892E6,-27.63E-18,-33.42E-18,-35.75E-18,-38.79E-18
9.893E6,-27.63E-18,-33.42E-18,-35.75E-18,-38.79E-18
9.894E6,-27.63E-18,-33.42E-18,-35.75E-18,-38.79E-18
9.895E6,-27.63E-18,-33.42E-18,-35.75E-18,-38.79E-18
9.896E6,-27.63E-18,-33.42E-18,-35.75E-18,-38.79E-18
9.897E6,-27.63E-18,-33.42E-18,-35.75E-18,-38.79E-18
9.898E6,-27.63E-18,-33.42E-18,-35.75E-18,-38.79E-18
9.899E6,-27.63E-18,-33.42E-18,-35.75E-18,-38.79E-18
9.900E6,-27.63E-18,-33.42E-18,-35.75E-18,-38.79E-18
9.901E6,-27.63E-18,-33.42E-18,-35.75E-18,-38.79E-18
9.902E6,-27.63E-18,-33.42E-18,-35.75E-18,-38.79E-18
9.903E6,-27.63E-18,-33.42E-18,-35.75E-18,-38.79E-18
9.904E6,-27.63E-18,-33.42E-18,-35.75E-18,-38.79E-18
9.905E6,-27.63E-18,-33.42E-18,-35.75E-18,-38.79E-18
9.906E6,-27.63E-18,-33.42E-18,-35.75E-18,-38.79E-18
9.907E6,-27.63E-18,-33.42E-18,-35.75E-18,-38.79E-18
9.908E6,-27.63E-18,-33.42E-18,-35.75E-18,-38.79E-18
9.909E6,-27.63E-18,-33.42E-18,-35.75E-18,-38.79E-18
9.910E6,-27.63E-18,-33.42E-18,-35.75E-18,-38.79E-18
9.911E6,-27.63E-18,-33.42E-18,-35.75E-18,-38.79E-18
9.912E6,-27.63E-18,-33.42E-18,-35.75E-18,-38.79E-18
9.913E6,-27.63E-18,-33.42E-18,-35.75E-18,-38.79E-18
9.914E6,-27.63E-18,-33.42E-18,-35.75E-18,-38.79E-18
9.915E6,-27.63E-18,-33.42E-18,-35.75E-18,-38.79E-18
9.916E6,-27.63E-18,-33.42E-18,-35.75E-18,-38.79E-18
9.917E6,-27.63E-18,-33.42E-18,-35.75E-18,-38.79E-18
9.918E6,-27.63E-18,-33.42E-18,-35.75E-18,-38.79E-18
9.919E6,-27.63E-18,-33.42E-18,-35.75E-18,-38.79E-18
9.920E6,-27.63E-18,-33.42E-18,-35.75E-18,-38.79E-18
9.921E6,-27.63E-18,-33.42E-18,-35.75E-18,-38.79E-18
9.922E6,-27.63E-18,-33.42E-18,-35.75E-18,-38.79E-18
9.923E6,-27.63E-18,-33.42E-18,-35.75E-18,-38.79E-18
9.924E6,-27.63E-18,-33.42E-18,-35.75E-18,-38.79E-18
9.925E6,-27.63E-18,-33.42E-18,-35.75E-18,-38.79E-18
9.926E6,-27.63E-18,-33.42E-18,-35.75E-18,-38.79E-18
9.927E6,-27.63E-18,-33.42E-18,-35.75E-18,-38.79E-18
9.928E6,-27.63E-18,-33.42E-18,-35.75E-18,-38.79E-18
9.929E6,-27.63E-18,-33.42E-18,-35.75E-18,-38.79E-18
9.930E6,-27.63E-18,-33.42E-18,-35.75E-18,-38.79E-18
9.931E6,-27.63E-18,-33.42E-18,-35.75E-18,-38.79E-18
9.932E6,-27.63E-18,-33.42E-18,-35.75E-18,-38.79E-18
9.933E6,-27.63E-18,-33.42E-18,-35.75E-18,-38.79E-18
9.934E6,-27.63E-18,-33.42E-18,-35.75E-18,-38.79E-18
9.935E6,-27.63E-18,-33.42E-18,-35.75E-18,-38.79E-18
9.936E6,-27.63E-18,-33.42E-18,-35.75E-18,-38.79E-18
9.937E6,-27.63E-18,-33.42E-18,-35.75E-18,-38.79E-18
9.938E6,-27.63E-18,-33.42E-18,-35.75E-18,-38.79E-18
9.939E6,-27.63E-18,-33.42E-18,-35.75E-18,-38.79E-18
9.940E6,-27.63E-18,-33.42E-18,-35.75E-18,-38.79E-18
9.941E6,-27.63E-18,-33.42E-18,-35.75E-18,-38.79E-18
9.942E6,-27.63E-18,-33.42E-18,-35.75E-18,-38.79E-18
9.943E6,-27.63E-18,-33.42E-18,-35.75E-18,-38.79E-18
9.944E6,-27.63E-18,-33.42E-18,-35.75E-18,-38.79E-18
9.945E6,-27.63E-18,-33.42E-18,-35.75E-18,-38.79E-18
9.946E6,-27.63E-18,-33.42E-18,-35.75E-18,-38.79E-18
9.947E6,-27.63E-18,-33.42E-18,-35.75E-18,-38.79E-18
9.948E6,-27.63E-18,-33.42E-18,-35.75E-18,-38.79E-18
9.949E6,-27.63E-18,-33.42E-18,-35.75E-18,-38.79E-18
9.950E6,-27.63E-18,-33.42E-18,-35.75E-18,-38.79E-18
9.951E6,-27.63E-18,-33.42E-18,-35.75E-18,-38.79E-18
9.952E6,-27.63E-18,-33.42E-18,-35.75E-18,-38.79E-18
9.953E6,-27.63E-18,-33.42E-18,-35.75E-18,-38.79E-18
9.954E6,-27.63E-18,-33.42E-18,-35.75E-18,-38.79E-18
9.955E6,-27.63E-18,-33.42E-18,-35.75E-18,-38.79E-18
9.956E6,-27.63E-18,-33.42E-18,-35.75E-18,-38.79E-18
9.957E6,-27.63E-18,-33.42E-18,-35.75E-18,-38.79E-18
9.958E6,-27.63E-18,-33.42E-18,-35.75E-18,-38.79E-18
9.959E6,-27.63E-18,-33.42E-18,-35.75E-18,-38.79E-18
9.960E6,-27.63E-18,-33.42E-18,-35.75E-18,-38.79E-18
9.961E6,-27.63E-18,-33.42E-18,-35.75E-18,-38.79E-18
9.962E6,-27.63E-18,-33.42E-18,-35.75E-18,-38.79E-18
9.963E6,-27.63E-18,-33.42E-18,-35.75E-18,-38.79E-18
9.964E6,-27.63E-18,-33.42E-18,-35.75E-18,-38.79E-18
9.965E6,-27.63E-18,-33.42E-18,-35.75E-18,-38.79E-18
9.966E6,-27.63E-18,-33.42E-18,-35.75E-18,-38.79E-18
9.967E6,-27.63E-18,-33.42E-18,-35.75E-18,-38.79E-18
9.968E6,-27.63E-18,-33.42E-18,-35.75E-18,-38.79E-18
9.969E6,-27.63E-18,-33.42E-18,-35.75E-18,-38.79E-18
9.970E6,-27.63E-18,-33.42E-18,-35.75E-18,-38.79E-18
9.971E6,-27.63E-18,-33.42E-18,-35.75E-18,-38.79E-18
9.972E6,-27.63E-18,-33.42E-18,-35.75E-18,-38.79E-18
9.973E6,-27.63E-18,-33.42E-18,-35.75E-18,-38.79E-18
9.974E6,-27.63E-18,-33.42E-18,-35.75E-18,-38.79E-18
9.975E6,-27.63E-18,-33.42E-18,-35.75E-18,-38.79E-18
9.976E6,-27.63E-18,-33.42E-18,-35.75E-18,-38.79E-18
9.977E6,-27.63E-18,-33.42E-18,-35.75E-18,-38.79E-18
9.978E6,-27.63E-18,-33.42E-18,-35.75E-18,-38.79E-18
9.979E6,-27.63E-18,-33.42E-18,-35.75E-18,-38.79E-18
9.980E6,-27.63E-18,-33.42E-18,-35.75E-18,-38.79E-18
9.981E6,-27.63E-18,-33.42E-18,-35.75E-18,-38.79E-18
9.982E6,-27.63E-18,-33.42E-18,-35.75E-18,-38.79E-18
9.983E6,-27.63E-18,-33.42E-18,-35.75E-18,-38.79E-18
9.984E6,-27.63E-18,-33.42E-18,-35.75E-18,-38.79E-18
9.985E6,-27.63E-18,-33.42E-18,-35.75E-18,-38.79E-18
9.986E6,-27.63E-18,-33.42E-18,-35.75E-18,-38.79E-18
9.987E6,-27.63E-18,-33.42E-18,-35.75E-18,-38.79E-18
9.988E6,-27.63E-18,-33.42E-18,-35.75E-18,-38.79E-18
9.989E6,-27.63E-18,-33.42E-18,-35.75E-18,-38.79E-18
9.990E6,-27.63E-18,-33.42E-18,-35.75E-18,-38.79E-18
9.991E6,-27.63E-18,-33.42E-18,-35.75E-18,-38.79E-18
9.992E6,-27.63E-18,-33.42E-18,-35.75E-18,-38.79E-18
9.993E6,-27.63E-18,-33.42E-18,-35.75E-18,-38.79E-18
9.994E6,-27.63E-18,-33.42E-18,-35.75E-18,-38.79E-18
9.995E6,-27.63E-18,-33.42E-18,-35.75E-18,-38.79E-18
9.996E6,-27.63E-18,-33.42E-18,-35.75E-18,-38.79E-18
9.997E6,-27.63E-18,-33.42E-18,-35.75E-18,-38.79E-18
9.998E6,-27.63E-18,-33.42E-18,-35.75E-18,-38.79E-18
9.999E6,-27.63E-18,-33.42E-18,-35.75E-18,-38.79E-18
10.00E6,-27.63E-18,-33.42E-18,-35.75E-18,-38.79E-18
