freq,imag(leafValue( i("PORT0:p" ?result "sweepVG_ac1-sweep") "VG_VAL" 0.2 )),imag(leafValue( i("PORT0:p" ?result "sweepVG_ac1-sweep") "VG_VAL" 0.4 )),imag(leafValue( i("PORT0:p" ?result "sweepVG_ac1-sweep") "VG_VAL" 0.6 )),imag(leafValue( i("PORT0:p" ?result "sweepVG_ac1-sweep") "VG_VAL" 0.8 ))
100.0,-19.71E-18,-20.65E-18,-25.04E-18,-26.22E-18
1.100E3,-216.8E-18,-227.1E-18,-275.5E-18,-288.4E-18
2.100E3,-414.0E-18,-433.6E-18,-525.9E-18,-550.7E-18
3.100E3,-611.1E-18,-640.1E-18,-776.3E-18,-812.9E-18
4.100E3,-808.3E-18,-846.6E-18,-1.027E-15,-1.075E-15
5.100E3,-1.005E-15,-1.053E-15,-1.277E-15,-1.337E-15
6.100E3,-1.203E-15,-1.260E-15,-1.528E-15,-1.600E-15
7.100E3,-1.400E-15,-1.466E-15,-1.778E-15,-1.862E-15
8.100E3,-1.597E-15,-1.673E-15,-2.028E-15,-2.124E-15
9.100E3,-1.794E-15,-1.879E-15,-2.279E-15,-2.386E-15
10.10E3,-1.991E-15,-2.086E-15,-2.529E-15,-2.648E-15
11.10E3,-2.188E-15,-2.292E-15,-2.780E-15,-2.911E-15
12.10E3,-2.385E-15,-2.499E-15,-3.030E-15,-3.173E-15
13.10E3,-2.582E-15,-2.705E-15,-3.281E-15,-3.435E-15
14.10E3,-2.780E-15,-2.911E-15,-3.531E-15,-3.697E-15
15.10E3,-2.977E-15,-3.118E-15,-3.781E-15,-3.959E-15
16.10E3,-3.174E-15,-3.324E-15,-4.032E-15,-4.222E-15
17.10E3,-3.371E-15,-3.531E-15,-4.282E-15,-4.484E-15
18.10E3,-3.568E-15,-3.737E-15,-4.533E-15,-4.746E-15
19.10E3,-3.765E-15,-3.944E-15,-4.783E-15,-5.008E-15
20.10E3,-3.962E-15,-4.150E-15,-5.034E-15,-5.271E-15
21.10E3,-4.160E-15,-4.357E-15,-5.284E-15,-5.533E-15
22.10E3,-4.357E-15,-4.563E-15,-5.534E-15,-5.795E-15
23.10E3,-4.554E-15,-4.770E-15,-5.785E-15,-6.057E-15
24.10E3,-4.751E-15,-4.976E-15,-6.035E-15,-6.319E-15
25.10E3,-4.948E-15,-5.183E-15,-6.286E-15,-6.582E-15
26.10E3,-5.145E-15,-5.389E-15,-6.536E-15,-6.844E-15
27.10E3,-5.342E-15,-5.596E-15,-6.787E-15,-7.106E-15
28.10E3,-5.540E-15,-5.802E-15,-7.037E-15,-7.368E-15
29.10E3,-5.737E-15,-6.009E-15,-7.287E-15,-7.630E-15
30.10E3,-5.934E-15,-6.215E-15,-7.538E-15,-7.893E-15
31.10E3,-6.131E-15,-6.422E-15,-7.788E-15,-8.155E-15
32.10E3,-6.328E-15,-6.628E-15,-8.039E-15,-8.417E-15
33.10E3,-6.525E-15,-6.835E-15,-8.289E-15,-8.679E-15
34.10E3,-6.722E-15,-7.041E-15,-8.540E-15,-8.942E-15
35.10E3,-6.919E-15,-7.248E-15,-8.790E-15,-9.204E-15
36.10E3,-7.117E-15,-7.454E-15,-9.040E-15,-9.466E-15
37.10E3,-7.314E-15,-7.661E-15,-9.291E-15,-9.728E-15
38.10E3,-7.511E-15,-7.867E-15,-9.541E-15,-9.990E-15
39.10E3,-7.708E-15,-8.074E-15,-9.792E-15,-10.25E-15
40.10E3,-7.905E-15,-8.280E-15,-10.04E-15,-10.51E-15
41.10E3,-8.102E-15,-8.487E-15,-10.29E-15,-10.78E-15
42.10E3,-8.299E-15,-8.693E-15,-10.54E-15,-11.04E-15
43.10E3,-8.497E-15,-8.900E-15,-10.79E-15,-11.30E-15
44.10E3,-8.694E-15,-9.106E-15,-11.04E-15,-11.56E-15
45.10E3,-8.891E-15,-9.313E-15,-11.29E-15,-11.83E-15
46.10E3,-9.088E-15,-9.519E-15,-11.54E-15,-12.09E-15
47.10E3,-9.285E-15,-9.726E-15,-11.80E-15,-12.35E-15
48.10E3,-9.482E-15,-9.932E-15,-12.05E-15,-12.61E-15
49.10E3,-9.679E-15,-10.14E-15,-12.30E-15,-12.87E-15
50.10E3,-9.877E-15,-10.35E-15,-12.55E-15,-13.14E-15
51.10E3,-10.07E-15,-10.55E-15,-12.80E-15,-13.40E-15
52.10E3,-10.27E-15,-10.76E-15,-13.05E-15,-13.66E-15
53.10E3,-10.47E-15,-10.96E-15,-13.30E-15,-13.92E-15
54.10E3,-10.67E-15,-11.17E-15,-13.55E-15,-14.19E-15
55.10E3,-10.86E-15,-11.38E-15,-13.80E-15,-14.45E-15
56.10E3,-11.06E-15,-11.58E-15,-14.05E-15,-14.71E-15
57.10E3,-11.26E-15,-11.79E-15,-14.30E-15,-14.97E-15
58.10E3,-11.45E-15,-12.00E-15,-14.55E-15,-15.23E-15
59.10E3,-11.65E-15,-12.20E-15,-14.80E-15,-15.50E-15
60.10E3,-11.85E-15,-12.41E-15,-15.05E-15,-15.76E-15
61.10E3,-12.05E-15,-12.62E-15,-15.30E-15,-16.02E-15
62.10E3,-12.24E-15,-12.82E-15,-15.55E-15,-16.28E-15
63.10E3,-12.44E-15,-13.03E-15,-15.80E-15,-16.55E-15
64.10E3,-12.64E-15,-13.24E-15,-16.05E-15,-16.81E-15
65.10E3,-12.83E-15,-13.44E-15,-16.30E-15,-17.07E-15
66.10E3,-13.03E-15,-13.65E-15,-16.55E-15,-17.33E-15
67.10E3,-13.23E-15,-13.86E-15,-16.80E-15,-17.59E-15
68.10E3,-13.42E-15,-14.06E-15,-17.05E-15,-17.86E-15
69.10E3,-13.62E-15,-14.27E-15,-17.30E-15,-18.12E-15
70.10E3,-13.82E-15,-14.47E-15,-17.55E-15,-18.38E-15
71.10E3,-14.02E-15,-14.68E-15,-17.81E-15,-18.64E-15
72.10E3,-14.21E-15,-14.89E-15,-18.06E-15,-18.91E-15
73.10E3,-14.41E-15,-15.09E-15,-18.31E-15,-19.17E-15
74.10E3,-14.61E-15,-15.30E-15,-18.56E-15,-19.43E-15
75.10E3,-14.80E-15,-15.51E-15,-18.81E-15,-19.69E-15
76.10E3,-15.00E-15,-15.71E-15,-19.06E-15,-19.95E-15
77.10E3,-15.20E-15,-15.92E-15,-19.31E-15,-20.22E-15
78.10E3,-15.40E-15,-16.13E-15,-19.56E-15,-20.48E-15
79.10E3,-15.59E-15,-16.33E-15,-19.81E-15,-20.74E-15
80.10E3,-15.79E-15,-16.54E-15,-20.06E-15,-21.00E-15
81.10E3,-15.99E-15,-16.75E-15,-20.31E-15,-21.27E-15
82.10E3,-16.18E-15,-16.95E-15,-20.56E-15,-21.53E-15
83.10E3,-16.38E-15,-17.16E-15,-20.81E-15,-21.79E-15
84.10E3,-16.58E-15,-17.37E-15,-21.06E-15,-22.05E-15
85.10E3,-16.78E-15,-17.57E-15,-21.31E-15,-22.31E-15
86.10E3,-16.97E-15,-17.78E-15,-21.56E-15,-22.58E-15
87.10E3,-17.17E-15,-17.99E-15,-21.81E-15,-22.84E-15
88.10E3,-17.37E-15,-18.19E-15,-22.06E-15,-23.10E-15
89.10E3,-17.56E-15,-18.40E-15,-22.31E-15,-23.36E-15
90.10E3,-17.76E-15,-18.60E-15,-22.56E-15,-23.63E-15
91.10E3,-17.96E-15,-18.81E-15,-22.81E-15,-23.89E-15
92.10E3,-18.16E-15,-19.02E-15,-23.06E-15,-24.15E-15
93.10E3,-18.35E-15,-19.22E-15,-23.31E-15,-24.41E-15
94.10E3,-18.55E-15,-19.43E-15,-23.57E-15,-24.67E-15
95.10E3,-18.75E-15,-19.64E-15,-23.82E-15,-24.94E-15
96.10E3,-18.94E-15,-19.84E-15,-24.07E-15,-25.20E-15
97.10E3,-19.14E-15,-20.05E-15,-24.32E-15,-25.46E-15
98.10E3,-19.34E-15,-20.26E-15,-24.57E-15,-25.72E-15
99.10E3,-19.54E-15,-20.46E-15,-24.82E-15,-25.99E-15
100.1E3,-19.73E-15,-20.67E-15,-25.07E-15,-26.25E-15
101.1E3,-19.93E-15,-20.88E-15,-25.32E-15,-26.51E-15
102.1E3,-20.13E-15,-21.08E-15,-25.57E-15,-26.77E-15
103.1E3,-20.32E-15,-21.29E-15,-25.82E-15,-27.03E-15
104.1E3,-20.52E-15,-21.50E-15,-26.07E-15,-27.30E-15
105.1E3,-20.72E-15,-21.70E-15,-26.32E-15,-27.56E-15
106.1E3,-20.92E-15,-21.91E-15,-26.57E-15,-27.82E-15
107.1E3,-21.11E-15,-22.11E-15,-26.82E-15,-28.08E-15
108.1E3,-21.31E-15,-22.32E-15,-27.07E-15,-28.35E-15
109.1E3,-21.51E-15,-22.53E-15,-27.32E-15,-28.61E-15
110.1E3,-21.70E-15,-22.73E-15,-27.57E-15,-28.87E-15
111.1E3,-21.90E-15,-22.94E-15,-27.82E-15,-29.13E-15
112.1E3,-22.10E-15,-23.15E-15,-28.07E-15,-29.39E-15
113.1E3,-22.30E-15,-23.35E-15,-28.32E-15,-29.66E-15
114.1E3,-22.49E-15,-23.56E-15,-28.57E-15,-29.92E-15
115.1E3,-22.69E-15,-23.77E-15,-28.82E-15,-30.18E-15
116.1E3,-22.89E-15,-23.97E-15,-29.07E-15,-30.44E-15
117.1E3,-23.08E-15,-24.18E-15,-29.33E-15,-30.71E-15
118.1E3,-23.28E-15,-24.39E-15,-29.58E-15,-30.97E-15
119.1E3,-23.48E-15,-24.59E-15,-29.83E-15,-31.23E-15
120.1E3,-23.68E-15,-24.80E-15,-30.08E-15,-31.49E-15
121.1E3,-23.87E-15,-25.01E-15,-30.33E-15,-31.75E-15
122.1E3,-24.07E-15,-25.21E-15,-30.58E-15,-32.02E-15
123.1E3,-24.27E-15,-25.42E-15,-30.83E-15,-32.28E-15
124.1E3,-24.46E-15,-25.63E-15,-31.08E-15,-32.54E-15
125.1E3,-24.66E-15,-25.83E-15,-31.33E-15,-32.80E-15
126.1E3,-24.86E-15,-26.04E-15,-31.58E-15,-33.07E-15
127.1E3,-25.06E-15,-26.24E-15,-31.83E-15,-33.33E-15
128.1E3,-25.25E-15,-26.45E-15,-32.08E-15,-33.59E-15
129.1E3,-25.45E-15,-26.66E-15,-32.33E-15,-33.85E-15
130.1E3,-25.65E-15,-26.86E-15,-32.58E-15,-34.11E-15
131.1E3,-25.84E-15,-27.07E-15,-32.83E-15,-34.38E-15
132.1E3,-26.04E-15,-27.28E-15,-33.08E-15,-34.64E-15
133.1E3,-26.24E-15,-27.48E-15,-33.33E-15,-34.90E-15
134.1E3,-26.44E-15,-27.69E-15,-33.58E-15,-35.16E-15
135.1E3,-26.63E-15,-27.90E-15,-33.83E-15,-35.43E-15
136.1E3,-26.83E-15,-28.10E-15,-34.08E-15,-35.69E-15
137.1E3,-27.03E-15,-28.31E-15,-34.33E-15,-35.95E-15
138.1E3,-27.22E-15,-28.52E-15,-34.58E-15,-36.21E-15
139.1E3,-27.42E-15,-28.72E-15,-34.83E-15,-36.47E-15
140.1E3,-27.62E-15,-28.93E-15,-35.08E-15,-36.74E-15
141.1E3,-27.82E-15,-29.14E-15,-35.34E-15,-37.00E-15
142.1E3,-28.01E-15,-29.34E-15,-35.59E-15,-37.26E-15
143.1E3,-28.21E-15,-29.55E-15,-35.84E-15,-37.52E-15
144.1E3,-28.41E-15,-29.76E-15,-36.09E-15,-37.79E-15
145.1E3,-28.60E-15,-29.96E-15,-36.34E-15,-38.05E-15
146.1E3,-28.80E-15,-30.17E-15,-36.59E-15,-38.31E-15
147.1E3,-29.00E-15,-30.37E-15,-36.84E-15,-38.57E-15
148.1E3,-29.20E-15,-30.58E-15,-37.09E-15,-38.83E-15
149.1E3,-29.39E-15,-30.79E-15,-37.34E-15,-39.10E-15
150.1E3,-29.59E-15,-30.99E-15,-37.59E-15,-39.36E-15
151.1E3,-29.79E-15,-31.20E-15,-37.84E-15,-39.62E-15
152.1E3,-29.98E-15,-31.41E-15,-38.09E-15,-39.88E-15
153.1E3,-30.18E-15,-31.61E-15,-38.34E-15,-40.15E-15
154.1E3,-30.38E-15,-31.82E-15,-38.59E-15,-40.41E-15
155.1E3,-30.58E-15,-32.03E-15,-38.84E-15,-40.67E-15
156.1E3,-30.77E-15,-32.23E-15,-39.09E-15,-40.93E-15
157.1E3,-30.97E-15,-32.44E-15,-39.34E-15,-41.19E-15
158.1E3,-31.17E-15,-32.65E-15,-39.59E-15,-41.46E-15
159.1E3,-31.36E-15,-32.85E-15,-39.84E-15,-41.72E-15
160.1E3,-31.56E-15,-33.06E-15,-40.09E-15,-41.98E-15
161.1E3,-31.76E-15,-33.27E-15,-40.34E-15,-42.24E-15
162.1E3,-31.96E-15,-33.47E-15,-40.59E-15,-42.51E-15
163.1E3,-32.15E-15,-33.68E-15,-40.84E-15,-42.77E-15
164.1E3,-32.35E-15,-33.88E-15,-41.10E-15,-43.03E-15
165.1E3,-32.55E-15,-34.09E-15,-41.35E-15,-43.29E-15
166.1E3,-32.74E-15,-34.30E-15,-41.60E-15,-43.55E-15
167.1E3,-32.94E-15,-34.50E-15,-41.85E-15,-43.82E-15
168.1E3,-33.14E-15,-34.71E-15,-42.10E-15,-44.08E-15
169.1E3,-33.34E-15,-34.92E-15,-42.35E-15,-44.34E-15
170.1E3,-33.53E-15,-35.12E-15,-42.60E-15,-44.60E-15
171.1E3,-33.73E-15,-35.33E-15,-42.85E-15,-44.87E-15
172.1E3,-33.93E-15,-35.54E-15,-43.10E-15,-45.13E-15
173.1E3,-34.12E-15,-35.74E-15,-43.35E-15,-45.39E-15
174.1E3,-34.32E-15,-35.95E-15,-43.60E-15,-45.65E-15
175.1E3,-34.52E-15,-36.16E-15,-43.85E-15,-45.91E-15
176.1E3,-34.72E-15,-36.36E-15,-44.10E-15,-46.18E-15
177.1E3,-34.91E-15,-36.57E-15,-44.35E-15,-46.44E-15
178.1E3,-35.11E-15,-36.78E-15,-44.60E-15,-46.70E-15
179.1E3,-35.31E-15,-36.98E-15,-44.85E-15,-46.96E-15
180.1E3,-35.50E-15,-37.19E-15,-45.10E-15,-47.23E-15
181.1E3,-35.70E-15,-37.40E-15,-45.35E-15,-47.49E-15
182.1E3,-35.90E-15,-37.60E-15,-45.60E-15,-47.75E-15
183.1E3,-36.10E-15,-37.81E-15,-45.85E-15,-48.01E-15
184.1E3,-36.29E-15,-38.01E-15,-46.10E-15,-48.27E-15
185.1E3,-36.49E-15,-38.22E-15,-46.35E-15,-48.54E-15
186.1E3,-36.69E-15,-38.43E-15,-46.60E-15,-48.80E-15
187.1E3,-36.88E-15,-38.63E-15,-46.86E-15,-49.06E-15
188.1E3,-37.08E-15,-38.84E-15,-47.11E-15,-49.32E-15
189.1E3,-37.28E-15,-39.05E-15,-47.36E-15,-49.59E-15
190.1E3,-37.48E-15,-39.25E-15,-47.61E-15,-49.85E-15
191.1E3,-37.67E-15,-39.46E-15,-47.86E-15,-50.11E-15
192.1E3,-37.87E-15,-39.67E-15,-48.11E-15,-50.37E-15
193.1E3,-38.07E-15,-39.87E-15,-48.36E-15,-50.63E-15
194.1E3,-38.26E-15,-40.08E-15,-48.61E-15,-50.90E-15
195.1E3,-38.46E-15,-40.29E-15,-48.86E-15,-51.16E-15
196.1E3,-38.66E-15,-40.49E-15,-49.11E-15,-51.42E-15
197.1E3,-38.86E-15,-40.70E-15,-49.36E-15,-51.68E-15
198.1E3,-39.05E-15,-40.91E-15,-49.61E-15,-51.94E-15
199.1E3,-39.25E-15,-41.11E-15,-49.86E-15,-52.21E-15
200.1E3,-39.45E-15,-41.32E-15,-50.11E-15,-52.47E-15
201.1E3,-39.64E-15,-41.52E-15,-50.36E-15,-52.73E-15
202.1E3,-39.84E-15,-41.73E-15,-50.61E-15,-52.99E-15
203.1E3,-40.04E-15,-41.94E-15,-50.86E-15,-53.26E-15
204.1E3,-40.24E-15,-42.14E-15,-51.11E-15,-53.52E-15
205.1E3,-40.43E-15,-42.35E-15,-51.36E-15,-53.78E-15
206.1E3,-40.63E-15,-42.56E-15,-51.61E-15,-54.04E-15
207.1E3,-40.83E-15,-42.76E-15,-51.86E-15,-54.30E-15
208.1E3,-41.02E-15,-42.97E-15,-52.11E-15,-54.57E-15
209.1E3,-41.22E-15,-43.18E-15,-52.36E-15,-54.83E-15
210.1E3,-41.42E-15,-43.38E-15,-52.61E-15,-55.09E-15
211.1E3,-41.62E-15,-43.59E-15,-52.87E-15,-55.35E-15
212.1E3,-41.81E-15,-43.80E-15,-53.12E-15,-55.62E-15
213.1E3,-42.01E-15,-44.00E-15,-53.37E-15,-55.88E-15
214.1E3,-42.21E-15,-44.21E-15,-53.62E-15,-56.14E-15
215.1E3,-42.40E-15,-44.42E-15,-53.87E-15,-56.40E-15
216.1E3,-42.60E-15,-44.62E-15,-54.12E-15,-56.66E-15
217.1E3,-42.80E-15,-44.83E-15,-54.37E-15,-56.93E-15
218.1E3,-43.00E-15,-45.04E-15,-54.62E-15,-57.19E-15
219.1E3,-43.19E-15,-45.24E-15,-54.87E-15,-57.45E-15
220.1E3,-43.39E-15,-45.45E-15,-55.12E-15,-57.71E-15
221.1E3,-43.59E-15,-45.65E-15,-55.37E-15,-57.98E-15
222.1E3,-43.78E-15,-45.86E-15,-55.62E-15,-58.24E-15
223.1E3,-43.98E-15,-46.07E-15,-55.87E-15,-58.50E-15
224.1E3,-44.18E-15,-46.27E-15,-56.12E-15,-58.76E-15
225.1E3,-44.38E-15,-46.48E-15,-56.37E-15,-59.02E-15
226.1E3,-44.57E-15,-46.69E-15,-56.62E-15,-59.29E-15
227.1E3,-44.77E-15,-46.89E-15,-56.87E-15,-59.55E-15
228.1E3,-44.97E-15,-47.10E-15,-57.12E-15,-59.81E-15
229.1E3,-45.16E-15,-47.31E-15,-57.37E-15,-60.07E-15
230.1E3,-45.36E-15,-47.51E-15,-57.62E-15,-60.34E-15
231.1E3,-45.56E-15,-47.72E-15,-57.87E-15,-60.60E-15
232.1E3,-45.76E-15,-47.93E-15,-58.12E-15,-60.86E-15
233.1E3,-45.95E-15,-48.13E-15,-58.37E-15,-61.12E-15
234.1E3,-46.15E-15,-48.34E-15,-58.63E-15,-61.38E-15
235.1E3,-46.35E-15,-48.55E-15,-58.88E-15,-61.65E-15
236.1E3,-46.54E-15,-48.75E-15,-59.13E-15,-61.91E-15
237.1E3,-46.74E-15,-48.96E-15,-59.38E-15,-62.17E-15
238.1E3,-46.94E-15,-49.17E-15,-59.63E-15,-62.43E-15
239.1E3,-47.14E-15,-49.37E-15,-59.88E-15,-62.70E-15
240.1E3,-47.33E-15,-49.58E-15,-60.13E-15,-62.96E-15
241.1E3,-47.53E-15,-49.78E-15,-60.38E-15,-63.22E-15
242.1E3,-47.73E-15,-49.99E-15,-60.63E-15,-63.48E-15
243.1E3,-47.92E-15,-50.20E-15,-60.88E-15,-63.74E-15
244.1E3,-48.12E-15,-50.40E-15,-61.13E-15,-64.01E-15
245.1E3,-48.32E-15,-50.61E-15,-61.38E-15,-64.27E-15
246.1E3,-48.52E-15,-50.82E-15,-61.63E-15,-64.53E-15
247.1E3,-48.71E-15,-51.02E-15,-61.88E-15,-64.79E-15
248.1E3,-48.91E-15,-51.23E-15,-62.13E-15,-65.06E-15
249.1E3,-49.11E-15,-51.44E-15,-62.38E-15,-65.32E-15
250.1E3,-49.30E-15,-51.64E-15,-62.63E-15,-65.58E-15
251.1E3,-49.50E-15,-51.85E-15,-62.88E-15,-65.84E-15
252.1E3,-49.70E-15,-52.06E-15,-63.13E-15,-66.10E-15
253.1E3,-49.90E-15,-52.26E-15,-63.38E-15,-66.37E-15
254.1E3,-50.09E-15,-52.47E-15,-63.63E-15,-66.63E-15
255.1E3,-50.29E-15,-52.68E-15,-63.88E-15,-66.89E-15
256.1E3,-50.49E-15,-52.88E-15,-64.13E-15,-67.15E-15
257.1E3,-50.68E-15,-53.09E-15,-64.38E-15,-67.42E-15
258.1E3,-50.88E-15,-53.29E-15,-64.64E-15,-67.68E-15
259.1E3,-51.08E-15,-53.50E-15,-64.89E-15,-67.94E-15
260.1E3,-51.28E-15,-53.71E-15,-65.14E-15,-68.20E-15
261.1E3,-51.47E-15,-53.91E-15,-65.39E-15,-68.46E-15
262.1E3,-51.67E-15,-54.12E-15,-65.64E-15,-68.73E-15
263.1E3,-51.87E-15,-54.33E-15,-65.89E-15,-68.99E-15
264.1E3,-52.06E-15,-54.53E-15,-66.14E-15,-69.25E-15
265.1E3,-52.26E-15,-54.74E-15,-66.39E-15,-69.51E-15
266.1E3,-52.46E-15,-54.95E-15,-66.64E-15,-69.78E-15
267.1E3,-52.66E-15,-55.15E-15,-66.89E-15,-70.04E-15
268.1E3,-52.85E-15,-55.36E-15,-67.14E-15,-70.30E-15
269.1E3,-53.05E-15,-55.57E-15,-67.39E-15,-70.56E-15
270.1E3,-53.25E-15,-55.77E-15,-67.64E-15,-70.82E-15
271.1E3,-53.44E-15,-55.98E-15,-67.89E-15,-71.09E-15
272.1E3,-53.64E-15,-56.19E-15,-68.14E-15,-71.35E-15
273.1E3,-53.84E-15,-56.39E-15,-68.39E-15,-71.61E-15
274.1E3,-54.04E-15,-56.60E-15,-68.64E-15,-71.87E-15
275.1E3,-54.23E-15,-56.81E-15,-68.89E-15,-72.14E-15
276.1E3,-54.43E-15,-57.01E-15,-69.14E-15,-72.40E-15
277.1E3,-54.63E-15,-57.22E-15,-69.39E-15,-72.66E-15
278.1E3,-54.82E-15,-57.42E-15,-69.64E-15,-72.92E-15
279.1E3,-55.02E-15,-57.63E-15,-69.89E-15,-73.18E-15
280.1E3,-55.22E-15,-57.84E-15,-70.14E-15,-73.45E-15
281.1E3,-55.41E-15,-58.04E-15,-70.40E-15,-73.71E-15
282.1E3,-55.61E-15,-58.25E-15,-70.65E-15,-73.97E-15
283.1E3,-55.81E-15,-58.46E-15,-70.90E-15,-74.23E-15
284.1E3,-56.01E-15,-58.66E-15,-71.15E-15,-74.50E-15
285.1E3,-56.20E-15,-58.87E-15,-71.40E-15,-74.76E-15
286.1E3,-56.40E-15,-59.08E-15,-71.65E-15,-75.02E-15
287.1E3,-56.60E-15,-59.28E-15,-71.90E-15,-75.28E-15
288.1E3,-56.79E-15,-59.49E-15,-72.15E-15,-75.54E-15
289.1E3,-56.99E-15,-59.70E-15,-72.40E-15,-75.81E-15
290.1E3,-57.19E-15,-59.90E-15,-72.65E-15,-76.07E-15
291.1E3,-57.39E-15,-60.11E-15,-72.90E-15,-76.33E-15
292.1E3,-57.58E-15,-60.32E-15,-73.15E-15,-76.59E-15
293.1E3,-57.78E-15,-60.52E-15,-73.40E-15,-76.86E-15
294.1E3,-57.98E-15,-60.73E-15,-73.65E-15,-77.12E-15
295.1E3,-58.17E-15,-60.93E-15,-73.90E-15,-77.38E-15
296.1E3,-58.37E-15,-61.14E-15,-74.15E-15,-77.64E-15
297.1E3,-58.57E-15,-61.35E-15,-74.40E-15,-77.90E-15
298.1E3,-58.77E-15,-61.55E-15,-74.65E-15,-78.17E-15
299.1E3,-58.96E-15,-61.76E-15,-74.90E-15,-78.43E-15
300.1E3,-59.16E-15,-61.97E-15,-75.15E-15,-78.69E-15
301.1E3,-59.36E-15,-62.17E-15,-75.40E-15,-78.95E-15
302.1E3,-59.55E-15,-62.38E-15,-75.65E-15,-79.22E-15
303.1E3,-59.75E-15,-62.59E-15,-75.90E-15,-79.48E-15
304.1E3,-59.95E-15,-62.79E-15,-76.16E-15,-79.74E-15
305.1E3,-60.15E-15,-63.00E-15,-76.41E-15,-80.00E-15
306.1E3,-60.34E-15,-63.21E-15,-76.66E-15,-80.26E-15
307.1E3,-60.54E-15,-63.41E-15,-76.91E-15,-80.53E-15
308.1E3,-60.74E-15,-63.62E-15,-77.16E-15,-80.79E-15
309.1E3,-60.93E-15,-63.83E-15,-77.41E-15,-81.05E-15
310.1E3,-61.13E-15,-64.03E-15,-77.66E-15,-81.31E-15
311.1E3,-61.33E-15,-64.24E-15,-77.91E-15,-81.58E-15
312.1E3,-61.53E-15,-64.45E-15,-78.16E-15,-81.84E-15
313.1E3,-61.72E-15,-64.65E-15,-78.41E-15,-82.10E-15
314.1E3,-61.92E-15,-64.86E-15,-78.66E-15,-82.36E-15
315.1E3,-62.12E-15,-65.06E-15,-78.91E-15,-82.62E-15
316.1E3,-62.31E-15,-65.27E-15,-79.16E-15,-82.89E-15
317.1E3,-62.51E-15,-65.48E-15,-79.41E-15,-83.15E-15
318.1E3,-62.71E-15,-65.68E-15,-79.66E-15,-83.41E-15
319.1E3,-62.91E-15,-65.89E-15,-79.91E-15,-83.67E-15
320.1E3,-63.10E-15,-66.10E-15,-80.16E-15,-83.94E-15
321.1E3,-63.30E-15,-66.30E-15,-80.41E-15,-84.20E-15
322.1E3,-63.50E-15,-66.51E-15,-80.66E-15,-84.46E-15
323.1E3,-63.69E-15,-66.72E-15,-80.91E-15,-84.72E-15
324.1E3,-63.89E-15,-66.92E-15,-81.16E-15,-84.98E-15
325.1E3,-64.09E-15,-67.13E-15,-81.41E-15,-85.25E-15
326.1E3,-64.29E-15,-67.34E-15,-81.66E-15,-85.51E-15
327.1E3,-64.48E-15,-67.54E-15,-81.91E-15,-85.77E-15
328.1E3,-64.68E-15,-67.75E-15,-82.17E-15,-86.03E-15
329.1E3,-64.88E-15,-67.96E-15,-82.42E-15,-86.30E-15
330.1E3,-65.07E-15,-68.16E-15,-82.67E-15,-86.56E-15
331.1E3,-65.27E-15,-68.37E-15,-82.92E-15,-86.82E-15
332.1E3,-65.47E-15,-68.57E-15,-83.17E-15,-87.08E-15
333.1E3,-65.67E-15,-68.78E-15,-83.42E-15,-87.34E-15
334.1E3,-65.86E-15,-68.99E-15,-83.67E-15,-87.61E-15
335.1E3,-66.06E-15,-69.19E-15,-83.92E-15,-87.87E-15
336.1E3,-66.26E-15,-69.40E-15,-84.17E-15,-88.13E-15
337.1E3,-66.45E-15,-69.61E-15,-84.42E-15,-88.39E-15
338.1E3,-66.65E-15,-69.81E-15,-84.67E-15,-88.66E-15
339.1E3,-66.85E-15,-70.02E-15,-84.92E-15,-88.92E-15
340.1E3,-67.05E-15,-70.23E-15,-85.17E-15,-89.18E-15
341.1E3,-67.24E-15,-70.43E-15,-85.42E-15,-89.44E-15
342.1E3,-67.44E-15,-70.64E-15,-85.67E-15,-89.70E-15
343.1E3,-67.64E-15,-70.85E-15,-85.92E-15,-89.97E-15
344.1E3,-67.83E-15,-71.05E-15,-86.17E-15,-90.23E-15
345.1E3,-68.03E-15,-71.26E-15,-86.42E-15,-90.49E-15
346.1E3,-68.23E-15,-71.47E-15,-86.67E-15,-90.75E-15
347.1E3,-68.43E-15,-71.67E-15,-86.92E-15,-91.02E-15
348.1E3,-68.62E-15,-71.88E-15,-87.17E-15,-91.28E-15
349.1E3,-68.82E-15,-72.09E-15,-87.42E-15,-91.54E-15
350.1E3,-69.02E-15,-72.29E-15,-87.67E-15,-91.80E-15
351.1E3,-69.21E-15,-72.50E-15,-87.93E-15,-92.06E-15
352.1E3,-69.41E-15,-72.70E-15,-88.18E-15,-92.33E-15
353.1E3,-69.61E-15,-72.91E-15,-88.43E-15,-92.59E-15
354.1E3,-69.81E-15,-73.12E-15,-88.68E-15,-92.85E-15
355.1E3,-70.00E-15,-73.32E-15,-88.93E-15,-93.11E-15
356.1E3,-70.20E-15,-73.53E-15,-89.18E-15,-93.38E-15
357.1E3,-70.40E-15,-73.74E-15,-89.43E-15,-93.64E-15
358.1E3,-70.59E-15,-73.94E-15,-89.68E-15,-93.90E-15
359.1E3,-70.79E-15,-74.15E-15,-89.93E-15,-94.16E-15
360.1E3,-70.99E-15,-74.36E-15,-90.18E-15,-94.42E-15
361.1E3,-71.19E-15,-74.56E-15,-90.43E-15,-94.69E-15
362.1E3,-71.38E-15,-74.77E-15,-90.68E-15,-94.95E-15
363.1E3,-71.58E-15,-74.98E-15,-90.93E-15,-95.21E-15
364.1E3,-71.78E-15,-75.18E-15,-91.18E-15,-95.47E-15
365.1E3,-71.97E-15,-75.39E-15,-91.43E-15,-95.74E-15
366.1E3,-72.17E-15,-75.60E-15,-91.68E-15,-96.00E-15
367.1E3,-72.37E-15,-75.80E-15,-91.93E-15,-96.26E-15
368.1E3,-72.57E-15,-76.01E-15,-92.18E-15,-96.52E-15
369.1E3,-72.76E-15,-76.22E-15,-92.43E-15,-96.78E-15
370.1E3,-72.96E-15,-76.42E-15,-92.68E-15,-97.05E-15
371.1E3,-73.16E-15,-76.63E-15,-92.93E-15,-97.31E-15
372.1E3,-73.35E-15,-76.83E-15,-93.18E-15,-97.57E-15
373.1E3,-73.55E-15,-77.04E-15,-93.43E-15,-97.83E-15
374.1E3,-73.75E-15,-77.25E-15,-93.69E-15,-98.10E-15
375.1E3,-73.95E-15,-77.45E-15,-93.94E-15,-98.36E-15
376.1E3,-74.14E-15,-77.66E-15,-94.19E-15,-98.62E-15
377.1E3,-74.34E-15,-77.87E-15,-94.44E-15,-98.88E-15
378.1E3,-74.54E-15,-78.07E-15,-94.69E-15,-99.14E-15
379.1E3,-74.73E-15,-78.28E-15,-94.94E-15,-99.41E-15
380.1E3,-74.93E-15,-78.49E-15,-95.19E-15,-99.67E-15
381.1E3,-75.13E-15,-78.69E-15,-95.44E-15,-99.93E-15
382.1E3,-75.33E-15,-78.90E-15,-95.69E-15,-100.2E-15
383.1E3,-75.52E-15,-79.11E-15,-95.94E-15,-100.5E-15
384.1E3,-75.72E-15,-79.31E-15,-96.19E-15,-100.7E-15
385.1E3,-75.92E-15,-79.52E-15,-96.44E-15,-101.0E-15
386.1E3,-76.11E-15,-79.73E-15,-96.69E-15,-101.2E-15
387.1E3,-76.31E-15,-79.93E-15,-96.94E-15,-101.5E-15
388.1E3,-76.51E-15,-80.14E-15,-97.19E-15,-101.8E-15
389.1E3,-76.71E-15,-80.34E-15,-97.44E-15,-102.0E-15
390.1E3,-76.90E-15,-80.55E-15,-97.69E-15,-102.3E-15
391.1E3,-77.10E-15,-80.76E-15,-97.94E-15,-102.6E-15
392.1E3,-77.30E-15,-80.96E-15,-98.19E-15,-102.8E-15
393.1E3,-77.49E-15,-81.17E-15,-98.44E-15,-103.1E-15
394.1E3,-77.69E-15,-81.38E-15,-98.69E-15,-103.3E-15
395.1E3,-77.89E-15,-81.58E-15,-98.94E-15,-103.6E-15
396.1E3,-78.09E-15,-81.79E-15,-99.19E-15,-103.9E-15
397.1E3,-78.28E-15,-82.00E-15,-99.44E-15,-104.1E-15
398.1E3,-78.48E-15,-82.20E-15,-99.70E-15,-104.4E-15
399.1E3,-78.68E-15,-82.41E-15,-99.95E-15,-104.7E-15
400.1E3,-78.87E-15,-82.62E-15,-100.2E-15,-104.9E-15
401.1E3,-79.07E-15,-82.82E-15,-100.4E-15,-105.2E-15
402.1E3,-79.27E-15,-83.03E-15,-100.7E-15,-105.4E-15
403.1E3,-79.47E-15,-83.24E-15,-100.9E-15,-105.7E-15
404.1E3,-79.66E-15,-83.44E-15,-101.2E-15,-106.0E-15
405.1E3,-79.86E-15,-83.65E-15,-101.4E-15,-106.2E-15
406.1E3,-80.06E-15,-83.86E-15,-101.7E-15,-106.5E-15
407.1E3,-80.25E-15,-84.06E-15,-101.9E-15,-106.7E-15
408.1E3,-80.45E-15,-84.27E-15,-102.2E-15,-107.0E-15
409.1E3,-80.65E-15,-84.47E-15,-102.4E-15,-107.3E-15
410.1E3,-80.85E-15,-84.68E-15,-102.7E-15,-107.5E-15
411.1E3,-81.04E-15,-84.89E-15,-103.0E-15,-107.8E-15
412.1E3,-81.24E-15,-85.09E-15,-103.2E-15,-108.1E-15
413.1E3,-81.44E-15,-85.30E-15,-103.5E-15,-108.3E-15
414.1E3,-81.63E-15,-85.51E-15,-103.7E-15,-108.6E-15
415.1E3,-81.83E-15,-85.71E-15,-104.0E-15,-108.8E-15
416.1E3,-82.03E-15,-85.92E-15,-104.2E-15,-109.1E-15
417.1E3,-82.23E-15,-86.13E-15,-104.5E-15,-109.4E-15
418.1E3,-82.42E-15,-86.33E-15,-104.7E-15,-109.6E-15
419.1E3,-82.62E-15,-86.54E-15,-105.0E-15,-109.9E-15
420.1E3,-82.82E-15,-86.75E-15,-105.2E-15,-110.2E-15
421.1E3,-83.01E-15,-86.95E-15,-105.5E-15,-110.4E-15
422.1E3,-83.21E-15,-87.16E-15,-105.7E-15,-110.7E-15
423.1E3,-83.41E-15,-87.37E-15,-106.0E-15,-110.9E-15
424.1E3,-83.61E-15,-87.57E-15,-106.2E-15,-111.2E-15
425.1E3,-83.80E-15,-87.78E-15,-106.5E-15,-111.5E-15
426.1E3,-84.00E-15,-87.98E-15,-106.7E-15,-111.7E-15
427.1E3,-84.20E-15,-88.19E-15,-107.0E-15,-112.0E-15
428.1E3,-84.39E-15,-88.40E-15,-107.2E-15,-112.3E-15
429.1E3,-84.59E-15,-88.60E-15,-107.5E-15,-112.5E-15
430.1E3,-84.79E-15,-88.81E-15,-107.7E-15,-112.8E-15
431.1E3,-84.99E-15,-89.02E-15,-108.0E-15,-113.0E-15
432.1E3,-85.18E-15,-89.22E-15,-108.2E-15,-113.3E-15
433.1E3,-85.38E-15,-89.43E-15,-108.5E-15,-113.6E-15
434.1E3,-85.58E-15,-89.64E-15,-108.7E-15,-113.8E-15
435.1E3,-85.77E-15,-89.84E-15,-109.0E-15,-114.1E-15
436.1E3,-85.97E-15,-90.05E-15,-109.2E-15,-114.4E-15
437.1E3,-86.17E-15,-90.26E-15,-109.5E-15,-114.6E-15
438.1E3,-86.37E-15,-90.46E-15,-109.7E-15,-114.9E-15
439.1E3,-86.56E-15,-90.67E-15,-110.0E-15,-115.1E-15
440.1E3,-86.76E-15,-90.88E-15,-110.2E-15,-115.4E-15
441.1E3,-86.96E-15,-91.08E-15,-110.5E-15,-115.7E-15
442.1E3,-87.15E-15,-91.29E-15,-110.7E-15,-115.9E-15
443.1E3,-87.35E-15,-91.50E-15,-111.0E-15,-116.2E-15
444.1E3,-87.55E-15,-91.70E-15,-111.2E-15,-116.5E-15
445.1E3,-87.75E-15,-91.91E-15,-111.5E-15,-116.7E-15
446.1E3,-87.94E-15,-92.11E-15,-111.7E-15,-117.0E-15
447.1E3,-88.14E-15,-92.32E-15,-112.0E-15,-117.2E-15
448.1E3,-88.34E-15,-92.53E-15,-112.2E-15,-117.5E-15
449.1E3,-88.53E-15,-92.73E-15,-112.5E-15,-117.8E-15
450.1E3,-88.73E-15,-92.94E-15,-112.7E-15,-118.0E-15
451.1E3,-88.93E-15,-93.15E-15,-113.0E-15,-118.3E-15
452.1E3,-89.13E-15,-93.35E-15,-113.2E-15,-118.5E-15
453.1E3,-89.32E-15,-93.56E-15,-113.5E-15,-118.8E-15
454.1E3,-89.52E-15,-93.77E-15,-113.7E-15,-119.1E-15
455.1E3,-89.72E-15,-93.97E-15,-114.0E-15,-119.3E-15
456.1E3,-89.91E-15,-94.18E-15,-114.2E-15,-119.6E-15
457.1E3,-90.11E-15,-94.39E-15,-114.5E-15,-119.9E-15
458.1E3,-90.31E-15,-94.59E-15,-114.7E-15,-120.1E-15
459.1E3,-90.51E-15,-94.80E-15,-115.0E-15,-120.4E-15
460.1E3,-90.70E-15,-95.01E-15,-115.2E-15,-120.6E-15
461.1E3,-90.90E-15,-95.21E-15,-115.5E-15,-120.9E-15
462.1E3,-91.10E-15,-95.42E-15,-115.7E-15,-121.2E-15
463.1E3,-91.29E-15,-95.63E-15,-116.0E-15,-121.4E-15
464.1E3,-91.49E-15,-95.83E-15,-116.2E-15,-121.7E-15
465.1E3,-91.69E-15,-96.04E-15,-116.5E-15,-122.0E-15
466.1E3,-91.89E-15,-96.24E-15,-116.7E-15,-122.2E-15
467.1E3,-92.08E-15,-96.45E-15,-117.0E-15,-122.5E-15
468.1E3,-92.28E-15,-96.66E-15,-117.2E-15,-122.7E-15
469.1E3,-92.48E-15,-96.86E-15,-117.5E-15,-123.0E-15
470.1E3,-92.67E-15,-97.07E-15,-117.7E-15,-123.3E-15
471.1E3,-92.87E-15,-97.28E-15,-118.0E-15,-123.5E-15
472.1E3,-93.07E-15,-97.48E-15,-118.2E-15,-123.8E-15
473.1E3,-93.27E-15,-97.69E-15,-118.5E-15,-124.1E-15
474.1E3,-93.46E-15,-97.90E-15,-118.7E-15,-124.3E-15
475.1E3,-93.66E-15,-98.10E-15,-119.0E-15,-124.6E-15
476.1E3,-93.86E-15,-98.31E-15,-119.2E-15,-124.8E-15
477.1E3,-94.05E-15,-98.52E-15,-119.5E-15,-125.1E-15
478.1E3,-94.25E-15,-98.72E-15,-119.7E-15,-125.4E-15
479.1E3,-94.45E-15,-98.93E-15,-120.0E-15,-125.6E-15
480.1E3,-94.65E-15,-99.14E-15,-120.2E-15,-125.9E-15
481.1E3,-94.84E-15,-99.34E-15,-120.5E-15,-126.2E-15
482.1E3,-95.04E-15,-99.55E-15,-120.7E-15,-126.4E-15
483.1E3,-95.24E-15,-99.75E-15,-121.0E-15,-126.7E-15
484.1E3,-95.43E-15,-99.96E-15,-121.2E-15,-126.9E-15
485.1E3,-95.63E-15,-100.2E-15,-121.5E-15,-127.2E-15
486.1E3,-95.83E-15,-100.4E-15,-121.7E-15,-127.5E-15
487.1E3,-96.03E-15,-100.6E-15,-122.0E-15,-127.7E-15
488.1E3,-96.22E-15,-100.8E-15,-122.2E-15,-128.0E-15
489.1E3,-96.42E-15,-101.0E-15,-122.5E-15,-128.2E-15
490.1E3,-96.62E-15,-101.2E-15,-122.7E-15,-128.5E-15
491.1E3,-96.81E-15,-101.4E-15,-123.0E-15,-128.8E-15
492.1E3,-97.01E-15,-101.6E-15,-123.2E-15,-129.0E-15
493.1E3,-97.21E-15,-101.8E-15,-123.5E-15,-129.3E-15
494.1E3,-97.41E-15,-102.0E-15,-123.7E-15,-129.6E-15
495.1E3,-97.60E-15,-102.2E-15,-124.0E-15,-129.8E-15
496.1E3,-97.80E-15,-102.4E-15,-124.2E-15,-130.1E-15
497.1E3,-98.00E-15,-102.6E-15,-124.5E-15,-130.3E-15
498.1E3,-98.19E-15,-102.9E-15,-124.7E-15,-130.6E-15
499.1E3,-98.39E-15,-103.1E-15,-125.0E-15,-130.9E-15
500.1E3,-98.59E-15,-103.3E-15,-125.2E-15,-131.1E-15
501.1E3,-98.78E-15,-103.5E-15,-125.5E-15,-131.4E-15
502.1E3,-98.98E-15,-103.7E-15,-125.7E-15,-131.7E-15
503.1E3,-99.18E-15,-103.9E-15,-126.0E-15,-131.9E-15
504.1E3,-99.38E-15,-104.1E-15,-126.2E-15,-132.2E-15
505.1E3,-99.57E-15,-104.3E-15,-126.5E-15,-132.4E-15
506.1E3,-99.77E-15,-104.5E-15,-126.7E-15,-132.7E-15
507.1E3,-99.97E-15,-104.7E-15,-127.0E-15,-133.0E-15
508.1E3,-100.2E-15,-104.9E-15,-127.2E-15,-133.2E-15
509.1E3,-100.4E-15,-105.1E-15,-127.5E-15,-133.5E-15
510.1E3,-100.6E-15,-105.3E-15,-127.7E-15,-133.8E-15
511.1E3,-100.8E-15,-105.5E-15,-128.0E-15,-134.0E-15
512.1E3,-101.0E-15,-105.7E-15,-128.2E-15,-134.3E-15
513.1E3,-101.2E-15,-105.9E-15,-128.5E-15,-134.5E-15
514.1E3,-101.3E-15,-106.2E-15,-128.7E-15,-134.8E-15
515.1E3,-101.5E-15,-106.4E-15,-129.0E-15,-135.1E-15
516.1E3,-101.7E-15,-106.6E-15,-129.2E-15,-135.3E-15
517.1E3,-101.9E-15,-106.8E-15,-129.5E-15,-135.6E-15
518.1E3,-102.1E-15,-107.0E-15,-129.7E-15,-135.9E-15
519.1E3,-102.3E-15,-107.2E-15,-130.0E-15,-136.1E-15
520.1E3,-102.5E-15,-107.4E-15,-130.2E-15,-136.4E-15
521.1E3,-102.7E-15,-107.6E-15,-130.5E-15,-136.6E-15
522.1E3,-102.9E-15,-107.8E-15,-130.7E-15,-136.9E-15
523.1E3,-103.1E-15,-108.0E-15,-131.0E-15,-137.2E-15
524.1E3,-103.3E-15,-108.2E-15,-131.2E-15,-137.4E-15
525.1E3,-103.5E-15,-108.4E-15,-131.5E-15,-137.7E-15
526.1E3,-103.7E-15,-108.6E-15,-131.8E-15,-138.0E-15
527.1E3,-103.9E-15,-108.8E-15,-132.0E-15,-138.2E-15
528.1E3,-104.1E-15,-109.0E-15,-132.3E-15,-138.5E-15
529.1E3,-104.3E-15,-109.3E-15,-132.5E-15,-138.7E-15
530.1E3,-104.5E-15,-109.5E-15,-132.8E-15,-139.0E-15
531.1E3,-104.7E-15,-109.7E-15,-133.0E-15,-139.3E-15
532.1E3,-104.9E-15,-109.9E-15,-133.3E-15,-139.5E-15
533.1E3,-105.1E-15,-110.1E-15,-133.5E-15,-139.8E-15
534.1E3,-105.3E-15,-110.3E-15,-133.8E-15,-140.0E-15
535.1E3,-105.5E-15,-110.5E-15,-134.0E-15,-140.3E-15
536.1E3,-105.7E-15,-110.7E-15,-134.3E-15,-140.6E-15
537.1E3,-105.9E-15,-110.9E-15,-134.5E-15,-140.8E-15
538.1E3,-106.1E-15,-111.1E-15,-134.8E-15,-141.1E-15
539.1E3,-106.3E-15,-111.3E-15,-135.0E-15,-141.4E-15
540.1E3,-106.5E-15,-111.5E-15,-135.3E-15,-141.6E-15
541.1E3,-106.7E-15,-111.7E-15,-135.5E-15,-141.9E-15
542.1E3,-106.9E-15,-111.9E-15,-135.8E-15,-142.1E-15
543.1E3,-107.1E-15,-112.1E-15,-136.0E-15,-142.4E-15
544.1E3,-107.3E-15,-112.4E-15,-136.3E-15,-142.7E-15
545.1E3,-107.5E-15,-112.6E-15,-136.5E-15,-142.9E-15
546.1E3,-107.7E-15,-112.8E-15,-136.8E-15,-143.2E-15
547.1E3,-107.9E-15,-113.0E-15,-137.0E-15,-143.5E-15
548.1E3,-108.1E-15,-113.2E-15,-137.3E-15,-143.7E-15
549.1E3,-108.2E-15,-113.4E-15,-137.5E-15,-144.0E-15
550.1E3,-108.4E-15,-113.6E-15,-137.8E-15,-144.2E-15
551.1E3,-108.6E-15,-113.8E-15,-138.0E-15,-144.5E-15
552.1E3,-108.8E-15,-114.0E-15,-138.3E-15,-144.8E-15
553.1E3,-109.0E-15,-114.2E-15,-138.5E-15,-145.0E-15
554.1E3,-109.2E-15,-114.4E-15,-138.8E-15,-145.3E-15
555.1E3,-109.4E-15,-114.6E-15,-139.0E-15,-145.6E-15
556.1E3,-109.6E-15,-114.8E-15,-139.3E-15,-145.8E-15
557.1E3,-109.8E-15,-115.0E-15,-139.5E-15,-146.1E-15
558.1E3,-110.0E-15,-115.2E-15,-139.8E-15,-146.3E-15
559.1E3,-110.2E-15,-115.4E-15,-140.0E-15,-146.6E-15
560.1E3,-110.4E-15,-115.7E-15,-140.3E-15,-146.9E-15
561.1E3,-110.6E-15,-115.9E-15,-140.5E-15,-147.1E-15
562.1E3,-110.8E-15,-116.1E-15,-140.8E-15,-147.4E-15
563.1E3,-111.0E-15,-116.3E-15,-141.0E-15,-147.7E-15
564.1E3,-111.2E-15,-116.5E-15,-141.3E-15,-147.9E-15
565.1E3,-111.4E-15,-116.7E-15,-141.5E-15,-148.2E-15
566.1E3,-111.6E-15,-116.9E-15,-141.8E-15,-148.4E-15
567.1E3,-111.8E-15,-117.1E-15,-142.0E-15,-148.7E-15
568.1E3,-112.0E-15,-117.3E-15,-142.3E-15,-149.0E-15
569.1E3,-112.2E-15,-117.5E-15,-142.5E-15,-149.2E-15
570.1E3,-112.4E-15,-117.7E-15,-142.8E-15,-149.5E-15
571.1E3,-112.6E-15,-117.9E-15,-143.0E-15,-149.8E-15
572.1E3,-112.8E-15,-118.1E-15,-143.3E-15,-150.0E-15
573.1E3,-113.0E-15,-118.3E-15,-143.5E-15,-150.3E-15
574.1E3,-113.2E-15,-118.5E-15,-143.8E-15,-150.5E-15
575.1E3,-113.4E-15,-118.8E-15,-144.0E-15,-150.8E-15
576.1E3,-113.6E-15,-119.0E-15,-144.3E-15,-151.1E-15
577.1E3,-113.8E-15,-119.2E-15,-144.5E-15,-151.3E-15
578.1E3,-114.0E-15,-119.4E-15,-144.8E-15,-151.6E-15
579.1E3,-114.2E-15,-119.6E-15,-145.0E-15,-151.8E-15
580.1E3,-114.4E-15,-119.8E-15,-145.3E-15,-152.1E-15
581.1E3,-114.6E-15,-120.0E-15,-145.5E-15,-152.4E-15
582.1E3,-114.8E-15,-120.2E-15,-145.8E-15,-152.6E-15
583.1E3,-115.0E-15,-120.4E-15,-146.0E-15,-152.9E-15
584.1E3,-115.1E-15,-120.6E-15,-146.3E-15,-153.2E-15
585.1E3,-115.3E-15,-120.8E-15,-146.5E-15,-153.4E-15
586.1E3,-115.5E-15,-121.0E-15,-146.8E-15,-153.7E-15
587.1E3,-115.7E-15,-121.2E-15,-147.0E-15,-153.9E-15
588.1E3,-115.9E-15,-121.4E-15,-147.3E-15,-154.2E-15
589.1E3,-116.1E-15,-121.6E-15,-147.5E-15,-154.5E-15
590.1E3,-116.3E-15,-121.8E-15,-147.8E-15,-154.7E-15
591.1E3,-116.5E-15,-122.1E-15,-148.0E-15,-155.0E-15
592.1E3,-116.7E-15,-122.3E-15,-148.3E-15,-155.3E-15
593.1E3,-116.9E-15,-122.5E-15,-148.5E-15,-155.5E-15
594.1E3,-117.1E-15,-122.7E-15,-148.8E-15,-155.8E-15
595.1E3,-117.3E-15,-122.9E-15,-149.0E-15,-156.0E-15
596.1E3,-117.5E-15,-123.1E-15,-149.3E-15,-156.3E-15
597.1E3,-117.7E-15,-123.3E-15,-149.5E-15,-156.6E-15
598.1E3,-117.9E-15,-123.5E-15,-149.8E-15,-156.8E-15
599.1E3,-118.1E-15,-123.7E-15,-150.0E-15,-157.1E-15
600.1E3,-118.3E-15,-123.9E-15,-150.3E-15,-157.4E-15
601.1E3,-118.5E-15,-124.1E-15,-150.5E-15,-157.6E-15
602.1E3,-118.7E-15,-124.3E-15,-150.8E-15,-157.9E-15
603.1E3,-118.9E-15,-124.5E-15,-151.0E-15,-158.1E-15
604.1E3,-119.1E-15,-124.7E-15,-151.3E-15,-158.4E-15
605.1E3,-119.3E-15,-124.9E-15,-151.5E-15,-158.7E-15
606.1E3,-119.5E-15,-125.2E-15,-151.8E-15,-158.9E-15
607.1E3,-119.7E-15,-125.4E-15,-152.0E-15,-159.2E-15
608.1E3,-119.9E-15,-125.6E-15,-152.3E-15,-159.5E-15
609.1E3,-120.1E-15,-125.8E-15,-152.5E-15,-159.7E-15
610.1E3,-120.3E-15,-126.0E-15,-152.8E-15,-160.0E-15
611.1E3,-120.5E-15,-126.2E-15,-153.0E-15,-160.2E-15
612.1E3,-120.7E-15,-126.4E-15,-153.3E-15,-160.5E-15
613.1E3,-120.9E-15,-126.6E-15,-153.5E-15,-160.8E-15
614.1E3,-121.1E-15,-126.8E-15,-153.8E-15,-161.0E-15
615.1E3,-121.3E-15,-127.0E-15,-154.0E-15,-161.3E-15
616.1E3,-121.5E-15,-127.2E-15,-154.3E-15,-161.6E-15
617.1E3,-121.7E-15,-127.4E-15,-154.5E-15,-161.8E-15
618.1E3,-121.8E-15,-127.6E-15,-154.8E-15,-162.1E-15
619.1E3,-122.0E-15,-127.8E-15,-155.0E-15,-162.3E-15
620.1E3,-122.2E-15,-128.0E-15,-155.3E-15,-162.6E-15
621.1E3,-122.4E-15,-128.3E-15,-155.5E-15,-162.9E-15
622.1E3,-122.6E-15,-128.5E-15,-155.8E-15,-163.1E-15
623.1E3,-122.8E-15,-128.7E-15,-156.0E-15,-163.4E-15
624.1E3,-123.0E-15,-128.9E-15,-156.3E-15,-163.6E-15
625.1E3,-123.2E-15,-129.1E-15,-156.5E-15,-163.9E-15
626.1E3,-123.4E-15,-129.3E-15,-156.8E-15,-164.2E-15
627.1E3,-123.6E-15,-129.5E-15,-157.0E-15,-164.4E-15
628.1E3,-123.8E-15,-129.7E-15,-157.3E-15,-164.7E-15
629.1E3,-124.0E-15,-129.9E-15,-157.5E-15,-165.0E-15
630.1E3,-124.2E-15,-130.1E-15,-157.8E-15,-165.2E-15
631.1E3,-124.4E-15,-130.3E-15,-158.0E-15,-165.5E-15
632.1E3,-124.6E-15,-130.5E-15,-158.3E-15,-165.7E-15
633.1E3,-124.8E-15,-130.7E-15,-158.5E-15,-166.0E-15
634.1E3,-125.0E-15,-130.9E-15,-158.8E-15,-166.3E-15
635.1E3,-125.2E-15,-131.1E-15,-159.0E-15,-166.5E-15
636.1E3,-125.4E-15,-131.3E-15,-159.3E-15,-166.8E-15
637.1E3,-125.6E-15,-131.6E-15,-159.5E-15,-167.1E-15
638.1E3,-125.8E-15,-131.8E-15,-159.8E-15,-167.3E-15
639.1E3,-126.0E-15,-132.0E-15,-160.0E-15,-167.6E-15
640.1E3,-126.2E-15,-132.2E-15,-160.3E-15,-167.8E-15
641.1E3,-126.4E-15,-132.4E-15,-160.5E-15,-168.1E-15
642.1E3,-126.6E-15,-132.6E-15,-160.8E-15,-168.4E-15
643.1E3,-126.8E-15,-132.8E-15,-161.1E-15,-168.6E-15
644.1E3,-127.0E-15,-133.0E-15,-161.3E-15,-168.9E-15
645.1E3,-127.2E-15,-133.2E-15,-161.6E-15,-169.2E-15
646.1E3,-127.4E-15,-133.4E-15,-161.8E-15,-169.4E-15
647.1E3,-127.6E-15,-133.6E-15,-162.1E-15,-169.7E-15
648.1E3,-127.8E-15,-133.8E-15,-162.3E-15,-169.9E-15
649.1E3,-128.0E-15,-134.0E-15,-162.6E-15,-170.2E-15
650.1E3,-128.2E-15,-134.2E-15,-162.8E-15,-170.5E-15
651.1E3,-128.4E-15,-134.4E-15,-163.1E-15,-170.7E-15
652.1E3,-128.6E-15,-134.7E-15,-163.3E-15,-171.0E-15
653.1E3,-128.7E-15,-134.9E-15,-163.6E-15,-171.3E-15
654.1E3,-128.9E-15,-135.1E-15,-163.8E-15,-171.5E-15
655.1E3,-129.1E-15,-135.3E-15,-164.1E-15,-171.8E-15
656.1E3,-129.3E-15,-135.5E-15,-164.3E-15,-172.0E-15
657.1E3,-129.5E-15,-135.7E-15,-164.6E-15,-172.3E-15
658.1E3,-129.7E-15,-135.9E-15,-164.8E-15,-172.6E-15
659.1E3,-129.9E-15,-136.1E-15,-165.1E-15,-172.8E-15
660.1E3,-130.1E-15,-136.3E-15,-165.3E-15,-173.1E-15
661.1E3,-130.3E-15,-136.5E-15,-165.6E-15,-173.4E-15
662.1E3,-130.5E-15,-136.7E-15,-165.8E-15,-173.6E-15
663.1E3,-130.7E-15,-136.9E-15,-166.1E-15,-173.9E-15
664.1E3,-130.9E-15,-137.1E-15,-166.3E-15,-174.1E-15
665.1E3,-131.1E-15,-137.3E-15,-166.6E-15,-174.4E-15
666.1E3,-131.3E-15,-137.5E-15,-166.8E-15,-174.7E-15
667.1E3,-131.5E-15,-137.7E-15,-167.1E-15,-174.9E-15
668.1E3,-131.7E-15,-138.0E-15,-167.3E-15,-175.2E-15
669.1E3,-131.9E-15,-138.2E-15,-167.6E-15,-175.4E-15
670.1E3,-132.1E-15,-138.4E-15,-167.8E-15,-175.7E-15
671.1E3,-132.3E-15,-138.6E-15,-168.1E-15,-176.0E-15
672.1E3,-132.5E-15,-138.8E-15,-168.3E-15,-176.2E-15
673.1E3,-132.7E-15,-139.0E-15,-168.6E-15,-176.5E-15
674.1E3,-132.9E-15,-139.2E-15,-168.8E-15,-176.8E-15
675.1E3,-133.1E-15,-139.4E-15,-169.1E-15,-177.0E-15
676.1E3,-133.3E-15,-139.6E-15,-169.3E-15,-177.3E-15
677.1E3,-133.5E-15,-139.8E-15,-169.6E-15,-177.5E-15
678.1E3,-133.7E-15,-140.0E-15,-169.8E-15,-177.8E-15
679.1E3,-133.9E-15,-140.2E-15,-170.1E-15,-178.1E-15
680.1E3,-134.1E-15,-140.4E-15,-170.3E-15,-178.3E-15
681.1E3,-134.3E-15,-140.6E-15,-170.6E-15,-178.6E-15
682.1E3,-134.5E-15,-140.8E-15,-170.8E-15,-178.9E-15
683.1E3,-134.7E-15,-141.1E-15,-171.1E-15,-179.1E-15
684.1E3,-134.9E-15,-141.3E-15,-171.3E-15,-179.4E-15
685.1E3,-135.1E-15,-141.5E-15,-171.6E-15,-179.6E-15
686.1E3,-135.3E-15,-141.7E-15,-171.8E-15,-179.9E-15
687.1E3,-135.5E-15,-141.9E-15,-172.1E-15,-180.2E-15
688.1E3,-135.6E-15,-142.1E-15,-172.3E-15,-180.4E-15
689.1E3,-135.8E-15,-142.3E-15,-172.6E-15,-180.7E-15
690.1E3,-136.0E-15,-142.5E-15,-172.8E-15,-181.0E-15
691.1E3,-136.2E-15,-142.7E-15,-173.1E-15,-181.2E-15
692.1E3,-136.4E-15,-142.9E-15,-173.3E-15,-181.5E-15
693.1E3,-136.6E-15,-143.1E-15,-173.6E-15,-181.7E-15
694.1E3,-136.8E-15,-143.3E-15,-173.8E-15,-182.0E-15
695.1E3,-137.0E-15,-143.5E-15,-174.1E-15,-182.3E-15
696.1E3,-137.2E-15,-143.7E-15,-174.3E-15,-182.5E-15
697.1E3,-137.4E-15,-143.9E-15,-174.6E-15,-182.8E-15
698.1E3,-137.6E-15,-144.1E-15,-174.8E-15,-183.1E-15
699.1E3,-137.8E-15,-144.4E-15,-175.1E-15,-183.3E-15
700.1E3,-138.0E-15,-144.6E-15,-175.3E-15,-183.6E-15
701.1E3,-138.2E-15,-144.8E-15,-175.6E-15,-183.8E-15
702.1E3,-138.4E-15,-145.0E-15,-175.8E-15,-184.1E-15
703.1E3,-138.6E-15,-145.2E-15,-176.1E-15,-184.4E-15
704.1E3,-138.8E-15,-145.4E-15,-176.3E-15,-184.6E-15
705.1E3,-139.0E-15,-145.6E-15,-176.6E-15,-184.9E-15
706.1E3,-139.2E-15,-145.8E-15,-176.8E-15,-185.2E-15
707.1E3,-139.4E-15,-146.0E-15,-177.1E-15,-185.4E-15
708.1E3,-139.6E-15,-146.2E-15,-177.3E-15,-185.7E-15
709.1E3,-139.8E-15,-146.4E-15,-177.6E-15,-185.9E-15
710.1E3,-140.0E-15,-146.6E-15,-177.8E-15,-186.2E-15
711.1E3,-140.2E-15,-146.8E-15,-178.1E-15,-186.5E-15
712.1E3,-140.4E-15,-147.0E-15,-178.3E-15,-186.7E-15
713.1E3,-140.6E-15,-147.2E-15,-178.6E-15,-187.0E-15
714.1E3,-140.8E-15,-147.5E-15,-178.8E-15,-187.2E-15
715.1E3,-141.0E-15,-147.7E-15,-179.1E-15,-187.5E-15
716.1E3,-141.2E-15,-147.9E-15,-179.3E-15,-187.8E-15
717.1E3,-141.4E-15,-148.1E-15,-179.6E-15,-188.0E-15
718.1E3,-141.6E-15,-148.3E-15,-179.8E-15,-188.3E-15
719.1E3,-141.8E-15,-148.5E-15,-180.1E-15,-188.6E-15
720.1E3,-142.0E-15,-148.7E-15,-180.3E-15,-188.8E-15
721.1E3,-142.2E-15,-148.9E-15,-180.6E-15,-189.1E-15
722.1E3,-142.4E-15,-149.1E-15,-180.8E-15,-189.3E-15
723.1E3,-142.5E-15,-149.3E-15,-181.1E-15,-189.6E-15
724.1E3,-142.7E-15,-149.5E-15,-181.3E-15,-189.9E-15
725.1E3,-142.9E-15,-149.7E-15,-181.6E-15,-190.1E-15
726.1E3,-143.1E-15,-149.9E-15,-181.8E-15,-190.4E-15
727.1E3,-143.3E-15,-150.1E-15,-182.1E-15,-190.7E-15
728.1E3,-143.5E-15,-150.3E-15,-182.3E-15,-190.9E-15
729.1E3,-143.7E-15,-150.6E-15,-182.6E-15,-191.2E-15
730.1E3,-143.9E-15,-150.8E-15,-182.8E-15,-191.4E-15
731.1E3,-144.1E-15,-151.0E-15,-183.1E-15,-191.7E-15
732.1E3,-144.3E-15,-151.2E-15,-183.3E-15,-192.0E-15
733.1E3,-144.5E-15,-151.4E-15,-183.6E-15,-192.2E-15
734.1E3,-144.7E-15,-151.6E-15,-183.8E-15,-192.5E-15
735.1E3,-144.9E-15,-151.8E-15,-184.1E-15,-192.8E-15
736.1E3,-145.1E-15,-152.0E-15,-184.3E-15,-193.0E-15
737.1E3,-145.3E-15,-152.2E-15,-184.6E-15,-193.3E-15
738.1E3,-145.5E-15,-152.4E-15,-184.8E-15,-193.5E-15
739.1E3,-145.7E-15,-152.6E-15,-185.1E-15,-193.8E-15
740.1E3,-145.9E-15,-152.8E-15,-185.3E-15,-194.1E-15
741.1E3,-146.1E-15,-153.0E-15,-185.6E-15,-194.3E-15
742.1E3,-146.3E-15,-153.2E-15,-185.8E-15,-194.6E-15
743.1E3,-146.5E-15,-153.4E-15,-186.1E-15,-194.9E-15
744.1E3,-146.7E-15,-153.6E-15,-186.3E-15,-195.1E-15
745.1E3,-146.9E-15,-153.9E-15,-186.6E-15,-195.4E-15
746.1E3,-147.1E-15,-154.1E-15,-186.8E-15,-195.6E-15
747.1E3,-147.3E-15,-154.3E-15,-187.1E-15,-195.9E-15
748.1E3,-147.5E-15,-154.5E-15,-187.3E-15,-196.2E-15
749.1E3,-147.7E-15,-154.7E-15,-187.6E-15,-196.4E-15
750.1E3,-147.9E-15,-154.9E-15,-187.8E-15,-196.7E-15
751.1E3,-148.1E-15,-155.1E-15,-188.1E-15,-197.0E-15
752.1E3,-148.3E-15,-155.3E-15,-188.3E-15,-197.2E-15
753.1E3,-148.5E-15,-155.5E-15,-188.6E-15,-197.5E-15
754.1E3,-148.7E-15,-155.7E-15,-188.8E-15,-197.7E-15
755.1E3,-148.9E-15,-155.9E-15,-189.1E-15,-198.0E-15
756.1E3,-149.1E-15,-156.1E-15,-189.3E-15,-198.3E-15
757.1E3,-149.3E-15,-156.3E-15,-189.6E-15,-198.5E-15
758.1E3,-149.4E-15,-156.5E-15,-189.8E-15,-198.8E-15
759.1E3,-149.6E-15,-156.7E-15,-190.1E-15,-199.0E-15
760.1E3,-149.8E-15,-157.0E-15,-190.4E-15,-199.3E-15
761.1E3,-150.0E-15,-157.2E-15,-190.6E-15,-199.6E-15
762.1E3,-150.2E-15,-157.4E-15,-190.9E-15,-199.8E-15
763.1E3,-150.4E-15,-157.6E-15,-191.1E-15,-200.1E-15
764.1E3,-150.6E-15,-157.8E-15,-191.4E-15,-200.4E-15
765.1E3,-150.8E-15,-158.0E-15,-191.6E-15,-200.6E-15
766.1E3,-151.0E-15,-158.2E-15,-191.9E-15,-200.9E-15
767.1E3,-151.2E-15,-158.4E-15,-192.1E-15,-201.1E-15
768.1E3,-151.4E-15,-158.6E-15,-192.4E-15,-201.4E-15
769.1E3,-151.6E-15,-158.8E-15,-192.6E-15,-201.7E-15
770.1E3,-151.8E-15,-159.0E-15,-192.9E-15,-201.9E-15
771.1E3,-152.0E-15,-159.2E-15,-193.1E-15,-202.2E-15
772.1E3,-152.2E-15,-159.4E-15,-193.4E-15,-202.5E-15
773.1E3,-152.4E-15,-159.6E-15,-193.6E-15,-202.7E-15
774.1E3,-152.6E-15,-159.8E-15,-193.9E-15,-203.0E-15
775.1E3,-152.8E-15,-160.0E-15,-194.1E-15,-203.2E-15
776.1E3,-153.0E-15,-160.3E-15,-194.4E-15,-203.5E-15
777.1E3,-153.2E-15,-160.5E-15,-194.6E-15,-203.8E-15
778.1E3,-153.4E-15,-160.7E-15,-194.9E-15,-204.0E-15
779.1E3,-153.6E-15,-160.9E-15,-195.1E-15,-204.3E-15
780.1E3,-153.8E-15,-161.1E-15,-195.4E-15,-204.6E-15
781.1E3,-154.0E-15,-161.3E-15,-195.6E-15,-204.8E-15
782.1E3,-154.2E-15,-161.5E-15,-195.9E-15,-205.1E-15
783.1E3,-154.4E-15,-161.7E-15,-196.1E-15,-205.3E-15
784.1E3,-154.6E-15,-161.9E-15,-196.4E-15,-205.6E-15
785.1E3,-154.8E-15,-162.1E-15,-196.6E-15,-205.9E-15
786.1E3,-155.0E-15,-162.3E-15,-196.9E-15,-206.1E-15
787.1E3,-155.2E-15,-162.5E-15,-197.1E-15,-206.4E-15
788.1E3,-155.4E-15,-162.7E-15,-197.4E-15,-206.7E-15
789.1E3,-155.6E-15,-162.9E-15,-197.6E-15,-206.9E-15
790.1E3,-155.8E-15,-163.1E-15,-197.9E-15,-207.2E-15
791.1E3,-156.0E-15,-163.4E-15,-198.1E-15,-207.4E-15
792.1E3,-156.2E-15,-163.6E-15,-198.4E-15,-207.7E-15
793.1E3,-156.3E-15,-163.8E-15,-198.6E-15,-208.0E-15
794.1E3,-156.5E-15,-164.0E-15,-198.9E-15,-208.2E-15
795.1E3,-156.7E-15,-164.2E-15,-199.1E-15,-208.5E-15
796.1E3,-156.9E-15,-164.4E-15,-199.4E-15,-208.8E-15
797.1E3,-157.1E-15,-164.6E-15,-199.6E-15,-209.0E-15
798.1E3,-157.3E-15,-164.8E-15,-199.9E-15,-209.3E-15
799.1E3,-157.5E-15,-165.0E-15,-200.1E-15,-209.5E-15
800.1E3,-157.7E-15,-165.2E-15,-200.4E-15,-209.8E-15
801.1E3,-157.9E-15,-165.4E-15,-200.6E-15,-210.1E-15
802.1E3,-158.1E-15,-165.6E-15,-200.9E-15,-210.3E-15
803.1E3,-158.3E-15,-165.8E-15,-201.1E-15,-210.6E-15
804.1E3,-158.5E-15,-166.0E-15,-201.4E-15,-210.8E-15
805.1E3,-158.7E-15,-166.2E-15,-201.6E-15,-211.1E-15
806.1E3,-158.9E-15,-166.5E-15,-201.9E-15,-211.4E-15
807.1E3,-159.1E-15,-166.7E-15,-202.1E-15,-211.6E-15
808.1E3,-159.3E-15,-166.9E-15,-202.4E-15,-211.9E-15
809.1E3,-159.5E-15,-167.1E-15,-202.6E-15,-212.2E-15
810.1E3,-159.7E-15,-167.3E-15,-202.9E-15,-212.4E-15
811.1E3,-159.9E-15,-167.5E-15,-203.1E-15,-212.7E-15
812.1E3,-160.1E-15,-167.7E-15,-203.4E-15,-212.9E-15
813.1E3,-160.3E-15,-167.9E-15,-203.6E-15,-213.2E-15
814.1E3,-160.5E-15,-168.1E-15,-203.9E-15,-213.5E-15
815.1E3,-160.7E-15,-168.3E-15,-204.1E-15,-213.7E-15
816.1E3,-160.9E-15,-168.5E-15,-204.4E-15,-214.0E-15
817.1E3,-161.1E-15,-168.7E-15,-204.6E-15,-214.3E-15
818.1E3,-161.3E-15,-168.9E-15,-204.9E-15,-214.5E-15
819.1E3,-161.5E-15,-169.1E-15,-205.1E-15,-214.8E-15
820.1E3,-161.7E-15,-169.3E-15,-205.4E-15,-215.0E-15
821.1E3,-161.9E-15,-169.5E-15,-205.6E-15,-215.3E-15
822.1E3,-162.1E-15,-169.8E-15,-205.9E-15,-215.6E-15
823.1E3,-162.3E-15,-170.0E-15,-206.1E-15,-215.8E-15
824.1E3,-162.5E-15,-170.2E-15,-206.4E-15,-216.1E-15
825.1E3,-162.7E-15,-170.4E-15,-206.6E-15,-216.4E-15
826.1E3,-162.9E-15,-170.6E-15,-206.9E-15,-216.6E-15
827.1E3,-163.1E-15,-170.8E-15,-207.1E-15,-216.9E-15
828.1E3,-163.2E-15,-171.0E-15,-207.4E-15,-217.1E-15
829.1E3,-163.4E-15,-171.2E-15,-207.6E-15,-217.4E-15
830.1E3,-163.6E-15,-171.4E-15,-207.9E-15,-217.7E-15
831.1E3,-163.8E-15,-171.6E-15,-208.1E-15,-217.9E-15
832.1E3,-164.0E-15,-171.8E-15,-208.4E-15,-218.2E-15
833.1E3,-164.2E-15,-172.0E-15,-208.6E-15,-218.5E-15
834.1E3,-164.4E-15,-172.2E-15,-208.9E-15,-218.7E-15
835.1E3,-164.6E-15,-172.4E-15,-209.1E-15,-219.0E-15
836.1E3,-164.8E-15,-172.6E-15,-209.4E-15,-219.2E-15
837.1E3,-165.0E-15,-172.9E-15,-209.6E-15,-219.5E-15
838.1E3,-165.2E-15,-173.1E-15,-209.9E-15,-219.8E-15
839.1E3,-165.4E-15,-173.3E-15,-210.1E-15,-220.0E-15
840.1E3,-165.6E-15,-173.5E-15,-210.4E-15,-220.3E-15
841.1E3,-165.8E-15,-173.7E-15,-210.6E-15,-220.5E-15
842.1E3,-166.0E-15,-173.9E-15,-210.9E-15,-220.8E-15
843.1E3,-166.2E-15,-174.1E-15,-211.1E-15,-221.1E-15
844.1E3,-166.4E-15,-174.3E-15,-211.4E-15,-221.3E-15
845.1E3,-166.6E-15,-174.5E-15,-211.6E-15,-221.6E-15
846.1E3,-166.8E-15,-174.7E-15,-211.9E-15,-221.9E-15
847.1E3,-167.0E-15,-174.9E-15,-212.1E-15,-222.1E-15
848.1E3,-167.2E-15,-175.1E-15,-212.4E-15,-222.4E-15
849.1E3,-167.4E-15,-175.3E-15,-212.6E-15,-222.6E-15
850.1E3,-167.6E-15,-175.5E-15,-212.9E-15,-222.9E-15
851.1E3,-167.8E-15,-175.7E-15,-213.1E-15,-223.2E-15
852.1E3,-168.0E-15,-175.9E-15,-213.4E-15,-223.4E-15
853.1E3,-168.2E-15,-176.2E-15,-213.6E-15,-223.7E-15
854.1E3,-168.4E-15,-176.4E-15,-213.9E-15,-224.0E-15
855.1E3,-168.6E-15,-176.6E-15,-214.1E-15,-224.2E-15
856.1E3,-168.8E-15,-176.8E-15,-214.4E-15,-224.5E-15
857.1E3,-169.0E-15,-177.0E-15,-214.6E-15,-224.7E-15
858.1E3,-169.2E-15,-177.2E-15,-214.9E-15,-225.0E-15
859.1E3,-169.4E-15,-177.4E-15,-215.1E-15,-225.3E-15
860.1E3,-169.6E-15,-177.6E-15,-215.4E-15,-225.5E-15
861.1E3,-169.8E-15,-177.8E-15,-215.6E-15,-225.8E-15
862.1E3,-170.0E-15,-178.0E-15,-215.9E-15,-226.1E-15
863.1E3,-170.1E-15,-178.2E-15,-216.1E-15,-226.3E-15
864.1E3,-170.3E-15,-178.4E-15,-216.4E-15,-226.6E-15
865.1E3,-170.5E-15,-178.6E-15,-216.6E-15,-226.8E-15
866.1E3,-170.7E-15,-178.8E-15,-216.9E-15,-227.1E-15
867.1E3,-170.9E-15,-179.0E-15,-217.1E-15,-227.4E-15
868.1E3,-171.1E-15,-179.3E-15,-217.4E-15,-227.6E-15
869.1E3,-171.3E-15,-179.5E-15,-217.6E-15,-227.9E-15
870.1E3,-171.5E-15,-179.7E-15,-217.9E-15,-228.2E-15
871.1E3,-171.7E-15,-179.9E-15,-218.1E-15,-228.4E-15
872.1E3,-171.9E-15,-180.1E-15,-218.4E-15,-228.7E-15
873.1E3,-172.1E-15,-180.3E-15,-218.6E-15,-228.9E-15
874.1E3,-172.3E-15,-180.5E-15,-218.9E-15,-229.2E-15
875.1E3,-172.5E-15,-180.7E-15,-219.1E-15,-229.5E-15
876.1E3,-172.7E-15,-180.9E-15,-219.4E-15,-229.7E-15
877.1E3,-172.9E-15,-181.1E-15,-219.7E-15,-230.0E-15
878.1E3,-173.1E-15,-181.3E-15,-219.9E-15,-230.3E-15
879.1E3,-173.3E-15,-181.5E-15,-220.2E-15,-230.5E-15
880.1E3,-173.5E-15,-181.7E-15,-220.4E-15,-230.8E-15
881.1E3,-173.7E-15,-181.9E-15,-220.7E-15,-231.0E-15
882.1E3,-173.9E-15,-182.1E-15,-220.9E-15,-231.3E-15
883.1E3,-174.1E-15,-182.4E-15,-221.2E-15,-231.6E-15
884.1E3,-174.3E-15,-182.6E-15,-221.4E-15,-231.8E-15
885.1E3,-174.5E-15,-182.8E-15,-221.7E-15,-232.1E-15
886.1E3,-174.7E-15,-183.0E-15,-221.9E-15,-232.3E-15
887.1E3,-174.9E-15,-183.2E-15,-222.2E-15,-232.6E-15
888.1E3,-175.1E-15,-183.4E-15,-222.4E-15,-232.9E-15
889.1E3,-175.3E-15,-183.6E-15,-222.7E-15,-233.1E-15
890.1E3,-175.5E-15,-183.8E-15,-222.9E-15,-233.4E-15
891.1E3,-175.7E-15,-184.0E-15,-223.2E-15,-233.7E-15
892.1E3,-175.9E-15,-184.2E-15,-223.4E-15,-233.9E-15
893.1E3,-176.1E-15,-184.4E-15,-223.7E-15,-234.2E-15
894.1E3,-176.3E-15,-184.6E-15,-223.9E-15,-234.4E-15
895.1E3,-176.5E-15,-184.8E-15,-224.2E-15,-234.7E-15
896.1E3,-176.7E-15,-185.0E-15,-224.4E-15,-235.0E-15
897.1E3,-176.9E-15,-185.2E-15,-224.7E-15,-235.2E-15
898.1E3,-177.0E-15,-185.4E-15,-224.9E-15,-235.5E-15
899.1E3,-177.2E-15,-185.7E-15,-225.2E-15,-235.8E-15
900.1E3,-177.4E-15,-185.9E-15,-225.4E-15,-236.0E-15
901.1E3,-177.6E-15,-186.1E-15,-225.7E-15,-236.3E-15
902.1E3,-177.8E-15,-186.3E-15,-225.9E-15,-236.5E-15
903.1E3,-178.0E-15,-186.5E-15,-226.2E-15,-236.8E-15
904.1E3,-178.2E-15,-186.7E-15,-226.4E-15,-237.1E-15
905.1E3,-178.4E-15,-186.9E-15,-226.7E-15,-237.3E-15
906.1E3,-178.6E-15,-187.1E-15,-226.9E-15,-237.6E-15
907.1E3,-178.8E-15,-187.3E-15,-227.2E-15,-237.9E-15
908.1E3,-179.0E-15,-187.5E-15,-227.4E-15,-238.1E-15
909.1E3,-179.2E-15,-187.7E-15,-227.7E-15,-238.4E-15
910.1E3,-179.4E-15,-187.9E-15,-227.9E-15,-238.6E-15
911.1E3,-179.6E-15,-188.1E-15,-228.2E-15,-238.9E-15
912.1E3,-179.8E-15,-188.3E-15,-228.4E-15,-239.2E-15
913.1E3,-180.0E-15,-188.5E-15,-228.7E-15,-239.4E-15
914.1E3,-180.2E-15,-188.8E-15,-228.9E-15,-239.7E-15
915.1E3,-180.4E-15,-189.0E-15,-229.2E-15,-240.0E-15
916.1E3,-180.6E-15,-189.2E-15,-229.4E-15,-240.2E-15
917.1E3,-180.8E-15,-189.4E-15,-229.7E-15,-240.5E-15
918.1E3,-181.0E-15,-189.6E-15,-229.9E-15,-240.7E-15
919.1E3,-181.2E-15,-189.8E-15,-230.2E-15,-241.0E-15
920.1E3,-181.4E-15,-190.0E-15,-230.4E-15,-241.3E-15
921.1E3,-181.6E-15,-190.2E-15,-230.7E-15,-241.5E-15
922.1E3,-181.8E-15,-190.4E-15,-230.9E-15,-241.8E-15
923.1E3,-182.0E-15,-190.6E-15,-231.2E-15,-242.1E-15
924.1E3,-182.2E-15,-190.8E-15,-231.4E-15,-242.3E-15
925.1E3,-182.4E-15,-191.0E-15,-231.7E-15,-242.6E-15
926.1E3,-182.6E-15,-191.2E-15,-231.9E-15,-242.8E-15
927.1E3,-182.8E-15,-191.4E-15,-232.2E-15,-243.1E-15
928.1E3,-183.0E-15,-191.6E-15,-232.4E-15,-243.4E-15
929.1E3,-183.2E-15,-191.8E-15,-232.7E-15,-243.6E-15
930.1E3,-183.4E-15,-192.1E-15,-232.9E-15,-243.9E-15
931.1E3,-183.6E-15,-192.3E-15,-233.2E-15,-244.1E-15
932.1E3,-183.8E-15,-192.5E-15,-233.4E-15,-244.4E-15
933.1E3,-183.9E-15,-192.7E-15,-233.7E-15,-244.7E-15
934.1E3,-184.1E-15,-192.9E-15,-233.9E-15,-244.9E-15
935.1E3,-184.3E-15,-193.1E-15,-234.2E-15,-245.2E-15
936.1E3,-184.5E-15,-193.3E-15,-234.4E-15,-245.5E-15
937.1E3,-184.7E-15,-193.5E-15,-234.7E-15,-245.7E-15
938.1E3,-184.9E-15,-193.7E-15,-234.9E-15,-246.0E-15
939.1E3,-185.1E-15,-193.9E-15,-235.2E-15,-246.2E-15
940.1E3,-185.3E-15,-194.1E-15,-235.4E-15,-246.5E-15
941.1E3,-185.5E-15,-194.3E-15,-235.7E-15,-246.8E-15
942.1E3,-185.7E-15,-194.5E-15,-235.9E-15,-247.0E-15
943.1E3,-185.9E-15,-194.7E-15,-236.2E-15,-247.3E-15
944.1E3,-186.1E-15,-194.9E-15,-236.4E-15,-247.6E-15
945.1E3,-186.3E-15,-195.2E-15,-236.7E-15,-247.8E-15
946.1E3,-186.5E-15,-195.4E-15,-236.9E-15,-248.1E-15
947.1E3,-186.7E-15,-195.6E-15,-237.2E-15,-248.3E-15
948.1E3,-186.9E-15,-195.8E-15,-237.4E-15,-248.6E-15
949.1E3,-187.1E-15,-196.0E-15,-237.7E-15,-248.9E-15
950.1E3,-187.3E-15,-196.2E-15,-237.9E-15,-249.1E-15
951.1E3,-187.5E-15,-196.4E-15,-238.2E-15,-249.4E-15
952.1E3,-187.7E-15,-196.6E-15,-238.4E-15,-249.7E-15
953.1E3,-187.9E-15,-196.8E-15,-238.7E-15,-249.9E-15
954.1E3,-188.1E-15,-197.0E-15,-238.9E-15,-250.2E-15
955.1E3,-188.3E-15,-197.2E-15,-239.2E-15,-250.4E-15
956.1E3,-188.5E-15,-197.4E-15,-239.4E-15,-250.7E-15
957.1E3,-188.7E-15,-197.6E-15,-239.7E-15,-251.0E-15
958.1E3,-188.9E-15,-197.8E-15,-239.9E-15,-251.2E-15
959.1E3,-189.1E-15,-198.0E-15,-240.2E-15,-251.5E-15
960.1E3,-189.3E-15,-198.3E-15,-240.4E-15,-251.8E-15
961.1E3,-189.5E-15,-198.5E-15,-240.7E-15,-252.0E-15
962.1E3,-189.7E-15,-198.7E-15,-240.9E-15,-252.3E-15
963.1E3,-189.9E-15,-198.9E-15,-241.2E-15,-252.5E-15
964.1E3,-190.1E-15,-199.1E-15,-241.4E-15,-252.8E-15
965.1E3,-190.3E-15,-199.3E-15,-241.7E-15,-253.1E-15
966.1E3,-190.5E-15,-199.5E-15,-241.9E-15,-253.3E-15
967.1E3,-190.7E-15,-199.7E-15,-242.2E-15,-253.6E-15
968.1E3,-190.8E-15,-199.9E-15,-242.4E-15,-253.9E-15
969.1E3,-191.0E-15,-200.1E-15,-242.7E-15,-254.1E-15
970.1E3,-191.2E-15,-200.3E-15,-242.9E-15,-254.4E-15
971.1E3,-191.4E-15,-200.5E-15,-243.2E-15,-254.6E-15
972.1E3,-191.6E-15,-200.7E-15,-243.4E-15,-254.9E-15
973.1E3,-191.8E-15,-200.9E-15,-243.7E-15,-255.2E-15
974.1E3,-192.0E-15,-201.1E-15,-243.9E-15,-255.4E-15
975.1E3,-192.2E-15,-201.3E-15,-244.2E-15,-255.7E-15
976.1E3,-192.4E-15,-201.6E-15,-244.4E-15,-255.9E-15
977.1E3,-192.6E-15,-201.8E-15,-244.7E-15,-256.2E-15
978.1E3,-192.8E-15,-202.0E-15,-244.9E-15,-256.5E-15
979.1E3,-193.0E-15,-202.2E-15,-245.2E-15,-256.7E-15
980.1E3,-193.2E-15,-202.4E-15,-245.4E-15,-257.0E-15
981.1E3,-193.4E-15,-202.6E-15,-245.7E-15,-257.3E-15
982.1E3,-193.6E-15,-202.8E-15,-245.9E-15,-257.5E-15
983.1E3,-193.8E-15,-203.0E-15,-246.2E-15,-257.8E-15
984.1E3,-194.0E-15,-203.2E-15,-246.4E-15,-258.0E-15
985.1E3,-194.2E-15,-203.4E-15,-246.7E-15,-258.3E-15
986.1E3,-194.4E-15,-203.6E-15,-246.9E-15,-258.6E-15
987.1E3,-194.6E-15,-203.8E-15,-247.2E-15,-258.8E-15
988.1E3,-194.8E-15,-204.0E-15,-247.4E-15,-259.1E-15
989.1E3,-195.0E-15,-204.2E-15,-247.7E-15,-259.4E-15
990.1E3,-195.2E-15,-204.4E-15,-247.9E-15,-259.6E-15
991.1E3,-195.4E-15,-204.7E-15,-248.2E-15,-259.9E-15
992.1E3,-195.6E-15,-204.9E-15,-248.4E-15,-260.1E-15
993.1E3,-195.8E-15,-205.1E-15,-248.7E-15,-260.4E-15
994.1E3,-196.0E-15,-205.3E-15,-249.0E-15,-260.7E-15
995.1E3,-196.2E-15,-205.5E-15,-249.2E-15,-260.9E-15
996.1E3,-196.4E-15,-205.7E-15,-249.5E-15,-261.2E-15
997.1E3,-196.6E-15,-205.9E-15,-249.7E-15,-261.5E-15
998.1E3,-196.8E-15,-206.1E-15,-250.0E-15,-261.7E-15
999.1E3,-197.0E-15,-206.3E-15,-250.2E-15,-262.0E-15
1.000E6,-197.2E-15,-206.5E-15,-250.5E-15,-262.2E-15
1.001E6,-197.4E-15,-206.7E-15,-250.7E-15,-262.5E-15
1.002E6,-197.6E-15,-206.9E-15,-251.0E-15,-262.8E-15
1.003E6,-197.7E-15,-207.1E-15,-251.2E-15,-263.0E-15
1.004E6,-197.9E-15,-207.3E-15,-251.5E-15,-263.3E-15
1.005E6,-198.1E-15,-207.5E-15,-251.7E-15,-263.6E-15
1.006E6,-198.3E-15,-207.7E-15,-252.0E-15,-263.8E-15
1.007E6,-198.5E-15,-208.0E-15,-252.2E-15,-264.1E-15
1.008E6,-198.7E-15,-208.2E-15,-252.5E-15,-264.3E-15
1.009E6,-198.9E-15,-208.4E-15,-252.7E-15,-264.6E-15
1.010E6,-199.1E-15,-208.6E-15,-253.0E-15,-264.9E-15
1.011E6,-199.3E-15,-208.8E-15,-253.2E-15,-265.1E-15
1.012E6,-199.5E-15,-209.0E-15,-253.5E-15,-265.4E-15
1.013E6,-199.7E-15,-209.2E-15,-253.7E-15,-265.7E-15
1.014E6,-199.9E-15,-209.4E-15,-254.0E-15,-265.9E-15
1.015E6,-200.1E-15,-209.6E-15,-254.2E-15,-266.2E-15
1.016E6,-200.3E-15,-209.8E-15,-254.5E-15,-266.4E-15
1.017E6,-200.5E-15,-210.0E-15,-254.7E-15,-266.7E-15
1.018E6,-200.7E-15,-210.2E-15,-255.0E-15,-267.0E-15
1.019E6,-200.9E-15,-210.4E-15,-255.2E-15,-267.2E-15
1.020E6,-201.1E-15,-210.6E-15,-255.5E-15,-267.5E-15
1.021E6,-201.3E-15,-210.8E-15,-255.7E-15,-267.7E-15
1.022E6,-201.5E-15,-211.1E-15,-256.0E-15,-268.0E-15
1.023E6,-201.7E-15,-211.3E-15,-256.2E-15,-268.3E-15
1.024E6,-201.9E-15,-211.5E-15,-256.5E-15,-268.5E-15
1.025E6,-202.1E-15,-211.7E-15,-256.7E-15,-268.8E-15
1.026E6,-202.3E-15,-211.9E-15,-257.0E-15,-269.1E-15
1.027E6,-202.5E-15,-212.1E-15,-257.2E-15,-269.3E-15
1.028E6,-202.7E-15,-212.3E-15,-257.5E-15,-269.6E-15
1.029E6,-202.9E-15,-212.5E-15,-257.7E-15,-269.8E-15
1.030E6,-203.1E-15,-212.7E-15,-258.0E-15,-270.1E-15
1.031E6,-203.3E-15,-212.9E-15,-258.2E-15,-270.4E-15
1.032E6,-203.5E-15,-213.1E-15,-258.5E-15,-270.6E-15
1.033E6,-203.7E-15,-213.3E-15,-258.7E-15,-270.9E-15
1.034E6,-203.9E-15,-213.5E-15,-259.0E-15,-271.2E-15
1.035E6,-204.1E-15,-213.7E-15,-259.2E-15,-271.4E-15
1.036E6,-204.3E-15,-213.9E-15,-259.5E-15,-271.7E-15
1.037E6,-204.4E-15,-214.1E-15,-259.7E-15,-271.9E-15
1.038E6,-204.6E-15,-214.4E-15,-260.0E-15,-272.2E-15
1.039E6,-204.8E-15,-214.6E-15,-260.2E-15,-272.5E-15
1.040E6,-205.0E-15,-214.8E-15,-260.5E-15,-272.7E-15
1.041E6,-205.2E-15,-215.0E-15,-260.7E-15,-273.0E-15
1.042E6,-205.4E-15,-215.2E-15,-261.0E-15,-273.3E-15
1.043E6,-205.6E-15,-215.4E-15,-261.2E-15,-273.5E-15
1.044E6,-205.8E-15,-215.6E-15,-261.5E-15,-273.8E-15
1.045E6,-206.0E-15,-215.8E-15,-261.7E-15,-274.0E-15
1.046E6,-206.2E-15,-216.0E-15,-262.0E-15,-274.3E-15
1.047E6,-206.4E-15,-216.2E-15,-262.2E-15,-274.6E-15
1.048E6,-206.6E-15,-216.4E-15,-262.5E-15,-274.8E-15
1.049E6,-206.8E-15,-216.6E-15,-262.7E-15,-275.1E-15
1.050E6,-207.0E-15,-216.8E-15,-263.0E-15,-275.4E-15
1.051E6,-207.2E-15,-217.0E-15,-263.2E-15,-275.6E-15
1.052E6,-207.4E-15,-217.2E-15,-263.5E-15,-275.9E-15
1.053E6,-207.6E-15,-217.5E-15,-263.7E-15,-276.1E-15
1.054E6,-207.8E-15,-217.7E-15,-264.0E-15,-276.4E-15
1.055E6,-208.0E-15,-217.9E-15,-264.2E-15,-276.7E-15
1.056E6,-208.2E-15,-218.1E-15,-264.5E-15,-276.9E-15
1.057E6,-208.4E-15,-218.3E-15,-264.7E-15,-277.2E-15
1.058E6,-208.6E-15,-218.5E-15,-265.0E-15,-277.5E-15
1.059E6,-208.8E-15,-218.7E-15,-265.2E-15,-277.7E-15
1.060E6,-209.0E-15,-218.9E-15,-265.5E-15,-278.0E-15
1.061E6,-209.2E-15,-219.1E-15,-265.7E-15,-278.2E-15
1.062E6,-209.4E-15,-219.3E-15,-266.0E-15,-278.5E-15
1.063E6,-209.6E-15,-219.5E-15,-266.2E-15,-278.8E-15
1.064E6,-209.8E-15,-219.7E-15,-266.5E-15,-279.0E-15
1.065E6,-210.0E-15,-219.9E-15,-266.7E-15,-279.3E-15
1.066E6,-210.2E-15,-220.1E-15,-267.0E-15,-279.5E-15
1.067E6,-210.4E-15,-220.3E-15,-267.2E-15,-279.8E-15
1.068E6,-210.6E-15,-220.6E-15,-267.5E-15,-280.1E-15
1.069E6,-210.8E-15,-220.8E-15,-267.7E-15,-280.3E-15
1.070E6,-211.0E-15,-221.0E-15,-268.0E-15,-280.6E-15
1.071E6,-211.2E-15,-221.2E-15,-268.2E-15,-280.9E-15
1.072E6,-211.3E-15,-221.4E-15,-268.5E-15,-281.1E-15
1.073E6,-211.5E-15,-221.6E-15,-268.7E-15,-281.4E-15
1.074E6,-211.7E-15,-221.8E-15,-269.0E-15,-281.6E-15
1.075E6,-211.9E-15,-222.0E-15,-269.2E-15,-281.9E-15
1.076E6,-212.1E-15,-222.2E-15,-269.5E-15,-282.2E-15
1.077E6,-212.3E-15,-222.4E-15,-269.7E-15,-282.4E-15
1.078E6,-212.5E-15,-222.6E-15,-270.0E-15,-282.7E-15
1.079E6,-212.7E-15,-222.8E-15,-270.2E-15,-283.0E-15
1.080E6,-212.9E-15,-223.0E-15,-270.5E-15,-283.2E-15
1.081E6,-213.1E-15,-223.2E-15,-270.7E-15,-283.5E-15
1.082E6,-213.3E-15,-223.4E-15,-271.0E-15,-283.7E-15
1.083E6,-213.5E-15,-223.6E-15,-271.2E-15,-284.0E-15
1.084E6,-213.7E-15,-223.9E-15,-271.5E-15,-284.3E-15
1.085E6,-213.9E-15,-224.1E-15,-271.7E-15,-284.5E-15
1.086E6,-214.1E-15,-224.3E-15,-272.0E-15,-284.8E-15
1.087E6,-214.3E-15,-224.5E-15,-272.2E-15,-285.1E-15
1.088E6,-214.5E-15,-224.7E-15,-272.5E-15,-285.3E-15
1.089E6,-214.7E-15,-224.9E-15,-272.7E-15,-285.6E-15
1.090E6,-214.9E-15,-225.1E-15,-273.0E-15,-285.8E-15
1.091E6,-215.1E-15,-225.3E-15,-273.2E-15,-286.1E-15
1.092E6,-215.3E-15,-225.5E-15,-273.5E-15,-286.4E-15
1.093E6,-215.5E-15,-225.7E-15,-273.7E-15,-286.6E-15
1.094E6,-215.7E-15,-225.9E-15,-274.0E-15,-286.9E-15
1.095E6,-215.9E-15,-226.1E-15,-274.2E-15,-287.2E-15
1.096E6,-216.1E-15,-226.3E-15,-274.5E-15,-287.4E-15
1.097E6,-216.3E-15,-226.5E-15,-274.7E-15,-287.7E-15
1.098E6,-216.5E-15,-226.7E-15,-275.0E-15,-287.9E-15
1.099E6,-216.7E-15,-227.0E-15,-275.2E-15,-288.2E-15
1.100E6,-216.9E-15,-227.2E-15,-275.5E-15,-288.5E-15
1.101E6,-217.1E-15,-227.4E-15,-275.7E-15,-288.7E-15
1.102E6,-217.3E-15,-227.6E-15,-276.0E-15,-289.0E-15
1.103E6,-217.5E-15,-227.8E-15,-276.2E-15,-289.3E-15
1.104E6,-217.7E-15,-228.0E-15,-276.5E-15,-289.5E-15
1.105E6,-217.9E-15,-228.2E-15,-276.7E-15,-289.8E-15
1.106E6,-218.1E-15,-228.4E-15,-277.0E-15,-290.0E-15
1.107E6,-218.2E-15,-228.6E-15,-277.2E-15,-290.3E-15
1.108E6,-218.4E-15,-228.8E-15,-277.5E-15,-290.6E-15
1.109E6,-218.6E-15,-229.0E-15,-277.7E-15,-290.8E-15
1.110E6,-218.8E-15,-229.2E-15,-278.0E-15,-291.1E-15
1.111E6,-219.0E-15,-229.4E-15,-278.3E-15,-291.3E-15
1.112E6,-219.2E-15,-229.6E-15,-278.5E-15,-291.6E-15
1.113E6,-219.4E-15,-229.8E-15,-278.8E-15,-291.9E-15
1.114E6,-219.6E-15,-230.0E-15,-279.0E-15,-292.1E-15
1.115E6,-219.8E-15,-230.3E-15,-279.3E-15,-292.4E-15
1.116E6,-220.0E-15,-230.5E-15,-279.5E-15,-292.7E-15
1.117E6,-220.2E-15,-230.7E-15,-279.8E-15,-292.9E-15
1.118E6,-220.4E-15,-230.9E-15,-280.0E-15,-293.2E-15
1.119E6,-220.6E-15,-231.1E-15,-280.3E-15,-293.4E-15
1.120E6,-220.8E-15,-231.3E-15,-280.5E-15,-293.7E-15
1.121E6,-221.0E-15,-231.5E-15,-280.8E-15,-294.0E-15
1.122E6,-221.2E-15,-231.7E-15,-281.0E-15,-294.2E-15
1.123E6,-221.4E-15,-231.9E-15,-281.3E-15,-294.5E-15
1.124E6,-221.6E-15,-232.1E-15,-281.5E-15,-294.8E-15
1.125E6,-221.8E-15,-232.3E-15,-281.8E-15,-295.0E-15
1.126E6,-222.0E-15,-232.5E-15,-282.0E-15,-295.3E-15
1.127E6,-222.2E-15,-232.7E-15,-282.3E-15,-295.5E-15
1.128E6,-222.4E-15,-232.9E-15,-282.5E-15,-295.8E-15
1.129E6,-222.6E-15,-233.1E-15,-282.8E-15,-296.1E-15
1.130E6,-222.8E-15,-233.4E-15,-283.0E-15,-296.3E-15
1.131E6,-223.0E-15,-233.6E-15,-283.3E-15,-296.6E-15
1.132E6,-223.2E-15,-233.8E-15,-283.5E-15,-296.9E-15
1.133E6,-223.4E-15,-234.0E-15,-283.8E-15,-297.1E-15
1.134E6,-223.6E-15,-234.2E-15,-284.0E-15,-297.4E-15
1.135E6,-223.8E-15,-234.4E-15,-284.3E-15,-297.6E-15
1.136E6,-224.0E-15,-234.6E-15,-284.5E-15,-297.9E-15
1.137E6,-224.2E-15,-234.8E-15,-284.8E-15,-298.2E-15
1.138E6,-224.4E-15,-235.0E-15,-285.0E-15,-298.4E-15
1.139E6,-224.6E-15,-235.2E-15,-285.3E-15,-298.7E-15
1.140E6,-224.8E-15,-235.4E-15,-285.5E-15,-299.0E-15
1.141E6,-225.0E-15,-235.6E-15,-285.8E-15,-299.2E-15
1.142E6,-225.1E-15,-235.8E-15,-286.0E-15,-299.5E-15
1.143E6,-225.3E-15,-236.0E-15,-286.3E-15,-299.7E-15
1.144E6,-225.5E-15,-236.2E-15,-286.5E-15,-300.0E-15
1.145E6,-225.7E-15,-236.5E-15,-286.8E-15,-300.3E-15
1.146E6,-225.9E-15,-236.7E-15,-287.0E-15,-300.5E-15
1.147E6,-226.1E-15,-236.9E-15,-287.3E-15,-300.8E-15
1.148E6,-226.3E-15,-237.1E-15,-287.5E-15,-301.1E-15
1.149E6,-226.5E-15,-237.3E-15,-287.8E-15,-301.3E-15
1.150E6,-226.7E-15,-237.5E-15,-288.0E-15,-301.6E-15
1.151E6,-226.9E-15,-237.7E-15,-288.3E-15,-301.8E-15
1.152E6,-227.1E-15,-237.9E-15,-288.5E-15,-302.1E-15
1.153E6,-227.3E-15,-238.1E-15,-288.8E-15,-302.4E-15
1.154E6,-227.5E-15,-238.3E-15,-289.0E-15,-302.6E-15
1.155E6,-227.7E-15,-238.5E-15,-289.3E-15,-302.9E-15
1.156E6,-227.9E-15,-238.7E-15,-289.5E-15,-303.1E-15
1.157E6,-228.1E-15,-238.9E-15,-289.8E-15,-303.4E-15
1.158E6,-228.3E-15,-239.1E-15,-290.0E-15,-303.7E-15
1.159E6,-228.5E-15,-239.3E-15,-290.3E-15,-303.9E-15
1.160E6,-228.7E-15,-239.5E-15,-290.5E-15,-304.2E-15
1.161E6,-228.9E-15,-239.8E-15,-290.8E-15,-304.5E-15
1.162E6,-229.1E-15,-240.0E-15,-291.0E-15,-304.7E-15
1.163E6,-229.3E-15,-240.2E-15,-291.3E-15,-305.0E-15
1.164E6,-229.5E-15,-240.4E-15,-291.5E-15,-305.2E-15
1.165E6,-229.7E-15,-240.6E-15,-291.8E-15,-305.5E-15
1.166E6,-229.9E-15,-240.8E-15,-292.0E-15,-305.8E-15
1.167E6,-230.1E-15,-241.0E-15,-292.3E-15,-306.0E-15
1.168E6,-230.3E-15,-241.2E-15,-292.5E-15,-306.3E-15
1.169E6,-230.5E-15,-241.4E-15,-292.8E-15,-306.6E-15
1.170E6,-230.7E-15,-241.6E-15,-293.0E-15,-306.8E-15
1.171E6,-230.9E-15,-241.8E-15,-293.3E-15,-307.1E-15
1.172E6,-231.1E-15,-242.0E-15,-293.5E-15,-307.3E-15
1.173E6,-231.3E-15,-242.2E-15,-293.8E-15,-307.6E-15
1.174E6,-231.5E-15,-242.4E-15,-294.0E-15,-307.9E-15
1.175E6,-231.7E-15,-242.6E-15,-294.3E-15,-308.1E-15
1.176E6,-231.9E-15,-242.9E-15,-294.5E-15,-308.4E-15
1.177E6,-232.0E-15,-243.1E-15,-294.8E-15,-308.7E-15
1.178E6,-232.2E-15,-243.3E-15,-295.0E-15,-308.9E-15
1.179E6,-232.4E-15,-243.5E-15,-295.3E-15,-309.2E-15
1.180E6,-232.6E-15,-243.7E-15,-295.5E-15,-309.4E-15
1.181E6,-232.8E-15,-243.9E-15,-295.8E-15,-309.7E-15
1.182E6,-233.0E-15,-244.1E-15,-296.0E-15,-310.0E-15
1.183E6,-233.2E-15,-244.3E-15,-296.3E-15,-310.2E-15
1.184E6,-233.4E-15,-244.5E-15,-296.5E-15,-310.5E-15
1.185E6,-233.6E-15,-244.7E-15,-296.8E-15,-310.8E-15
1.186E6,-233.8E-15,-244.9E-15,-297.0E-15,-311.0E-15
1.187E6,-234.0E-15,-245.1E-15,-297.3E-15,-311.3E-15
1.188E6,-234.2E-15,-245.3E-15,-297.5E-15,-311.5E-15
1.189E6,-234.4E-15,-245.5E-15,-297.8E-15,-311.8E-15
1.190E6,-234.6E-15,-245.7E-15,-298.0E-15,-312.1E-15
1.191E6,-234.8E-15,-245.9E-15,-298.3E-15,-312.3E-15
1.192E6,-235.0E-15,-246.2E-15,-298.5E-15,-312.6E-15
1.193E6,-235.2E-15,-246.4E-15,-298.8E-15,-312.8E-15
1.194E6,-235.4E-15,-246.6E-15,-299.0E-15,-313.1E-15
1.195E6,-235.6E-15,-246.8E-15,-299.3E-15,-313.4E-15
1.196E6,-235.8E-15,-247.0E-15,-299.5E-15,-313.6E-15
1.197E6,-236.0E-15,-247.2E-15,-299.8E-15,-313.9E-15
1.198E6,-236.2E-15,-247.4E-15,-300.0E-15,-314.2E-15
1.199E6,-236.4E-15,-247.6E-15,-300.3E-15,-314.4E-15
1.200E6,-236.6E-15,-247.8E-15,-300.5E-15,-314.7E-15
1.201E6,-236.8E-15,-248.0E-15,-300.8E-15,-314.9E-15
1.202E6,-237.0E-15,-248.2E-15,-301.0E-15,-315.2E-15
1.203E6,-237.2E-15,-248.4E-15,-301.3E-15,-315.5E-15
1.204E6,-237.4E-15,-248.6E-15,-301.5E-15,-315.7E-15
1.205E6,-237.6E-15,-248.8E-15,-301.8E-15,-316.0E-15
1.206E6,-237.8E-15,-249.0E-15,-302.0E-15,-316.3E-15
1.207E6,-238.0E-15,-249.3E-15,-302.3E-15,-316.5E-15
1.208E6,-238.2E-15,-249.5E-15,-302.5E-15,-316.8E-15
1.209E6,-238.4E-15,-249.7E-15,-302.8E-15,-317.0E-15
1.210E6,-238.6E-15,-249.9E-15,-303.0E-15,-317.3E-15
1.211E6,-238.8E-15,-250.1E-15,-303.3E-15,-317.6E-15
1.212E6,-238.9E-15,-250.3E-15,-303.5E-15,-317.8E-15
1.213E6,-239.1E-15,-250.5E-15,-303.8E-15,-318.1E-15
1.214E6,-239.3E-15,-250.7E-15,-304.0E-15,-318.4E-15
1.215E6,-239.5E-15,-250.9E-15,-304.3E-15,-318.6E-15
1.216E6,-239.7E-15,-251.1E-15,-304.5E-15,-318.9E-15
1.217E6,-239.9E-15,-251.3E-15,-304.8E-15,-319.1E-15
1.218E6,-240.1E-15,-251.5E-15,-305.0E-15,-319.4E-15
1.219E6,-240.3E-15,-251.7E-15,-305.3E-15,-319.7E-15
1.220E6,-240.5E-15,-251.9E-15,-305.5E-15,-319.9E-15
1.221E6,-240.7E-15,-252.1E-15,-305.8E-15,-320.2E-15
1.222E6,-240.9E-15,-252.4E-15,-306.0E-15,-320.5E-15
1.223E6,-241.1E-15,-252.6E-15,-306.3E-15,-320.7E-15
1.224E6,-241.3E-15,-252.8E-15,-306.5E-15,-321.0E-15
1.225E6,-241.5E-15,-253.0E-15,-306.8E-15,-321.2E-15
1.226E6,-241.7E-15,-253.2E-15,-307.0E-15,-321.5E-15
1.227E6,-241.9E-15,-253.4E-15,-307.3E-15,-321.8E-15
1.228E6,-242.1E-15,-253.6E-15,-307.6E-15,-322.0E-15
1.229E6,-242.3E-15,-253.8E-15,-307.8E-15,-322.3E-15
1.230E6,-242.5E-15,-254.0E-15,-308.1E-15,-322.6E-15
1.231E6,-242.7E-15,-254.2E-15,-308.3E-15,-322.8E-15
1.232E6,-242.9E-15,-254.4E-15,-308.6E-15,-323.1E-15
1.233E6,-243.1E-15,-254.6E-15,-308.8E-15,-323.3E-15
1.234E6,-243.3E-15,-254.8E-15,-309.1E-15,-323.6E-15
1.235E6,-243.5E-15,-255.0E-15,-309.3E-15,-323.9E-15
1.236E6,-243.7E-15,-255.2E-15,-309.6E-15,-324.1E-15
1.237E6,-243.9E-15,-255.4E-15,-309.8E-15,-324.4E-15
1.238E6,-244.1E-15,-255.7E-15,-310.1E-15,-324.6E-15
1.239E6,-244.3E-15,-255.9E-15,-310.3E-15,-324.9E-15
1.240E6,-244.5E-15,-256.1E-15,-310.6E-15,-325.2E-15
1.241E6,-244.7E-15,-256.3E-15,-310.8E-15,-325.4E-15
1.242E6,-244.9E-15,-256.5E-15,-311.1E-15,-325.7E-15
1.243E6,-245.1E-15,-256.7E-15,-311.3E-15,-326.0E-15
1.244E6,-245.3E-15,-256.9E-15,-311.6E-15,-326.2E-15
1.245E6,-245.5E-15,-257.1E-15,-311.8E-15,-326.5E-15
1.246E6,-245.7E-15,-257.3E-15,-312.1E-15,-326.7E-15
1.247E6,-245.8E-15,-257.5E-15,-312.3E-15,-327.0E-15
1.248E6,-246.0E-15,-257.7E-15,-312.6E-15,-327.3E-15
1.249E6,-246.2E-15,-257.9E-15,-312.8E-15,-327.5E-15
1.250E6,-246.4E-15,-258.1E-15,-313.1E-15,-327.8E-15
1.251E6,-246.6E-15,-258.3E-15,-313.3E-15,-328.1E-15
1.252E6,-246.8E-15,-258.5E-15,-313.6E-15,-328.3E-15
1.253E6,-247.0E-15,-258.8E-15,-313.8E-15,-328.6E-15
1.254E6,-247.2E-15,-259.0E-15,-314.1E-15,-328.8E-15
1.255E6,-247.4E-15,-259.2E-15,-314.3E-15,-329.1E-15
1.256E6,-247.6E-15,-259.4E-15,-314.6E-15,-329.4E-15
1.257E6,-247.8E-15,-259.6E-15,-314.8E-15,-329.6E-15
1.258E6,-248.0E-15,-259.8E-15,-315.1E-15,-329.9E-15
1.259E6,-248.2E-15,-260.0E-15,-315.3E-15,-330.2E-15
1.260E6,-248.4E-15,-260.2E-15,-315.6E-15,-330.4E-15
1.261E6,-248.6E-15,-260.4E-15,-315.8E-15,-330.7E-15
1.262E6,-248.8E-15,-260.6E-15,-316.1E-15,-330.9E-15
1.263E6,-249.0E-15,-260.8E-15,-316.3E-15,-331.2E-15
1.264E6,-249.2E-15,-261.0E-15,-316.6E-15,-331.5E-15
1.265E6,-249.4E-15,-261.2E-15,-316.8E-15,-331.7E-15
1.266E6,-249.6E-15,-261.4E-15,-317.1E-15,-332.0E-15
1.267E6,-249.8E-15,-261.6E-15,-317.3E-15,-332.3E-15
1.268E6,-250.0E-15,-261.8E-15,-317.6E-15,-332.5E-15
1.269E6,-250.2E-15,-262.1E-15,-317.8E-15,-332.8E-15
1.270E6,-250.4E-15,-262.3E-15,-318.1E-15,-333.0E-15
1.271E6,-250.6E-15,-262.5E-15,-318.3E-15,-333.3E-15
1.272E6,-250.8E-15,-262.7E-15,-318.6E-15,-333.6E-15
1.273E6,-251.0E-15,-262.9E-15,-318.8E-15,-333.8E-15
1.274E6,-251.2E-15,-263.1E-15,-319.1E-15,-334.1E-15
1.275E6,-251.4E-15,-263.3E-15,-319.3E-15,-334.4E-15
1.276E6,-251.6E-15,-263.5E-15,-319.6E-15,-334.6E-15
1.277E6,-251.8E-15,-263.7E-15,-319.8E-15,-334.9E-15
1.278E6,-252.0E-15,-263.9E-15,-320.1E-15,-335.1E-15
1.279E6,-252.2E-15,-264.1E-15,-320.3E-15,-335.4E-15
1.280E6,-252.4E-15,-264.3E-15,-320.6E-15,-335.7E-15
1.281E6,-252.6E-15,-264.5E-15,-320.8E-15,-335.9E-15
1.282E6,-252.7E-15,-264.7E-15,-321.1E-15,-336.2E-15
1.283E6,-252.9E-15,-264.9E-15,-321.3E-15,-336.4E-15
1.284E6,-253.1E-15,-265.2E-15,-321.6E-15,-336.7E-15
1.285E6,-253.3E-15,-265.4E-15,-321.8E-15,-337.0E-15
1.286E6,-253.5E-15,-265.6E-15,-322.1E-15,-337.2E-15
1.287E6,-253.7E-15,-265.8E-15,-322.3E-15,-337.5E-15
1.288E6,-253.9E-15,-266.0E-15,-322.6E-15,-337.8E-15
1.289E6,-254.1E-15,-266.2E-15,-322.8E-15,-338.0E-15
1.290E6,-254.3E-15,-266.4E-15,-323.1E-15,-338.3E-15
1.291E6,-254.5E-15,-266.6E-15,-323.3E-15,-338.5E-15
1.292E6,-254.7E-15,-266.8E-15,-323.6E-15,-338.8E-15
1.293E6,-254.9E-15,-267.0E-15,-323.8E-15,-339.1E-15
1.294E6,-255.1E-15,-267.2E-15,-324.1E-15,-339.3E-15
1.295E6,-255.3E-15,-267.4E-15,-324.3E-15,-339.6E-15
1.296E6,-255.5E-15,-267.6E-15,-324.6E-15,-339.9E-15
1.297E6,-255.7E-15,-267.8E-15,-324.8E-15,-340.1E-15
1.298E6,-255.9E-15,-268.0E-15,-325.1E-15,-340.4E-15
1.299E6,-256.1E-15,-268.2E-15,-325.3E-15,-340.6E-15
1.300E6,-256.3E-15,-268.5E-15,-325.6E-15,-340.9E-15
1.301E6,-256.5E-15,-268.7E-15,-325.8E-15,-341.2E-15
1.302E6,-256.7E-15,-268.9E-15,-326.1E-15,-341.4E-15
1.303E6,-256.9E-15,-269.1E-15,-326.3E-15,-341.7E-15
1.304E6,-257.1E-15,-269.3E-15,-326.6E-15,-342.0E-15
1.305E6,-257.3E-15,-269.5E-15,-326.8E-15,-342.2E-15
1.306E6,-257.5E-15,-269.7E-15,-327.1E-15,-342.5E-15
1.307E6,-257.7E-15,-269.9E-15,-327.3E-15,-342.7E-15
1.308E6,-257.9E-15,-270.1E-15,-327.6E-15,-343.0E-15
1.309E6,-258.1E-15,-270.3E-15,-327.8E-15,-343.3E-15
1.310E6,-258.3E-15,-270.5E-15,-328.1E-15,-343.5E-15
1.311E6,-258.5E-15,-270.7E-15,-328.3E-15,-343.8E-15
1.312E6,-258.7E-15,-270.9E-15,-328.6E-15,-344.1E-15
1.313E6,-258.9E-15,-271.1E-15,-328.8E-15,-344.3E-15
1.314E6,-259.1E-15,-271.3E-15,-329.1E-15,-344.6E-15
1.315E6,-259.3E-15,-271.6E-15,-329.3E-15,-344.8E-15
1.316E6,-259.5E-15,-271.8E-15,-329.6E-15,-345.1E-15
1.317E6,-259.6E-15,-272.0E-15,-329.8E-15,-345.4E-15
1.318E6,-259.8E-15,-272.2E-15,-330.1E-15,-345.6E-15
1.319E6,-260.0E-15,-272.4E-15,-330.3E-15,-345.9E-15
1.320E6,-260.2E-15,-272.6E-15,-330.6E-15,-346.2E-15
1.321E6,-260.4E-15,-272.8E-15,-330.8E-15,-346.4E-15
1.322E6,-260.6E-15,-273.0E-15,-331.1E-15,-346.7E-15
1.323E6,-260.8E-15,-273.2E-15,-331.3E-15,-346.9E-15
1.324E6,-261.0E-15,-273.4E-15,-331.6E-15,-347.2E-15
1.325E6,-261.2E-15,-273.6E-15,-331.8E-15,-347.5E-15
1.326E6,-261.4E-15,-273.8E-15,-332.1E-15,-347.7E-15
1.327E6,-261.6E-15,-274.0E-15,-332.3E-15,-348.0E-15
1.328E6,-261.8E-15,-274.2E-15,-332.6E-15,-348.2E-15
1.329E6,-262.0E-15,-274.4E-15,-332.8E-15,-348.5E-15
1.330E6,-262.2E-15,-274.7E-15,-333.1E-15,-348.8E-15
1.331E6,-262.4E-15,-274.9E-15,-333.3E-15,-349.0E-15
1.332E6,-262.6E-15,-275.1E-15,-333.6E-15,-349.3E-15
1.333E6,-262.8E-15,-275.3E-15,-333.8E-15,-349.6E-15
1.334E6,-263.0E-15,-275.5E-15,-334.1E-15,-349.8E-15
1.335E6,-263.2E-15,-275.7E-15,-334.3E-15,-350.1E-15
1.336E6,-263.4E-15,-275.9E-15,-334.6E-15,-350.3E-15
1.337E6,-263.6E-15,-276.1E-15,-334.8E-15,-350.6E-15
1.338E6,-263.8E-15,-276.3E-15,-335.1E-15,-350.9E-15
1.339E6,-264.0E-15,-276.5E-15,-335.3E-15,-351.1E-15
1.340E6,-264.2E-15,-276.7E-15,-335.6E-15,-351.4E-15
1.341E6,-264.4E-15,-276.9E-15,-335.8E-15,-351.7E-15
1.342E6,-264.6E-15,-277.1E-15,-336.1E-15,-351.9E-15
1.343E6,-264.8E-15,-277.3E-15,-336.3E-15,-352.2E-15
1.344E6,-265.0E-15,-277.5E-15,-336.6E-15,-352.4E-15
1.345E6,-265.2E-15,-277.7E-15,-336.9E-15,-352.7E-15
1.346E6,-265.4E-15,-278.0E-15,-337.1E-15,-353.0E-15
1.347E6,-265.6E-15,-278.2E-15,-337.4E-15,-353.2E-15
1.348E6,-265.8E-15,-278.4E-15,-337.6E-15,-353.5E-15
1.349E6,-266.0E-15,-278.6E-15,-337.9E-15,-353.8E-15
1.350E6,-266.2E-15,-278.8E-15,-338.1E-15,-354.0E-15
1.351E6,-266.4E-15,-279.0E-15,-338.4E-15,-354.3E-15
1.352E6,-266.5E-15,-279.2E-15,-338.6E-15,-354.5E-15
1.353E6,-266.7E-15,-279.4E-15,-338.9E-15,-354.8E-15
1.354E6,-266.9E-15,-279.6E-15,-339.1E-15,-355.1E-15
1.355E6,-267.1E-15,-279.8E-15,-339.4E-15,-355.3E-15
1.356E6,-267.3E-15,-280.0E-15,-339.6E-15,-355.6E-15
1.357E6,-267.5E-15,-280.2E-15,-339.9E-15,-355.9E-15
1.358E6,-267.7E-15,-280.4E-15,-340.1E-15,-356.1E-15
1.359E6,-267.9E-15,-280.6E-15,-340.4E-15,-356.4E-15
1.360E6,-268.1E-15,-280.8E-15,-340.6E-15,-356.6E-15
1.361E6,-268.3E-15,-281.1E-15,-340.9E-15,-356.9E-15
1.362E6,-268.5E-15,-281.3E-15,-341.1E-15,-357.2E-15
1.363E6,-268.7E-15,-281.5E-15,-341.4E-15,-357.4E-15
1.364E6,-268.9E-15,-281.7E-15,-341.6E-15,-357.7E-15
1.365E6,-269.1E-15,-281.9E-15,-341.9E-15,-358.0E-15
1.366E6,-269.3E-15,-282.1E-15,-342.1E-15,-358.2E-15
1.367E6,-269.5E-15,-282.3E-15,-342.4E-15,-358.5E-15
1.368E6,-269.7E-15,-282.5E-15,-342.6E-15,-358.7E-15
1.369E6,-269.9E-15,-282.7E-15,-342.9E-15,-359.0E-15
1.370E6,-270.1E-15,-282.9E-15,-343.1E-15,-359.3E-15
1.371E6,-270.3E-15,-283.1E-15,-343.4E-15,-359.5E-15
1.372E6,-270.5E-15,-283.3E-15,-343.6E-15,-359.8E-15
1.373E6,-270.7E-15,-283.5E-15,-343.9E-15,-360.0E-15
1.374E6,-270.9E-15,-283.7E-15,-344.1E-15,-360.3E-15
1.375E6,-271.1E-15,-283.9E-15,-344.4E-15,-360.6E-15
1.376E6,-271.3E-15,-284.1E-15,-344.6E-15,-360.8E-15
1.377E6,-271.5E-15,-284.4E-15,-344.9E-15,-361.1E-15
1.378E6,-271.7E-15,-284.6E-15,-345.1E-15,-361.4E-15
1.379E6,-271.9E-15,-284.8E-15,-345.4E-15,-361.6E-15
1.380E6,-272.1E-15,-285.0E-15,-345.6E-15,-361.9E-15
1.381E6,-272.3E-15,-285.2E-15,-345.9E-15,-362.1E-15
1.382E6,-272.5E-15,-285.4E-15,-346.1E-15,-362.4E-15
1.383E6,-272.7E-15,-285.6E-15,-346.4E-15,-362.7E-15
1.384E6,-272.9E-15,-285.8E-15,-346.6E-15,-362.9E-15
1.385E6,-273.1E-15,-286.0E-15,-346.9E-15,-363.2E-15
1.386E6,-273.3E-15,-286.2E-15,-347.1E-15,-363.5E-15
1.387E6,-273.4E-15,-286.4E-15,-347.4E-15,-363.7E-15
1.388E6,-273.6E-15,-286.6E-15,-347.6E-15,-364.0E-15
1.389E6,-273.8E-15,-286.8E-15,-347.9E-15,-364.2E-15
1.390E6,-274.0E-15,-287.0E-15,-348.1E-15,-364.5E-15
1.391E6,-274.2E-15,-287.2E-15,-348.4E-15,-364.8E-15
1.392E6,-274.4E-15,-287.5E-15,-348.6E-15,-365.0E-15
1.393E6,-274.6E-15,-287.7E-15,-348.9E-15,-365.3E-15
1.394E6,-274.8E-15,-287.9E-15,-349.1E-15,-365.6E-15
1.395E6,-275.0E-15,-288.1E-15,-349.4E-15,-365.8E-15
1.396E6,-275.2E-15,-288.3E-15,-349.6E-15,-366.1E-15
1.397E6,-275.4E-15,-288.5E-15,-349.9E-15,-366.3E-15
1.398E6,-275.6E-15,-288.7E-15,-350.1E-15,-366.6E-15
1.399E6,-275.8E-15,-288.9E-15,-350.4E-15,-366.9E-15
1.400E6,-276.0E-15,-289.1E-15,-350.6E-15,-367.1E-15
1.401E6,-276.2E-15,-289.3E-15,-350.9E-15,-367.4E-15
1.402E6,-276.4E-15,-289.5E-15,-351.1E-15,-367.7E-15
1.403E6,-276.6E-15,-289.7E-15,-351.4E-15,-367.9E-15
1.404E6,-276.8E-15,-289.9E-15,-351.6E-15,-368.2E-15
1.405E6,-277.0E-15,-290.1E-15,-351.9E-15,-368.4E-15
1.406E6,-277.2E-15,-290.3E-15,-352.1E-15,-368.7E-15
1.407E6,-277.4E-15,-290.6E-15,-352.4E-15,-369.0E-15
1.408E6,-277.6E-15,-290.8E-15,-352.6E-15,-369.2E-15
1.409E6,-277.8E-15,-291.0E-15,-352.9E-15,-369.5E-15
1.410E6,-278.0E-15,-291.2E-15,-353.1E-15,-369.8E-15
1.411E6,-278.2E-15,-291.4E-15,-353.4E-15,-370.0E-15
1.412E6,-278.4E-15,-291.6E-15,-353.6E-15,-370.3E-15
1.413E6,-278.6E-15,-291.8E-15,-353.9E-15,-370.5E-15
1.414E6,-278.8E-15,-292.0E-15,-354.1E-15,-370.8E-15
1.415E6,-279.0E-15,-292.2E-15,-354.4E-15,-371.1E-15
1.416E6,-279.2E-15,-292.4E-15,-354.6E-15,-371.3E-15
1.417E6,-279.4E-15,-292.6E-15,-354.9E-15,-371.6E-15
1.418E6,-279.6E-15,-292.8E-15,-355.1E-15,-371.8E-15
1.419E6,-279.8E-15,-293.0E-15,-355.4E-15,-372.1E-15
1.420E6,-280.0E-15,-293.2E-15,-355.6E-15,-372.4E-15
1.421E6,-280.2E-15,-293.4E-15,-355.9E-15,-372.6E-15
1.422E6,-280.3E-15,-293.6E-15,-356.1E-15,-372.9E-15
1.423E6,-280.5E-15,-293.9E-15,-356.4E-15,-373.2E-15
1.424E6,-280.7E-15,-294.1E-15,-356.6E-15,-373.4E-15
1.425E6,-280.9E-15,-294.3E-15,-356.9E-15,-373.7E-15
1.426E6,-281.1E-15,-294.5E-15,-357.1E-15,-373.9E-15
1.427E6,-281.3E-15,-294.7E-15,-357.4E-15,-374.2E-15
1.428E6,-281.5E-15,-294.9E-15,-357.6E-15,-374.5E-15
1.429E6,-281.7E-15,-295.1E-15,-357.9E-15,-374.7E-15
1.430E6,-281.9E-15,-295.3E-15,-358.1E-15,-375.0E-15
1.431E6,-282.1E-15,-295.5E-15,-358.4E-15,-375.3E-15
1.432E6,-282.3E-15,-295.7E-15,-358.6E-15,-375.5E-15
1.433E6,-282.5E-15,-295.9E-15,-358.9E-15,-375.8E-15
1.434E6,-282.7E-15,-296.1E-15,-359.1E-15,-376.0E-15
1.435E6,-282.9E-15,-296.3E-15,-359.4E-15,-376.3E-15
1.436E6,-283.1E-15,-296.5E-15,-359.6E-15,-376.6E-15
1.437E6,-283.3E-15,-296.7E-15,-359.9E-15,-376.8E-15
1.438E6,-283.5E-15,-297.0E-15,-360.1E-15,-377.1E-15
1.439E6,-283.7E-15,-297.2E-15,-360.4E-15,-377.4E-15
1.440E6,-283.9E-15,-297.4E-15,-360.6E-15,-377.6E-15
1.441E6,-284.1E-15,-297.6E-15,-360.9E-15,-377.9E-15
1.442E6,-284.3E-15,-297.8E-15,-361.1E-15,-378.1E-15
1.443E6,-284.5E-15,-298.0E-15,-361.4E-15,-378.4E-15
1.444E6,-284.7E-15,-298.2E-15,-361.6E-15,-378.7E-15
1.445E6,-284.9E-15,-298.4E-15,-361.9E-15,-378.9E-15
1.446E6,-285.1E-15,-298.6E-15,-362.1E-15,-379.2E-15
1.447E6,-285.3E-15,-298.8E-15,-362.4E-15,-379.5E-15
1.448E6,-285.5E-15,-299.0E-15,-362.6E-15,-379.7E-15
1.449E6,-285.7E-15,-299.2E-15,-362.9E-15,-380.0E-15
1.450E6,-285.9E-15,-299.4E-15,-363.1E-15,-380.2E-15
1.451E6,-286.1E-15,-299.6E-15,-363.4E-15,-380.5E-15
1.452E6,-286.3E-15,-299.8E-15,-363.6E-15,-380.8E-15
1.453E6,-286.5E-15,-300.0E-15,-363.9E-15,-381.0E-15
1.454E6,-286.7E-15,-300.3E-15,-364.1E-15,-381.3E-15
1.455E6,-286.9E-15,-300.5E-15,-364.4E-15,-381.6E-15
1.456E6,-287.1E-15,-300.7E-15,-364.6E-15,-381.8E-15
1.457E6,-287.2E-15,-300.9E-15,-364.9E-15,-382.1E-15
1.458E6,-287.4E-15,-301.1E-15,-365.1E-15,-382.3E-15
1.459E6,-287.6E-15,-301.3E-15,-365.4E-15,-382.6E-15
1.460E6,-287.8E-15,-301.5E-15,-365.6E-15,-382.9E-15
1.461E6,-288.0E-15,-301.7E-15,-365.9E-15,-383.1E-15
1.462E6,-288.2E-15,-301.9E-15,-366.2E-15,-383.4E-15
1.463E6,-288.4E-15,-302.1E-15,-366.4E-15,-383.6E-15
1.464E6,-288.6E-15,-302.3E-15,-366.7E-15,-383.9E-15
1.465E6,-288.8E-15,-302.5E-15,-366.9E-15,-384.2E-15
1.466E6,-289.0E-15,-302.7E-15,-367.2E-15,-384.4E-15
1.467E6,-289.2E-15,-302.9E-15,-367.4E-15,-384.7E-15
1.468E6,-289.4E-15,-303.1E-15,-367.7E-15,-385.0E-15
1.469E6,-289.6E-15,-303.4E-15,-367.9E-15,-385.2E-15
1.470E6,-289.8E-15,-303.6E-15,-368.2E-15,-385.5E-15
1.471E6,-290.0E-15,-303.8E-15,-368.4E-15,-385.7E-15
1.472E6,-290.2E-15,-304.0E-15,-368.7E-15,-386.0E-15
1.473E6,-290.4E-15,-304.2E-15,-368.9E-15,-386.3E-15
1.474E6,-290.6E-15,-304.4E-15,-369.2E-15,-386.5E-15
1.475E6,-290.8E-15,-304.6E-15,-369.4E-15,-386.8E-15
1.476E6,-291.0E-15,-304.8E-15,-369.7E-15,-387.1E-15
1.477E6,-291.2E-15,-305.0E-15,-369.9E-15,-387.3E-15
1.478E6,-291.4E-15,-305.2E-15,-370.2E-15,-387.6E-15
1.479E6,-291.6E-15,-305.4E-15,-370.4E-15,-387.8E-15
1.480E6,-291.8E-15,-305.6E-15,-370.7E-15,-388.1E-15
1.481E6,-292.0E-15,-305.8E-15,-370.9E-15,-388.4E-15
1.482E6,-292.2E-15,-306.0E-15,-371.2E-15,-388.6E-15
1.483E6,-292.4E-15,-306.2E-15,-371.4E-15,-388.9E-15
1.484E6,-292.6E-15,-306.5E-15,-371.7E-15,-389.2E-15
1.485E6,-292.8E-15,-306.7E-15,-371.9E-15,-389.4E-15
1.486E6,-293.0E-15,-306.9E-15,-372.2E-15,-389.7E-15
1.487E6,-293.2E-15,-307.1E-15,-372.4E-15,-389.9E-15
1.488E6,-293.4E-15,-307.3E-15,-372.7E-15,-390.2E-15
1.489E6,-293.6E-15,-307.5E-15,-372.9E-15,-390.5E-15
1.490E6,-293.8E-15,-307.7E-15,-373.2E-15,-390.7E-15
1.491E6,-293.9E-15,-307.9E-15,-373.4E-15,-391.0E-15
1.492E6,-294.1E-15,-308.1E-15,-373.7E-15,-391.3E-15
1.493E6,-294.3E-15,-308.3E-15,-373.9E-15,-391.5E-15
1.494E6,-294.5E-15,-308.5E-15,-374.2E-15,-391.8E-15
1.495E6,-294.7E-15,-308.7E-15,-374.4E-15,-392.0E-15
1.496E6,-294.9E-15,-308.9E-15,-374.7E-15,-392.3E-15
1.497E6,-295.1E-15,-309.1E-15,-374.9E-15,-392.6E-15
1.498E6,-295.3E-15,-309.3E-15,-375.2E-15,-392.8E-15
1.499E6,-295.5E-15,-309.5E-15,-375.4E-15,-393.1E-15
1.500E6,-295.7E-15,-309.8E-15,-375.7E-15,-393.4E-15
1.501E6,-295.9E-15,-310.0E-15,-375.9E-15,-393.6E-15
1.502E6,-296.1E-15,-310.2E-15,-376.2E-15,-393.9E-15
1.503E6,-296.3E-15,-310.4E-15,-376.4E-15,-394.1E-15
1.504E6,-296.5E-15,-310.6E-15,-376.7E-15,-394.4E-15
1.505E6,-296.7E-15,-310.8E-15,-376.9E-15,-394.7E-15
1.506E6,-296.9E-15,-311.0E-15,-377.2E-15,-394.9E-15
1.507E6,-297.1E-15,-311.2E-15,-377.4E-15,-395.2E-15
1.508E6,-297.3E-15,-311.4E-15,-377.7E-15,-395.4E-15
1.509E6,-297.5E-15,-311.6E-15,-377.9E-15,-395.7E-15
1.510E6,-297.7E-15,-311.8E-15,-378.2E-15,-396.0E-15
1.511E6,-297.9E-15,-312.0E-15,-378.4E-15,-396.2E-15
1.512E6,-298.1E-15,-312.2E-15,-378.7E-15,-396.5E-15
1.513E6,-298.3E-15,-312.4E-15,-378.9E-15,-396.8E-15
1.514E6,-298.5E-15,-312.6E-15,-379.2E-15,-397.0E-15
1.515E6,-298.7E-15,-312.9E-15,-379.4E-15,-397.3E-15
1.516E6,-298.9E-15,-313.1E-15,-379.7E-15,-397.5E-15
1.517E6,-299.1E-15,-313.3E-15,-379.9E-15,-397.8E-15
1.518E6,-299.3E-15,-313.5E-15,-380.2E-15,-398.1E-15
1.519E6,-299.5E-15,-313.7E-15,-380.4E-15,-398.3E-15
1.520E6,-299.7E-15,-313.9E-15,-380.7E-15,-398.6E-15
1.521E6,-299.9E-15,-314.1E-15,-380.9E-15,-398.9E-15
1.522E6,-300.1E-15,-314.3E-15,-381.2E-15,-399.1E-15
1.523E6,-300.3E-15,-314.5E-15,-381.4E-15,-399.4E-15
1.524E6,-300.5E-15,-314.7E-15,-381.7E-15,-399.6E-15
1.525E6,-300.7E-15,-314.9E-15,-381.9E-15,-399.9E-15
1.526E6,-300.8E-15,-315.1E-15,-382.2E-15,-400.2E-15
1.527E6,-301.0E-15,-315.3E-15,-382.4E-15,-400.4E-15
1.528E6,-301.2E-15,-315.5E-15,-382.7E-15,-400.7E-15
1.529E6,-301.4E-15,-315.7E-15,-382.9E-15,-401.0E-15
1.530E6,-301.6E-15,-315.9E-15,-383.2E-15,-401.2E-15
1.531E6,-301.8E-15,-316.2E-15,-383.4E-15,-401.5E-15
1.532E6,-302.0E-15,-316.4E-15,-383.7E-15,-401.7E-15
1.533E6,-302.2E-15,-316.6E-15,-383.9E-15,-402.0E-15
1.534E6,-302.4E-15,-316.8E-15,-384.2E-15,-402.3E-15
1.535E6,-302.6E-15,-317.0E-15,-384.4E-15,-402.5E-15
1.536E6,-302.8E-15,-317.2E-15,-384.7E-15,-402.8E-15
1.537E6,-303.0E-15,-317.4E-15,-384.9E-15,-403.1E-15
1.538E6,-303.2E-15,-317.6E-15,-385.2E-15,-403.3E-15
1.539E6,-303.4E-15,-317.8E-15,-385.4E-15,-403.6E-15
1.540E6,-303.6E-15,-318.0E-15,-385.7E-15,-403.8E-15
1.541E6,-303.8E-15,-318.2E-15,-385.9E-15,-404.1E-15
1.542E6,-304.0E-15,-318.4E-15,-386.2E-15,-404.4E-15
1.543E6,-304.2E-15,-318.6E-15,-386.4E-15,-404.6E-15
1.544E6,-304.4E-15,-318.8E-15,-386.7E-15,-404.9E-15
1.545E6,-304.6E-15,-319.0E-15,-386.9E-15,-405.1E-15
1.546E6,-304.8E-15,-319.3E-15,-387.2E-15,-405.4E-15
1.547E6,-305.0E-15,-319.5E-15,-387.4E-15,-405.7E-15
1.548E6,-305.2E-15,-319.7E-15,-387.7E-15,-405.9E-15
1.549E6,-305.4E-15,-319.9E-15,-387.9E-15,-406.2E-15
1.550E6,-305.6E-15,-320.1E-15,-388.2E-15,-406.5E-15
1.551E6,-305.8E-15,-320.3E-15,-388.4E-15,-406.7E-15
1.552E6,-306.0E-15,-320.5E-15,-388.7E-15,-407.0E-15
1.553E6,-306.2E-15,-320.7E-15,-388.9E-15,-407.2E-15
1.554E6,-306.4E-15,-320.9E-15,-389.2E-15,-407.5E-15
1.555E6,-306.6E-15,-321.1E-15,-389.4E-15,-407.8E-15
1.556E6,-306.8E-15,-321.3E-15,-389.7E-15,-408.0E-15
1.557E6,-307.0E-15,-321.5E-15,-389.9E-15,-408.3E-15
1.558E6,-307.2E-15,-321.7E-15,-390.2E-15,-408.6E-15
1.559E6,-307.4E-15,-321.9E-15,-390.4E-15,-408.8E-15
1.560E6,-307.6E-15,-322.1E-15,-390.7E-15,-409.1E-15
1.561E6,-307.7E-15,-322.3E-15,-390.9E-15,-409.3E-15
1.562E6,-307.9E-15,-322.6E-15,-391.2E-15,-409.6E-15
1.563E6,-308.1E-15,-322.8E-15,-391.4E-15,-409.9E-15
1.564E6,-308.3E-15,-323.0E-15,-391.7E-15,-410.1E-15
1.565E6,-308.5E-15,-323.2E-15,-391.9E-15,-410.4E-15
1.566E6,-308.7E-15,-323.4E-15,-392.2E-15,-410.7E-15
1.567E6,-308.9E-15,-323.6E-15,-392.4E-15,-410.9E-15
1.568E6,-309.1E-15,-323.8E-15,-392.7E-15,-411.2E-15
1.569E6,-309.3E-15,-324.0E-15,-392.9E-15,-411.4E-15
1.570E6,-309.5E-15,-324.2E-15,-393.2E-15,-411.7E-15
1.571E6,-309.7E-15,-324.4E-15,-393.4E-15,-412.0E-15
1.572E6,-309.9E-15,-324.6E-15,-393.7E-15,-412.2E-15
1.573E6,-310.1E-15,-324.8E-15,-393.9E-15,-412.5E-15
1.574E6,-310.3E-15,-325.0E-15,-394.2E-15,-412.8E-15
1.575E6,-310.5E-15,-325.2E-15,-394.4E-15,-413.0E-15
1.576E6,-310.7E-15,-325.4E-15,-394.7E-15,-413.3E-15
1.577E6,-310.9E-15,-325.7E-15,-394.9E-15,-413.5E-15
1.578E6,-311.1E-15,-325.9E-15,-395.2E-15,-413.8E-15
1.579E6,-311.3E-15,-326.1E-15,-395.5E-15,-414.1E-15
1.580E6,-311.5E-15,-326.3E-15,-395.7E-15,-414.3E-15
1.581E6,-311.7E-15,-326.5E-15,-396.0E-15,-414.6E-15
1.582E6,-311.9E-15,-326.7E-15,-396.2E-15,-414.9E-15
1.583E6,-312.1E-15,-326.9E-15,-396.5E-15,-415.1E-15
1.584E6,-312.3E-15,-327.1E-15,-396.7E-15,-415.4E-15
1.585E6,-312.5E-15,-327.3E-15,-397.0E-15,-415.6E-15
1.586E6,-312.7E-15,-327.5E-15,-397.2E-15,-415.9E-15
1.587E6,-312.9E-15,-327.7E-15,-397.5E-15,-416.2E-15
1.588E6,-313.1E-15,-327.9E-15,-397.7E-15,-416.4E-15
1.589E6,-313.3E-15,-328.1E-15,-398.0E-15,-416.7E-15
1.590E6,-313.5E-15,-328.3E-15,-398.2E-15,-416.9E-15
1.591E6,-313.7E-15,-328.5E-15,-398.5E-15,-417.2E-15
1.592E6,-313.9E-15,-328.8E-15,-398.7E-15,-417.5E-15
1.593E6,-314.1E-15,-329.0E-15,-399.0E-15,-417.7E-15
1.594E6,-314.3E-15,-329.2E-15,-399.2E-15,-418.0E-15
1.595E6,-314.5E-15,-329.4E-15,-399.5E-15,-418.3E-15
1.596E6,-314.6E-15,-329.6E-15,-399.7E-15,-418.5E-15
1.597E6,-314.8E-15,-329.8E-15,-400.0E-15,-418.8E-15
1.598E6,-315.0E-15,-330.0E-15,-400.2E-15,-419.0E-15
1.599E6,-315.2E-15,-330.2E-15,-400.5E-15,-419.3E-15
1.600E6,-315.4E-15,-330.4E-15,-400.7E-15,-419.6E-15
1.601E6,-315.6E-15,-330.6E-15,-401.0E-15,-419.8E-15
1.602E6,-315.8E-15,-330.8E-15,-401.2E-15,-420.1E-15
1.603E6,-316.0E-15,-331.0E-15,-401.5E-15,-420.4E-15
1.604E6,-316.2E-15,-331.2E-15,-401.7E-15,-420.6E-15
1.605E6,-316.4E-15,-331.4E-15,-402.0E-15,-420.9E-15
1.606E6,-316.6E-15,-331.6E-15,-402.2E-15,-421.1E-15
1.607E6,-316.8E-15,-331.8E-15,-402.5E-15,-421.4E-15
1.608E6,-317.0E-15,-332.1E-15,-402.7E-15,-421.7E-15
1.609E6,-317.2E-15,-332.3E-15,-403.0E-15,-421.9E-15
1.610E6,-317.4E-15,-332.5E-15,-403.2E-15,-422.2E-15
1.611E6,-317.6E-15,-332.7E-15,-403.5E-15,-422.5E-15
1.612E6,-317.8E-15,-332.9E-15,-403.7E-15,-422.7E-15
1.613E6,-318.0E-15,-333.1E-15,-404.0E-15,-423.0E-15
1.614E6,-318.2E-15,-333.3E-15,-404.2E-15,-423.2E-15
1.615E6,-318.4E-15,-333.5E-15,-404.5E-15,-423.5E-15
1.616E6,-318.6E-15,-333.7E-15,-404.7E-15,-423.8E-15
1.617E6,-318.8E-15,-333.9E-15,-405.0E-15,-424.0E-15
1.618E6,-319.0E-15,-334.1E-15,-405.2E-15,-424.3E-15
1.619E6,-319.2E-15,-334.3E-15,-405.5E-15,-424.6E-15
1.620E6,-319.4E-15,-334.5E-15,-405.7E-15,-424.8E-15
1.621E6,-319.6E-15,-334.7E-15,-406.0E-15,-425.1E-15
1.622E6,-319.8E-15,-334.9E-15,-406.2E-15,-425.3E-15
1.623E6,-320.0E-15,-335.2E-15,-406.5E-15,-425.6E-15
1.624E6,-320.2E-15,-335.4E-15,-406.7E-15,-425.9E-15
1.625E6,-320.4E-15,-335.6E-15,-407.0E-15,-426.1E-15
1.626E6,-320.6E-15,-335.8E-15,-407.2E-15,-426.4E-15
1.627E6,-320.8E-15,-336.0E-15,-407.5E-15,-426.7E-15
1.628E6,-321.0E-15,-336.2E-15,-407.7E-15,-426.9E-15
1.629E6,-321.2E-15,-336.4E-15,-408.0E-15,-427.2E-15
1.630E6,-321.4E-15,-336.6E-15,-408.2E-15,-427.4E-15
1.631E6,-321.5E-15,-336.8E-15,-408.5E-15,-427.7E-15
1.632E6,-321.7E-15,-337.0E-15,-408.7E-15,-428.0E-15
1.633E6,-321.9E-15,-337.2E-15,-409.0E-15,-428.2E-15
1.634E6,-322.1E-15,-337.4E-15,-409.2E-15,-428.5E-15
1.635E6,-322.3E-15,-337.6E-15,-409.5E-15,-428.7E-15
1.636E6,-322.5E-15,-337.8E-15,-409.7E-15,-429.0E-15
1.637E6,-322.7E-15,-338.0E-15,-410.0E-15,-429.3E-15
1.638E6,-322.9E-15,-338.2E-15,-410.2E-15,-429.5E-15
1.639E6,-323.1E-15,-338.5E-15,-410.5E-15,-429.8E-15
1.640E6,-323.3E-15,-338.7E-15,-410.7E-15,-430.1E-15
1.641E6,-323.5E-15,-338.9E-15,-411.0E-15,-430.3E-15
1.642E6,-323.7E-15,-339.1E-15,-411.2E-15,-430.6E-15
1.643E6,-323.9E-15,-339.3E-15,-411.5E-15,-430.8E-15
1.644E6,-324.1E-15,-339.5E-15,-411.7E-15,-431.1E-15
1.645E6,-324.3E-15,-339.7E-15,-412.0E-15,-431.4E-15
1.646E6,-324.5E-15,-339.9E-15,-412.2E-15,-431.6E-15
1.647E6,-324.7E-15,-340.1E-15,-412.5E-15,-431.9E-15
1.648E6,-324.9E-15,-340.3E-15,-412.7E-15,-432.2E-15
1.649E6,-325.1E-15,-340.5E-15,-413.0E-15,-432.4E-15
1.650E6,-325.3E-15,-340.7E-15,-413.2E-15,-432.7E-15
1.651E6,-325.5E-15,-340.9E-15,-413.5E-15,-432.9E-15
1.652E6,-325.7E-15,-341.1E-15,-413.7E-15,-433.2E-15
1.653E6,-325.9E-15,-341.3E-15,-414.0E-15,-433.5E-15
1.654E6,-326.1E-15,-341.6E-15,-414.2E-15,-433.7E-15
1.655E6,-326.3E-15,-341.8E-15,-414.5E-15,-434.0E-15
1.656E6,-326.5E-15,-342.0E-15,-414.7E-15,-434.3E-15
1.657E6,-326.7E-15,-342.2E-15,-415.0E-15,-434.5E-15
1.658E6,-326.9E-15,-342.4E-15,-415.2E-15,-434.8E-15
1.659E6,-327.1E-15,-342.6E-15,-415.5E-15,-435.0E-15
1.660E6,-327.3E-15,-342.8E-15,-415.7E-15,-435.3E-15
1.661E6,-327.5E-15,-343.0E-15,-416.0E-15,-435.6E-15
1.662E6,-327.7E-15,-343.2E-15,-416.2E-15,-435.8E-15
1.663E6,-327.9E-15,-343.4E-15,-416.5E-15,-436.1E-15
1.664E6,-328.1E-15,-343.6E-15,-416.7E-15,-436.4E-15
1.665E6,-328.3E-15,-343.8E-15,-417.0E-15,-436.6E-15
1.666E6,-328.4E-15,-344.0E-15,-417.2E-15,-436.9E-15
1.667E6,-328.6E-15,-344.2E-15,-417.5E-15,-437.1E-15
1.668E6,-328.8E-15,-344.4E-15,-417.7E-15,-437.4E-15
1.669E6,-329.0E-15,-344.7E-15,-418.0E-15,-437.7E-15
1.670E6,-329.2E-15,-344.9E-15,-418.2E-15,-437.9E-15
1.671E6,-329.4E-15,-345.1E-15,-418.5E-15,-438.2E-15
1.672E6,-329.6E-15,-345.3E-15,-418.7E-15,-438.5E-15
1.673E6,-329.8E-15,-345.5E-15,-419.0E-15,-438.7E-15
1.674E6,-330.0E-15,-345.7E-15,-419.2E-15,-439.0E-15
1.675E6,-330.2E-15,-345.9E-15,-419.5E-15,-439.2E-15
1.676E6,-330.4E-15,-346.1E-15,-419.7E-15,-439.5E-15
1.677E6,-330.6E-15,-346.3E-15,-420.0E-15,-439.8E-15
1.678E6,-330.8E-15,-346.5E-15,-420.2E-15,-440.0E-15
1.679E6,-331.0E-15,-346.7E-15,-420.5E-15,-440.3E-15
1.680E6,-331.2E-15,-346.9E-15,-420.7E-15,-440.5E-15
1.681E6,-331.4E-15,-347.1E-15,-421.0E-15,-440.8E-15
1.682E6,-331.6E-15,-347.3E-15,-421.2E-15,-441.1E-15
1.683E6,-331.8E-15,-347.5E-15,-421.5E-15,-441.3E-15
1.684E6,-332.0E-15,-347.7E-15,-421.7E-15,-441.6E-15
1.685E6,-332.2E-15,-348.0E-15,-422.0E-15,-441.9E-15
1.686E6,-332.4E-15,-348.2E-15,-422.2E-15,-442.1E-15
1.687E6,-332.6E-15,-348.4E-15,-422.5E-15,-442.4E-15
1.688E6,-332.8E-15,-348.6E-15,-422.7E-15,-442.6E-15
1.689E6,-333.0E-15,-348.8E-15,-423.0E-15,-442.9E-15
1.690E6,-333.2E-15,-349.0E-15,-423.2E-15,-443.2E-15
1.691E6,-333.4E-15,-349.2E-15,-423.5E-15,-443.4E-15
1.692E6,-333.6E-15,-349.4E-15,-423.7E-15,-443.7E-15
1.693E6,-333.8E-15,-349.6E-15,-424.0E-15,-444.0E-15
1.694E6,-334.0E-15,-349.8E-15,-424.2E-15,-444.2E-15
1.695E6,-334.2E-15,-350.0E-15,-424.5E-15,-444.5E-15
1.696E6,-334.4E-15,-350.2E-15,-424.8E-15,-444.7E-15
1.697E6,-334.6E-15,-350.4E-15,-425.0E-15,-445.0E-15
1.698E6,-334.8E-15,-350.6E-15,-425.3E-15,-445.3E-15
1.699E6,-335.0E-15,-350.8E-15,-425.5E-15,-445.5E-15
1.700E6,-335.2E-15,-351.1E-15,-425.8E-15,-445.8E-15
1.701E6,-335.3E-15,-351.3E-15,-426.0E-15,-446.1E-15
1.702E6,-335.5E-15,-351.5E-15,-426.3E-15,-446.3E-15
1.703E6,-335.7E-15,-351.7E-15,-426.5E-15,-446.6E-15
1.704E6,-335.9E-15,-351.9E-15,-426.8E-15,-446.8E-15
1.705E6,-336.1E-15,-352.1E-15,-427.0E-15,-447.1E-15
1.706E6,-336.3E-15,-352.3E-15,-427.3E-15,-447.4E-15
1.707E6,-336.5E-15,-352.5E-15,-427.5E-15,-447.6E-15
1.708E6,-336.7E-15,-352.7E-15,-427.8E-15,-447.9E-15
1.709E6,-336.9E-15,-352.9E-15,-428.0E-15,-448.2E-15
1.710E6,-337.1E-15,-353.1E-15,-428.3E-15,-448.4E-15
1.711E6,-337.3E-15,-353.3E-15,-428.5E-15,-448.7E-15
1.712E6,-337.5E-15,-353.5E-15,-428.8E-15,-448.9E-15
1.713E6,-337.7E-15,-353.7E-15,-429.0E-15,-449.2E-15
1.714E6,-337.9E-15,-353.9E-15,-429.3E-15,-449.5E-15
1.715E6,-338.1E-15,-354.1E-15,-429.5E-15,-449.7E-15
1.716E6,-338.3E-15,-354.4E-15,-429.8E-15,-450.0E-15
1.717E6,-338.5E-15,-354.6E-15,-430.0E-15,-450.3E-15
1.718E6,-338.7E-15,-354.8E-15,-430.3E-15,-450.5E-15
1.719E6,-338.9E-15,-355.0E-15,-430.5E-15,-450.8E-15
1.720E6,-339.1E-15,-355.2E-15,-430.8E-15,-451.0E-15
1.721E6,-339.3E-15,-355.4E-15,-431.0E-15,-451.3E-15
1.722E6,-339.5E-15,-355.6E-15,-431.3E-15,-451.6E-15
1.723E6,-339.7E-15,-355.8E-15,-431.5E-15,-451.8E-15
1.724E6,-339.9E-15,-356.0E-15,-431.8E-15,-452.1E-15
1.725E6,-340.1E-15,-356.2E-15,-432.0E-15,-452.3E-15
1.726E6,-340.3E-15,-356.4E-15,-432.3E-15,-452.6E-15
1.727E6,-340.5E-15,-356.6E-15,-432.5E-15,-452.9E-15
1.728E6,-340.7E-15,-356.8E-15,-432.8E-15,-453.1E-15
1.729E6,-340.9E-15,-357.0E-15,-433.0E-15,-453.4E-15
1.730E6,-341.1E-15,-357.2E-15,-433.3E-15,-453.7E-15
1.731E6,-341.3E-15,-357.5E-15,-433.5E-15,-453.9E-15
1.732E6,-341.5E-15,-357.7E-15,-433.8E-15,-454.2E-15
1.733E6,-341.7E-15,-357.9E-15,-434.0E-15,-454.4E-15
1.734E6,-341.9E-15,-358.1E-15,-434.3E-15,-454.7E-15
1.735E6,-342.1E-15,-358.3E-15,-434.5E-15,-455.0E-15
1.736E6,-342.2E-15,-358.5E-15,-434.8E-15,-455.2E-15
1.737E6,-342.4E-15,-358.7E-15,-435.0E-15,-455.5E-15
1.738E6,-342.6E-15,-358.9E-15,-435.3E-15,-455.8E-15
1.739E6,-342.8E-15,-359.1E-15,-435.5E-15,-456.0E-15
1.740E6,-343.0E-15,-359.3E-15,-435.8E-15,-456.3E-15
1.741E6,-343.2E-15,-359.5E-15,-436.0E-15,-456.5E-15
1.742E6,-343.4E-15,-359.7E-15,-436.3E-15,-456.8E-15
1.743E6,-343.6E-15,-359.9E-15,-436.5E-15,-457.1E-15
1.744E6,-343.8E-15,-360.1E-15,-436.8E-15,-457.3E-15
1.745E6,-344.0E-15,-360.3E-15,-437.0E-15,-457.6E-15
1.746E6,-344.2E-15,-360.6E-15,-437.3E-15,-457.9E-15
1.747E6,-344.4E-15,-360.8E-15,-437.5E-15,-458.1E-15
1.748E6,-344.6E-15,-361.0E-15,-437.8E-15,-458.4E-15
1.749E6,-344.8E-15,-361.2E-15,-438.0E-15,-458.6E-15
1.750E6,-345.0E-15,-361.4E-15,-438.3E-15,-458.9E-15
1.751E6,-345.2E-15,-361.6E-15,-438.5E-15,-459.2E-15
1.752E6,-345.4E-15,-361.8E-15,-438.8E-15,-459.4E-15
1.753E6,-345.6E-15,-362.0E-15,-439.0E-15,-459.7E-15
1.754E6,-345.8E-15,-362.2E-15,-439.3E-15,-460.0E-15
1.755E6,-346.0E-15,-362.4E-15,-439.5E-15,-460.2E-15
1.756E6,-346.2E-15,-362.6E-15,-439.8E-15,-460.5E-15
1.757E6,-346.4E-15,-362.8E-15,-440.0E-15,-460.7E-15
1.758E6,-346.6E-15,-363.0E-15,-440.3E-15,-461.0E-15
1.759E6,-346.8E-15,-363.2E-15,-440.5E-15,-461.3E-15
1.760E6,-347.0E-15,-363.4E-15,-440.8E-15,-461.5E-15
1.761E6,-347.2E-15,-363.6E-15,-441.0E-15,-461.8E-15
1.762E6,-347.4E-15,-363.9E-15,-441.3E-15,-462.1E-15
1.763E6,-347.6E-15,-364.1E-15,-441.5E-15,-462.3E-15
1.764E6,-347.8E-15,-364.3E-15,-441.8E-15,-462.6E-15
1.765E6,-348.0E-15,-364.5E-15,-442.0E-15,-462.8E-15
1.766E6,-348.2E-15,-364.7E-15,-442.3E-15,-463.1E-15
1.767E6,-348.4E-15,-364.9E-15,-442.5E-15,-463.4E-15
1.768E6,-348.6E-15,-365.1E-15,-442.8E-15,-463.6E-15
1.769E6,-348.8E-15,-365.3E-15,-443.0E-15,-463.9E-15
1.770E6,-349.0E-15,-365.5E-15,-443.3E-15,-464.1E-15
1.771E6,-349.1E-15,-365.7E-15,-443.5E-15,-464.4E-15
1.772E6,-349.3E-15,-365.9E-15,-443.8E-15,-464.7E-15
1.773E6,-349.5E-15,-366.1E-15,-444.0E-15,-464.9E-15
1.774E6,-349.7E-15,-366.3E-15,-444.3E-15,-465.2E-15
1.775E6,-349.9E-15,-366.5E-15,-444.5E-15,-465.5E-15
1.776E6,-350.1E-15,-366.7E-15,-444.8E-15,-465.7E-15
1.777E6,-350.3E-15,-367.0E-15,-445.0E-15,-466.0E-15
1.778E6,-350.5E-15,-367.2E-15,-445.3E-15,-466.2E-15
1.779E6,-350.7E-15,-367.4E-15,-445.5E-15,-466.5E-15
1.780E6,-350.9E-15,-367.6E-15,-445.8E-15,-466.8E-15
1.781E6,-351.1E-15,-367.8E-15,-446.0E-15,-467.0E-15
1.782E6,-351.3E-15,-368.0E-15,-446.3E-15,-467.3E-15
1.783E6,-351.5E-15,-368.2E-15,-446.5E-15,-467.6E-15
1.784E6,-351.7E-15,-368.4E-15,-446.8E-15,-467.8E-15
1.785E6,-351.9E-15,-368.6E-15,-447.0E-15,-468.1E-15
1.786E6,-352.1E-15,-368.8E-15,-447.3E-15,-468.3E-15
1.787E6,-352.3E-15,-369.0E-15,-447.5E-15,-468.6E-15
1.788E6,-352.5E-15,-369.2E-15,-447.8E-15,-468.9E-15
1.789E6,-352.7E-15,-369.4E-15,-448.0E-15,-469.1E-15
1.790E6,-352.9E-15,-369.6E-15,-448.3E-15,-469.4E-15
1.791E6,-353.1E-15,-369.8E-15,-448.5E-15,-469.7E-15
1.792E6,-353.3E-15,-370.0E-15,-448.8E-15,-469.9E-15
1.793E6,-353.5E-15,-370.3E-15,-449.0E-15,-470.2E-15
1.794E6,-353.7E-15,-370.5E-15,-449.3E-15,-470.4E-15
1.795E6,-353.9E-15,-370.7E-15,-449.5E-15,-470.7E-15
1.796E6,-354.1E-15,-370.9E-15,-449.8E-15,-471.0E-15
1.797E6,-354.3E-15,-371.1E-15,-450.0E-15,-471.2E-15
1.798E6,-354.5E-15,-371.3E-15,-450.3E-15,-471.5E-15
1.799E6,-354.7E-15,-371.5E-15,-450.5E-15,-471.8E-15
1.800E6,-354.9E-15,-371.7E-15,-450.8E-15,-472.0E-15
1.801E6,-355.1E-15,-371.9E-15,-451.0E-15,-472.3E-15
1.802E6,-355.3E-15,-372.1E-15,-451.3E-15,-472.5E-15
1.803E6,-355.5E-15,-372.3E-15,-451.5E-15,-472.8E-15
1.804E6,-355.7E-15,-372.5E-15,-451.8E-15,-473.1E-15
1.805E6,-355.9E-15,-372.7E-15,-452.0E-15,-473.3E-15
1.806E6,-356.0E-15,-372.9E-15,-452.3E-15,-473.6E-15
1.807E6,-356.2E-15,-373.1E-15,-452.5E-15,-473.9E-15
1.808E6,-356.4E-15,-373.4E-15,-452.8E-15,-474.1E-15
1.809E6,-356.6E-15,-373.6E-15,-453.0E-15,-474.4E-15
1.810E6,-356.8E-15,-373.8E-15,-453.3E-15,-474.6E-15
1.811E6,-357.0E-15,-374.0E-15,-453.5E-15,-474.9E-15
1.812E6,-357.2E-15,-374.2E-15,-453.8E-15,-475.2E-15
1.813E6,-357.4E-15,-374.4E-15,-454.1E-15,-475.4E-15
1.814E6,-357.6E-15,-374.6E-15,-454.3E-15,-475.7E-15
1.815E6,-357.8E-15,-374.8E-15,-454.6E-15,-475.9E-15
1.816E6,-358.0E-15,-375.0E-15,-454.8E-15,-476.2E-15
1.817E6,-358.2E-15,-375.2E-15,-455.1E-15,-476.5E-15
1.818E6,-358.4E-15,-375.4E-15,-455.3E-15,-476.7E-15
1.819E6,-358.6E-15,-375.6E-15,-455.6E-15,-477.0E-15
1.820E6,-358.8E-15,-375.8E-15,-455.8E-15,-477.3E-15
1.821E6,-359.0E-15,-376.0E-15,-456.1E-15,-477.5E-15
1.822E6,-359.2E-15,-376.2E-15,-456.3E-15,-477.8E-15
1.823E6,-359.4E-15,-376.4E-15,-456.6E-15,-478.0E-15
1.824E6,-359.6E-15,-376.7E-15,-456.8E-15,-478.3E-15
1.825E6,-359.8E-15,-376.9E-15,-457.1E-15,-478.6E-15
1.826E6,-360.0E-15,-377.1E-15,-457.3E-15,-478.8E-15
1.827E6,-360.2E-15,-377.3E-15,-457.6E-15,-479.1E-15
1.828E6,-360.4E-15,-377.5E-15,-457.8E-15,-479.4E-15
1.829E6,-360.6E-15,-377.7E-15,-458.1E-15,-479.6E-15
1.830E6,-360.8E-15,-377.9E-15,-458.3E-15,-479.9E-15
1.831E6,-361.0E-15,-378.1E-15,-458.6E-15,-480.1E-15
1.832E6,-361.2E-15,-378.3E-15,-458.8E-15,-480.4E-15
1.833E6,-361.4E-15,-378.5E-15,-459.1E-15,-480.7E-15
1.834E6,-361.6E-15,-378.7E-15,-459.3E-15,-480.9E-15
1.835E6,-361.8E-15,-378.9E-15,-459.6E-15,-481.2E-15
1.836E6,-362.0E-15,-379.1E-15,-459.8E-15,-481.5E-15
1.837E6,-362.2E-15,-379.3E-15,-460.1E-15,-481.7E-15
1.838E6,-362.4E-15,-379.5E-15,-460.3E-15,-482.0E-15
1.839E6,-362.6E-15,-379.8E-15,-460.6E-15,-482.2E-15
1.840E6,-362.8E-15,-380.0E-15,-460.8E-15,-482.5E-15
1.841E6,-362.9E-15,-380.2E-15,-461.1E-15,-482.8E-15
1.842E6,-363.1E-15,-380.4E-15,-461.3E-15,-483.0E-15
1.843E6,-363.3E-15,-380.6E-15,-461.6E-15,-483.3E-15
1.844E6,-363.5E-15,-380.8E-15,-461.8E-15,-483.6E-15
1.845E6,-363.7E-15,-381.0E-15,-462.1E-15,-483.8E-15
1.846E6,-363.9E-15,-381.2E-15,-462.3E-15,-484.1E-15
1.847E6,-364.1E-15,-381.4E-15,-462.6E-15,-484.3E-15
1.848E6,-364.3E-15,-381.6E-15,-462.8E-15,-484.6E-15
1.849E6,-364.5E-15,-381.8E-15,-463.1E-15,-484.9E-15
1.850E6,-364.7E-15,-382.0E-15,-463.3E-15,-485.1E-15
1.851E6,-364.9E-15,-382.2E-15,-463.6E-15,-485.4E-15
1.852E6,-365.1E-15,-382.4E-15,-463.8E-15,-485.7E-15
1.853E6,-365.3E-15,-382.6E-15,-464.1E-15,-485.9E-15
1.854E6,-365.5E-15,-382.9E-15,-464.3E-15,-486.2E-15
1.855E6,-365.7E-15,-383.1E-15,-464.6E-15,-486.4E-15
1.856E6,-365.9E-15,-383.3E-15,-464.8E-15,-486.7E-15
1.857E6,-366.1E-15,-383.5E-15,-465.1E-15,-487.0E-15
1.858E6,-366.3E-15,-383.7E-15,-465.3E-15,-487.2E-15
1.859E6,-366.5E-15,-383.9E-15,-465.6E-15,-487.5E-15
1.860E6,-366.7E-15,-384.1E-15,-465.8E-15,-487.7E-15
1.861E6,-366.9E-15,-384.3E-15,-466.1E-15,-488.0E-15
1.862E6,-367.1E-15,-384.5E-15,-466.3E-15,-488.3E-15
1.863E6,-367.3E-15,-384.7E-15,-466.6E-15,-488.5E-15
1.864E6,-367.5E-15,-384.9E-15,-466.8E-15,-488.8E-15
1.865E6,-367.7E-15,-385.1E-15,-467.1E-15,-489.1E-15
1.866E6,-367.9E-15,-385.3E-15,-467.3E-15,-489.3E-15
1.867E6,-368.1E-15,-385.5E-15,-467.6E-15,-489.6E-15
1.868E6,-368.3E-15,-385.7E-15,-467.8E-15,-489.8E-15
1.869E6,-368.5E-15,-385.9E-15,-468.1E-15,-490.1E-15
1.870E6,-368.7E-15,-386.2E-15,-468.3E-15,-490.4E-15
1.871E6,-368.9E-15,-386.4E-15,-468.6E-15,-490.6E-15
1.872E6,-369.1E-15,-386.6E-15,-468.8E-15,-490.9E-15
1.873E6,-369.3E-15,-386.8E-15,-469.1E-15,-491.2E-15
1.874E6,-369.5E-15,-387.0E-15,-469.3E-15,-491.4E-15
1.875E6,-369.7E-15,-387.2E-15,-469.6E-15,-491.7E-15
1.876E6,-369.8E-15,-387.4E-15,-469.8E-15,-491.9E-15
1.877E6,-370.0E-15,-387.6E-15,-470.1E-15,-492.2E-15
1.878E6,-370.2E-15,-387.8E-15,-470.3E-15,-492.5E-15
1.879E6,-370.4E-15,-388.0E-15,-470.6E-15,-492.7E-15
1.880E6,-370.6E-15,-388.2E-15,-470.8E-15,-493.0E-15
1.881E6,-370.8E-15,-388.4E-15,-471.1E-15,-493.3E-15
1.882E6,-371.0E-15,-388.6E-15,-471.3E-15,-493.5E-15
1.883E6,-371.2E-15,-388.8E-15,-471.6E-15,-493.8E-15
1.884E6,-371.4E-15,-389.0E-15,-471.8E-15,-494.0E-15
1.885E6,-371.6E-15,-389.3E-15,-472.1E-15,-494.3E-15
1.886E6,-371.8E-15,-389.5E-15,-472.3E-15,-494.6E-15
1.887E6,-372.0E-15,-389.7E-15,-472.6E-15,-494.8E-15
1.888E6,-372.2E-15,-389.9E-15,-472.8E-15,-495.1E-15
1.889E6,-372.4E-15,-390.1E-15,-473.1E-15,-495.4E-15
1.890E6,-372.6E-15,-390.3E-15,-473.3E-15,-495.6E-15
1.891E6,-372.8E-15,-390.5E-15,-473.6E-15,-495.9E-15
1.892E6,-373.0E-15,-390.7E-15,-473.8E-15,-496.1E-15
1.893E6,-373.2E-15,-390.9E-15,-474.1E-15,-496.4E-15
1.894E6,-373.4E-15,-391.1E-15,-474.3E-15,-496.7E-15
1.895E6,-373.6E-15,-391.3E-15,-474.6E-15,-496.9E-15
1.896E6,-373.8E-15,-391.5E-15,-474.8E-15,-497.2E-15
1.897E6,-374.0E-15,-391.7E-15,-475.1E-15,-497.4E-15
1.898E6,-374.2E-15,-391.9E-15,-475.3E-15,-497.7E-15
1.899E6,-374.4E-15,-392.1E-15,-475.6E-15,-498.0E-15
1.900E6,-374.6E-15,-392.3E-15,-475.8E-15,-498.2E-15
1.901E6,-374.8E-15,-392.6E-15,-476.1E-15,-498.5E-15
1.902E6,-375.0E-15,-392.8E-15,-476.3E-15,-498.8E-15
1.903E6,-375.2E-15,-393.0E-15,-476.6E-15,-499.0E-15
1.904E6,-375.4E-15,-393.2E-15,-476.8E-15,-499.3E-15
1.905E6,-375.6E-15,-393.4E-15,-477.1E-15,-499.5E-15
1.906E6,-375.8E-15,-393.6E-15,-477.3E-15,-499.8E-15
1.907E6,-376.0E-15,-393.8E-15,-477.6E-15,-500.1E-15
1.908E6,-376.2E-15,-394.0E-15,-477.8E-15,-500.3E-15
1.909E6,-376.4E-15,-394.2E-15,-478.1E-15,-500.6E-15
1.910E6,-376.5E-15,-394.4E-15,-478.3E-15,-500.9E-15
1.911E6,-376.7E-15,-394.6E-15,-478.6E-15,-501.1E-15
1.912E6,-376.9E-15,-394.8E-15,-478.8E-15,-501.4E-15
1.913E6,-377.1E-15,-395.0E-15,-479.1E-15,-501.6E-15
1.914E6,-377.3E-15,-395.2E-15,-479.3E-15,-501.9E-15
1.915E6,-377.5E-15,-395.4E-15,-479.6E-15,-502.2E-15
1.916E6,-377.7E-15,-395.7E-15,-479.8E-15,-502.4E-15
1.917E6,-377.9E-15,-395.9E-15,-480.1E-15,-502.7E-15
1.918E6,-378.1E-15,-396.1E-15,-480.3E-15,-503.0E-15
1.919E6,-378.3E-15,-396.3E-15,-480.6E-15,-503.2E-15
1.920E6,-378.5E-15,-396.5E-15,-480.8E-15,-503.5E-15
1.921E6,-378.7E-15,-396.7E-15,-481.1E-15,-503.7E-15
1.922E6,-378.9E-15,-396.9E-15,-481.3E-15,-504.0E-15
1.923E6,-379.1E-15,-397.1E-15,-481.6E-15,-504.3E-15
1.924E6,-379.3E-15,-397.3E-15,-481.8E-15,-504.5E-15
1.925E6,-379.5E-15,-397.5E-15,-482.1E-15,-504.8E-15
1.926E6,-379.7E-15,-397.7E-15,-482.3E-15,-505.1E-15
1.927E6,-379.9E-15,-397.9E-15,-482.6E-15,-505.3E-15
1.928E6,-380.1E-15,-398.1E-15,-482.8E-15,-505.6E-15
1.929E6,-380.3E-15,-398.3E-15,-483.1E-15,-505.8E-15
1.930E6,-380.5E-15,-398.5E-15,-483.4E-15,-506.1E-15
1.931E6,-380.7E-15,-398.8E-15,-483.6E-15,-506.4E-15
1.932E6,-380.9E-15,-399.0E-15,-483.9E-15,-506.6E-15
1.933E6,-381.1E-15,-399.2E-15,-484.1E-15,-506.9E-15
1.934E6,-381.3E-15,-399.4E-15,-484.4E-15,-507.2E-15
1.935E6,-381.5E-15,-399.6E-15,-484.6E-15,-507.4E-15
1.936E6,-381.7E-15,-399.8E-15,-484.9E-15,-507.7E-15
1.937E6,-381.9E-15,-400.0E-15,-485.1E-15,-507.9E-15
1.938E6,-382.1E-15,-400.2E-15,-485.4E-15,-508.2E-15
1.939E6,-382.3E-15,-400.4E-15,-485.6E-15,-508.5E-15
1.940E6,-382.5E-15,-400.6E-15,-485.9E-15,-508.7E-15
1.941E6,-382.7E-15,-400.8E-15,-486.1E-15,-509.0E-15
1.942E6,-382.9E-15,-401.0E-15,-486.4E-15,-509.2E-15
1.943E6,-383.1E-15,-401.2E-15,-486.6E-15,-509.5E-15
1.944E6,-383.3E-15,-401.4E-15,-486.9E-15,-509.8E-15
1.945E6,-383.4E-15,-401.6E-15,-487.1E-15,-510.0E-15
1.946E6,-383.6E-15,-401.8E-15,-487.4E-15,-510.3E-15
1.947E6,-383.8E-15,-402.1E-15,-487.6E-15,-510.6E-15
1.948E6,-384.0E-15,-402.3E-15,-487.9E-15,-510.8E-15
1.949E6,-384.2E-15,-402.5E-15,-488.1E-15,-511.1E-15
1.950E6,-384.4E-15,-402.7E-15,-488.4E-15,-511.3E-15
1.951E6,-384.6E-15,-402.9E-15,-488.6E-15,-511.6E-15
1.952E6,-384.8E-15,-403.1E-15,-488.9E-15,-511.9E-15
1.953E6,-385.0E-15,-403.3E-15,-489.1E-15,-512.1E-15
1.954E6,-385.2E-15,-403.5E-15,-489.4E-15,-512.4E-15
1.955E6,-385.4E-15,-403.7E-15,-489.6E-15,-512.7E-15
1.956E6,-385.6E-15,-403.9E-15,-489.9E-15,-512.9E-15
1.957E6,-385.8E-15,-404.1E-15,-490.1E-15,-513.2E-15
1.958E6,-386.0E-15,-404.3E-15,-490.4E-15,-513.4E-15
1.959E6,-386.2E-15,-404.5E-15,-490.6E-15,-513.7E-15
1.960E6,-386.4E-15,-404.7E-15,-490.9E-15,-514.0E-15
1.961E6,-386.6E-15,-404.9E-15,-491.1E-15,-514.2E-15
1.962E6,-386.8E-15,-405.2E-15,-491.4E-15,-514.5E-15
1.963E6,-387.0E-15,-405.4E-15,-491.6E-15,-514.8E-15
1.964E6,-387.2E-15,-405.6E-15,-491.9E-15,-515.0E-15
1.965E6,-387.4E-15,-405.8E-15,-492.1E-15,-515.3E-15
1.966E6,-387.6E-15,-406.0E-15,-492.4E-15,-515.5E-15
1.967E6,-387.8E-15,-406.2E-15,-492.6E-15,-515.8E-15
1.968E6,-388.0E-15,-406.4E-15,-492.9E-15,-516.1E-15
1.969E6,-388.2E-15,-406.6E-15,-493.1E-15,-516.3E-15
1.970E6,-388.4E-15,-406.8E-15,-493.4E-15,-516.6E-15
1.971E6,-388.6E-15,-407.0E-15,-493.6E-15,-516.9E-15
1.972E6,-388.8E-15,-407.2E-15,-493.9E-15,-517.1E-15
1.973E6,-389.0E-15,-407.4E-15,-494.1E-15,-517.4E-15
1.974E6,-389.2E-15,-407.6E-15,-494.4E-15,-517.6E-15
1.975E6,-389.4E-15,-407.8E-15,-494.6E-15,-517.9E-15
1.976E6,-389.6E-15,-408.0E-15,-494.9E-15,-518.2E-15
1.977E6,-389.8E-15,-408.2E-15,-495.1E-15,-518.4E-15
1.978E6,-390.0E-15,-408.5E-15,-495.4E-15,-518.7E-15
1.979E6,-390.2E-15,-408.7E-15,-495.6E-15,-519.0E-15
1.980E6,-390.3E-15,-408.9E-15,-495.9E-15,-519.2E-15
1.981E6,-390.5E-15,-409.1E-15,-496.1E-15,-519.5E-15
1.982E6,-390.7E-15,-409.3E-15,-496.4E-15,-519.7E-15
1.983E6,-390.9E-15,-409.5E-15,-496.6E-15,-520.0E-15
1.984E6,-391.1E-15,-409.7E-15,-496.9E-15,-520.3E-15
1.985E6,-391.3E-15,-409.9E-15,-497.1E-15,-520.5E-15
1.986E6,-391.5E-15,-410.1E-15,-497.4E-15,-520.8E-15
1.987E6,-391.7E-15,-410.3E-15,-497.6E-15,-521.0E-15
1.988E6,-391.9E-15,-410.5E-15,-497.9E-15,-521.3E-15
1.989E6,-392.1E-15,-410.7E-15,-498.1E-15,-521.6E-15
1.990E6,-392.3E-15,-410.9E-15,-498.4E-15,-521.8E-15
1.991E6,-392.5E-15,-411.1E-15,-498.6E-15,-522.1E-15
1.992E6,-392.7E-15,-411.3E-15,-498.9E-15,-522.4E-15
1.993E6,-392.9E-15,-411.6E-15,-499.1E-15,-522.6E-15
1.994E6,-393.1E-15,-411.8E-15,-499.4E-15,-522.9E-15
1.995E6,-393.3E-15,-412.0E-15,-499.6E-15,-523.1E-15
1.996E6,-393.5E-15,-412.2E-15,-499.9E-15,-523.4E-15
1.997E6,-393.7E-15,-412.4E-15,-500.1E-15,-523.7E-15
1.998E6,-393.9E-15,-412.6E-15,-500.4E-15,-523.9E-15
1.999E6,-394.1E-15,-412.8E-15,-500.6E-15,-524.2E-15
2.000E6,-394.3E-15,-413.0E-15,-500.9E-15,-524.5E-15
2.001E6,-394.5E-15,-413.2E-15,-501.1E-15,-524.7E-15
2.002E6,-394.7E-15,-413.4E-15,-501.4E-15,-525.0E-15
2.003E6,-394.9E-15,-413.6E-15,-501.6E-15,-525.2E-15
2.004E6,-395.1E-15,-413.8E-15,-501.9E-15,-525.5E-15
2.005E6,-395.3E-15,-414.0E-15,-502.1E-15,-525.8E-15
2.006E6,-395.5E-15,-414.2E-15,-502.4E-15,-526.0E-15
2.007E6,-395.7E-15,-414.4E-15,-502.6E-15,-526.3E-15
2.008E6,-395.9E-15,-414.7E-15,-502.9E-15,-526.6E-15
2.009E6,-396.1E-15,-414.9E-15,-503.1E-15,-526.8E-15
2.010E6,-396.3E-15,-415.1E-15,-503.4E-15,-527.1E-15
2.011E6,-396.5E-15,-415.3E-15,-503.6E-15,-527.3E-15
2.012E6,-396.7E-15,-415.5E-15,-503.9E-15,-527.6E-15
2.013E6,-396.9E-15,-415.7E-15,-504.1E-15,-527.9E-15
2.014E6,-397.1E-15,-415.9E-15,-504.4E-15,-528.1E-15
2.015E6,-397.2E-15,-416.1E-15,-504.6E-15,-528.4E-15
2.016E6,-397.4E-15,-416.3E-15,-504.9E-15,-528.7E-15
2.017E6,-397.6E-15,-416.5E-15,-505.1E-15,-528.9E-15
2.018E6,-397.8E-15,-416.7E-15,-505.4E-15,-529.2E-15
2.019E6,-398.0E-15,-416.9E-15,-505.6E-15,-529.4E-15
2.020E6,-398.2E-15,-417.1E-15,-505.9E-15,-529.7E-15
2.021E6,-398.4E-15,-417.3E-15,-506.1E-15,-530.0E-15
2.022E6,-398.6E-15,-417.5E-15,-506.4E-15,-530.2E-15
2.023E6,-398.8E-15,-417.7E-15,-506.6E-15,-530.5E-15
2.024E6,-399.0E-15,-418.0E-15,-506.9E-15,-530.8E-15
2.025E6,-399.2E-15,-418.2E-15,-507.1E-15,-531.0E-15
2.026E6,-399.4E-15,-418.4E-15,-507.4E-15,-531.3E-15
2.027E6,-399.6E-15,-418.6E-15,-507.6E-15,-531.5E-15
2.028E6,-399.8E-15,-418.8E-15,-507.9E-15,-531.8E-15
2.029E6,-400.0E-15,-419.0E-15,-508.1E-15,-532.1E-15
2.030E6,-400.2E-15,-419.2E-15,-508.4E-15,-532.3E-15
2.031E6,-400.4E-15,-419.4E-15,-508.6E-15,-532.6E-15
2.032E6,-400.6E-15,-419.6E-15,-508.9E-15,-532.8E-15
2.033E6,-400.8E-15,-419.8E-15,-509.1E-15,-533.1E-15
2.034E6,-401.0E-15,-420.0E-15,-509.4E-15,-533.4E-15
2.035E6,-401.2E-15,-420.2E-15,-509.6E-15,-533.6E-15
2.036E6,-401.4E-15,-420.4E-15,-509.9E-15,-533.9E-15
2.037E6,-401.6E-15,-420.6E-15,-510.1E-15,-534.2E-15
2.038E6,-401.8E-15,-420.8E-15,-510.4E-15,-534.4E-15
2.039E6,-402.0E-15,-421.1E-15,-510.6E-15,-534.7E-15
2.040E6,-402.2E-15,-421.3E-15,-510.9E-15,-534.9E-15
2.041E6,-402.4E-15,-421.5E-15,-511.1E-15,-535.2E-15
2.042E6,-402.6E-15,-421.7E-15,-511.4E-15,-535.5E-15
2.043E6,-402.8E-15,-421.9E-15,-511.6E-15,-535.7E-15
2.044E6,-403.0E-15,-422.1E-15,-511.9E-15,-536.0E-15
2.045E6,-403.2E-15,-422.3E-15,-512.1E-15,-536.3E-15
2.046E6,-403.4E-15,-422.5E-15,-512.4E-15,-536.5E-15
2.047E6,-403.6E-15,-422.7E-15,-512.7E-15,-536.8E-15
2.048E6,-403.8E-15,-422.9E-15,-512.9E-15,-537.0E-15
2.049E6,-404.0E-15,-423.1E-15,-513.2E-15,-537.3E-15
2.050E6,-404.1E-15,-423.3E-15,-513.4E-15,-537.6E-15
2.051E6,-404.3E-15,-423.5E-15,-513.7E-15,-537.8E-15
2.052E6,-404.5E-15,-423.7E-15,-513.9E-15,-538.1E-15
2.053E6,-404.7E-15,-423.9E-15,-514.2E-15,-538.4E-15
2.054E6,-404.9E-15,-424.1E-15,-514.4E-15,-538.6E-15
2.055E6,-405.1E-15,-424.4E-15,-514.7E-15,-538.9E-15
2.056E6,-405.3E-15,-424.6E-15,-514.9E-15,-539.1E-15
2.057E6,-405.5E-15,-424.8E-15,-515.2E-15,-539.4E-15
2.058E6,-405.7E-15,-425.0E-15,-515.4E-15,-539.7E-15
2.059E6,-405.9E-15,-425.2E-15,-515.7E-15,-539.9E-15
2.060E6,-406.1E-15,-425.4E-15,-515.9E-15,-540.2E-15
2.061E6,-406.3E-15,-425.6E-15,-516.2E-15,-540.5E-15
2.062E6,-406.5E-15,-425.8E-15,-516.4E-15,-540.7E-15
2.063E6,-406.7E-15,-426.0E-15,-516.7E-15,-541.0E-15
2.064E6,-406.9E-15,-426.2E-15,-516.9E-15,-541.2E-15
2.065E6,-407.1E-15,-426.4E-15,-517.2E-15,-541.5E-15
2.066E6,-407.3E-15,-426.6E-15,-517.4E-15,-541.8E-15
2.067E6,-407.5E-15,-426.8E-15,-517.7E-15,-542.0E-15
2.068E6,-407.7E-15,-427.0E-15,-517.9E-15,-542.3E-15
2.069E6,-407.9E-15,-427.2E-15,-518.2E-15,-542.6E-15
2.070E6,-408.1E-15,-427.5E-15,-518.4E-15,-542.8E-15
2.071E6,-408.3E-15,-427.7E-15,-518.7E-15,-543.1E-15
2.072E6,-408.5E-15,-427.9E-15,-518.9E-15,-543.3E-15
2.073E6,-408.7E-15,-428.1E-15,-519.2E-15,-543.6E-15
2.074E6,-408.9E-15,-428.3E-15,-519.4E-15,-543.9E-15
2.075E6,-409.1E-15,-428.5E-15,-519.7E-15,-544.1E-15
2.076E6,-409.3E-15,-428.7E-15,-519.9E-15,-544.4E-15
2.077E6,-409.5E-15,-428.9E-15,-520.2E-15,-544.6E-15
2.078E6,-409.7E-15,-429.1E-15,-520.4E-15,-544.9E-15
2.079E6,-409.9E-15,-429.3E-15,-520.7E-15,-545.2E-15
2.080E6,-410.1E-15,-429.5E-15,-520.9E-15,-545.4E-15
2.081E6,-410.3E-15,-429.7E-15,-521.2E-15,-545.7E-15
2.082E6,-410.5E-15,-429.9E-15,-521.4E-15,-546.0E-15
2.083E6,-410.7E-15,-430.1E-15,-521.7E-15,-546.2E-15
2.084E6,-410.9E-15,-430.3E-15,-521.9E-15,-546.5E-15
2.085E6,-411.0E-15,-430.6E-15,-522.2E-15,-546.7E-15
2.086E6,-411.2E-15,-430.8E-15,-522.4E-15,-547.0E-15
2.087E6,-411.4E-15,-431.0E-15,-522.7E-15,-547.3E-15
2.088E6,-411.6E-15,-431.2E-15,-522.9E-15,-547.5E-15
2.089E6,-411.8E-15,-431.4E-15,-523.2E-15,-547.8E-15
2.090E6,-412.0E-15,-431.6E-15,-523.4E-15,-548.1E-15
2.091E6,-412.2E-15,-431.8E-15,-523.7E-15,-548.3E-15
2.092E6,-412.4E-15,-432.0E-15,-523.9E-15,-548.6E-15
2.093E6,-412.6E-15,-432.2E-15,-524.2E-15,-548.8E-15
2.094E6,-412.8E-15,-432.4E-15,-524.4E-15,-549.1E-15
2.095E6,-413.0E-15,-432.6E-15,-524.7E-15,-549.4E-15
2.096E6,-413.2E-15,-432.8E-15,-524.9E-15,-549.6E-15
2.097E6,-413.4E-15,-433.0E-15,-525.2E-15,-549.9E-15
2.098E6,-413.6E-15,-433.2E-15,-525.4E-15,-550.2E-15
2.099E6,-413.8E-15,-433.4E-15,-525.7E-15,-550.4E-15
2.100E6,-414.0E-15,-433.6E-15,-525.9E-15,-550.7E-15
2.101E6,-414.2E-15,-433.9E-15,-526.2E-15,-550.9E-15
2.102E6,-414.4E-15,-434.1E-15,-526.4E-15,-551.2E-15
2.103E6,-414.6E-15,-434.3E-15,-526.7E-15,-551.5E-15
2.104E6,-414.8E-15,-434.5E-15,-526.9E-15,-551.7E-15
2.105E6,-415.0E-15,-434.7E-15,-527.2E-15,-552.0E-15
2.106E6,-415.2E-15,-434.9E-15,-527.4E-15,-552.3E-15
2.107E6,-415.4E-15,-435.1E-15,-527.7E-15,-552.5E-15
2.108E6,-415.6E-15,-435.3E-15,-527.9E-15,-552.8E-15
2.109E6,-415.8E-15,-435.5E-15,-528.2E-15,-553.0E-15
2.110E6,-416.0E-15,-435.7E-15,-528.4E-15,-553.3E-15
2.111E6,-416.2E-15,-435.9E-15,-528.7E-15,-553.6E-15
2.112E6,-416.4E-15,-436.1E-15,-528.9E-15,-553.8E-15
2.113E6,-416.6E-15,-436.3E-15,-529.2E-15,-554.1E-15
2.114E6,-416.8E-15,-436.5E-15,-529.4E-15,-554.4E-15
2.115E6,-417.0E-15,-436.7E-15,-529.7E-15,-554.6E-15
2.116E6,-417.2E-15,-437.0E-15,-529.9E-15,-554.9E-15
2.117E6,-417.4E-15,-437.2E-15,-530.2E-15,-555.1E-15
2.118E6,-417.6E-15,-437.4E-15,-530.4E-15,-555.4E-15
2.119E6,-417.8E-15,-437.6E-15,-530.7E-15,-555.7E-15
2.120E6,-417.9E-15,-437.8E-15,-530.9E-15,-555.9E-15
2.121E6,-418.1E-15,-438.0E-15,-531.2E-15,-556.2E-15
2.122E6,-418.3E-15,-438.2E-15,-531.4E-15,-556.4E-15
2.123E6,-418.5E-15,-438.4E-15,-531.7E-15,-556.7E-15
2.124E6,-418.7E-15,-438.6E-15,-531.9E-15,-557.0E-15
2.125E6,-418.9E-15,-438.8E-15,-532.2E-15,-557.2E-15
2.126E6,-419.1E-15,-439.0E-15,-532.4E-15,-557.5E-15
2.127E6,-419.3E-15,-439.2E-15,-532.7E-15,-557.8E-15
2.128E6,-419.5E-15,-439.4E-15,-532.9E-15,-558.0E-15
2.129E6,-419.7E-15,-439.6E-15,-533.2E-15,-558.3E-15
2.130E6,-419.9E-15,-439.8E-15,-533.4E-15,-558.5E-15
2.131E6,-420.1E-15,-440.0E-15,-533.7E-15,-558.8E-15
2.132E6,-420.3E-15,-440.3E-15,-533.9E-15,-559.1E-15
2.133E6,-420.5E-15,-440.5E-15,-534.2E-15,-559.3E-15
2.134E6,-420.7E-15,-440.7E-15,-534.4E-15,-559.6E-15
2.135E6,-420.9E-15,-440.9E-15,-534.7E-15,-559.9E-15
2.136E6,-421.1E-15,-441.1E-15,-534.9E-15,-560.1E-15
2.137E6,-421.3E-15,-441.3E-15,-535.2E-15,-560.4E-15
2.138E6,-421.5E-15,-441.5E-15,-535.4E-15,-560.6E-15
2.139E6,-421.7E-15,-441.7E-15,-535.7E-15,-560.9E-15
2.140E6,-421.9E-15,-441.9E-15,-535.9E-15,-561.2E-15
2.141E6,-422.1E-15,-442.1E-15,-536.2E-15,-561.4E-15
2.142E6,-422.3E-15,-442.3E-15,-536.4E-15,-561.7E-15
2.143E6,-422.5E-15,-442.5E-15,-536.7E-15,-562.0E-15
2.144E6,-422.7E-15,-442.7E-15,-536.9E-15,-562.2E-15
2.145E6,-422.9E-15,-442.9E-15,-537.2E-15,-562.5E-15
2.146E6,-423.1E-15,-443.1E-15,-537.4E-15,-562.7E-15
2.147E6,-423.3E-15,-443.4E-15,-537.7E-15,-563.0E-15
2.148E6,-423.5E-15,-443.6E-15,-537.9E-15,-563.3E-15
2.149E6,-423.7E-15,-443.8E-15,-538.2E-15,-563.5E-15
2.150E6,-423.9E-15,-444.0E-15,-538.4E-15,-563.8E-15
2.151E6,-424.1E-15,-444.2E-15,-538.7E-15,-564.1E-15
2.152E6,-424.3E-15,-444.4E-15,-538.9E-15,-564.3E-15
2.153E6,-424.5E-15,-444.6E-15,-539.2E-15,-564.6E-15
2.154E6,-424.7E-15,-444.8E-15,-539.4E-15,-564.8E-15
2.155E6,-424.8E-15,-445.0E-15,-539.7E-15,-565.1E-15
2.156E6,-425.0E-15,-445.2E-15,-539.9E-15,-565.4E-15
2.157E6,-425.2E-15,-445.4E-15,-540.2E-15,-565.6E-15
2.158E6,-425.4E-15,-445.6E-15,-540.4E-15,-565.9E-15
2.159E6,-425.6E-15,-445.8E-15,-540.7E-15,-566.2E-15
2.160E6,-425.8E-15,-446.0E-15,-540.9E-15,-566.4E-15
2.161E6,-426.0E-15,-446.2E-15,-541.2E-15,-566.7E-15
2.162E6,-426.2E-15,-446.4E-15,-541.4E-15,-566.9E-15
2.163E6,-426.4E-15,-446.7E-15,-541.7E-15,-567.2E-15
2.164E6,-426.6E-15,-446.9E-15,-542.0E-15,-567.5E-15
2.165E6,-426.8E-15,-447.1E-15,-542.2E-15,-567.7E-15
2.166E6,-427.0E-15,-447.3E-15,-542.5E-15,-568.0E-15
2.167E6,-427.2E-15,-447.5E-15,-542.7E-15,-568.2E-15
2.168E6,-427.4E-15,-447.7E-15,-543.0E-15,-568.5E-15
2.169E6,-427.6E-15,-447.9E-15,-543.2E-15,-568.8E-15
2.170E6,-427.8E-15,-448.1E-15,-543.5E-15,-569.0E-15
2.171E6,-428.0E-15,-448.3E-15,-543.7E-15,-569.3E-15
2.172E6,-428.2E-15,-448.5E-15,-544.0E-15,-569.6E-15
2.173E6,-428.4E-15,-448.7E-15,-544.2E-15,-569.8E-15
2.174E6,-428.6E-15,-448.9E-15,-544.5E-15,-570.1E-15
2.175E6,-428.8E-15,-449.1E-15,-544.7E-15,-570.3E-15
2.176E6,-429.0E-15,-449.3E-15,-545.0E-15,-570.6E-15
2.177E6,-429.2E-15,-449.5E-15,-545.2E-15,-570.9E-15
2.178E6,-429.4E-15,-449.8E-15,-545.5E-15,-571.1E-15
2.179E6,-429.6E-15,-450.0E-15,-545.7E-15,-571.4E-15
2.180E6,-429.8E-15,-450.2E-15,-546.0E-15,-571.7E-15
2.181E6,-430.0E-15,-450.4E-15,-546.2E-15,-571.9E-15
2.182E6,-430.2E-15,-450.6E-15,-546.5E-15,-572.2E-15
2.183E6,-430.4E-15,-450.8E-15,-546.7E-15,-572.4E-15
2.184E6,-430.6E-15,-451.0E-15,-547.0E-15,-572.7E-15
2.185E6,-430.8E-15,-451.2E-15,-547.2E-15,-573.0E-15
2.186E6,-431.0E-15,-451.4E-15,-547.5E-15,-573.2E-15
2.187E6,-431.2E-15,-451.6E-15,-547.7E-15,-573.5E-15
2.188E6,-431.4E-15,-451.8E-15,-548.0E-15,-573.8E-15
2.189E6,-431.6E-15,-452.0E-15,-548.2E-15,-574.0E-15
2.190E6,-431.7E-15,-452.2E-15,-548.5E-15,-574.3E-15
2.191E6,-431.9E-15,-452.4E-15,-548.7E-15,-574.5E-15
2.192E6,-432.1E-15,-452.6E-15,-549.0E-15,-574.8E-15
2.193E6,-432.3E-15,-452.9E-15,-549.2E-15,-575.1E-15
2.194E6,-432.5E-15,-453.1E-15,-549.5E-15,-575.3E-15
2.195E6,-432.7E-15,-453.3E-15,-549.7E-15,-575.6E-15
2.196E6,-432.9E-15,-453.5E-15,-550.0E-15,-575.9E-15
2.197E6,-433.1E-15,-453.7E-15,-550.2E-15,-576.1E-15
2.198E6,-433.3E-15,-453.9E-15,-550.5E-15,-576.4E-15
2.199E6,-433.5E-15,-454.1E-15,-550.7E-15,-576.6E-15
2.200E6,-433.7E-15,-454.3E-15,-551.0E-15,-576.9E-15
2.201E6,-433.9E-15,-454.5E-15,-551.2E-15,-577.2E-15
2.202E6,-434.1E-15,-454.7E-15,-551.5E-15,-577.4E-15
2.203E6,-434.3E-15,-454.9E-15,-551.7E-15,-577.7E-15
2.204E6,-434.5E-15,-455.1E-15,-552.0E-15,-578.0E-15
2.205E6,-434.7E-15,-455.3E-15,-552.2E-15,-578.2E-15
2.206E6,-434.9E-15,-455.5E-15,-552.5E-15,-578.5E-15
2.207E6,-435.1E-15,-455.7E-15,-552.7E-15,-578.7E-15
2.208E6,-435.3E-15,-455.9E-15,-553.0E-15,-579.0E-15
2.209E6,-435.5E-15,-456.2E-15,-553.2E-15,-579.3E-15
2.210E6,-435.7E-15,-456.4E-15,-553.5E-15,-579.5E-15
2.211E6,-435.9E-15,-456.6E-15,-553.7E-15,-579.8E-15
2.212E6,-436.1E-15,-456.8E-15,-554.0E-15,-580.0E-15
2.213E6,-436.3E-15,-457.0E-15,-554.2E-15,-580.3E-15
2.214E6,-436.5E-15,-457.2E-15,-554.5E-15,-580.6E-15
2.215E6,-436.7E-15,-457.4E-15,-554.7E-15,-580.8E-15
2.216E6,-436.9E-15,-457.6E-15,-555.0E-15,-581.1E-15
2.217E6,-437.1E-15,-457.8E-15,-555.2E-15,-581.4E-15
2.218E6,-437.3E-15,-458.0E-15,-555.5E-15,-581.6E-15
2.219E6,-437.5E-15,-458.2E-15,-555.7E-15,-581.9E-15
2.220E6,-437.7E-15,-458.4E-15,-556.0E-15,-582.1E-15
2.221E6,-437.9E-15,-458.6E-15,-556.2E-15,-582.4E-15
2.222E6,-438.1E-15,-458.8E-15,-556.5E-15,-582.7E-15
2.223E6,-438.3E-15,-459.0E-15,-556.7E-15,-582.9E-15
2.224E6,-438.5E-15,-459.3E-15,-557.0E-15,-583.2E-15
2.225E6,-438.6E-15,-459.5E-15,-557.2E-15,-583.5E-15
2.226E6,-438.8E-15,-459.7E-15,-557.5E-15,-583.7E-15
2.227E6,-439.0E-15,-459.9E-15,-557.7E-15,-584.0E-15
2.228E6,-439.2E-15,-460.1E-15,-558.0E-15,-584.2E-15
2.229E6,-439.4E-15,-460.3E-15,-558.2E-15,-584.5E-15
2.230E6,-439.6E-15,-460.5E-15,-558.5E-15,-584.8E-15
2.231E6,-439.8E-15,-460.7E-15,-558.7E-15,-585.0E-15
2.232E6,-440.0E-15,-460.9E-15,-559.0E-15,-585.3E-15
2.233E6,-440.2E-15,-461.1E-15,-559.2E-15,-585.6E-15
2.234E6,-440.4E-15,-461.3E-15,-559.5E-15,-585.8E-15
2.235E6,-440.6E-15,-461.5E-15,-559.7E-15,-586.1E-15
2.236E6,-440.8E-15,-461.7E-15,-560.0E-15,-586.3E-15
2.237E6,-441.0E-15,-461.9E-15,-560.2E-15,-586.6E-15
2.238E6,-441.2E-15,-462.1E-15,-560.5E-15,-586.9E-15
2.239E6,-441.4E-15,-462.3E-15,-560.7E-15,-587.1E-15
2.240E6,-441.6E-15,-462.6E-15,-561.0E-15,-587.4E-15
2.241E6,-441.8E-15,-462.8E-15,-561.2E-15,-587.7E-15
2.242E6,-442.0E-15,-463.0E-15,-561.5E-15,-587.9E-15
2.243E6,-442.2E-15,-463.2E-15,-561.7E-15,-588.2E-15
2.244E6,-442.4E-15,-463.4E-15,-562.0E-15,-588.4E-15
2.245E6,-442.6E-15,-463.6E-15,-562.2E-15,-588.7E-15
2.246E6,-442.8E-15,-463.8E-15,-562.5E-15,-589.0E-15
2.247E6,-443.0E-15,-464.0E-15,-562.7E-15,-589.2E-15
2.248E6,-443.2E-15,-464.2E-15,-563.0E-15,-589.5E-15
2.249E6,-443.4E-15,-464.4E-15,-563.2E-15,-589.7E-15
2.250E6,-443.6E-15,-464.6E-15,-563.5E-15,-590.0E-15
2.251E6,-443.8E-15,-464.8E-15,-563.7E-15,-590.3E-15
2.252E6,-444.0E-15,-465.0E-15,-564.0E-15,-590.5E-15
2.253E6,-444.2E-15,-465.2E-15,-564.2E-15,-590.8E-15
2.254E6,-444.4E-15,-465.4E-15,-564.5E-15,-591.1E-15
2.255E6,-444.6E-15,-465.7E-15,-564.7E-15,-591.3E-15
2.256E6,-444.8E-15,-465.9E-15,-565.0E-15,-591.6E-15
2.257E6,-445.0E-15,-466.1E-15,-565.2E-15,-591.8E-15
2.258E6,-445.2E-15,-466.3E-15,-565.5E-15,-592.1E-15
2.259E6,-445.4E-15,-466.5E-15,-565.7E-15,-592.4E-15
2.260E6,-445.5E-15,-466.7E-15,-566.0E-15,-592.6E-15
2.261E6,-445.7E-15,-466.9E-15,-566.2E-15,-592.9E-15
2.262E6,-445.9E-15,-467.1E-15,-566.5E-15,-593.2E-15
2.263E6,-446.1E-15,-467.3E-15,-566.7E-15,-593.4E-15
2.264E6,-446.3E-15,-467.5E-15,-567.0E-15,-593.7E-15
2.265E6,-446.5E-15,-467.7E-15,-567.2E-15,-593.9E-15
2.266E6,-446.7E-15,-467.9E-15,-567.5E-15,-594.2E-15
2.267E6,-446.9E-15,-468.1E-15,-567.7E-15,-594.5E-15
2.268E6,-447.1E-15,-468.3E-15,-568.0E-15,-594.7E-15
2.269E6,-447.3E-15,-468.5E-15,-568.2E-15,-595.0E-15
2.270E6,-447.5E-15,-468.8E-15,-568.5E-15,-595.3E-15
2.271E6,-447.7E-15,-469.0E-15,-568.7E-15,-595.5E-15
2.272E6,-447.9E-15,-469.2E-15,-569.0E-15,-595.8E-15
2.273E6,-448.1E-15,-469.4E-15,-569.2E-15,-596.0E-15
2.274E6,-448.3E-15,-469.6E-15,-569.5E-15,-596.3E-15
2.275E6,-448.5E-15,-469.8E-15,-569.7E-15,-596.6E-15
2.276E6,-448.7E-15,-470.0E-15,-570.0E-15,-596.8E-15
2.277E6,-448.9E-15,-470.2E-15,-570.2E-15,-597.1E-15
2.278E6,-449.1E-15,-470.4E-15,-570.5E-15,-597.4E-15
2.279E6,-449.3E-15,-470.6E-15,-570.7E-15,-597.6E-15
2.280E6,-449.5E-15,-470.8E-15,-571.0E-15,-597.9E-15
2.281E6,-449.7E-15,-471.0E-15,-571.3E-15,-598.1E-15
2.282E6,-449.9E-15,-471.2E-15,-571.5E-15,-598.4E-15
2.283E6,-450.1E-15,-471.4E-15,-571.8E-15,-598.7E-15
2.284E6,-450.3E-15,-471.6E-15,-572.0E-15,-598.9E-15
2.285E6,-450.5E-15,-471.8E-15,-572.3E-15,-599.2E-15
2.286E6,-450.7E-15,-472.1E-15,-572.5E-15,-599.5E-15
2.287E6,-450.9E-15,-472.3E-15,-572.8E-15,-599.7E-15
2.288E6,-451.1E-15,-472.5E-15,-573.0E-15,-600.0E-15
2.289E6,-451.3E-15,-472.7E-15,-573.3E-15,-600.2E-15
2.290E6,-451.5E-15,-472.9E-15,-573.5E-15,-600.5E-15
2.291E6,-451.7E-15,-473.1E-15,-573.8E-15,-600.8E-15
2.292E6,-451.9E-15,-473.3E-15,-574.0E-15,-601.0E-15
2.293E6,-452.1E-15,-473.5E-15,-574.3E-15,-601.3E-15
2.294E6,-452.3E-15,-473.7E-15,-574.5E-15,-601.5E-15
2.295E6,-452.4E-15,-473.9E-15,-574.8E-15,-601.8E-15
2.296E6,-452.6E-15,-474.1E-15,-575.0E-15,-602.1E-15
2.297E6,-452.8E-15,-474.3E-15,-575.3E-15,-602.3E-15
2.298E6,-453.0E-15,-474.5E-15,-575.5E-15,-602.6E-15
2.299E6,-453.2E-15,-474.7E-15,-575.8E-15,-602.9E-15
2.300E6,-453.4E-15,-474.9E-15,-576.0E-15,-603.1E-15
2.301E6,-453.6E-15,-475.2E-15,-576.3E-15,-603.4E-15
2.302E6,-453.8E-15,-475.4E-15,-576.5E-15,-603.6E-15
2.303E6,-454.0E-15,-475.6E-15,-576.8E-15,-603.9E-15
2.304E6,-454.2E-15,-475.8E-15,-577.0E-15,-604.2E-15
2.305E6,-454.4E-15,-476.0E-15,-577.3E-15,-604.4E-15
2.306E6,-454.6E-15,-476.2E-15,-577.5E-15,-604.7E-15
2.307E6,-454.8E-15,-476.4E-15,-577.8E-15,-605.0E-15
2.308E6,-455.0E-15,-476.6E-15,-578.0E-15,-605.2E-15
2.309E6,-455.2E-15,-476.8E-15,-578.3E-15,-605.5E-15
2.310E6,-455.4E-15,-477.0E-15,-578.5E-15,-605.7E-15
2.311E6,-455.6E-15,-477.2E-15,-578.8E-15,-606.0E-15
2.312E6,-455.8E-15,-477.4E-15,-579.0E-15,-606.3E-15
2.313E6,-456.0E-15,-477.6E-15,-579.3E-15,-606.5E-15
2.314E6,-456.2E-15,-477.8E-15,-579.5E-15,-606.8E-15
2.315E6,-456.4E-15,-478.0E-15,-579.8E-15,-607.1E-15
2.316E6,-456.6E-15,-478.2E-15,-580.0E-15,-607.3E-15
2.317E6,-456.8E-15,-478.5E-15,-580.3E-15,-607.6E-15
2.318E6,-457.0E-15,-478.7E-15,-580.5E-15,-607.8E-15
2.319E6,-457.2E-15,-478.9E-15,-580.8E-15,-608.1E-15
2.320E6,-457.4E-15,-479.1E-15,-581.0E-15,-608.4E-15
2.321E6,-457.6E-15,-479.3E-15,-581.3E-15,-608.6E-15
2.322E6,-457.8E-15,-479.5E-15,-581.5E-15,-608.9E-15
2.323E6,-458.0E-15,-479.7E-15,-581.8E-15,-609.2E-15
2.324E6,-458.2E-15,-479.9E-15,-582.0E-15,-609.4E-15
2.325E6,-458.4E-15,-480.1E-15,-582.3E-15,-609.7E-15
2.326E6,-458.6E-15,-480.3E-15,-582.5E-15,-609.9E-15
2.327E6,-458.8E-15,-480.5E-15,-582.8E-15,-610.2E-15
2.328E6,-459.0E-15,-480.7E-15,-583.0E-15,-610.5E-15
2.329E6,-459.1E-15,-480.9E-15,-583.3E-15,-610.7E-15
2.330E6,-459.3E-15,-481.1E-15,-583.5E-15,-611.0E-15
2.331E6,-459.5E-15,-481.3E-15,-583.8E-15,-611.3E-15
2.332E6,-459.7E-15,-481.6E-15,-584.0E-15,-611.5E-15
2.333E6,-459.9E-15,-481.8E-15,-584.3E-15,-611.8E-15
2.334E6,-460.1E-15,-482.0E-15,-584.5E-15,-612.0E-15
2.335E6,-460.3E-15,-482.2E-15,-584.8E-15,-612.3E-15
2.336E6,-460.5E-15,-482.4E-15,-585.0E-15,-612.6E-15
2.337E6,-460.7E-15,-482.6E-15,-585.3E-15,-612.8E-15
2.338E6,-460.9E-15,-482.8E-15,-585.5E-15,-613.1E-15
2.339E6,-461.1E-15,-483.0E-15,-585.8E-15,-613.3E-15
2.340E6,-461.3E-15,-483.2E-15,-586.0E-15,-613.6E-15
2.341E6,-461.5E-15,-483.4E-15,-586.3E-15,-613.9E-15
2.342E6,-461.7E-15,-483.6E-15,-586.5E-15,-614.1E-15
2.343E6,-461.9E-15,-483.8E-15,-586.8E-15,-614.4E-15
2.344E6,-462.1E-15,-484.0E-15,-587.0E-15,-614.7E-15
2.345E6,-462.3E-15,-484.2E-15,-587.3E-15,-614.9E-15
2.346E6,-462.5E-15,-484.4E-15,-587.5E-15,-615.2E-15
2.347E6,-462.7E-15,-484.7E-15,-587.8E-15,-615.4E-15
2.348E6,-462.9E-15,-484.9E-15,-588.0E-15,-615.7E-15
2.349E6,-463.1E-15,-485.1E-15,-588.3E-15,-616.0E-15
2.350E6,-463.3E-15,-485.3E-15,-588.5E-15,-616.2E-15
2.351E6,-463.5E-15,-485.5E-15,-588.8E-15,-616.5E-15
2.352E6,-463.7E-15,-485.7E-15,-589.0E-15,-616.8E-15
2.353E6,-463.9E-15,-485.9E-15,-589.3E-15,-617.0E-15
2.354E6,-464.1E-15,-486.1E-15,-589.5E-15,-617.3E-15
2.355E6,-464.3E-15,-486.3E-15,-589.8E-15,-617.5E-15
2.356E6,-464.5E-15,-486.5E-15,-590.0E-15,-617.8E-15
2.357E6,-464.7E-15,-486.7E-15,-590.3E-15,-618.1E-15
2.358E6,-464.9E-15,-486.9E-15,-590.5E-15,-618.3E-15
2.359E6,-465.1E-15,-487.1E-15,-590.8E-15,-618.6E-15
2.360E6,-465.3E-15,-487.3E-15,-591.0E-15,-618.9E-15
2.361E6,-465.5E-15,-487.5E-15,-591.3E-15,-619.1E-15
2.362E6,-465.7E-15,-487.7E-15,-591.5E-15,-619.4E-15
2.363E6,-465.9E-15,-488.0E-15,-591.8E-15,-619.6E-15
2.364E6,-466.0E-15,-488.2E-15,-592.0E-15,-619.9E-15
2.365E6,-466.2E-15,-488.4E-15,-592.3E-15,-620.2E-15
2.366E6,-466.4E-15,-488.6E-15,-592.5E-15,-620.4E-15
2.367E6,-466.6E-15,-488.8E-15,-592.8E-15,-620.7E-15
2.368E6,-466.8E-15,-489.0E-15,-593.0E-15,-621.0E-15
2.369E6,-467.0E-15,-489.2E-15,-593.3E-15,-621.2E-15
2.370E6,-467.2E-15,-489.4E-15,-593.5E-15,-621.5E-15
2.371E6,-467.4E-15,-489.6E-15,-593.8E-15,-621.7E-15
2.372E6,-467.6E-15,-489.8E-15,-594.0E-15,-622.0E-15
2.373E6,-467.8E-15,-490.0E-15,-594.3E-15,-622.3E-15
2.374E6,-468.0E-15,-490.2E-15,-594.5E-15,-622.5E-15
2.375E6,-468.2E-15,-490.4E-15,-594.8E-15,-622.8E-15
2.376E6,-468.4E-15,-490.6E-15,-595.0E-15,-623.1E-15
2.377E6,-468.6E-15,-490.8E-15,-595.3E-15,-623.3E-15
2.378E6,-468.8E-15,-491.1E-15,-595.5E-15,-623.6E-15
2.379E6,-469.0E-15,-491.3E-15,-595.8E-15,-623.8E-15
2.380E6,-469.2E-15,-491.5E-15,-596.0E-15,-624.1E-15
2.381E6,-469.4E-15,-491.7E-15,-596.3E-15,-624.4E-15
2.382E6,-469.6E-15,-491.9E-15,-596.5E-15,-624.6E-15
2.383E6,-469.8E-15,-492.1E-15,-596.8E-15,-624.9E-15
2.384E6,-470.0E-15,-492.3E-15,-597.0E-15,-625.1E-15
2.385E6,-470.2E-15,-492.5E-15,-597.3E-15,-625.4E-15
2.386E6,-470.4E-15,-492.7E-15,-597.5E-15,-625.7E-15
2.387E6,-470.6E-15,-492.9E-15,-597.8E-15,-625.9E-15
2.388E6,-470.8E-15,-493.1E-15,-598.0E-15,-626.2E-15
2.389E6,-471.0E-15,-493.3E-15,-598.3E-15,-626.5E-15
2.390E6,-471.2E-15,-493.5E-15,-598.5E-15,-626.7E-15
2.391E6,-471.4E-15,-493.7E-15,-598.8E-15,-627.0E-15
2.392E6,-471.6E-15,-493.9E-15,-599.0E-15,-627.2E-15
2.393E6,-471.8E-15,-494.1E-15,-599.3E-15,-627.5E-15
2.394E6,-472.0E-15,-494.4E-15,-599.5E-15,-627.8E-15
2.395E6,-472.2E-15,-494.6E-15,-599.8E-15,-628.0E-15
2.396E6,-472.4E-15,-494.8E-15,-600.0E-15,-628.3E-15
2.397E6,-472.6E-15,-495.0E-15,-600.3E-15,-628.6E-15
2.398E6,-472.8E-15,-495.2E-15,-600.6E-15,-628.8E-15
2.399E6,-472.9E-15,-495.4E-15,-600.8E-15,-629.1E-15
2.400E6,-473.1E-15,-495.6E-15,-601.1E-15,-629.3E-15
2.401E6,-473.3E-15,-495.8E-15,-601.3E-15,-629.6E-15
2.402E6,-473.5E-15,-496.0E-15,-601.6E-15,-629.9E-15
2.403E6,-473.7E-15,-496.2E-15,-601.8E-15,-630.1E-15
2.404E6,-473.9E-15,-496.4E-15,-602.1E-15,-630.4E-15
2.405E6,-474.1E-15,-496.6E-15,-602.3E-15,-630.7E-15
2.406E6,-474.3E-15,-496.8E-15,-602.6E-15,-630.9E-15
2.407E6,-474.5E-15,-497.0E-15,-602.8E-15,-631.2E-15
2.408E6,-474.7E-15,-497.2E-15,-603.1E-15,-631.4E-15
2.409E6,-474.9E-15,-497.5E-15,-603.3E-15,-631.7E-15
2.410E6,-475.1E-15,-497.7E-15,-603.6E-15,-632.0E-15
2.411E6,-475.3E-15,-497.9E-15,-603.8E-15,-632.2E-15
2.412E6,-475.5E-15,-498.1E-15,-604.1E-15,-632.5E-15
2.413E6,-475.7E-15,-498.3E-15,-604.3E-15,-632.8E-15
2.414E6,-475.9E-15,-498.5E-15,-604.6E-15,-633.0E-15
2.415E6,-476.1E-15,-498.7E-15,-604.8E-15,-633.3E-15
2.416E6,-476.3E-15,-498.9E-15,-605.1E-15,-633.5E-15
2.417E6,-476.5E-15,-499.1E-15,-605.3E-15,-633.8E-15
2.418E6,-476.7E-15,-499.3E-15,-605.6E-15,-634.1E-15
2.419E6,-476.9E-15,-499.5E-15,-605.8E-15,-634.3E-15
2.420E6,-477.1E-15,-499.7E-15,-606.1E-15,-634.6E-15
2.421E6,-477.3E-15,-499.9E-15,-606.3E-15,-634.9E-15
2.422E6,-477.5E-15,-500.1E-15,-606.6E-15,-635.1E-15
2.423E6,-477.7E-15,-500.3E-15,-606.8E-15,-635.4E-15
2.424E6,-477.9E-15,-500.5E-15,-607.1E-15,-635.6E-15
2.425E6,-478.1E-15,-500.8E-15,-607.3E-15,-635.9E-15
2.426E6,-478.3E-15,-501.0E-15,-607.6E-15,-636.2E-15
2.427E6,-478.5E-15,-501.2E-15,-607.8E-15,-636.4E-15
2.428E6,-478.7E-15,-501.4E-15,-608.1E-15,-636.7E-15
2.429E6,-478.9E-15,-501.6E-15,-608.3E-15,-636.9E-15
2.430E6,-479.1E-15,-501.8E-15,-608.6E-15,-637.2E-15
2.431E6,-479.3E-15,-502.0E-15,-608.8E-15,-637.5E-15
2.432E6,-479.5E-15,-502.2E-15,-609.1E-15,-637.7E-15
2.433E6,-479.7E-15,-502.4E-15,-609.3E-15,-638.0E-15
2.434E6,-479.8E-15,-502.6E-15,-609.6E-15,-638.3E-15
2.435E6,-480.0E-15,-502.8E-15,-609.8E-15,-638.5E-15
2.436E6,-480.2E-15,-503.0E-15,-610.1E-15,-638.8E-15
2.437E6,-480.4E-15,-503.2E-15,-610.3E-15,-639.0E-15
2.438E6,-480.6E-15,-503.4E-15,-610.6E-15,-639.3E-15
2.439E6,-480.8E-15,-503.6E-15,-610.8E-15,-639.6E-15
2.440E6,-481.0E-15,-503.9E-15,-611.1E-15,-639.8E-15
2.441E6,-481.2E-15,-504.1E-15,-611.3E-15,-640.1E-15
2.442E6,-481.4E-15,-504.3E-15,-611.6E-15,-640.4E-15
2.443E6,-481.6E-15,-504.5E-15,-611.8E-15,-640.6E-15
2.444E6,-481.8E-15,-504.7E-15,-612.1E-15,-640.9E-15
2.445E6,-482.0E-15,-504.9E-15,-612.3E-15,-641.1E-15
2.446E6,-482.2E-15,-505.1E-15,-612.6E-15,-641.4E-15
2.447E6,-482.4E-15,-505.3E-15,-612.8E-15,-641.7E-15
2.448E6,-482.6E-15,-505.5E-15,-613.1E-15,-641.9E-15
2.449E6,-482.8E-15,-505.7E-15,-613.3E-15,-642.2E-15
2.450E6,-483.0E-15,-505.9E-15,-613.6E-15,-642.5E-15
2.451E6,-483.2E-15,-506.1E-15,-613.8E-15,-642.7E-15
2.452E6,-483.4E-15,-506.3E-15,-614.1E-15,-643.0E-15
2.453E6,-483.6E-15,-506.5E-15,-614.3E-15,-643.2E-15
2.454E6,-483.8E-15,-506.7E-15,-614.6E-15,-643.5E-15
2.455E6,-484.0E-15,-507.0E-15,-614.8E-15,-643.8E-15
2.456E6,-484.2E-15,-507.2E-15,-615.1E-15,-644.0E-15
2.457E6,-484.4E-15,-507.4E-15,-615.3E-15,-644.3E-15
2.458E6,-484.6E-15,-507.6E-15,-615.6E-15,-644.6E-15
2.459E6,-484.8E-15,-507.8E-15,-615.8E-15,-644.8E-15
2.460E6,-485.0E-15,-508.0E-15,-616.1E-15,-645.1E-15
2.461E6,-485.2E-15,-508.2E-15,-616.3E-15,-645.3E-15
2.462E6,-485.4E-15,-508.4E-15,-616.6E-15,-645.6E-15
2.463E6,-485.6E-15,-508.6E-15,-616.8E-15,-645.9E-15
2.464E6,-485.8E-15,-508.8E-15,-617.1E-15,-646.1E-15
2.465E6,-486.0E-15,-509.0E-15,-617.3E-15,-646.4E-15
2.466E6,-486.2E-15,-509.2E-15,-617.6E-15,-646.7E-15
2.467E6,-486.4E-15,-509.4E-15,-617.8E-15,-646.9E-15
2.468E6,-486.6E-15,-509.6E-15,-618.1E-15,-647.2E-15
2.469E6,-486.7E-15,-509.8E-15,-618.3E-15,-647.4E-15
2.470E6,-486.9E-15,-510.0E-15,-618.6E-15,-647.7E-15
2.471E6,-487.1E-15,-510.3E-15,-618.8E-15,-648.0E-15
2.472E6,-487.3E-15,-510.5E-15,-619.1E-15,-648.2E-15
2.473E6,-487.5E-15,-510.7E-15,-619.3E-15,-648.5E-15
2.474E6,-487.7E-15,-510.9E-15,-619.6E-15,-648.7E-15
2.475E6,-487.9E-15,-511.1E-15,-619.8E-15,-649.0E-15
2.476E6,-488.1E-15,-511.3E-15,-620.1E-15,-649.3E-15
2.477E6,-488.3E-15,-511.5E-15,-620.3E-15,-649.5E-15
2.478E6,-488.5E-15,-511.7E-15,-620.6E-15,-649.8E-15
2.479E6,-488.7E-15,-511.9E-15,-620.8E-15,-650.1E-15
2.480E6,-488.9E-15,-512.1E-15,-621.1E-15,-650.3E-15
2.481E6,-489.1E-15,-512.3E-15,-621.3E-15,-650.6E-15
2.482E6,-489.3E-15,-512.5E-15,-621.6E-15,-650.8E-15
2.483E6,-489.5E-15,-512.7E-15,-621.8E-15,-651.1E-15
2.484E6,-489.7E-15,-512.9E-15,-622.1E-15,-651.4E-15
2.485E6,-489.9E-15,-513.1E-15,-622.3E-15,-651.6E-15
2.486E6,-490.1E-15,-513.4E-15,-622.6E-15,-651.9E-15
2.487E6,-490.3E-15,-513.6E-15,-622.8E-15,-652.2E-15
2.488E6,-490.5E-15,-513.8E-15,-623.1E-15,-652.4E-15
2.489E6,-490.7E-15,-514.0E-15,-623.3E-15,-652.7E-15
2.490E6,-490.9E-15,-514.2E-15,-623.6E-15,-652.9E-15
2.491E6,-491.1E-15,-514.4E-15,-623.8E-15,-653.2E-15
2.492E6,-491.3E-15,-514.6E-15,-624.1E-15,-653.5E-15
2.493E6,-491.5E-15,-514.8E-15,-624.3E-15,-653.7E-15
2.494E6,-491.7E-15,-515.0E-15,-624.6E-15,-654.0E-15
2.495E6,-491.9E-15,-515.2E-15,-624.8E-15,-654.3E-15
2.496E6,-492.1E-15,-515.4E-15,-625.1E-15,-654.5E-15
2.497E6,-492.3E-15,-515.6E-15,-625.3E-15,-654.8E-15
2.498E6,-492.5E-15,-515.8E-15,-625.6E-15,-655.0E-15
2.499E6,-492.7E-15,-516.0E-15,-625.8E-15,-655.3E-15
2.500E6,-492.9E-15,-516.2E-15,-626.1E-15,-655.6E-15
2.501E6,-493.1E-15,-516.4E-15,-626.3E-15,-655.8E-15
2.502E6,-493.3E-15,-516.7E-15,-626.6E-15,-656.1E-15
2.503E6,-493.5E-15,-516.9E-15,-626.8E-15,-656.4E-15
2.504E6,-493.6E-15,-517.1E-15,-627.1E-15,-656.6E-15
2.505E6,-493.8E-15,-517.3E-15,-627.3E-15,-656.9E-15
2.506E6,-494.0E-15,-517.5E-15,-627.6E-15,-657.1E-15
2.507E6,-494.2E-15,-517.7E-15,-627.8E-15,-657.4E-15
2.508E6,-494.4E-15,-517.9E-15,-628.1E-15,-657.7E-15
2.509E6,-494.6E-15,-518.1E-15,-628.3E-15,-657.9E-15
2.510E6,-494.8E-15,-518.3E-15,-628.6E-15,-658.2E-15
2.511E6,-495.0E-15,-518.5E-15,-628.8E-15,-658.5E-15
2.512E6,-495.2E-15,-518.7E-15,-629.1E-15,-658.7E-15
2.513E6,-495.4E-15,-518.9E-15,-629.3E-15,-659.0E-15
2.514E6,-495.6E-15,-519.1E-15,-629.6E-15,-659.2E-15
2.515E6,-495.8E-15,-519.3E-15,-629.9E-15,-659.5E-15
2.516E6,-496.0E-15,-519.5E-15,-630.1E-15,-659.8E-15
2.517E6,-496.2E-15,-519.8E-15,-630.4E-15,-660.0E-15
2.518E6,-496.4E-15,-520.0E-15,-630.6E-15,-660.3E-15
2.519E6,-496.6E-15,-520.2E-15,-630.9E-15,-660.5E-15
2.520E6,-496.8E-15,-520.4E-15,-631.1E-15,-660.8E-15
2.521E6,-497.0E-15,-520.6E-15,-631.4E-15,-661.1E-15
2.522E6,-497.2E-15,-520.8E-15,-631.6E-15,-661.3E-15
2.523E6,-497.4E-15,-521.0E-15,-631.9E-15,-661.6E-15
2.524E6,-497.6E-15,-521.2E-15,-632.1E-15,-661.9E-15
2.525E6,-497.8E-15,-521.4E-15,-632.4E-15,-662.1E-15
2.526E6,-498.0E-15,-521.6E-15,-632.6E-15,-662.4E-15
2.527E6,-498.2E-15,-521.8E-15,-632.9E-15,-662.6E-15
2.528E6,-498.4E-15,-522.0E-15,-633.1E-15,-662.9E-15
2.529E6,-498.6E-15,-522.2E-15,-633.4E-15,-663.2E-15
2.530E6,-498.8E-15,-522.4E-15,-633.6E-15,-663.4E-15
2.531E6,-499.0E-15,-522.6E-15,-633.9E-15,-663.7E-15
2.532E6,-499.2E-15,-522.9E-15,-634.1E-15,-664.0E-15
2.533E6,-499.4E-15,-523.1E-15,-634.4E-15,-664.2E-15
2.534E6,-499.6E-15,-523.3E-15,-634.6E-15,-664.5E-15
2.535E6,-499.8E-15,-523.5E-15,-634.9E-15,-664.7E-15
2.536E6,-500.0E-15,-523.7E-15,-635.1E-15,-665.0E-15
2.537E6,-500.2E-15,-523.9E-15,-635.4E-15,-665.3E-15
2.538E6,-500.4E-15,-524.1E-15,-635.6E-15,-665.5E-15
2.539E6,-500.5E-15,-524.3E-15,-635.9E-15,-665.8E-15
2.540E6,-500.7E-15,-524.5E-15,-636.1E-15,-666.1E-15
2.541E6,-500.9E-15,-524.7E-15,-636.4E-15,-666.3E-15
2.542E6,-501.1E-15,-524.9E-15,-636.6E-15,-666.6E-15
2.543E6,-501.3E-15,-525.1E-15,-636.9E-15,-666.8E-15
2.544E6,-501.5E-15,-525.3E-15,-637.1E-15,-667.1E-15
2.545E6,-501.7E-15,-525.5E-15,-637.4E-15,-667.4E-15
2.546E6,-501.9E-15,-525.7E-15,-637.6E-15,-667.6E-15
2.547E6,-502.1E-15,-525.9E-15,-637.9E-15,-667.9E-15
2.548E6,-502.3E-15,-526.2E-15,-638.1E-15,-668.2E-15
2.549E6,-502.5E-15,-526.4E-15,-638.4E-15,-668.4E-15
2.550E6,-502.7E-15,-526.6E-15,-638.6E-15,-668.7E-15
2.551E6,-502.9E-15,-526.8E-15,-638.9E-15,-668.9E-15
2.552E6,-503.1E-15,-527.0E-15,-639.1E-15,-669.2E-15
2.553E6,-503.3E-15,-527.2E-15,-639.4E-15,-669.5E-15
2.554E6,-503.5E-15,-527.4E-15,-639.6E-15,-669.7E-15
2.555E6,-503.7E-15,-527.6E-15,-639.9E-15,-670.0E-15
2.556E6,-503.9E-15,-527.8E-15,-640.1E-15,-670.3E-15
2.557E6,-504.1E-15,-528.0E-15,-640.4E-15,-670.5E-15
2.558E6,-504.3E-15,-528.2E-15,-640.6E-15,-670.8E-15
2.559E6,-504.5E-15,-528.4E-15,-640.9E-15,-671.0E-15
2.560E6,-504.7E-15,-528.6E-15,-641.1E-15,-671.3E-15
2.561E6,-504.9E-15,-528.8E-15,-641.4E-15,-671.6E-15
2.562E6,-505.1E-15,-529.0E-15,-641.6E-15,-671.8E-15
2.563E6,-505.3E-15,-529.3E-15,-641.9E-15,-672.1E-15
2.564E6,-505.5E-15,-529.5E-15,-642.1E-15,-672.3E-15
2.565E6,-505.7E-15,-529.7E-15,-642.4E-15,-672.6E-15
2.566E6,-505.9E-15,-529.9E-15,-642.6E-15,-672.9E-15
2.567E6,-506.1E-15,-530.1E-15,-642.9E-15,-673.1E-15
2.568E6,-506.3E-15,-530.3E-15,-643.1E-15,-673.4E-15
2.569E6,-506.5E-15,-530.5E-15,-643.4E-15,-673.7E-15
2.570E6,-506.7E-15,-530.7E-15,-643.6E-15,-673.9E-15
2.571E6,-506.9E-15,-530.9E-15,-643.9E-15,-674.2E-15
2.572E6,-507.1E-15,-531.1E-15,-644.1E-15,-674.4E-15
2.573E6,-507.3E-15,-531.3E-15,-644.4E-15,-674.7E-15
2.574E6,-507.4E-15,-531.5E-15,-644.6E-15,-675.0E-15
2.575E6,-507.6E-15,-531.7E-15,-644.9E-15,-675.2E-15
2.576E6,-507.8E-15,-531.9E-15,-645.1E-15,-675.5E-15
2.577E6,-508.0E-15,-532.1E-15,-645.4E-15,-675.8E-15
2.578E6,-508.2E-15,-532.3E-15,-645.6E-15,-676.0E-15
2.579E6,-508.4E-15,-532.6E-15,-645.9E-15,-676.3E-15
2.580E6,-508.6E-15,-532.8E-15,-646.1E-15,-676.5E-15
2.581E6,-508.8E-15,-533.0E-15,-646.4E-15,-676.8E-15
2.582E6,-509.0E-15,-533.2E-15,-646.6E-15,-677.1E-15
2.583E6,-509.2E-15,-533.4E-15,-646.9E-15,-677.3E-15
2.584E6,-509.4E-15,-533.6E-15,-647.1E-15,-677.6E-15
2.585E6,-509.6E-15,-533.8E-15,-647.4E-15,-677.9E-15
2.586E6,-509.8E-15,-534.0E-15,-647.6E-15,-678.1E-15
2.587E6,-510.0E-15,-534.2E-15,-647.9E-15,-678.4E-15
2.588E6,-510.2E-15,-534.4E-15,-648.1E-15,-678.6E-15
2.589E6,-510.4E-15,-534.6E-15,-648.4E-15,-678.9E-15
2.590E6,-510.6E-15,-534.8E-15,-648.6E-15,-679.2E-15
2.591E6,-510.8E-15,-535.0E-15,-648.9E-15,-679.4E-15
2.592E6,-511.0E-15,-535.2E-15,-649.1E-15,-679.7E-15
2.593E6,-511.2E-15,-535.4E-15,-649.4E-15,-680.0E-15
2.594E6,-511.4E-15,-535.7E-15,-649.6E-15,-680.2E-15
2.595E6,-511.6E-15,-535.9E-15,-649.9E-15,-680.5E-15
2.596E6,-511.8E-15,-536.1E-15,-650.1E-15,-680.7E-15
2.597E6,-512.0E-15,-536.3E-15,-650.4E-15,-681.0E-15
2.598E6,-512.2E-15,-536.5E-15,-650.6E-15,-681.3E-15
2.599E6,-512.4E-15,-536.7E-15,-650.9E-15,-681.5E-15
2.600E6,-512.6E-15,-536.9E-15,-651.1E-15,-681.8E-15
2.601E6,-512.8E-15,-537.1E-15,-651.4E-15,-682.1E-15
2.602E6,-513.0E-15,-537.3E-15,-651.6E-15,-682.3E-15
2.603E6,-513.2E-15,-537.5E-15,-651.9E-15,-682.6E-15
2.604E6,-513.4E-15,-537.7E-15,-652.1E-15,-682.8E-15
2.605E6,-513.6E-15,-537.9E-15,-652.4E-15,-683.1E-15
2.606E6,-513.8E-15,-538.1E-15,-652.6E-15,-683.4E-15
2.607E6,-514.0E-15,-538.3E-15,-652.9E-15,-683.6E-15
2.608E6,-514.2E-15,-538.5E-15,-653.1E-15,-683.9E-15
2.609E6,-514.3E-15,-538.8E-15,-653.4E-15,-684.1E-15
2.610E6,-514.5E-15,-539.0E-15,-653.6E-15,-684.4E-15
2.611E6,-514.7E-15,-539.2E-15,-653.9E-15,-684.7E-15
2.612E6,-514.9E-15,-539.4E-15,-654.1E-15,-684.9E-15
2.613E6,-515.1E-15,-539.6E-15,-654.4E-15,-685.2E-15
2.614E6,-515.3E-15,-539.8E-15,-654.6E-15,-685.5E-15
2.615E6,-515.5E-15,-540.0E-15,-654.9E-15,-685.7E-15
2.616E6,-515.7E-15,-540.2E-15,-655.1E-15,-686.0E-15
2.617E6,-515.9E-15,-540.4E-15,-655.4E-15,-686.2E-15
2.618E6,-516.1E-15,-540.6E-15,-655.6E-15,-686.5E-15
2.619E6,-516.3E-15,-540.8E-15,-655.9E-15,-686.8E-15
2.620E6,-516.5E-15,-541.0E-15,-656.1E-15,-687.0E-15
2.621E6,-516.7E-15,-541.2E-15,-656.4E-15,-687.3E-15
2.622E6,-516.9E-15,-541.4E-15,-656.6E-15,-687.6E-15
2.623E6,-517.1E-15,-541.6E-15,-656.9E-15,-687.8E-15
2.624E6,-517.3E-15,-541.8E-15,-657.1E-15,-688.1E-15
2.625E6,-517.5E-15,-542.1E-15,-657.4E-15,-688.3E-15
2.626E6,-517.7E-15,-542.3E-15,-657.6E-15,-688.6E-15
2.627E6,-517.9E-15,-542.5E-15,-657.9E-15,-688.9E-15
2.628E6,-518.1E-15,-542.7E-15,-658.1E-15,-689.1E-15
2.629E6,-518.3E-15,-542.9E-15,-658.4E-15,-689.4E-15
2.630E6,-518.5E-15,-543.1E-15,-658.6E-15,-689.7E-15
2.631E6,-518.7E-15,-543.3E-15,-658.9E-15,-689.9E-15
2.632E6,-518.9E-15,-543.5E-15,-659.2E-15,-690.2E-15
2.633E6,-519.1E-15,-543.7E-15,-659.4E-15,-690.4E-15
2.634E6,-519.3E-15,-543.9E-15,-659.7E-15,-690.7E-15
2.635E6,-519.5E-15,-544.1E-15,-659.9E-15,-691.0E-15
2.636E6,-519.7E-15,-544.3E-15,-660.2E-15,-691.2E-15
2.637E6,-519.9E-15,-544.5E-15,-660.4E-15,-691.5E-15
2.638E6,-520.1E-15,-544.7E-15,-660.7E-15,-691.8E-15
2.639E6,-520.3E-15,-544.9E-15,-660.9E-15,-692.0E-15
2.640E6,-520.5E-15,-545.2E-15,-661.2E-15,-692.3E-15
2.641E6,-520.7E-15,-545.4E-15,-661.4E-15,-692.5E-15
2.642E6,-520.9E-15,-545.6E-15,-661.7E-15,-692.8E-15
2.643E6,-521.1E-15,-545.8E-15,-661.9E-15,-693.1E-15
2.644E6,-521.2E-15,-546.0E-15,-662.2E-15,-693.3E-15
2.645E6,-521.4E-15,-546.2E-15,-662.4E-15,-693.6E-15
2.646E6,-521.6E-15,-546.4E-15,-662.7E-15,-693.8E-15
2.647E6,-521.8E-15,-546.6E-15,-662.9E-15,-694.1E-15
2.648E6,-522.0E-15,-546.8E-15,-663.2E-15,-694.4E-15
2.649E6,-522.2E-15,-547.0E-15,-663.4E-15,-694.6E-15
2.650E6,-522.4E-15,-547.2E-15,-663.7E-15,-694.9E-15
2.651E6,-522.6E-15,-547.4E-15,-663.9E-15,-695.2E-15
2.652E6,-522.8E-15,-547.6E-15,-664.2E-15,-695.4E-15
2.653E6,-523.0E-15,-547.8E-15,-664.4E-15,-695.7E-15
2.654E6,-523.2E-15,-548.0E-15,-664.7E-15,-695.9E-15
2.655E6,-523.4E-15,-548.2E-15,-664.9E-15,-696.2E-15
2.656E6,-523.6E-15,-548.5E-15,-665.2E-15,-696.5E-15
2.657E6,-523.8E-15,-548.7E-15,-665.4E-15,-696.7E-15
2.658E6,-524.0E-15,-548.9E-15,-665.7E-15,-697.0E-15
2.659E6,-524.2E-15,-549.1E-15,-665.9E-15,-697.3E-15
2.660E6,-524.4E-15,-549.3E-15,-666.2E-15,-697.5E-15
2.661E6,-524.6E-15,-549.5E-15,-666.4E-15,-697.8E-15
2.662E6,-524.8E-15,-549.7E-15,-666.7E-15,-698.0E-15
2.663E6,-525.0E-15,-549.9E-15,-666.9E-15,-698.3E-15
2.664E6,-525.2E-15,-550.1E-15,-667.2E-15,-698.6E-15
2.665E6,-525.4E-15,-550.3E-15,-667.4E-15,-698.8E-15
2.666E6,-525.6E-15,-550.5E-15,-667.7E-15,-699.1E-15
2.667E6,-525.8E-15,-550.7E-15,-667.9E-15,-699.4E-15
2.668E6,-526.0E-15,-550.9E-15,-668.2E-15,-699.6E-15
2.669E6,-526.2E-15,-551.1E-15,-668.4E-15,-699.9E-15
2.670E6,-526.4E-15,-551.3E-15,-668.7E-15,-700.1E-15
2.671E6,-526.6E-15,-551.6E-15,-668.9E-15,-700.4E-15
2.672E6,-526.8E-15,-551.8E-15,-669.2E-15,-700.7E-15
2.673E6,-527.0E-15,-552.0E-15,-669.4E-15,-700.9E-15
2.674E6,-527.2E-15,-552.2E-15,-669.7E-15,-701.2E-15
2.675E6,-527.4E-15,-552.4E-15,-669.9E-15,-701.5E-15
2.676E6,-527.6E-15,-552.6E-15,-670.2E-15,-701.7E-15
2.677E6,-527.8E-15,-552.8E-15,-670.4E-15,-702.0E-15
2.678E6,-528.0E-15,-553.0E-15,-670.7E-15,-702.2E-15
2.679E6,-528.1E-15,-553.2E-15,-670.9E-15,-702.5E-15
2.680E6,-528.3E-15,-553.4E-15,-671.2E-15,-702.8E-15
2.681E6,-528.5E-15,-553.6E-15,-671.4E-15,-703.0E-15
2.682E6,-528.7E-15,-553.8E-15,-671.7E-15,-703.3E-15
2.683E6,-528.9E-15,-554.0E-15,-671.9E-15,-703.6E-15
2.684E6,-529.1E-15,-554.2E-15,-672.2E-15,-703.8E-15
2.685E6,-529.3E-15,-554.4E-15,-672.4E-15,-704.1E-15
2.686E6,-529.5E-15,-554.6E-15,-672.7E-15,-704.3E-15
2.687E6,-529.7E-15,-554.9E-15,-672.9E-15,-704.6E-15
2.688E6,-529.9E-15,-555.1E-15,-673.2E-15,-704.9E-15
2.689E6,-530.1E-15,-555.3E-15,-673.4E-15,-705.1E-15
2.690E6,-530.3E-15,-555.5E-15,-673.7E-15,-705.4E-15
2.691E6,-530.5E-15,-555.7E-15,-673.9E-15,-705.6E-15
2.692E6,-530.7E-15,-555.9E-15,-674.2E-15,-705.9E-15
2.693E6,-530.9E-15,-556.1E-15,-674.4E-15,-706.2E-15
2.694E6,-531.1E-15,-556.3E-15,-674.7E-15,-706.4E-15
2.695E6,-531.3E-15,-556.5E-15,-674.9E-15,-706.7E-15
2.696E6,-531.5E-15,-556.7E-15,-675.2E-15,-707.0E-15
2.697E6,-531.7E-15,-556.9E-15,-675.4E-15,-707.2E-15
2.698E6,-531.9E-15,-557.1E-15,-675.7E-15,-707.5E-15
2.699E6,-532.1E-15,-557.3E-15,-675.9E-15,-707.7E-15
2.700E6,-532.3E-15,-557.5E-15,-676.2E-15,-708.0E-15
2.701E6,-532.5E-15,-557.7E-15,-676.4E-15,-708.3E-15
2.702E6,-532.7E-15,-558.0E-15,-676.7E-15,-708.5E-15
2.703E6,-532.9E-15,-558.2E-15,-676.9E-15,-708.8E-15
2.704E6,-533.1E-15,-558.4E-15,-677.2E-15,-709.1E-15
2.705E6,-533.3E-15,-558.6E-15,-677.4E-15,-709.3E-15
2.706E6,-533.5E-15,-558.8E-15,-677.7E-15,-709.6E-15
2.707E6,-533.7E-15,-559.0E-15,-677.9E-15,-709.8E-15
2.708E6,-533.9E-15,-559.2E-15,-678.2E-15,-710.1E-15
2.709E6,-534.1E-15,-559.4E-15,-678.4E-15,-710.4E-15
2.710E6,-534.3E-15,-559.6E-15,-678.7E-15,-710.6E-15
2.711E6,-534.5E-15,-559.8E-15,-678.9E-15,-710.9E-15
2.712E6,-534.7E-15,-560.0E-15,-679.2E-15,-711.2E-15
2.713E6,-534.9E-15,-560.2E-15,-679.4E-15,-711.4E-15
2.714E6,-535.0E-15,-560.4E-15,-679.7E-15,-711.7E-15
2.715E6,-535.2E-15,-560.6E-15,-679.9E-15,-711.9E-15
2.716E6,-535.4E-15,-560.8E-15,-680.2E-15,-712.2E-15
2.717E6,-535.6E-15,-561.1E-15,-680.4E-15,-712.5E-15
2.718E6,-535.8E-15,-561.3E-15,-680.7E-15,-712.7E-15
2.719E6,-536.0E-15,-561.5E-15,-680.9E-15,-713.0E-15
2.720E6,-536.2E-15,-561.7E-15,-681.2E-15,-713.3E-15
2.721E6,-536.4E-15,-561.9E-15,-681.4E-15,-713.5E-15
2.722E6,-536.6E-15,-562.1E-15,-681.7E-15,-713.8E-15
2.723E6,-536.8E-15,-562.3E-15,-681.9E-15,-714.0E-15
2.724E6,-537.0E-15,-562.5E-15,-682.2E-15,-714.3E-15
2.725E6,-537.2E-15,-562.7E-15,-682.4E-15,-714.6E-15
2.726E6,-537.4E-15,-562.9E-15,-682.7E-15,-714.8E-15
2.727E6,-537.6E-15,-563.1E-15,-682.9E-15,-715.1E-15
2.728E6,-537.8E-15,-563.3E-15,-683.2E-15,-715.4E-15
2.729E6,-538.0E-15,-563.5E-15,-683.4E-15,-715.6E-15
2.730E6,-538.2E-15,-563.7E-15,-683.7E-15,-715.9E-15
2.731E6,-538.4E-15,-563.9E-15,-683.9E-15,-716.1E-15
2.732E6,-538.6E-15,-564.1E-15,-684.2E-15,-716.4E-15
2.733E6,-538.8E-15,-564.4E-15,-684.4E-15,-716.7E-15
2.734E6,-539.0E-15,-564.6E-15,-684.7E-15,-716.9E-15
2.735E6,-539.2E-15,-564.8E-15,-684.9E-15,-717.2E-15
2.736E6,-539.4E-15,-565.0E-15,-685.2E-15,-717.4E-15
2.737E6,-539.6E-15,-565.2E-15,-685.4E-15,-717.7E-15
2.738E6,-539.8E-15,-565.4E-15,-685.7E-15,-718.0E-15
2.739E6,-540.0E-15,-565.6E-15,-685.9E-15,-718.2E-15
2.740E6,-540.2E-15,-565.8E-15,-686.2E-15,-718.5E-15
2.741E6,-540.4E-15,-566.0E-15,-686.4E-15,-718.8E-15
2.742E6,-540.6E-15,-566.2E-15,-686.7E-15,-719.0E-15
2.743E6,-540.8E-15,-566.4E-15,-686.9E-15,-719.3E-15
2.744E6,-541.0E-15,-566.6E-15,-687.2E-15,-719.5E-15
2.745E6,-541.2E-15,-566.8E-15,-687.4E-15,-719.8E-15
2.746E6,-541.4E-15,-567.0E-15,-687.7E-15,-720.1E-15
2.747E6,-541.6E-15,-567.2E-15,-687.9E-15,-720.3E-15
2.748E6,-541.8E-15,-567.5E-15,-688.2E-15,-720.6E-15
2.749E6,-541.9E-15,-567.7E-15,-688.5E-15,-720.9E-15
2.750E6,-542.1E-15,-567.9E-15,-688.7E-15,-721.1E-15
2.751E6,-542.3E-15,-568.1E-15,-689.0E-15,-721.4E-15
2.752E6,-542.5E-15,-568.3E-15,-689.2E-15,-721.6E-15
2.753E6,-542.7E-15,-568.5E-15,-689.5E-15,-721.9E-15
2.754E6,-542.9E-15,-568.7E-15,-689.7E-15,-722.2E-15
2.755E6,-543.1E-15,-568.9E-15,-690.0E-15,-722.4E-15
2.756E6,-543.3E-15,-569.1E-15,-690.2E-15,-722.7E-15
2.757E6,-543.5E-15,-569.3E-15,-690.5E-15,-723.0E-15
2.758E6,-543.7E-15,-569.5E-15,-690.7E-15,-723.2E-15
2.759E6,-543.9E-15,-569.7E-15,-691.0E-15,-723.5E-15
2.760E6,-544.1E-15,-569.9E-15,-691.2E-15,-723.7E-15
2.761E6,-544.3E-15,-570.1E-15,-691.5E-15,-724.0E-15
2.762E6,-544.5E-15,-570.3E-15,-691.7E-15,-724.3E-15
2.763E6,-544.7E-15,-570.5E-15,-692.0E-15,-724.5E-15
2.764E6,-544.9E-15,-570.8E-15,-692.2E-15,-724.8E-15
2.765E6,-545.1E-15,-571.0E-15,-692.5E-15,-725.1E-15
2.766E6,-545.3E-15,-571.2E-15,-692.7E-15,-725.3E-15
2.767E6,-545.5E-15,-571.4E-15,-693.0E-15,-725.6E-15
2.768E6,-545.7E-15,-571.6E-15,-693.2E-15,-725.8E-15
2.769E6,-545.9E-15,-571.8E-15,-693.5E-15,-726.1E-15
2.770E6,-546.1E-15,-572.0E-15,-693.7E-15,-726.4E-15
2.771E6,-546.3E-15,-572.2E-15,-694.0E-15,-726.6E-15
2.772E6,-546.5E-15,-572.4E-15,-694.2E-15,-726.9E-15
2.773E6,-546.7E-15,-572.6E-15,-694.5E-15,-727.2E-15
2.774E6,-546.9E-15,-572.8E-15,-694.7E-15,-727.4E-15
2.775E6,-547.1E-15,-573.0E-15,-695.0E-15,-727.7E-15
2.776E6,-547.3E-15,-573.2E-15,-695.2E-15,-727.9E-15
2.777E6,-547.5E-15,-573.4E-15,-695.5E-15,-728.2E-15
2.778E6,-547.7E-15,-573.6E-15,-695.7E-15,-728.5E-15
2.779E6,-547.9E-15,-573.9E-15,-696.0E-15,-728.7E-15
2.780E6,-548.1E-15,-574.1E-15,-696.2E-15,-729.0E-15
2.781E6,-548.3E-15,-574.3E-15,-696.5E-15,-729.2E-15
2.782E6,-548.5E-15,-574.5E-15,-696.7E-15,-729.5E-15
2.783E6,-548.6E-15,-574.7E-15,-697.0E-15,-729.8E-15
2.784E6,-548.8E-15,-574.9E-15,-697.2E-15,-730.0E-15
2.785E6,-549.0E-15,-575.1E-15,-697.5E-15,-730.3E-15
2.786E6,-549.2E-15,-575.3E-15,-697.7E-15,-730.6E-15
2.787E6,-549.4E-15,-575.5E-15,-698.0E-15,-730.8E-15
2.788E6,-549.6E-15,-575.7E-15,-698.2E-15,-731.1E-15
2.789E6,-549.8E-15,-575.9E-15,-698.5E-15,-731.3E-15
2.790E6,-550.0E-15,-576.1E-15,-698.7E-15,-731.6E-15
2.791E6,-550.2E-15,-576.3E-15,-699.0E-15,-731.9E-15
2.792E6,-550.4E-15,-576.5E-15,-699.2E-15,-732.1E-15
2.793E6,-550.6E-15,-576.7E-15,-699.5E-15,-732.4E-15
2.794E6,-550.8E-15,-577.0E-15,-699.7E-15,-732.7E-15
2.795E6,-551.0E-15,-577.2E-15,-700.0E-15,-732.9E-15
2.796E6,-551.2E-15,-577.4E-15,-700.2E-15,-733.2E-15
2.797E6,-551.4E-15,-577.6E-15,-700.5E-15,-733.4E-15
2.798E6,-551.6E-15,-577.8E-15,-700.7E-15,-733.7E-15
2.799E6,-551.8E-15,-578.0E-15,-701.0E-15,-734.0E-15
2.800E6,-552.0E-15,-578.2E-15,-701.2E-15,-734.2E-15
2.801E6,-552.2E-15,-578.4E-15,-701.5E-15,-734.5E-15
2.802E6,-552.4E-15,-578.6E-15,-701.7E-15,-734.8E-15
2.803E6,-552.6E-15,-578.8E-15,-702.0E-15,-735.0E-15
2.804E6,-552.8E-15,-579.0E-15,-702.2E-15,-735.3E-15
2.805E6,-553.0E-15,-579.2E-15,-702.5E-15,-735.5E-15
2.806E6,-553.2E-15,-579.4E-15,-702.7E-15,-735.8E-15
2.807E6,-553.4E-15,-579.6E-15,-703.0E-15,-736.1E-15
2.808E6,-553.6E-15,-579.8E-15,-703.2E-15,-736.3E-15
2.809E6,-553.8E-15,-580.0E-15,-703.5E-15,-736.6E-15
2.810E6,-554.0E-15,-580.3E-15,-703.7E-15,-736.9E-15
2.811E6,-554.2E-15,-580.5E-15,-704.0E-15,-737.1E-15
2.812E6,-554.4E-15,-580.7E-15,-704.2E-15,-737.4E-15
2.813E6,-554.6E-15,-580.9E-15,-704.5E-15,-737.6E-15
2.814E6,-554.8E-15,-581.1E-15,-704.7E-15,-737.9E-15
2.815E6,-555.0E-15,-581.3E-15,-705.0E-15,-738.2E-15
2.816E6,-555.2E-15,-581.5E-15,-705.2E-15,-738.4E-15
2.817E6,-555.4E-15,-581.7E-15,-705.5E-15,-738.7E-15
2.818E6,-555.5E-15,-581.9E-15,-705.7E-15,-739.0E-15
2.819E6,-555.7E-15,-582.1E-15,-706.0E-15,-739.2E-15
2.820E6,-555.9E-15,-582.3E-15,-706.2E-15,-739.5E-15
2.821E6,-556.1E-15,-582.5E-15,-706.5E-15,-739.7E-15
2.822E6,-556.3E-15,-582.7E-15,-706.7E-15,-740.0E-15
2.823E6,-556.5E-15,-582.9E-15,-707.0E-15,-740.3E-15
2.824E6,-556.7E-15,-583.1E-15,-707.2E-15,-740.5E-15
2.825E6,-556.9E-15,-583.4E-15,-707.5E-15,-740.8E-15
2.826E6,-557.1E-15,-583.6E-15,-707.7E-15,-741.0E-15
2.827E6,-557.3E-15,-583.8E-15,-708.0E-15,-741.3E-15
2.828E6,-557.5E-15,-584.0E-15,-708.2E-15,-741.6E-15
2.829E6,-557.7E-15,-584.2E-15,-708.5E-15,-741.8E-15
2.830E6,-557.9E-15,-584.4E-15,-708.7E-15,-742.1E-15
2.831E6,-558.1E-15,-584.6E-15,-709.0E-15,-742.4E-15
2.832E6,-558.3E-15,-584.8E-15,-709.2E-15,-742.6E-15
2.833E6,-558.5E-15,-585.0E-15,-709.5E-15,-742.9E-15
2.834E6,-558.7E-15,-585.2E-15,-709.7E-15,-743.1E-15
2.835E6,-558.9E-15,-585.4E-15,-710.0E-15,-743.4E-15
2.836E6,-559.1E-15,-585.6E-15,-710.2E-15,-743.7E-15
2.837E6,-559.3E-15,-585.8E-15,-710.5E-15,-743.9E-15
2.838E6,-559.5E-15,-586.0E-15,-710.7E-15,-744.2E-15
2.839E6,-559.7E-15,-586.2E-15,-711.0E-15,-744.5E-15
2.840E6,-559.9E-15,-586.4E-15,-711.2E-15,-744.7E-15
2.841E6,-560.1E-15,-586.7E-15,-711.5E-15,-745.0E-15
2.842E6,-560.3E-15,-586.9E-15,-711.7E-15,-745.2E-15
2.843E6,-560.5E-15,-587.1E-15,-712.0E-15,-745.5E-15
2.844E6,-560.7E-15,-587.3E-15,-712.2E-15,-745.8E-15
2.845E6,-560.9E-15,-587.5E-15,-712.5E-15,-746.0E-15
2.846E6,-561.1E-15,-587.7E-15,-712.7E-15,-746.3E-15
2.847E6,-561.3E-15,-587.9E-15,-713.0E-15,-746.6E-15
2.848E6,-561.5E-15,-588.1E-15,-713.2E-15,-746.8E-15
2.849E6,-561.7E-15,-588.3E-15,-713.5E-15,-747.1E-15
2.850E6,-561.9E-15,-588.5E-15,-713.7E-15,-747.3E-15
2.851E6,-562.1E-15,-588.7E-15,-714.0E-15,-747.6E-15
2.852E6,-562.3E-15,-588.9E-15,-714.2E-15,-747.9E-15
2.853E6,-562.4E-15,-589.1E-15,-714.5E-15,-748.1E-15
2.854E6,-562.6E-15,-589.3E-15,-714.7E-15,-748.4E-15
2.855E6,-562.8E-15,-589.5E-15,-715.0E-15,-748.7E-15
2.856E6,-563.0E-15,-589.8E-15,-715.2E-15,-748.9E-15
2.857E6,-563.2E-15,-590.0E-15,-715.5E-15,-749.2E-15
2.858E6,-563.4E-15,-590.2E-15,-715.7E-15,-749.4E-15
2.859E6,-563.6E-15,-590.4E-15,-716.0E-15,-749.7E-15
2.860E6,-563.8E-15,-590.6E-15,-716.2E-15,-750.0E-15
2.861E6,-564.0E-15,-590.8E-15,-716.5E-15,-750.2E-15
2.862E6,-564.2E-15,-591.0E-15,-716.7E-15,-750.5E-15
2.863E6,-564.4E-15,-591.2E-15,-717.0E-15,-750.8E-15
2.864E6,-564.6E-15,-591.4E-15,-717.3E-15,-751.0E-15
2.865E6,-564.8E-15,-591.6E-15,-717.5E-15,-751.3E-15
2.866E6,-565.0E-15,-591.8E-15,-717.8E-15,-751.5E-15
2.867E6,-565.2E-15,-592.0E-15,-718.0E-15,-751.8E-15
2.868E6,-565.4E-15,-592.2E-15,-718.3E-15,-752.1E-15
2.869E6,-565.6E-15,-592.4E-15,-718.5E-15,-752.3E-15
2.870E6,-565.8E-15,-592.6E-15,-718.8E-15,-752.6E-15
2.871E6,-566.0E-15,-592.9E-15,-719.0E-15,-752.8E-15
2.872E6,-566.2E-15,-593.1E-15,-719.3E-15,-753.1E-15
2.873E6,-566.4E-15,-593.3E-15,-719.5E-15,-753.4E-15
2.874E6,-566.6E-15,-593.5E-15,-719.8E-15,-753.6E-15
2.875E6,-566.8E-15,-593.7E-15,-720.0E-15,-753.9E-15
2.876E6,-567.0E-15,-593.9E-15,-720.3E-15,-754.2E-15
2.877E6,-567.2E-15,-594.1E-15,-720.5E-15,-754.4E-15
2.878E6,-567.4E-15,-594.3E-15,-720.8E-15,-754.7E-15
2.879E6,-567.6E-15,-594.5E-15,-721.0E-15,-754.9E-15
2.880E6,-567.8E-15,-594.7E-15,-721.3E-15,-755.2E-15
2.881E6,-568.0E-15,-594.9E-15,-721.5E-15,-755.5E-15
2.882E6,-568.2E-15,-595.1E-15,-721.8E-15,-755.7E-15
2.883E6,-568.4E-15,-595.3E-15,-722.0E-15,-756.0E-15
2.884E6,-568.6E-15,-595.5E-15,-722.3E-15,-756.3E-15
2.885E6,-568.8E-15,-595.7E-15,-722.5E-15,-756.5E-15
2.886E6,-569.0E-15,-595.9E-15,-722.8E-15,-756.8E-15
2.887E6,-569.2E-15,-596.2E-15,-723.0E-15,-757.0E-15
2.888E6,-569.3E-15,-596.4E-15,-723.3E-15,-757.3E-15
2.889E6,-569.5E-15,-596.6E-15,-723.5E-15,-757.6E-15
2.890E6,-569.7E-15,-596.8E-15,-723.8E-15,-757.8E-15
2.891E6,-569.9E-15,-597.0E-15,-724.0E-15,-758.1E-15
2.892E6,-570.1E-15,-597.2E-15,-724.3E-15,-758.4E-15
2.893E6,-570.3E-15,-597.4E-15,-724.5E-15,-758.6E-15
2.894E6,-570.5E-15,-597.6E-15,-724.8E-15,-758.9E-15
2.895E6,-570.7E-15,-597.8E-15,-725.0E-15,-759.1E-15
2.896E6,-570.9E-15,-598.0E-15,-725.3E-15,-759.4E-15
2.897E6,-571.1E-15,-598.2E-15,-725.5E-15,-759.7E-15
2.898E6,-571.3E-15,-598.4E-15,-725.8E-15,-759.9E-15
2.899E6,-571.5E-15,-598.6E-15,-726.0E-15,-760.2E-15
2.900E6,-571.7E-15,-598.8E-15,-726.3E-15,-760.5E-15
2.901E6,-571.9E-15,-599.0E-15,-726.5E-15,-760.7E-15
2.902E6,-572.1E-15,-599.3E-15,-726.8E-15,-761.0E-15
2.903E6,-572.3E-15,-599.5E-15,-727.0E-15,-761.2E-15
2.904E6,-572.5E-15,-599.7E-15,-727.3E-15,-761.5E-15
2.905E6,-572.7E-15,-599.9E-15,-727.5E-15,-761.8E-15
2.906E6,-572.9E-15,-600.1E-15,-727.8E-15,-762.0E-15
2.907E6,-573.1E-15,-600.3E-15,-728.0E-15,-762.3E-15
2.908E6,-573.3E-15,-600.5E-15,-728.3E-15,-762.6E-15
2.909E6,-573.5E-15,-600.7E-15,-728.5E-15,-762.8E-15
2.910E6,-573.7E-15,-600.9E-15,-728.8E-15,-763.1E-15
2.911E6,-573.9E-15,-601.1E-15,-729.0E-15,-763.3E-15
2.912E6,-574.1E-15,-601.3E-15,-729.3E-15,-763.6E-15
2.913E6,-574.3E-15,-601.5E-15,-729.5E-15,-763.9E-15
2.914E6,-574.5E-15,-601.7E-15,-729.8E-15,-764.1E-15
2.915E6,-574.7E-15,-601.9E-15,-730.0E-15,-764.4E-15
2.916E6,-574.9E-15,-602.1E-15,-730.3E-15,-764.6E-15
2.917E6,-575.1E-15,-602.3E-15,-730.5E-15,-764.9E-15
2.918E6,-575.3E-15,-602.6E-15,-730.8E-15,-765.2E-15
2.919E6,-575.5E-15,-602.8E-15,-731.0E-15,-765.4E-15
2.920E6,-575.7E-15,-603.0E-15,-731.3E-15,-765.7E-15
2.921E6,-575.9E-15,-603.2E-15,-731.5E-15,-766.0E-15
2.922E6,-576.1E-15,-603.4E-15,-731.8E-15,-766.2E-15
2.923E6,-576.2E-15,-603.6E-15,-732.0E-15,-766.5E-15
2.924E6,-576.4E-15,-603.8E-15,-732.3E-15,-766.7E-15
2.925E6,-576.6E-15,-604.0E-15,-732.5E-15,-767.0E-15
2.926E6,-576.8E-15,-604.2E-15,-732.8E-15,-767.3E-15
2.927E6,-577.0E-15,-604.4E-15,-733.0E-15,-767.5E-15
2.928E6,-577.2E-15,-604.6E-15,-733.3E-15,-767.8E-15
2.929E6,-577.4E-15,-604.8E-15,-733.5E-15,-768.1E-15
2.930E6,-577.6E-15,-605.0E-15,-733.8E-15,-768.3E-15
2.931E6,-577.8E-15,-605.2E-15,-734.0E-15,-768.6E-15
2.932E6,-578.0E-15,-605.4E-15,-734.3E-15,-768.8E-15
2.933E6,-578.2E-15,-605.7E-15,-734.5E-15,-769.1E-15
2.934E6,-578.4E-15,-605.9E-15,-734.8E-15,-769.4E-15
2.935E6,-578.6E-15,-606.1E-15,-735.0E-15,-769.6E-15
2.936E6,-578.8E-15,-606.3E-15,-735.3E-15,-769.9E-15
2.937E6,-579.0E-15,-606.5E-15,-735.5E-15,-770.2E-15
2.938E6,-579.2E-15,-606.7E-15,-735.8E-15,-770.4E-15
2.939E6,-579.4E-15,-606.9E-15,-736.0E-15,-770.7E-15
2.940E6,-579.6E-15,-607.1E-15,-736.3E-15,-770.9E-15
2.941E6,-579.8E-15,-607.3E-15,-736.5E-15,-771.2E-15
2.942E6,-580.0E-15,-607.5E-15,-736.8E-15,-771.5E-15
2.943E6,-580.2E-15,-607.7E-15,-737.0E-15,-771.7E-15
2.944E6,-580.4E-15,-607.9E-15,-737.3E-15,-772.0E-15
2.945E6,-580.6E-15,-608.1E-15,-737.5E-15,-772.3E-15
2.946E6,-580.8E-15,-608.3E-15,-737.8E-15,-772.5E-15
2.947E6,-581.0E-15,-608.5E-15,-738.0E-15,-772.8E-15
2.948E6,-581.2E-15,-608.8E-15,-738.3E-15,-773.0E-15
2.949E6,-581.4E-15,-609.0E-15,-738.5E-15,-773.3E-15
2.950E6,-581.6E-15,-609.2E-15,-738.8E-15,-773.6E-15
2.951E6,-581.8E-15,-609.4E-15,-739.0E-15,-773.8E-15
2.952E6,-582.0E-15,-609.6E-15,-739.3E-15,-774.1E-15
2.953E6,-582.2E-15,-609.8E-15,-739.5E-15,-774.4E-15
2.954E6,-582.4E-15,-610.0E-15,-739.8E-15,-774.6E-15
2.955E6,-582.6E-15,-610.2E-15,-740.0E-15,-774.9E-15
2.956E6,-582.8E-15,-610.4E-15,-740.3E-15,-775.1E-15
2.957E6,-583.0E-15,-610.6E-15,-740.5E-15,-775.4E-15
2.958E6,-583.1E-15,-610.8E-15,-740.8E-15,-775.7E-15
2.959E6,-583.3E-15,-611.0E-15,-741.0E-15,-775.9E-15
2.960E6,-583.5E-15,-611.2E-15,-741.3E-15,-776.2E-15
2.961E6,-583.7E-15,-611.4E-15,-741.5E-15,-776.4E-15
2.962E6,-583.9E-15,-611.6E-15,-741.8E-15,-776.7E-15
2.963E6,-584.1E-15,-611.8E-15,-742.0E-15,-777.0E-15
2.964E6,-584.3E-15,-612.1E-15,-742.3E-15,-777.2E-15
2.965E6,-584.5E-15,-612.3E-15,-742.5E-15,-777.5E-15
2.966E6,-584.7E-15,-612.5E-15,-742.8E-15,-777.8E-15
2.967E6,-584.9E-15,-612.7E-15,-743.0E-15,-778.0E-15
2.968E6,-585.1E-15,-612.9E-15,-743.3E-15,-778.3E-15
2.969E6,-585.3E-15,-613.1E-15,-743.5E-15,-778.5E-15
2.970E6,-585.5E-15,-613.3E-15,-743.8E-15,-778.8E-15
2.971E6,-585.7E-15,-613.5E-15,-744.0E-15,-779.1E-15
2.972E6,-585.9E-15,-613.7E-15,-744.3E-15,-779.3E-15
2.973E6,-586.1E-15,-613.9E-15,-744.5E-15,-779.6E-15
2.974E6,-586.3E-15,-614.1E-15,-744.8E-15,-779.9E-15
2.975E6,-586.5E-15,-614.3E-15,-745.0E-15,-780.1E-15
2.976E6,-586.7E-15,-614.5E-15,-745.3E-15,-780.4E-15
2.977E6,-586.9E-15,-614.7E-15,-745.5E-15,-780.6E-15
2.978E6,-587.1E-15,-614.9E-15,-745.8E-15,-780.9E-15
2.979E6,-587.3E-15,-615.2E-15,-746.0E-15,-781.2E-15
2.980E6,-587.5E-15,-615.4E-15,-746.3E-15,-781.4E-15
2.981E6,-587.7E-15,-615.6E-15,-746.6E-15,-781.7E-15
2.982E6,-587.9E-15,-615.8E-15,-746.8E-15,-782.0E-15
2.983E6,-588.1E-15,-616.0E-15,-747.1E-15,-782.2E-15
2.984E6,-588.3E-15,-616.2E-15,-747.3E-15,-782.5E-15
2.985E6,-588.5E-15,-616.4E-15,-747.6E-15,-782.7E-15
2.986E6,-588.7E-15,-616.6E-15,-747.8E-15,-783.0E-15
2.987E6,-588.9E-15,-616.8E-15,-748.1E-15,-783.3E-15
2.988E6,-589.1E-15,-617.0E-15,-748.3E-15,-783.5E-15
2.989E6,-589.3E-15,-617.2E-15,-748.6E-15,-783.8E-15
2.990E6,-589.5E-15,-617.4E-15,-748.8E-15,-784.1E-15
2.991E6,-589.7E-15,-617.6E-15,-749.1E-15,-784.3E-15
2.992E6,-589.9E-15,-617.8E-15,-749.3E-15,-784.6E-15
2.993E6,-590.0E-15,-618.0E-15,-749.6E-15,-784.8E-15
2.994E6,-590.2E-15,-618.2E-15,-749.8E-15,-785.1E-15
2.995E6,-590.4E-15,-618.5E-15,-750.1E-15,-785.4E-15
2.996E6,-590.6E-15,-618.7E-15,-750.3E-15,-785.6E-15
2.997E6,-590.8E-15,-618.9E-15,-750.6E-15,-785.9E-15
2.998E6,-591.0E-15,-619.1E-15,-750.8E-15,-786.1E-15
2.999E6,-591.2E-15,-619.3E-15,-751.1E-15,-786.4E-15
3.000E6,-591.4E-15,-619.5E-15,-751.3E-15,-786.7E-15
3.001E6,-591.6E-15,-619.7E-15,-751.6E-15,-786.9E-15
3.002E6,-591.8E-15,-619.9E-15,-751.8E-15,-787.2E-15
3.003E6,-592.0E-15,-620.1E-15,-752.1E-15,-787.5E-15
3.004E6,-592.2E-15,-620.3E-15,-752.3E-15,-787.7E-15
3.005E6,-592.4E-15,-620.5E-15,-752.6E-15,-788.0E-15
3.006E6,-592.6E-15,-620.7E-15,-752.8E-15,-788.2E-15
3.007E6,-592.8E-15,-620.9E-15,-753.1E-15,-788.5E-15
3.008E6,-593.0E-15,-621.1E-15,-753.3E-15,-788.8E-15
3.009E6,-593.2E-15,-621.3E-15,-753.6E-15,-789.0E-15
3.010E6,-593.4E-15,-621.6E-15,-753.8E-15,-789.3E-15
3.011E6,-593.6E-15,-621.8E-15,-754.1E-15,-789.6E-15
3.012E6,-593.8E-15,-622.0E-15,-754.3E-15,-789.8E-15
3.013E6,-594.0E-15,-622.2E-15,-754.6E-15,-790.1E-15
3.014E6,-594.2E-15,-622.4E-15,-754.8E-15,-790.3E-15
3.015E6,-594.4E-15,-622.6E-15,-755.1E-15,-790.6E-15
3.016E6,-594.6E-15,-622.8E-15,-755.3E-15,-790.9E-15
3.017E6,-594.8E-15,-623.0E-15,-755.6E-15,-791.1E-15
3.018E6,-595.0E-15,-623.2E-15,-755.8E-15,-791.4E-15
3.019E6,-595.2E-15,-623.4E-15,-756.1E-15,-791.7E-15
3.020E6,-595.4E-15,-623.6E-15,-756.3E-15,-791.9E-15
3.021E6,-595.6E-15,-623.8E-15,-756.6E-15,-792.2E-15
3.022E6,-595.8E-15,-624.0E-15,-756.8E-15,-792.4E-15
3.023E6,-596.0E-15,-624.2E-15,-757.1E-15,-792.7E-15
3.024E6,-596.2E-15,-624.4E-15,-757.3E-15,-793.0E-15
3.025E6,-596.4E-15,-624.6E-15,-757.6E-15,-793.2E-15
3.026E6,-596.6E-15,-624.9E-15,-757.8E-15,-793.5E-15
3.027E6,-596.8E-15,-625.1E-15,-758.1E-15,-793.8E-15
3.028E6,-596.9E-15,-625.3E-15,-758.3E-15,-794.0E-15
3.029E6,-597.1E-15,-625.5E-15,-758.6E-15,-794.3E-15
3.030E6,-597.3E-15,-625.7E-15,-758.8E-15,-794.5E-15
3.031E6,-597.5E-15,-625.9E-15,-759.1E-15,-794.8E-15
3.032E6,-597.7E-15,-626.1E-15,-759.3E-15,-795.1E-15
3.033E6,-597.9E-15,-626.3E-15,-759.6E-15,-795.3E-15
3.034E6,-598.1E-15,-626.5E-15,-759.8E-15,-795.6E-15
3.035E6,-598.3E-15,-626.7E-15,-760.1E-15,-795.9E-15
3.036E6,-598.5E-15,-626.9E-15,-760.3E-15,-796.1E-15
3.037E6,-598.7E-15,-627.1E-15,-760.6E-15,-796.4E-15
3.038E6,-598.9E-15,-627.3E-15,-760.8E-15,-796.6E-15
3.039E6,-599.1E-15,-627.5E-15,-761.1E-15,-796.9E-15
3.040E6,-599.3E-15,-627.7E-15,-761.3E-15,-797.2E-15
3.041E6,-599.5E-15,-628.0E-15,-761.6E-15,-797.4E-15
3.042E6,-599.7E-15,-628.2E-15,-761.8E-15,-797.7E-15
3.043E6,-599.9E-15,-628.4E-15,-762.1E-15,-797.9E-15
3.044E6,-600.1E-15,-628.6E-15,-762.3E-15,-798.2E-15
3.045E6,-600.3E-15,-628.8E-15,-762.6E-15,-798.5E-15
3.046E6,-600.5E-15,-629.0E-15,-762.8E-15,-798.7E-15
3.047E6,-600.7E-15,-629.2E-15,-763.1E-15,-799.0E-15
3.048E6,-600.9E-15,-629.4E-15,-763.3E-15,-799.3E-15
3.049E6,-601.1E-15,-629.6E-15,-763.6E-15,-799.5E-15
3.050E6,-601.3E-15,-629.8E-15,-763.8E-15,-799.8E-15
3.051E6,-601.5E-15,-630.0E-15,-764.1E-15,-800.0E-15
3.052E6,-601.7E-15,-630.2E-15,-764.3E-15,-800.3E-15
3.053E6,-601.9E-15,-630.4E-15,-764.6E-15,-800.6E-15
3.054E6,-602.1E-15,-630.6E-15,-764.8E-15,-800.8E-15
3.055E6,-602.3E-15,-630.8E-15,-765.1E-15,-801.1E-15
3.056E6,-602.5E-15,-631.1E-15,-765.3E-15,-801.4E-15
3.057E6,-602.7E-15,-631.3E-15,-765.6E-15,-801.6E-15
3.058E6,-602.9E-15,-631.5E-15,-765.8E-15,-801.9E-15
3.059E6,-603.1E-15,-631.7E-15,-766.1E-15,-802.1E-15
3.060E6,-603.3E-15,-631.9E-15,-766.3E-15,-802.4E-15
3.061E6,-603.5E-15,-632.1E-15,-766.6E-15,-802.7E-15
3.062E6,-603.7E-15,-632.3E-15,-766.8E-15,-802.9E-15
3.063E6,-603.8E-15,-632.5E-15,-767.1E-15,-803.2E-15
3.064E6,-604.0E-15,-632.7E-15,-767.3E-15,-803.5E-15
3.065E6,-604.2E-15,-632.9E-15,-767.6E-15,-803.7E-15
3.066E6,-604.4E-15,-633.1E-15,-767.8E-15,-804.0E-15
3.067E6,-604.6E-15,-633.3E-15,-768.1E-15,-804.2E-15
3.068E6,-604.8E-15,-633.5E-15,-768.3E-15,-804.5E-15
3.069E6,-605.0E-15,-633.7E-15,-768.6E-15,-804.8E-15
3.070E6,-605.2E-15,-633.9E-15,-768.8E-15,-805.0E-15
3.071E6,-605.4E-15,-634.1E-15,-769.1E-15,-805.3E-15
3.072E6,-605.6E-15,-634.4E-15,-769.3E-15,-805.6E-15
3.073E6,-605.8E-15,-634.6E-15,-769.6E-15,-805.8E-15
3.074E6,-606.0E-15,-634.8E-15,-769.8E-15,-806.1E-15
3.075E6,-606.2E-15,-635.0E-15,-770.1E-15,-806.3E-15
3.076E6,-606.4E-15,-635.2E-15,-770.3E-15,-806.6E-15
3.077E6,-606.6E-15,-635.4E-15,-770.6E-15,-806.9E-15
3.078E6,-606.8E-15,-635.6E-15,-770.8E-15,-807.1E-15
3.079E6,-607.0E-15,-635.8E-15,-771.1E-15,-807.4E-15
3.080E6,-607.2E-15,-636.0E-15,-771.3E-15,-807.7E-15
3.081E6,-607.4E-15,-636.2E-15,-771.6E-15,-807.9E-15
3.082E6,-607.6E-15,-636.4E-15,-771.8E-15,-808.2E-15
3.083E6,-607.8E-15,-636.6E-15,-772.1E-15,-808.4E-15
3.084E6,-608.0E-15,-636.8E-15,-772.3E-15,-808.7E-15
3.085E6,-608.2E-15,-637.0E-15,-772.6E-15,-809.0E-15
3.086E6,-608.4E-15,-637.2E-15,-772.8E-15,-809.2E-15
3.087E6,-608.6E-15,-637.5E-15,-773.1E-15,-809.5E-15
3.088E6,-608.8E-15,-637.7E-15,-773.3E-15,-809.7E-15
3.089E6,-609.0E-15,-637.9E-15,-773.6E-15,-810.0E-15
3.090E6,-609.2E-15,-638.1E-15,-773.8E-15,-810.3E-15
3.091E6,-609.4E-15,-638.3E-15,-774.1E-15,-810.5E-15
3.092E6,-609.6E-15,-638.5E-15,-774.3E-15,-810.8E-15
3.093E6,-609.8E-15,-638.7E-15,-774.6E-15,-811.1E-15
3.094E6,-610.0E-15,-638.9E-15,-774.8E-15,-811.3E-15
3.095E6,-610.2E-15,-639.1E-15,-775.1E-15,-811.6E-15
3.096E6,-610.4E-15,-639.3E-15,-775.3E-15,-811.8E-15
3.097E6,-610.6E-15,-639.5E-15,-775.6E-15,-812.1E-15
3.098E6,-610.7E-15,-639.7E-15,-775.9E-15,-812.4E-15
3.099E6,-610.9E-15,-639.9E-15,-776.1E-15,-812.6E-15
3.100E6,-611.1E-15,-640.1E-15,-776.4E-15,-812.9E-15
3.101E6,-611.3E-15,-640.3E-15,-776.6E-15,-813.2E-15
3.102E6,-611.5E-15,-640.5E-15,-776.9E-15,-813.4E-15
3.103E6,-611.7E-15,-640.8E-15,-777.1E-15,-813.7E-15
3.104E6,-611.9E-15,-641.0E-15,-777.4E-15,-813.9E-15
3.105E6,-612.1E-15,-641.2E-15,-777.6E-15,-814.2E-15
3.106E6,-612.3E-15,-641.4E-15,-777.9E-15,-814.5E-15
3.107E6,-612.5E-15,-641.6E-15,-778.1E-15,-814.7E-15
3.108E6,-612.7E-15,-641.8E-15,-778.4E-15,-815.0E-15
3.109E6,-612.9E-15,-642.0E-15,-778.6E-15,-815.3E-15
3.110E6,-613.1E-15,-642.2E-15,-778.9E-15,-815.5E-15
3.111E6,-613.3E-15,-642.4E-15,-779.1E-15,-815.8E-15
3.112E6,-613.5E-15,-642.6E-15,-779.4E-15,-816.0E-15
3.113E6,-613.7E-15,-642.8E-15,-779.6E-15,-816.3E-15
3.114E6,-613.9E-15,-643.0E-15,-779.9E-15,-816.6E-15
3.115E6,-614.1E-15,-643.2E-15,-780.1E-15,-816.8E-15
3.116E6,-614.3E-15,-643.4E-15,-780.4E-15,-817.1E-15
3.117E6,-614.5E-15,-643.6E-15,-780.6E-15,-817.4E-15
3.118E6,-614.7E-15,-643.9E-15,-780.9E-15,-817.6E-15
3.119E6,-614.9E-15,-644.1E-15,-781.1E-15,-817.9E-15
3.120E6,-615.1E-15,-644.3E-15,-781.4E-15,-818.1E-15
3.121E6,-615.3E-15,-644.5E-15,-781.6E-15,-818.4E-15
3.122E6,-615.5E-15,-644.7E-15,-781.9E-15,-818.7E-15
3.123E6,-615.7E-15,-644.9E-15,-782.1E-15,-818.9E-15
3.124E6,-615.9E-15,-645.1E-15,-782.4E-15,-819.2E-15
3.125E6,-616.1E-15,-645.3E-15,-782.6E-15,-819.5E-15
3.126E6,-616.3E-15,-645.5E-15,-782.9E-15,-819.7E-15
3.127E6,-616.5E-15,-645.7E-15,-783.1E-15,-820.0E-15
3.128E6,-616.7E-15,-645.9E-15,-783.4E-15,-820.2E-15
3.129E6,-616.9E-15,-646.1E-15,-783.6E-15,-820.5E-15
3.130E6,-617.1E-15,-646.3E-15,-783.9E-15,-820.8E-15
3.131E6,-617.3E-15,-646.5E-15,-784.1E-15,-821.0E-15
3.132E6,-617.5E-15,-646.7E-15,-784.4E-15,-821.3E-15
3.133E6,-617.6E-15,-647.0E-15,-784.6E-15,-821.5E-15
3.134E6,-617.8E-15,-647.2E-15,-784.9E-15,-821.8E-15
3.135E6,-618.0E-15,-647.4E-15,-785.1E-15,-822.1E-15
3.136E6,-618.2E-15,-647.6E-15,-785.4E-15,-822.3E-15
3.137E6,-618.4E-15,-647.8E-15,-785.6E-15,-822.6E-15
3.138E6,-618.6E-15,-648.0E-15,-785.9E-15,-822.9E-15
3.139E6,-618.8E-15,-648.2E-15,-786.1E-15,-823.1E-15
3.140E6,-619.0E-15,-648.4E-15,-786.4E-15,-823.4E-15
3.141E6,-619.2E-15,-648.6E-15,-786.6E-15,-823.6E-15
3.142E6,-619.4E-15,-648.8E-15,-786.9E-15,-823.9E-15
3.143E6,-619.6E-15,-649.0E-15,-787.1E-15,-824.2E-15
3.144E6,-619.8E-15,-649.2E-15,-787.4E-15,-824.4E-15
3.145E6,-620.0E-15,-649.4E-15,-787.6E-15,-824.7E-15
3.146E6,-620.2E-15,-649.6E-15,-787.9E-15,-825.0E-15
3.147E6,-620.4E-15,-649.8E-15,-788.1E-15,-825.2E-15
3.148E6,-620.6E-15,-650.0E-15,-788.4E-15,-825.5E-15
3.149E6,-620.8E-15,-650.3E-15,-788.6E-15,-825.7E-15
3.150E6,-621.0E-15,-650.5E-15,-788.9E-15,-826.0E-15
3.151E6,-621.2E-15,-650.7E-15,-789.1E-15,-826.3E-15
3.152E6,-621.4E-15,-650.9E-15,-789.4E-15,-826.5E-15
3.153E6,-621.6E-15,-651.1E-15,-789.6E-15,-826.8E-15
3.154E6,-621.8E-15,-651.3E-15,-789.9E-15,-827.1E-15
3.155E6,-622.0E-15,-651.5E-15,-790.1E-15,-827.3E-15
3.156E6,-622.2E-15,-651.7E-15,-790.4E-15,-827.6E-15
3.157E6,-622.4E-15,-651.9E-15,-790.6E-15,-827.8E-15
3.158E6,-622.6E-15,-652.1E-15,-790.9E-15,-828.1E-15
3.159E6,-622.8E-15,-652.3E-15,-791.1E-15,-828.4E-15
3.160E6,-623.0E-15,-652.5E-15,-791.4E-15,-828.6E-15
3.161E6,-623.2E-15,-652.7E-15,-791.6E-15,-828.9E-15
3.162E6,-623.4E-15,-652.9E-15,-791.9E-15,-829.2E-15
3.163E6,-623.6E-15,-653.1E-15,-792.1E-15,-829.4E-15
3.164E6,-623.8E-15,-653.4E-15,-792.4E-15,-829.7E-15
3.165E6,-624.0E-15,-653.6E-15,-792.6E-15,-829.9E-15
3.166E6,-624.2E-15,-653.8E-15,-792.9E-15,-830.2E-15
3.167E6,-624.4E-15,-654.0E-15,-793.1E-15,-830.5E-15
3.168E6,-624.5E-15,-654.2E-15,-793.4E-15,-830.7E-15
3.169E6,-624.7E-15,-654.4E-15,-793.6E-15,-831.0E-15
3.170E6,-624.9E-15,-654.6E-15,-793.9E-15,-831.3E-15
3.171E6,-625.1E-15,-654.8E-15,-794.1E-15,-831.5E-15
3.172E6,-625.3E-15,-655.0E-15,-794.4E-15,-831.8E-15
3.173E6,-625.5E-15,-655.2E-15,-794.6E-15,-832.0E-15
3.174E6,-625.7E-15,-655.4E-15,-794.9E-15,-832.3E-15
3.175E6,-625.9E-15,-655.6E-15,-795.1E-15,-832.6E-15
3.176E6,-626.1E-15,-655.8E-15,-795.4E-15,-832.8E-15
3.177E6,-626.3E-15,-656.0E-15,-795.6E-15,-833.1E-15
3.178E6,-626.5E-15,-656.2E-15,-795.9E-15,-833.3E-15
3.179E6,-626.7E-15,-656.4E-15,-796.1E-15,-833.6E-15
3.180E6,-626.9E-15,-656.7E-15,-796.4E-15,-833.9E-15
3.181E6,-627.1E-15,-656.9E-15,-796.6E-15,-834.1E-15
3.182E6,-627.3E-15,-657.1E-15,-796.9E-15,-834.4E-15
3.183E6,-627.5E-15,-657.3E-15,-797.1E-15,-834.7E-15
3.184E6,-627.7E-15,-657.5E-15,-797.4E-15,-834.9E-15
3.185E6,-627.9E-15,-657.7E-15,-797.6E-15,-835.2E-15
3.186E6,-628.1E-15,-657.9E-15,-797.9E-15,-835.4E-15
3.187E6,-628.3E-15,-658.1E-15,-798.1E-15,-835.7E-15
3.188E6,-628.5E-15,-658.3E-15,-798.4E-15,-836.0E-15
3.189E6,-628.7E-15,-658.5E-15,-798.6E-15,-836.2E-15
3.190E6,-628.9E-15,-658.7E-15,-798.9E-15,-836.5E-15
3.191E6,-629.1E-15,-658.9E-15,-799.1E-15,-836.8E-15
3.192E6,-629.3E-15,-659.1E-15,-799.4E-15,-837.0E-15
3.193E6,-629.5E-15,-659.3E-15,-799.6E-15,-837.3E-15
3.194E6,-629.7E-15,-659.5E-15,-799.9E-15,-837.5E-15
3.195E6,-629.9E-15,-659.8E-15,-800.1E-15,-837.8E-15
3.196E6,-630.1E-15,-660.0E-15,-800.4E-15,-838.1E-15
3.197E6,-630.3E-15,-660.2E-15,-800.6E-15,-838.3E-15
3.198E6,-630.5E-15,-660.4E-15,-800.9E-15,-838.6E-15
3.199E6,-630.7E-15,-660.6E-15,-801.1E-15,-838.9E-15
3.200E6,-630.9E-15,-660.8E-15,-801.4E-15,-839.1E-15
3.201E6,-631.1E-15,-661.0E-15,-801.6E-15,-839.4E-15
3.202E6,-631.2E-15,-661.2E-15,-801.9E-15,-839.6E-15
3.203E6,-631.4E-15,-661.4E-15,-802.1E-15,-839.9E-15
3.204E6,-631.6E-15,-661.6E-15,-802.4E-15,-840.2E-15
3.205E6,-631.8E-15,-661.8E-15,-802.6E-15,-840.4E-15
3.206E6,-632.0E-15,-662.0E-15,-802.9E-15,-840.7E-15
3.207E6,-632.2E-15,-662.2E-15,-803.1E-15,-841.0E-15
3.208E6,-632.4E-15,-662.4E-15,-803.4E-15,-841.2E-15
3.209E6,-632.6E-15,-662.6E-15,-803.6E-15,-841.5E-15
3.210E6,-632.8E-15,-662.9E-15,-803.9E-15,-841.7E-15
3.211E6,-633.0E-15,-663.1E-15,-804.1E-15,-842.0E-15
3.212E6,-633.2E-15,-663.3E-15,-804.4E-15,-842.3E-15
3.213E6,-633.4E-15,-663.5E-15,-804.6E-15,-842.5E-15
3.214E6,-633.6E-15,-663.7E-15,-804.9E-15,-842.8E-15
3.215E6,-633.8E-15,-663.9E-15,-805.2E-15,-843.1E-15
3.216E6,-634.0E-15,-664.1E-15,-805.4E-15,-843.3E-15
3.217E6,-634.2E-15,-664.3E-15,-805.7E-15,-843.6E-15
3.218E6,-634.4E-15,-664.5E-15,-805.9E-15,-843.8E-15
3.219E6,-634.6E-15,-664.7E-15,-806.2E-15,-844.1E-15
3.220E6,-634.8E-15,-664.9E-15,-806.4E-15,-844.4E-15
3.221E6,-635.0E-15,-665.1E-15,-806.7E-15,-844.6E-15
3.222E6,-635.2E-15,-665.3E-15,-806.9E-15,-844.9E-15
3.223E6,-635.4E-15,-665.5E-15,-807.2E-15,-845.1E-15
3.224E6,-635.6E-15,-665.7E-15,-807.4E-15,-845.4E-15
3.225E6,-635.8E-15,-665.9E-15,-807.7E-15,-845.7E-15
3.226E6,-636.0E-15,-666.2E-15,-807.9E-15,-845.9E-15
3.227E6,-636.2E-15,-666.4E-15,-808.2E-15,-846.2E-15
3.228E6,-636.4E-15,-666.6E-15,-808.4E-15,-846.5E-15
3.229E6,-636.6E-15,-666.8E-15,-808.7E-15,-846.7E-15
3.230E6,-636.8E-15,-667.0E-15,-808.9E-15,-847.0E-15
3.231E6,-637.0E-15,-667.2E-15,-809.2E-15,-847.2E-15
3.232E6,-637.2E-15,-667.4E-15,-809.4E-15,-847.5E-15
3.233E6,-637.4E-15,-667.6E-15,-809.7E-15,-847.8E-15
3.234E6,-637.6E-15,-667.8E-15,-809.9E-15,-848.0E-15
3.235E6,-637.8E-15,-668.0E-15,-810.2E-15,-848.3E-15
3.236E6,-638.0E-15,-668.2E-15,-810.4E-15,-848.6E-15
3.237E6,-638.1E-15,-668.4E-15,-810.7E-15,-848.8E-15
3.238E6,-638.3E-15,-668.6E-15,-810.9E-15,-849.1E-15
3.239E6,-638.5E-15,-668.8E-15,-811.2E-15,-849.3E-15
3.240E6,-638.7E-15,-669.0E-15,-811.4E-15,-849.6E-15
3.241E6,-638.9E-15,-669.3E-15,-811.7E-15,-849.9E-15
3.242E6,-639.1E-15,-669.5E-15,-811.9E-15,-850.1E-15
3.243E6,-639.3E-15,-669.7E-15,-812.2E-15,-850.4E-15
3.244E6,-639.5E-15,-669.9E-15,-812.4E-15,-850.7E-15
3.245E6,-639.7E-15,-670.1E-15,-812.7E-15,-850.9E-15
3.246E6,-639.9E-15,-670.3E-15,-812.9E-15,-851.2E-15
3.247E6,-640.1E-15,-670.5E-15,-813.2E-15,-851.4E-15
3.248E6,-640.3E-15,-670.7E-15,-813.4E-15,-851.7E-15
3.249E6,-640.5E-15,-670.9E-15,-813.7E-15,-852.0E-15
3.250E6,-640.7E-15,-671.1E-15,-813.9E-15,-852.2E-15
3.251E6,-640.9E-15,-671.3E-15,-814.2E-15,-852.5E-15
3.252E6,-641.1E-15,-671.5E-15,-814.4E-15,-852.8E-15
3.253E6,-641.3E-15,-671.7E-15,-814.7E-15,-853.0E-15
3.254E6,-641.5E-15,-671.9E-15,-814.9E-15,-853.3E-15
3.255E6,-641.7E-15,-672.1E-15,-815.2E-15,-853.5E-15
3.256E6,-641.9E-15,-672.3E-15,-815.4E-15,-853.8E-15
3.257E6,-642.1E-15,-672.6E-15,-815.7E-15,-854.1E-15
3.258E6,-642.3E-15,-672.8E-15,-815.9E-15,-854.3E-15
3.259E6,-642.5E-15,-673.0E-15,-816.2E-15,-854.6E-15
3.260E6,-642.7E-15,-673.2E-15,-816.4E-15,-854.9E-15
3.261E6,-642.9E-15,-673.4E-15,-816.7E-15,-855.1E-15
3.262E6,-643.1E-15,-673.6E-15,-816.9E-15,-855.4E-15
3.263E6,-643.3E-15,-673.8E-15,-817.2E-15,-855.6E-15
3.264E6,-643.5E-15,-674.0E-15,-817.4E-15,-855.9E-15
3.265E6,-643.7E-15,-674.2E-15,-817.7E-15,-856.2E-15
3.266E6,-643.9E-15,-674.4E-15,-817.9E-15,-856.4E-15
3.267E6,-644.1E-15,-674.6E-15,-818.2E-15,-856.7E-15
3.268E6,-644.3E-15,-674.8E-15,-818.4E-15,-856.9E-15
3.269E6,-644.5E-15,-675.0E-15,-818.7E-15,-857.2E-15
3.270E6,-644.7E-15,-675.2E-15,-818.9E-15,-857.5E-15
3.271E6,-644.9E-15,-675.4E-15,-819.2E-15,-857.7E-15
3.272E6,-645.0E-15,-675.7E-15,-819.4E-15,-858.0E-15
3.273E6,-645.2E-15,-675.9E-15,-819.7E-15,-858.3E-15
3.274E6,-645.4E-15,-676.1E-15,-819.9E-15,-858.5E-15
3.275E6,-645.6E-15,-676.3E-15,-820.2E-15,-858.8E-15
3.276E6,-645.8E-15,-676.5E-15,-820.4E-15,-859.0E-15
3.277E6,-646.0E-15,-676.7E-15,-820.7E-15,-859.3E-15
3.278E6,-646.2E-15,-676.9E-15,-820.9E-15,-859.6E-15
3.279E6,-646.4E-15,-677.1E-15,-821.2E-15,-859.8E-15
3.280E6,-646.6E-15,-677.3E-15,-821.4E-15,-860.1E-15
3.281E6,-646.8E-15,-677.5E-15,-821.7E-15,-860.4E-15
3.282E6,-647.0E-15,-677.7E-15,-821.9E-15,-860.6E-15
3.283E6,-647.2E-15,-677.9E-15,-822.2E-15,-860.9E-15
3.284E6,-647.4E-15,-678.1E-15,-822.4E-15,-861.1E-15
3.285E6,-647.6E-15,-678.3E-15,-822.7E-15,-861.4E-15
3.286E6,-647.8E-15,-678.5E-15,-822.9E-15,-861.7E-15
3.287E6,-648.0E-15,-678.7E-15,-823.2E-15,-861.9E-15
3.288E6,-648.2E-15,-679.0E-15,-823.4E-15,-862.2E-15
3.289E6,-648.4E-15,-679.2E-15,-823.7E-15,-862.5E-15
3.290E6,-648.6E-15,-679.4E-15,-823.9E-15,-862.7E-15
3.291E6,-648.8E-15,-679.6E-15,-824.2E-15,-863.0E-15
3.292E6,-649.0E-15,-679.8E-15,-824.4E-15,-863.2E-15
3.293E6,-649.2E-15,-680.0E-15,-824.7E-15,-863.5E-15
3.294E6,-649.4E-15,-680.2E-15,-824.9E-15,-863.8E-15
3.295E6,-649.6E-15,-680.4E-15,-825.2E-15,-864.0E-15
3.296E6,-649.8E-15,-680.6E-15,-825.4E-15,-864.3E-15
3.297E6,-650.0E-15,-680.8E-15,-825.7E-15,-864.6E-15
3.298E6,-650.2E-15,-681.0E-15,-825.9E-15,-864.8E-15
3.299E6,-650.4E-15,-681.2E-15,-826.2E-15,-865.1E-15
3.300E6,-650.6E-15,-681.4E-15,-826.4E-15,-865.3E-15
3.301E6,-650.8E-15,-681.6E-15,-826.7E-15,-865.6E-15
3.302E6,-651.0E-15,-681.8E-15,-826.9E-15,-865.9E-15
3.303E6,-651.2E-15,-682.1E-15,-827.2E-15,-866.1E-15
3.304E6,-651.4E-15,-682.3E-15,-827.4E-15,-866.4E-15
3.305E6,-651.6E-15,-682.5E-15,-827.7E-15,-866.7E-15
3.306E6,-651.8E-15,-682.7E-15,-827.9E-15,-866.9E-15
3.307E6,-651.9E-15,-682.9E-15,-828.2E-15,-867.2E-15
3.308E6,-652.1E-15,-683.1E-15,-828.4E-15,-867.4E-15
3.309E6,-652.3E-15,-683.3E-15,-828.7E-15,-867.7E-15
3.310E6,-652.5E-15,-683.5E-15,-828.9E-15,-868.0E-15
3.311E6,-652.7E-15,-683.7E-15,-829.2E-15,-868.2E-15
3.312E6,-652.9E-15,-683.9E-15,-829.4E-15,-868.5E-15
3.313E6,-653.1E-15,-684.1E-15,-829.7E-15,-868.7E-15
3.314E6,-653.3E-15,-684.3E-15,-829.9E-15,-869.0E-15
3.315E6,-653.5E-15,-684.5E-15,-830.2E-15,-869.3E-15
3.316E6,-653.7E-15,-684.7E-15,-830.4E-15,-869.5E-15
3.317E6,-653.9E-15,-684.9E-15,-830.7E-15,-869.8E-15
3.318E6,-654.1E-15,-685.2E-15,-830.9E-15,-870.1E-15
3.319E6,-654.3E-15,-685.4E-15,-831.2E-15,-870.3E-15
3.320E6,-654.5E-15,-685.6E-15,-831.4E-15,-870.6E-15
3.321E6,-654.7E-15,-685.8E-15,-831.7E-15,-870.8E-15
3.322E6,-654.9E-15,-686.0E-15,-831.9E-15,-871.1E-15
3.323E6,-655.1E-15,-686.2E-15,-832.2E-15,-871.4E-15
3.324E6,-655.3E-15,-686.4E-15,-832.4E-15,-871.6E-15
3.325E6,-655.5E-15,-686.6E-15,-832.7E-15,-871.9E-15
3.326E6,-655.7E-15,-686.8E-15,-832.9E-15,-872.2E-15
3.327E6,-655.9E-15,-687.0E-15,-833.2E-15,-872.4E-15
3.328E6,-656.1E-15,-687.2E-15,-833.4E-15,-872.7E-15
3.329E6,-656.3E-15,-687.4E-15,-833.7E-15,-872.9E-15
3.330E6,-656.5E-15,-687.6E-15,-833.9E-15,-873.2E-15
3.331E6,-656.7E-15,-687.8E-15,-834.2E-15,-873.5E-15
3.332E6,-656.9E-15,-688.0E-15,-834.5E-15,-873.7E-15
3.333E6,-657.1E-15,-688.2E-15,-834.7E-15,-874.0E-15
3.334E6,-657.3E-15,-688.5E-15,-835.0E-15,-874.3E-15
3.335E6,-657.5E-15,-688.7E-15,-835.2E-15,-874.5E-15
3.336E6,-657.7E-15,-688.9E-15,-835.5E-15,-874.8E-15
3.337E6,-657.9E-15,-689.1E-15,-835.7E-15,-875.0E-15
3.338E6,-658.1E-15,-689.3E-15,-836.0E-15,-875.3E-15
3.339E6,-658.3E-15,-689.5E-15,-836.2E-15,-875.6E-15
3.340E6,-658.5E-15,-689.7E-15,-836.5E-15,-875.8E-15
3.341E6,-658.7E-15,-689.9E-15,-836.7E-15,-876.1E-15
3.342E6,-658.8E-15,-690.1E-15,-837.0E-15,-876.4E-15
3.343E6,-659.0E-15,-690.3E-15,-837.2E-15,-876.6E-15
3.344E6,-659.2E-15,-690.5E-15,-837.5E-15,-876.9E-15
3.345E6,-659.4E-15,-690.7E-15,-837.7E-15,-877.1E-15
3.346E6,-659.6E-15,-690.9E-15,-838.0E-15,-877.4E-15
3.347E6,-659.8E-15,-691.1E-15,-838.2E-15,-877.7E-15
3.348E6,-660.0E-15,-691.3E-15,-838.5E-15,-877.9E-15
3.349E6,-660.2E-15,-691.6E-15,-838.7E-15,-878.2E-15
3.350E6,-660.4E-15,-691.8E-15,-839.0E-15,-878.4E-15
3.351E6,-660.6E-15,-692.0E-15,-839.2E-15,-878.7E-15
3.352E6,-660.8E-15,-692.2E-15,-839.5E-15,-879.0E-15
3.353E6,-661.0E-15,-692.4E-15,-839.7E-15,-879.2E-15
3.354E6,-661.2E-15,-692.6E-15,-840.0E-15,-879.5E-15
3.355E6,-661.4E-15,-692.8E-15,-840.2E-15,-879.8E-15
3.356E6,-661.6E-15,-693.0E-15,-840.5E-15,-880.0E-15
3.357E6,-661.8E-15,-693.2E-15,-840.7E-15,-880.3E-15
3.358E6,-662.0E-15,-693.4E-15,-841.0E-15,-880.5E-15
3.359E6,-662.2E-15,-693.6E-15,-841.2E-15,-880.8E-15
3.360E6,-662.4E-15,-693.8E-15,-841.5E-15,-881.1E-15
3.361E6,-662.6E-15,-694.0E-15,-841.7E-15,-881.3E-15
3.362E6,-662.8E-15,-694.2E-15,-842.0E-15,-881.6E-15
3.363E6,-663.0E-15,-694.4E-15,-842.2E-15,-881.9E-15
3.364E6,-663.2E-15,-694.6E-15,-842.5E-15,-882.1E-15
3.365E6,-663.4E-15,-694.9E-15,-842.7E-15,-882.4E-15
3.366E6,-663.6E-15,-695.1E-15,-843.0E-15,-882.6E-15
3.367E6,-663.8E-15,-695.3E-15,-843.2E-15,-882.9E-15
3.368E6,-664.0E-15,-695.5E-15,-843.5E-15,-883.2E-15
3.369E6,-664.2E-15,-695.7E-15,-843.7E-15,-883.4E-15
3.370E6,-664.4E-15,-695.9E-15,-844.0E-15,-883.7E-15
3.371E6,-664.6E-15,-696.1E-15,-844.2E-15,-884.0E-15
3.372E6,-664.8E-15,-696.3E-15,-844.5E-15,-884.2E-15
3.373E6,-665.0E-15,-696.5E-15,-844.7E-15,-884.5E-15
3.374E6,-665.2E-15,-696.7E-15,-845.0E-15,-884.7E-15
3.375E6,-665.4E-15,-696.9E-15,-845.2E-15,-885.0E-15
3.376E6,-665.6E-15,-697.1E-15,-845.5E-15,-885.3E-15
3.377E6,-665.7E-15,-697.3E-15,-845.7E-15,-885.5E-15
3.378E6,-665.9E-15,-697.5E-15,-846.0E-15,-885.8E-15
3.379E6,-666.1E-15,-697.7E-15,-846.2E-15,-886.1E-15
3.380E6,-666.3E-15,-698.0E-15,-846.5E-15,-886.3E-15
3.381E6,-666.5E-15,-698.2E-15,-846.7E-15,-886.6E-15
3.382E6,-666.7E-15,-698.4E-15,-847.0E-15,-886.8E-15
3.383E6,-666.9E-15,-698.6E-15,-847.2E-15,-887.1E-15
3.384E6,-667.1E-15,-698.8E-15,-847.5E-15,-887.4E-15
3.385E6,-667.3E-15,-699.0E-15,-847.7E-15,-887.6E-15
3.386E6,-667.5E-15,-699.2E-15,-848.0E-15,-887.9E-15
3.387E6,-667.7E-15,-699.4E-15,-848.2E-15,-888.2E-15
3.388E6,-667.9E-15,-699.6E-15,-848.5E-15,-888.4E-15
3.389E6,-668.1E-15,-699.8E-15,-848.7E-15,-888.7E-15
3.390E6,-668.3E-15,-700.0E-15,-849.0E-15,-888.9E-15
3.391E6,-668.5E-15,-700.2E-15,-849.2E-15,-889.2E-15
3.392E6,-668.7E-15,-700.4E-15,-849.5E-15,-889.5E-15
3.393E6,-668.9E-15,-700.6E-15,-849.7E-15,-889.7E-15
3.394E6,-669.1E-15,-700.8E-15,-850.0E-15,-890.0E-15
3.395E6,-669.3E-15,-701.1E-15,-850.2E-15,-890.2E-15
3.396E6,-669.5E-15,-701.3E-15,-850.5E-15,-890.5E-15
3.397E6,-669.7E-15,-701.5E-15,-850.7E-15,-890.8E-15
3.398E6,-669.9E-15,-701.7E-15,-851.0E-15,-891.0E-15
3.399E6,-670.1E-15,-701.9E-15,-851.2E-15,-891.3E-15
3.400E6,-670.3E-15,-702.1E-15,-851.5E-15,-891.6E-15
3.401E6,-670.5E-15,-702.3E-15,-851.7E-15,-891.8E-15
3.402E6,-670.7E-15,-702.5E-15,-852.0E-15,-892.1E-15
3.403E6,-670.9E-15,-702.7E-15,-852.2E-15,-892.3E-15
3.404E6,-671.1E-15,-702.9E-15,-852.5E-15,-892.6E-15
3.405E6,-671.3E-15,-703.1E-15,-852.7E-15,-892.9E-15
3.406E6,-671.5E-15,-703.3E-15,-853.0E-15,-893.1E-15
3.407E6,-671.7E-15,-703.5E-15,-853.2E-15,-893.4E-15
3.408E6,-671.9E-15,-703.7E-15,-853.5E-15,-893.7E-15
3.409E6,-672.1E-15,-703.9E-15,-853.7E-15,-893.9E-15
3.410E6,-672.3E-15,-704.1E-15,-854.0E-15,-894.2E-15
3.411E6,-672.5E-15,-704.4E-15,-854.2E-15,-894.4E-15
3.412E6,-672.6E-15,-704.6E-15,-854.5E-15,-894.7E-15
3.413E6,-672.8E-15,-704.8E-15,-854.7E-15,-895.0E-15
3.414E6,-673.0E-15,-705.0E-15,-855.0E-15,-895.2E-15
3.415E6,-673.2E-15,-705.2E-15,-855.2E-15,-895.5E-15
3.416E6,-673.4E-15,-705.4E-15,-855.5E-15,-895.8E-15
3.417E6,-673.6E-15,-705.6E-15,-855.7E-15,-896.0E-15
3.418E6,-673.8E-15,-705.8E-15,-856.0E-15,-896.3E-15
3.419E6,-674.0E-15,-706.0E-15,-856.2E-15,-896.5E-15
3.420E6,-674.2E-15,-706.2E-15,-856.5E-15,-896.8E-15
3.421E6,-674.4E-15,-706.4E-15,-856.7E-15,-897.1E-15
3.422E6,-674.6E-15,-706.6E-15,-857.0E-15,-897.3E-15
3.423E6,-674.8E-15,-706.8E-15,-857.2E-15,-897.6E-15
3.424E6,-675.0E-15,-707.0E-15,-857.5E-15,-897.9E-15
3.425E6,-675.2E-15,-707.2E-15,-857.7E-15,-898.1E-15
3.426E6,-675.4E-15,-707.5E-15,-858.0E-15,-898.4E-15
3.427E6,-675.6E-15,-707.7E-15,-858.2E-15,-898.6E-15
3.428E6,-675.8E-15,-707.9E-15,-858.5E-15,-898.9E-15
3.429E6,-676.0E-15,-708.1E-15,-858.7E-15,-899.2E-15
3.430E6,-676.2E-15,-708.3E-15,-859.0E-15,-899.4E-15
3.431E6,-676.4E-15,-708.5E-15,-859.2E-15,-899.7E-15
3.432E6,-676.6E-15,-708.7E-15,-859.5E-15,-900.0E-15
3.433E6,-676.8E-15,-708.9E-15,-859.7E-15,-900.2E-15
3.434E6,-677.0E-15,-709.1E-15,-860.0E-15,-900.5E-15
3.435E6,-677.2E-15,-709.3E-15,-860.2E-15,-900.7E-15
3.436E6,-677.4E-15,-709.5E-15,-860.5E-15,-901.0E-15
3.437E6,-677.6E-15,-709.7E-15,-860.7E-15,-901.3E-15
3.438E6,-677.8E-15,-709.9E-15,-861.0E-15,-901.5E-15
3.439E6,-678.0E-15,-710.1E-15,-861.2E-15,-901.8E-15
3.440E6,-678.2E-15,-710.3E-15,-861.5E-15,-902.0E-15
3.441E6,-678.4E-15,-710.5E-15,-861.7E-15,-902.3E-15
3.442E6,-678.6E-15,-710.8E-15,-862.0E-15,-902.6E-15
3.443E6,-678.8E-15,-711.0E-15,-862.2E-15,-902.8E-15
3.444E6,-679.0E-15,-711.2E-15,-862.5E-15,-903.1E-15
3.445E6,-679.2E-15,-711.4E-15,-862.7E-15,-903.4E-15
3.446E6,-679.4E-15,-711.6E-15,-863.0E-15,-903.6E-15
3.447E6,-679.5E-15,-711.8E-15,-863.2E-15,-903.9E-15
3.448E6,-679.7E-15,-712.0E-15,-863.5E-15,-904.1E-15
3.449E6,-679.9E-15,-712.2E-15,-863.8E-15,-904.4E-15
3.450E6,-680.1E-15,-712.4E-15,-864.0E-15,-904.7E-15
3.451E6,-680.3E-15,-712.6E-15,-864.3E-15,-904.9E-15
3.452E6,-680.5E-15,-712.8E-15,-864.5E-15,-905.2E-15
3.453E6,-680.7E-15,-713.0E-15,-864.8E-15,-905.5E-15
3.454E6,-680.9E-15,-713.2E-15,-865.0E-15,-905.7E-15
3.455E6,-681.1E-15,-713.4E-15,-865.3E-15,-906.0E-15
3.456E6,-681.3E-15,-713.6E-15,-865.5E-15,-906.2E-15
3.457E6,-681.5E-15,-713.9E-15,-865.8E-15,-906.5E-15
3.458E6,-681.7E-15,-714.1E-15,-866.0E-15,-906.8E-15
3.459E6,-681.9E-15,-714.3E-15,-866.3E-15,-907.0E-15
3.460E6,-682.1E-15,-714.5E-15,-866.5E-15,-907.3E-15
3.461E6,-682.3E-15,-714.7E-15,-866.8E-15,-907.6E-15
3.462E6,-682.5E-15,-714.9E-15,-867.0E-15,-907.8E-15
3.463E6,-682.7E-15,-715.1E-15,-867.3E-15,-908.1E-15
3.464E6,-682.9E-15,-715.3E-15,-867.5E-15,-908.3E-15
3.465E6,-683.1E-15,-715.5E-15,-867.8E-15,-908.6E-15
3.466E6,-683.3E-15,-715.7E-15,-868.0E-15,-908.9E-15
3.467E6,-683.5E-15,-715.9E-15,-868.3E-15,-909.1E-15
3.468E6,-683.7E-15,-716.1E-15,-868.5E-15,-909.4E-15
3.469E6,-683.9E-15,-716.3E-15,-868.8E-15,-909.7E-15
3.470E6,-684.1E-15,-716.5E-15,-869.0E-15,-909.9E-15
3.471E6,-684.3E-15,-716.7E-15,-869.3E-15,-910.2E-15
3.472E6,-684.5E-15,-717.0E-15,-869.5E-15,-910.4E-15
3.473E6,-684.7E-15,-717.2E-15,-869.8E-15,-910.7E-15
3.474E6,-684.9E-15,-717.4E-15,-870.0E-15,-911.0E-15
3.475E6,-685.1E-15,-717.6E-15,-870.3E-15,-911.2E-15
3.476E6,-685.3E-15,-717.8E-15,-870.5E-15,-911.5E-15
3.477E6,-685.5E-15,-718.0E-15,-870.8E-15,-911.8E-15
3.478E6,-685.7E-15,-718.2E-15,-871.0E-15,-912.0E-15
3.479E6,-685.9E-15,-718.4E-15,-871.3E-15,-912.3E-15
3.480E6,-686.1E-15,-718.6E-15,-871.5E-15,-912.5E-15
3.481E6,-686.3E-15,-718.8E-15,-871.8E-15,-912.8E-15
3.482E6,-686.4E-15,-719.0E-15,-872.0E-15,-913.1E-15
3.483E6,-686.6E-15,-719.2E-15,-872.3E-15,-913.3E-15
3.484E6,-686.8E-15,-719.4E-15,-872.5E-15,-913.6E-15
3.485E6,-687.0E-15,-719.6E-15,-872.8E-15,-913.8E-15
3.486E6,-687.2E-15,-719.8E-15,-873.0E-15,-914.1E-15
3.487E6,-687.4E-15,-720.0E-15,-873.3E-15,-914.4E-15
3.488E6,-687.6E-15,-720.3E-15,-873.5E-15,-914.6E-15
3.489E6,-687.8E-15,-720.5E-15,-873.8E-15,-914.9E-15
3.490E6,-688.0E-15,-720.7E-15,-874.0E-15,-915.2E-15
3.491E6,-688.2E-15,-720.9E-15,-874.3E-15,-915.4E-15
3.492E6,-688.4E-15,-721.1E-15,-874.5E-15,-915.7E-15
3.493E6,-688.6E-15,-721.3E-15,-874.8E-15,-915.9E-15
3.494E6,-688.8E-15,-721.5E-15,-875.0E-15,-916.2E-15
3.495E6,-689.0E-15,-721.7E-15,-875.3E-15,-916.5E-15
3.496E6,-689.2E-15,-721.9E-15,-875.5E-15,-916.7E-15
3.497E6,-689.4E-15,-722.1E-15,-875.8E-15,-917.0E-15
3.498E6,-689.6E-15,-722.3E-15,-876.0E-15,-917.3E-15
3.499E6,-689.8E-15,-722.5E-15,-876.3E-15,-917.5E-15
3.500E6,-690.0E-15,-722.7E-15,-876.5E-15,-917.8E-15
3.501E6,-690.2E-15,-722.9E-15,-876.8E-15,-918.0E-15
3.502E6,-690.4E-15,-723.1E-15,-877.0E-15,-918.3E-15
3.503E6,-690.6E-15,-723.4E-15,-877.3E-15,-918.6E-15
3.504E6,-690.8E-15,-723.6E-15,-877.5E-15,-918.8E-15
3.505E6,-691.0E-15,-723.8E-15,-877.8E-15,-919.1E-15
3.506E6,-691.2E-15,-724.0E-15,-878.0E-15,-919.4E-15
3.507E6,-691.4E-15,-724.2E-15,-878.3E-15,-919.6E-15
3.508E6,-691.6E-15,-724.4E-15,-878.5E-15,-919.9E-15
3.509E6,-691.8E-15,-724.6E-15,-878.8E-15,-920.1E-15
3.510E6,-692.0E-15,-724.8E-15,-879.0E-15,-920.4E-15
3.511E6,-692.2E-15,-725.0E-15,-879.3E-15,-920.7E-15
3.512E6,-692.4E-15,-725.2E-15,-879.5E-15,-920.9E-15
3.513E6,-692.6E-15,-725.4E-15,-879.8E-15,-921.2E-15
3.514E6,-692.8E-15,-725.6E-15,-880.0E-15,-921.5E-15
3.515E6,-693.0E-15,-725.8E-15,-880.3E-15,-921.7E-15
3.516E6,-693.2E-15,-726.0E-15,-880.5E-15,-922.0E-15
3.517E6,-693.3E-15,-726.2E-15,-880.8E-15,-922.2E-15
3.518E6,-693.5E-15,-726.4E-15,-881.0E-15,-922.5E-15
3.519E6,-693.7E-15,-726.7E-15,-881.3E-15,-922.8E-15
3.520E6,-693.9E-15,-726.9E-15,-881.5E-15,-923.0E-15
3.521E6,-694.1E-15,-727.1E-15,-881.8E-15,-923.3E-15
3.522E6,-694.3E-15,-727.3E-15,-882.0E-15,-923.6E-15
3.523E6,-694.5E-15,-727.5E-15,-882.3E-15,-923.8E-15
3.524E6,-694.7E-15,-727.7E-15,-882.5E-15,-924.1E-15
3.525E6,-694.9E-15,-727.9E-15,-882.8E-15,-924.3E-15
3.526E6,-695.1E-15,-728.1E-15,-883.0E-15,-924.6E-15
3.527E6,-695.3E-15,-728.3E-15,-883.3E-15,-924.9E-15
3.528E6,-695.5E-15,-728.5E-15,-883.5E-15,-925.1E-15
3.529E6,-695.7E-15,-728.7E-15,-883.8E-15,-925.4E-15
3.530E6,-695.9E-15,-728.9E-15,-884.0E-15,-925.6E-15
3.531E6,-696.1E-15,-729.1E-15,-884.3E-15,-925.9E-15
3.532E6,-696.3E-15,-729.3E-15,-884.5E-15,-926.2E-15
3.533E6,-696.5E-15,-729.5E-15,-884.8E-15,-926.4E-15
3.534E6,-696.7E-15,-729.8E-15,-885.0E-15,-926.7E-15
3.535E6,-696.9E-15,-730.0E-15,-885.3E-15,-927.0E-15
3.536E6,-697.1E-15,-730.2E-15,-885.5E-15,-927.2E-15
3.537E6,-697.3E-15,-730.4E-15,-885.8E-15,-927.5E-15
3.538E6,-697.5E-15,-730.6E-15,-886.0E-15,-927.7E-15
3.539E6,-697.7E-15,-730.8E-15,-886.3E-15,-928.0E-15
3.540E6,-697.9E-15,-731.0E-15,-886.5E-15,-928.3E-15
3.541E6,-698.1E-15,-731.2E-15,-886.8E-15,-928.5E-15
3.542E6,-698.3E-15,-731.4E-15,-887.0E-15,-928.8E-15
3.543E6,-698.5E-15,-731.6E-15,-887.3E-15,-929.1E-15
3.544E6,-698.7E-15,-731.8E-15,-887.5E-15,-929.3E-15
3.545E6,-698.9E-15,-732.0E-15,-887.8E-15,-929.6E-15
3.546E6,-699.1E-15,-732.2E-15,-888.0E-15,-929.8E-15
3.547E6,-699.3E-15,-732.4E-15,-888.3E-15,-930.1E-15
3.548E6,-699.5E-15,-732.6E-15,-888.5E-15,-930.4E-15
3.549E6,-699.7E-15,-732.8E-15,-888.8E-15,-930.6E-15
3.550E6,-699.9E-15,-733.1E-15,-889.0E-15,-930.9E-15
3.551E6,-700.1E-15,-733.3E-15,-889.3E-15,-931.2E-15
3.552E6,-700.2E-15,-733.5E-15,-889.5E-15,-931.4E-15
3.553E6,-700.4E-15,-733.7E-15,-889.8E-15,-931.7E-15
3.554E6,-700.6E-15,-733.9E-15,-890.0E-15,-931.9E-15
3.555E6,-700.8E-15,-734.1E-15,-890.3E-15,-932.2E-15
3.556E6,-701.0E-15,-734.3E-15,-890.5E-15,-932.5E-15
3.557E6,-701.2E-15,-734.5E-15,-890.8E-15,-932.7E-15
3.558E6,-701.4E-15,-734.7E-15,-891.0E-15,-933.0E-15
3.559E6,-701.6E-15,-734.9E-15,-891.3E-15,-933.3E-15
3.560E6,-701.8E-15,-735.1E-15,-891.5E-15,-933.5E-15
3.561E6,-702.0E-15,-735.3E-15,-891.8E-15,-933.8E-15
3.562E6,-702.2E-15,-735.5E-15,-892.0E-15,-934.0E-15
3.563E6,-702.4E-15,-735.7E-15,-892.3E-15,-934.3E-15
3.564E6,-702.6E-15,-735.9E-15,-892.5E-15,-934.6E-15
3.565E6,-702.8E-15,-736.2E-15,-892.8E-15,-934.8E-15
3.566E6,-703.0E-15,-736.4E-15,-893.1E-15,-935.1E-15
3.567E6,-703.2E-15,-736.6E-15,-893.3E-15,-935.4E-15
3.568E6,-703.4E-15,-736.8E-15,-893.6E-15,-935.6E-15
3.569E6,-703.6E-15,-737.0E-15,-893.8E-15,-935.9E-15
3.570E6,-703.8E-15,-737.2E-15,-894.1E-15,-936.1E-15
3.571E6,-704.0E-15,-737.4E-15,-894.3E-15,-936.4E-15
3.572E6,-704.2E-15,-737.6E-15,-894.6E-15,-936.7E-15
3.573E6,-704.4E-15,-737.8E-15,-894.8E-15,-936.9E-15
3.574E6,-704.6E-15,-738.0E-15,-895.1E-15,-937.2E-15
3.575E6,-704.8E-15,-738.2E-15,-895.3E-15,-937.4E-15
3.576E6,-705.0E-15,-738.4E-15,-895.6E-15,-937.7E-15
3.577E6,-705.2E-15,-738.6E-15,-895.8E-15,-938.0E-15
3.578E6,-705.4E-15,-738.8E-15,-896.1E-15,-938.2E-15
3.579E6,-705.6E-15,-739.0E-15,-896.3E-15,-938.5E-15
3.580E6,-705.8E-15,-739.3E-15,-896.6E-15,-938.8E-15
3.581E6,-706.0E-15,-739.5E-15,-896.8E-15,-939.0E-15
3.582E6,-706.2E-15,-739.7E-15,-897.1E-15,-939.3E-15
3.583E6,-706.4E-15,-739.9E-15,-897.3E-15,-939.5E-15
3.584E6,-706.6E-15,-740.1E-15,-897.6E-15,-939.8E-15
3.585E6,-706.8E-15,-740.3E-15,-897.8E-15,-940.1E-15
3.586E6,-707.0E-15,-740.5E-15,-898.1E-15,-940.3E-15
3.587E6,-707.1E-15,-740.7E-15,-898.3E-15,-940.6E-15
3.588E6,-707.3E-15,-740.9E-15,-898.6E-15,-940.9E-15
3.589E6,-707.5E-15,-741.1E-15,-898.8E-15,-941.1E-15
3.590E6,-707.7E-15,-741.3E-15,-899.1E-15,-941.4E-15
3.591E6,-707.9E-15,-741.5E-15,-899.3E-15,-941.6E-15
3.592E6,-708.1E-15,-741.7E-15,-899.6E-15,-941.9E-15
3.593E6,-708.3E-15,-741.9E-15,-899.8E-15,-942.2E-15
3.594E6,-708.5E-15,-742.1E-15,-900.1E-15,-942.4E-15
3.595E6,-708.7E-15,-742.3E-15,-900.3E-15,-942.7E-15
3.596E6,-708.9E-15,-742.6E-15,-900.6E-15,-943.0E-15
3.597E6,-709.1E-15,-742.8E-15,-900.8E-15,-943.2E-15
3.598E6,-709.3E-15,-743.0E-15,-901.1E-15,-943.5E-15
3.599E6,-709.5E-15,-743.2E-15,-901.3E-15,-943.7E-15
3.600E6,-709.7E-15,-743.4E-15,-901.6E-15,-944.0E-15
3.601E6,-709.9E-15,-743.6E-15,-901.8E-15,-944.3E-15
3.602E6,-710.1E-15,-743.8E-15,-902.1E-15,-944.5E-15
3.603E6,-710.3E-15,-744.0E-15,-902.3E-15,-944.8E-15
3.604E6,-710.5E-15,-744.2E-15,-902.6E-15,-945.1E-15
3.605E6,-710.7E-15,-744.4E-15,-902.8E-15,-945.3E-15
3.606E6,-710.9E-15,-744.6E-15,-903.1E-15,-945.6E-15
3.607E6,-711.1E-15,-744.8E-15,-903.3E-15,-945.8E-15
3.608E6,-711.3E-15,-745.0E-15,-903.6E-15,-946.1E-15
3.609E6,-711.5E-15,-745.2E-15,-903.8E-15,-946.4E-15
3.610E6,-711.7E-15,-745.4E-15,-904.1E-15,-946.6E-15
3.611E6,-711.9E-15,-745.7E-15,-904.3E-15,-946.9E-15
3.612E6,-712.1E-15,-745.9E-15,-904.6E-15,-947.2E-15
3.613E6,-712.3E-15,-746.1E-15,-904.8E-15,-947.4E-15
3.614E6,-712.5E-15,-746.3E-15,-905.1E-15,-947.7E-15
3.615E6,-712.7E-15,-746.5E-15,-905.3E-15,-947.9E-15
3.616E6,-712.9E-15,-746.7E-15,-905.6E-15,-948.2E-15
3.617E6,-713.1E-15,-746.9E-15,-905.8E-15,-948.5E-15
3.618E6,-713.3E-15,-747.1E-15,-906.1E-15,-948.7E-15
3.619E6,-713.5E-15,-747.3E-15,-906.3E-15,-949.0E-15
3.620E6,-713.7E-15,-747.5E-15,-906.6E-15,-949.2E-15
3.621E6,-713.8E-15,-747.7E-15,-906.8E-15,-949.5E-15
3.622E6,-714.0E-15,-747.9E-15,-907.1E-15,-949.8E-15
3.623E6,-714.2E-15,-748.1E-15,-907.3E-15,-950.0E-15
3.624E6,-714.4E-15,-748.3E-15,-907.6E-15,-950.3E-15
3.625E6,-714.6E-15,-748.5E-15,-907.8E-15,-950.6E-15
3.626E6,-714.8E-15,-748.7E-15,-908.1E-15,-950.8E-15
3.627E6,-715.0E-15,-749.0E-15,-908.3E-15,-951.1E-15
3.628E6,-715.2E-15,-749.2E-15,-908.6E-15,-951.3E-15
3.629E6,-715.4E-15,-749.4E-15,-908.8E-15,-951.6E-15
3.630E6,-715.6E-15,-749.6E-15,-909.1E-15,-951.9E-15
3.631E6,-715.8E-15,-749.8E-15,-909.3E-15,-952.1E-15
3.632E6,-716.0E-15,-750.0E-15,-909.6E-15,-952.4E-15
3.633E6,-716.2E-15,-750.2E-15,-909.8E-15,-952.7E-15
3.634E6,-716.4E-15,-750.4E-15,-910.1E-15,-952.9E-15
3.635E6,-716.6E-15,-750.6E-15,-910.3E-15,-953.2E-15
3.636E6,-716.8E-15,-750.8E-15,-910.6E-15,-953.4E-15
3.637E6,-717.0E-15,-751.0E-15,-910.8E-15,-953.7E-15
3.638E6,-717.2E-15,-751.2E-15,-911.1E-15,-954.0E-15
3.639E6,-717.4E-15,-751.4E-15,-911.3E-15,-954.2E-15
3.640E6,-717.6E-15,-751.6E-15,-911.6E-15,-954.5E-15
3.641E6,-717.8E-15,-751.8E-15,-911.8E-15,-954.8E-15
3.642E6,-718.0E-15,-752.1E-15,-912.1E-15,-955.0E-15
3.643E6,-718.2E-15,-752.3E-15,-912.3E-15,-955.3E-15
3.644E6,-718.4E-15,-752.5E-15,-912.6E-15,-955.5E-15
3.645E6,-718.6E-15,-752.7E-15,-912.8E-15,-955.8E-15
3.646E6,-718.8E-15,-752.9E-15,-913.1E-15,-956.1E-15
3.647E6,-719.0E-15,-753.1E-15,-913.3E-15,-956.3E-15
3.648E6,-719.2E-15,-753.3E-15,-913.6E-15,-956.6E-15
3.649E6,-719.4E-15,-753.5E-15,-913.8E-15,-956.9E-15
3.650E6,-719.6E-15,-753.7E-15,-914.1E-15,-957.1E-15
3.651E6,-719.8E-15,-753.9E-15,-914.3E-15,-957.4E-15
3.652E6,-720.0E-15,-754.1E-15,-914.6E-15,-957.6E-15
3.653E6,-720.2E-15,-754.3E-15,-914.8E-15,-957.9E-15
3.654E6,-720.4E-15,-754.5E-15,-915.1E-15,-958.2E-15
3.655E6,-720.6E-15,-754.7E-15,-915.3E-15,-958.4E-15
3.656E6,-720.7E-15,-754.9E-15,-915.6E-15,-958.7E-15
3.657E6,-720.9E-15,-755.2E-15,-915.8E-15,-959.0E-15
3.658E6,-721.1E-15,-755.4E-15,-916.1E-15,-959.2E-15
3.659E6,-721.3E-15,-755.6E-15,-916.3E-15,-959.5E-15
3.660E6,-721.5E-15,-755.8E-15,-916.6E-15,-959.7E-15
3.661E6,-721.7E-15,-756.0E-15,-916.8E-15,-960.0E-15
3.662E6,-721.9E-15,-756.2E-15,-917.1E-15,-960.3E-15
3.663E6,-722.1E-15,-756.4E-15,-917.3E-15,-960.5E-15
3.664E6,-722.3E-15,-756.6E-15,-917.6E-15,-960.8E-15
3.665E6,-722.5E-15,-756.8E-15,-917.8E-15,-961.0E-15
3.666E6,-722.7E-15,-757.0E-15,-918.1E-15,-961.3E-15
3.667E6,-722.9E-15,-757.2E-15,-918.3E-15,-961.6E-15
3.668E6,-723.1E-15,-757.4E-15,-918.6E-15,-961.8E-15
3.669E6,-723.3E-15,-757.6E-15,-918.8E-15,-962.1E-15
3.670E6,-723.5E-15,-757.8E-15,-919.1E-15,-962.4E-15
3.671E6,-723.7E-15,-758.0E-15,-919.3E-15,-962.6E-15
3.672E6,-723.9E-15,-758.2E-15,-919.6E-15,-962.9E-15
3.673E6,-724.1E-15,-758.5E-15,-919.8E-15,-963.1E-15
3.674E6,-724.3E-15,-758.7E-15,-920.1E-15,-963.4E-15
3.675E6,-724.5E-15,-758.9E-15,-920.3E-15,-963.7E-15
3.676E6,-724.7E-15,-759.1E-15,-920.6E-15,-963.9E-15
3.677E6,-724.9E-15,-759.3E-15,-920.8E-15,-964.2E-15
3.678E6,-725.1E-15,-759.5E-15,-921.1E-15,-964.5E-15
3.679E6,-725.3E-15,-759.7E-15,-921.3E-15,-964.7E-15
3.680E6,-725.5E-15,-759.9E-15,-921.6E-15,-965.0E-15
3.681E6,-725.7E-15,-760.1E-15,-921.8E-15,-965.2E-15
3.682E6,-725.9E-15,-760.3E-15,-922.1E-15,-965.5E-15
3.683E6,-726.1E-15,-760.5E-15,-922.4E-15,-965.8E-15
3.684E6,-726.3E-15,-760.7E-15,-922.6E-15,-966.0E-15
3.685E6,-726.5E-15,-760.9E-15,-922.9E-15,-966.3E-15
3.686E6,-726.7E-15,-761.1E-15,-923.1E-15,-966.6E-15
3.687E6,-726.9E-15,-761.3E-15,-923.4E-15,-966.8E-15
3.688E6,-727.1E-15,-761.6E-15,-923.6E-15,-967.1E-15
3.689E6,-727.3E-15,-761.8E-15,-923.9E-15,-967.3E-15
3.690E6,-727.5E-15,-762.0E-15,-924.1E-15,-967.6E-15
3.691E6,-727.6E-15,-762.2E-15,-924.4E-15,-967.9E-15
3.692E6,-727.8E-15,-762.4E-15,-924.6E-15,-968.1E-15
3.693E6,-728.0E-15,-762.6E-15,-924.9E-15,-968.4E-15
3.694E6,-728.2E-15,-762.8E-15,-925.1E-15,-968.7E-15
3.695E6,-728.4E-15,-763.0E-15,-925.4E-15,-968.9E-15
3.696E6,-728.6E-15,-763.2E-15,-925.6E-15,-969.2E-15
3.697E6,-728.8E-15,-763.4E-15,-925.9E-15,-969.4E-15
3.698E6,-729.0E-15,-763.6E-15,-926.1E-15,-969.7E-15
3.699E6,-729.2E-15,-763.8E-15,-926.4E-15,-970.0E-15
3.700E6,-729.4E-15,-764.0E-15,-926.6E-15,-970.2E-15
3.701E6,-729.6E-15,-764.2E-15,-926.9E-15,-970.5E-15
3.702E6,-729.8E-15,-764.4E-15,-927.1E-15,-970.7E-15
3.703E6,-730.0E-15,-764.6E-15,-927.4E-15,-971.0E-15
3.704E6,-730.2E-15,-764.9E-15,-927.6E-15,-971.3E-15
3.705E6,-730.4E-15,-765.1E-15,-927.9E-15,-971.5E-15
3.706E6,-730.6E-15,-765.3E-15,-928.1E-15,-971.8E-15
3.707E6,-730.8E-15,-765.5E-15,-928.4E-15,-972.1E-15
3.708E6,-731.0E-15,-765.7E-15,-928.6E-15,-972.3E-15
3.709E6,-731.2E-15,-765.9E-15,-928.9E-15,-972.6E-15
3.710E6,-731.4E-15,-766.1E-15,-929.1E-15,-972.8E-15
3.711E6,-731.6E-15,-766.3E-15,-929.4E-15,-973.1E-15
3.712E6,-731.8E-15,-766.5E-15,-929.6E-15,-973.4E-15
3.713E6,-732.0E-15,-766.7E-15,-929.9E-15,-973.6E-15
3.714E6,-732.2E-15,-766.9E-15,-930.1E-15,-973.9E-15
3.715E6,-732.4E-15,-767.1E-15,-930.4E-15,-974.2E-15
3.716E6,-732.6E-15,-767.3E-15,-930.6E-15,-974.4E-15
3.717E6,-732.8E-15,-767.5E-15,-930.9E-15,-974.7E-15
3.718E6,-733.0E-15,-767.7E-15,-931.1E-15,-974.9E-15
3.719E6,-733.2E-15,-768.0E-15,-931.4E-15,-975.2E-15
3.720E6,-733.4E-15,-768.2E-15,-931.6E-15,-975.5E-15
3.721E6,-733.6E-15,-768.4E-15,-931.9E-15,-975.7E-15
3.722E6,-733.8E-15,-768.6E-15,-932.1E-15,-976.0E-15
3.723E6,-734.0E-15,-768.8E-15,-932.4E-15,-976.3E-15
3.724E6,-734.2E-15,-769.0E-15,-932.6E-15,-976.5E-15
3.725E6,-734.4E-15,-769.2E-15,-932.9E-15,-976.8E-15
3.726E6,-734.5E-15,-769.4E-15,-933.1E-15,-977.0E-15
3.727E6,-734.7E-15,-769.6E-15,-933.4E-15,-977.3E-15
3.728E6,-734.9E-15,-769.8E-15,-933.6E-15,-977.6E-15
3.729E6,-735.1E-15,-770.0E-15,-933.9E-15,-977.8E-15
3.730E6,-735.3E-15,-770.2E-15,-934.1E-15,-978.1E-15
3.731E6,-735.5E-15,-770.4E-15,-934.4E-15,-978.4E-15
3.732E6,-735.7E-15,-770.6E-15,-934.6E-15,-978.6E-15
3.733E6,-735.9E-15,-770.8E-15,-934.9E-15,-978.9E-15
3.734E6,-736.1E-15,-771.1E-15,-935.1E-15,-979.1E-15
3.735E6,-736.3E-15,-771.3E-15,-935.4E-15,-979.4E-15
3.736E6,-736.5E-15,-771.5E-15,-935.6E-15,-979.7E-15
3.737E6,-736.7E-15,-771.7E-15,-935.9E-15,-979.9E-15
3.738E6,-736.9E-15,-771.9E-15,-936.1E-15,-980.2E-15
3.739E6,-737.1E-15,-772.1E-15,-936.4E-15,-980.5E-15
3.740E6,-737.3E-15,-772.3E-15,-936.6E-15,-980.7E-15
3.741E6,-737.5E-15,-772.5E-15,-936.9E-15,-981.0E-15
3.742E6,-737.7E-15,-772.7E-15,-937.1E-15,-981.2E-15
3.743E6,-737.9E-15,-772.9E-15,-937.4E-15,-981.5E-15
3.744E6,-738.1E-15,-773.1E-15,-937.6E-15,-981.8E-15
3.745E6,-738.3E-15,-773.3E-15,-937.9E-15,-982.0E-15
3.746E6,-738.5E-15,-773.5E-15,-938.1E-15,-982.3E-15
3.747E6,-738.7E-15,-773.7E-15,-938.4E-15,-982.5E-15
3.748E6,-738.9E-15,-773.9E-15,-938.6E-15,-982.8E-15
3.749E6,-739.1E-15,-774.1E-15,-938.9E-15,-983.1E-15
3.750E6,-739.3E-15,-774.4E-15,-939.1E-15,-983.3E-15
3.751E6,-739.5E-15,-774.6E-15,-939.4E-15,-983.6E-15
3.752E6,-739.7E-15,-774.8E-15,-939.6E-15,-983.9E-15
3.753E6,-739.9E-15,-775.0E-15,-939.9E-15,-984.1E-15
3.754E6,-740.1E-15,-775.2E-15,-940.1E-15,-984.4E-15
3.755E6,-740.3E-15,-775.4E-15,-940.4E-15,-984.6E-15
3.756E6,-740.5E-15,-775.6E-15,-940.6E-15,-984.9E-15
3.757E6,-740.7E-15,-775.8E-15,-940.9E-15,-985.2E-15
3.758E6,-740.9E-15,-776.0E-15,-941.1E-15,-985.4E-15
3.759E6,-741.1E-15,-776.2E-15,-941.4E-15,-985.7E-15
3.760E6,-741.3E-15,-776.4E-15,-941.6E-15,-986.0E-15
3.761E6,-741.4E-15,-776.6E-15,-941.9E-15,-986.2E-15
3.762E6,-741.6E-15,-776.8E-15,-942.1E-15,-986.5E-15
3.763E6,-741.8E-15,-777.0E-15,-942.4E-15,-986.7E-15
3.764E6,-742.0E-15,-777.2E-15,-942.6E-15,-987.0E-15
3.765E6,-742.2E-15,-777.5E-15,-942.9E-15,-987.3E-15
3.766E6,-742.4E-15,-777.7E-15,-943.1E-15,-987.5E-15
3.767E6,-742.6E-15,-777.9E-15,-943.4E-15,-987.8E-15
3.768E6,-742.8E-15,-778.1E-15,-943.6E-15,-988.1E-15
3.769E6,-743.0E-15,-778.3E-15,-943.9E-15,-988.3E-15
3.770E6,-743.2E-15,-778.5E-15,-944.1E-15,-988.6E-15
3.771E6,-743.4E-15,-778.7E-15,-944.4E-15,-988.8E-15
3.772E6,-743.6E-15,-778.9E-15,-944.6E-15,-989.1E-15
3.773E6,-743.8E-15,-779.1E-15,-944.9E-15,-989.4E-15
3.774E6,-744.0E-15,-779.3E-15,-945.1E-15,-989.6E-15
3.775E6,-744.2E-15,-779.5E-15,-945.4E-15,-989.9E-15
3.776E6,-744.4E-15,-779.7E-15,-945.6E-15,-990.2E-15
3.777E6,-744.6E-15,-779.9E-15,-945.9E-15,-990.4E-15
3.778E6,-744.8E-15,-780.1E-15,-946.1E-15,-990.7E-15
3.779E6,-745.0E-15,-780.3E-15,-946.4E-15,-990.9E-15
3.780E6,-745.2E-15,-780.5E-15,-946.6E-15,-991.2E-15
3.781E6,-745.4E-15,-780.8E-15,-946.9E-15,-991.5E-15
3.782E6,-745.6E-15,-781.0E-15,-947.1E-15,-991.7E-15
3.783E6,-745.8E-15,-781.2E-15,-947.4E-15,-992.0E-15
3.784E6,-746.0E-15,-781.4E-15,-947.6E-15,-992.3E-15
3.785E6,-746.2E-15,-781.6E-15,-947.9E-15,-992.5E-15
3.786E6,-746.4E-15,-781.8E-15,-948.1E-15,-992.8E-15
3.787E6,-746.6E-15,-782.0E-15,-948.4E-15,-993.0E-15
3.788E6,-746.8E-15,-782.2E-15,-948.6E-15,-993.3E-15
3.789E6,-747.0E-15,-782.4E-15,-948.9E-15,-993.6E-15
3.790E6,-747.2E-15,-782.6E-15,-949.1E-15,-993.8E-15
3.791E6,-747.4E-15,-782.8E-15,-949.4E-15,-994.1E-15
3.792E6,-747.6E-15,-783.0E-15,-949.6E-15,-994.3E-15
3.793E6,-747.8E-15,-783.2E-15,-949.9E-15,-994.6E-15
3.794E6,-748.0E-15,-783.4E-15,-950.1E-15,-994.9E-15
3.795E6,-748.2E-15,-783.6E-15,-950.4E-15,-995.1E-15
3.796E6,-748.3E-15,-783.9E-15,-950.6E-15,-995.4E-15
3.797E6,-748.5E-15,-784.1E-15,-950.9E-15,-995.7E-15
3.798E6,-748.7E-15,-784.3E-15,-951.1E-15,-995.9E-15
3.799E6,-748.9E-15,-784.5E-15,-951.4E-15,-996.2E-15
3.800E6,-749.1E-15,-784.7E-15,-951.7E-15,-996.4E-15
3.801E6,-749.3E-15,-784.9E-15,-951.9E-15,-996.7E-15
3.802E6,-749.5E-15,-785.1E-15,-952.2E-15,-997.0E-15
3.803E6,-749.7E-15,-785.3E-15,-952.4E-15,-997.2E-15
3.804E6,-749.9E-15,-785.5E-15,-952.7E-15,-997.5E-15
3.805E6,-750.1E-15,-785.7E-15,-952.9E-15,-997.8E-15
3.806E6,-750.3E-15,-785.9E-15,-953.2E-15,-998.0E-15
3.807E6,-750.5E-15,-786.1E-15,-953.4E-15,-998.3E-15
3.808E6,-750.7E-15,-786.3E-15,-953.7E-15,-998.5E-15
3.809E6,-750.9E-15,-786.5E-15,-953.9E-15,-998.8E-15
3.810E6,-751.1E-15,-786.7E-15,-954.2E-15,-999.1E-15
3.811E6,-751.3E-15,-786.9E-15,-954.4E-15,-999.3E-15
3.812E6,-751.5E-15,-787.2E-15,-954.7E-15,-999.6E-15
3.813E6,-751.7E-15,-787.4E-15,-954.9E-15,-999.9E-15
3.814E6,-751.9E-15,-787.6E-15,-955.2E-15,-1.000E-12
3.815E6,-752.1E-15,-787.8E-15,-955.4E-15,-1.000E-12
3.816E6,-752.3E-15,-788.0E-15,-955.7E-15,-1.001E-12
3.817E6,-752.5E-15,-788.2E-15,-955.9E-15,-1.001E-12
3.818E6,-752.7E-15,-788.4E-15,-956.2E-15,-1.001E-12
3.819E6,-752.9E-15,-788.6E-15,-956.4E-15,-1.001E-12
3.820E6,-753.1E-15,-788.8E-15,-956.7E-15,-1.002E-12
3.821E6,-753.3E-15,-789.0E-15,-956.9E-15,-1.002E-12
3.822E6,-753.5E-15,-789.2E-15,-957.2E-15,-1.002E-12
3.823E6,-753.7E-15,-789.4E-15,-957.4E-15,-1.002E-12
3.824E6,-753.9E-15,-789.6E-15,-957.7E-15,-1.003E-12
3.825E6,-754.1E-15,-789.8E-15,-957.9E-15,-1.003E-12
3.826E6,-754.3E-15,-790.0E-15,-958.2E-15,-1.003E-12
3.827E6,-754.5E-15,-790.3E-15,-958.4E-15,-1.004E-12
3.828E6,-754.7E-15,-790.5E-15,-958.7E-15,-1.004E-12
3.829E6,-754.9E-15,-790.7E-15,-958.9E-15,-1.004E-12
3.830E6,-755.1E-15,-790.9E-15,-959.2E-15,-1.004E-12
3.831E6,-755.2E-15,-791.1E-15,-959.4E-15,-1.005E-12
3.832E6,-755.4E-15,-791.3E-15,-959.7E-15,-1.005E-12
3.833E6,-755.6E-15,-791.5E-15,-959.9E-15,-1.005E-12
3.834E6,-755.8E-15,-791.7E-15,-960.2E-15,-1.005E-12
3.835E6,-756.0E-15,-791.9E-15,-960.4E-15,-1.006E-12
3.836E6,-756.2E-15,-792.1E-15,-960.7E-15,-1.006E-12
3.837E6,-756.4E-15,-792.3E-15,-960.9E-15,-1.006E-12
3.838E6,-756.6E-15,-792.5E-15,-961.2E-15,-1.006E-12
3.839E6,-756.8E-15,-792.7E-15,-961.4E-15,-1.007E-12
3.840E6,-757.0E-15,-792.9E-15,-961.7E-15,-1.007E-12
3.841E6,-757.2E-15,-793.1E-15,-961.9E-15,-1.007E-12
3.842E6,-757.4E-15,-793.4E-15,-962.2E-15,-1.007E-12
3.843E6,-757.6E-15,-793.6E-15,-962.4E-15,-1.008E-12
3.844E6,-757.8E-15,-793.8E-15,-962.7E-15,-1.008E-12
3.845E6,-758.0E-15,-794.0E-15,-962.9E-15,-1.008E-12
3.846E6,-758.2E-15,-794.2E-15,-963.2E-15,-1.009E-12
3.847E6,-758.4E-15,-794.4E-15,-963.4E-15,-1.009E-12
3.848E6,-758.6E-15,-794.6E-15,-963.7E-15,-1.009E-12
3.849E6,-758.8E-15,-794.8E-15,-963.9E-15,-1.009E-12
3.850E6,-759.0E-15,-795.0E-15,-964.2E-15,-1.010E-12
3.851E6,-759.2E-15,-795.2E-15,-964.4E-15,-1.010E-12
3.852E6,-759.4E-15,-795.4E-15,-964.7E-15,-1.010E-12
3.853E6,-759.6E-15,-795.6E-15,-964.9E-15,-1.010E-12
3.854E6,-759.8E-15,-795.8E-15,-965.2E-15,-1.011E-12
3.855E6,-760.0E-15,-796.0E-15,-965.4E-15,-1.011E-12
3.856E6,-760.2E-15,-796.2E-15,-965.7E-15,-1.011E-12
3.857E6,-760.4E-15,-796.4E-15,-965.9E-15,-1.011E-12
3.858E6,-760.6E-15,-796.7E-15,-966.2E-15,-1.012E-12
3.859E6,-760.8E-15,-796.9E-15,-966.4E-15,-1.012E-12
3.860E6,-761.0E-15,-797.1E-15,-966.7E-15,-1.012E-12
3.861E6,-761.2E-15,-797.3E-15,-966.9E-15,-1.012E-12
3.862E6,-761.4E-15,-797.5E-15,-967.2E-15,-1.013E-12
3.863E6,-761.6E-15,-797.7E-15,-967.4E-15,-1.013E-12
3.864E6,-761.8E-15,-797.9E-15,-967.7E-15,-1.013E-12
3.865E6,-762.0E-15,-798.1E-15,-967.9E-15,-1.013E-12
3.866E6,-762.1E-15,-798.3E-15,-968.2E-15,-1.014E-12
3.867E6,-762.3E-15,-798.5E-15,-968.4E-15,-1.014E-12
3.868E6,-762.5E-15,-798.7E-15,-968.7E-15,-1.014E-12
3.869E6,-762.7E-15,-798.9E-15,-968.9E-15,-1.015E-12
3.870E6,-762.9E-15,-799.1E-15,-969.2E-15,-1.015E-12
3.871E6,-763.1E-15,-799.3E-15,-969.4E-15,-1.015E-12
3.872E6,-763.3E-15,-799.5E-15,-969.7E-15,-1.015E-12
3.873E6,-763.5E-15,-799.8E-15,-969.9E-15,-1.016E-12
3.874E6,-763.7E-15,-800.0E-15,-970.2E-15,-1.016E-12
3.875E6,-763.9E-15,-800.2E-15,-970.4E-15,-1.016E-12
3.876E6,-764.1E-15,-800.4E-15,-970.7E-15,-1.016E-12
3.877E6,-764.3E-15,-800.6E-15,-970.9E-15,-1.017E-12
3.878E6,-764.5E-15,-800.8E-15,-971.2E-15,-1.017E-12
3.879E6,-764.7E-15,-801.0E-15,-971.4E-15,-1.017E-12
3.880E6,-764.9E-15,-801.2E-15,-971.7E-15,-1.017E-12
3.881E6,-765.1E-15,-801.4E-15,-971.9E-15,-1.018E-12
3.882E6,-765.3E-15,-801.6E-15,-972.2E-15,-1.018E-12
3.883E6,-765.5E-15,-801.8E-15,-972.4E-15,-1.018E-12
3.884E6,-765.7E-15,-802.0E-15,-972.7E-15,-1.018E-12
3.885E6,-765.9E-15,-802.2E-15,-972.9E-15,-1.019E-12
3.886E6,-766.1E-15,-802.4E-15,-973.2E-15,-1.019E-12
3.887E6,-766.3E-15,-802.6E-15,-973.4E-15,-1.019E-12
3.888E6,-766.5E-15,-802.8E-15,-973.7E-15,-1.020E-12
3.889E6,-766.7E-15,-803.1E-15,-973.9E-15,-1.020E-12
3.890E6,-766.9E-15,-803.3E-15,-974.2E-15,-1.020E-12
3.891E6,-767.1E-15,-803.5E-15,-974.4E-15,-1.020E-12
3.892E6,-767.3E-15,-803.7E-15,-974.7E-15,-1.021E-12
3.893E6,-767.5E-15,-803.9E-15,-974.9E-15,-1.021E-12
3.894E6,-767.7E-15,-804.1E-15,-975.2E-15,-1.021E-12
3.895E6,-767.9E-15,-804.3E-15,-975.4E-15,-1.021E-12
3.896E6,-768.1E-15,-804.5E-15,-975.7E-15,-1.022E-12
3.897E6,-768.3E-15,-804.7E-15,-975.9E-15,-1.022E-12
3.898E6,-768.5E-15,-804.9E-15,-976.2E-15,-1.022E-12
3.899E6,-768.7E-15,-805.1E-15,-976.4E-15,-1.022E-12
3.900E6,-768.9E-15,-805.3E-15,-976.7E-15,-1.023E-12
3.901E6,-769.0E-15,-805.5E-15,-976.9E-15,-1.023E-12
3.902E6,-769.2E-15,-805.7E-15,-977.2E-15,-1.023E-12
3.903E6,-769.4E-15,-805.9E-15,-977.4E-15,-1.023E-12
3.904E6,-769.6E-15,-806.2E-15,-977.7E-15,-1.024E-12
3.905E6,-769.8E-15,-806.4E-15,-977.9E-15,-1.024E-12
3.906E6,-770.0E-15,-806.6E-15,-978.2E-15,-1.024E-12
3.907E6,-770.2E-15,-806.8E-15,-978.4E-15,-1.025E-12
3.908E6,-770.4E-15,-807.0E-15,-978.7E-15,-1.025E-12
3.909E6,-770.6E-15,-807.2E-15,-978.9E-15,-1.025E-12
3.910E6,-770.8E-15,-807.4E-15,-979.2E-15,-1.025E-12
3.911E6,-771.0E-15,-807.6E-15,-979.4E-15,-1.026E-12
3.912E6,-771.2E-15,-807.8E-15,-979.7E-15,-1.026E-12
3.913E6,-771.4E-15,-808.0E-15,-979.9E-15,-1.026E-12
3.914E6,-771.6E-15,-808.2E-15,-980.2E-15,-1.026E-12
3.915E6,-771.8E-15,-808.4E-15,-980.4E-15,-1.027E-12
3.916E6,-772.0E-15,-808.6E-15,-980.7E-15,-1.027E-12
3.917E6,-772.2E-15,-808.8E-15,-981.0E-15,-1.027E-12
3.918E6,-772.4E-15,-809.0E-15,-981.2E-15,-1.027E-12
3.919E6,-772.6E-15,-809.3E-15,-981.5E-15,-1.028E-12
3.920E6,-772.8E-15,-809.5E-15,-981.7E-15,-1.028E-12
3.921E6,-773.0E-15,-809.7E-15,-982.0E-15,-1.028E-12
3.922E6,-773.2E-15,-809.9E-15,-982.2E-15,-1.028E-12
3.923E6,-773.4E-15,-810.1E-15,-982.5E-15,-1.029E-12
3.924E6,-773.6E-15,-810.3E-15,-982.7E-15,-1.029E-12
3.925E6,-773.8E-15,-810.5E-15,-983.0E-15,-1.029E-12
3.926E6,-774.0E-15,-810.7E-15,-983.2E-15,-1.029E-12
3.927E6,-774.2E-15,-810.9E-15,-983.5E-15,-1.030E-12
3.928E6,-774.4E-15,-811.1E-15,-983.7E-15,-1.030E-12
3.929E6,-774.6E-15,-811.3E-15,-984.0E-15,-1.030E-12
3.930E6,-774.8E-15,-811.5E-15,-984.2E-15,-1.031E-12
3.931E6,-775.0E-15,-811.7E-15,-984.5E-15,-1.031E-12
3.932E6,-775.2E-15,-811.9E-15,-984.7E-15,-1.031E-12
3.933E6,-775.4E-15,-812.1E-15,-985.0E-15,-1.031E-12
3.934E6,-775.6E-15,-812.3E-15,-985.2E-15,-1.032E-12
3.935E6,-775.8E-15,-812.6E-15,-985.5E-15,-1.032E-12
3.936E6,-775.9E-15,-812.8E-15,-985.7E-15,-1.032E-12
3.937E6,-776.1E-15,-813.0E-15,-986.0E-15,-1.032E-12
3.938E6,-776.3E-15,-813.2E-15,-986.2E-15,-1.033E-12
3.939E6,-776.5E-15,-813.4E-15,-986.5E-15,-1.033E-12
3.940E6,-776.7E-15,-813.6E-15,-986.7E-15,-1.033E-12
3.941E6,-776.9E-15,-813.8E-15,-987.0E-15,-1.033E-12
3.942E6,-777.1E-15,-814.0E-15,-987.2E-15,-1.034E-12
3.943E6,-777.3E-15,-814.2E-15,-987.5E-15,-1.034E-12
3.944E6,-777.5E-15,-814.4E-15,-987.7E-15,-1.034E-12
3.945E6,-777.7E-15,-814.6E-15,-988.0E-15,-1.034E-12
3.946E6,-777.9E-15,-814.8E-15,-988.2E-15,-1.035E-12
3.947E6,-778.1E-15,-815.0E-15,-988.5E-15,-1.035E-12
3.948E6,-778.3E-15,-815.2E-15,-988.7E-15,-1.035E-12
3.949E6,-778.5E-15,-815.4E-15,-989.0E-15,-1.036E-12
3.950E6,-778.7E-15,-815.7E-15,-989.2E-15,-1.036E-12
3.951E6,-778.9E-15,-815.9E-15,-989.5E-15,-1.036E-12
3.952E6,-779.1E-15,-816.1E-15,-989.7E-15,-1.036E-12
3.953E6,-779.3E-15,-816.3E-15,-990.0E-15,-1.037E-12
3.954E6,-779.5E-15,-816.5E-15,-990.2E-15,-1.037E-12
3.955E6,-779.7E-15,-816.7E-15,-990.5E-15,-1.037E-12
3.956E6,-779.9E-15,-816.9E-15,-990.7E-15,-1.037E-12
3.957E6,-780.1E-15,-817.1E-15,-991.0E-15,-1.038E-12
3.958E6,-780.3E-15,-817.3E-15,-991.2E-15,-1.038E-12
3.959E6,-780.5E-15,-817.5E-15,-991.5E-15,-1.038E-12
3.960E6,-780.7E-15,-817.7E-15,-991.7E-15,-1.038E-12
3.961E6,-780.9E-15,-817.9E-15,-992.0E-15,-1.039E-12
3.962E6,-781.1E-15,-818.1E-15,-992.2E-15,-1.039E-12
3.963E6,-781.3E-15,-818.3E-15,-992.5E-15,-1.039E-12
3.964E6,-781.5E-15,-818.5E-15,-992.7E-15,-1.039E-12
3.965E6,-781.7E-15,-818.7E-15,-993.0E-15,-1.040E-12
3.966E6,-781.9E-15,-819.0E-15,-993.2E-15,-1.040E-12
3.967E6,-782.1E-15,-819.2E-15,-993.5E-15,-1.040E-12
3.968E6,-782.3E-15,-819.4E-15,-993.7E-15,-1.040E-12
3.969E6,-782.5E-15,-819.6E-15,-994.0E-15,-1.041E-12
3.970E6,-782.7E-15,-819.8E-15,-994.2E-15,-1.041E-12
3.971E6,-782.8E-15,-820.0E-15,-994.5E-15,-1.041E-12
3.972E6,-783.0E-15,-820.2E-15,-994.7E-15,-1.042E-12
3.973E6,-783.2E-15,-820.4E-15,-995.0E-15,-1.042E-12
3.974E6,-783.4E-15,-820.6E-15,-995.2E-15,-1.042E-12
3.975E6,-783.6E-15,-820.8E-15,-995.5E-15,-1.042E-12
3.976E6,-783.8E-15,-821.0E-15,-995.7E-15,-1.043E-12
3.977E6,-784.0E-15,-821.2E-15,-996.0E-15,-1.043E-12
3.978E6,-784.2E-15,-821.4E-15,-996.2E-15,-1.043E-12
3.979E6,-784.4E-15,-821.6E-15,-996.5E-15,-1.043E-12
3.980E6,-784.6E-15,-821.8E-15,-996.7E-15,-1.044E-12
3.981E6,-784.8E-15,-822.1E-15,-997.0E-15,-1.044E-12
3.982E6,-785.0E-15,-822.3E-15,-997.2E-15,-1.044E-12
3.983E6,-785.2E-15,-822.5E-15,-997.5E-15,-1.044E-12
3.984E6,-785.4E-15,-822.7E-15,-997.7E-15,-1.045E-12
3.985E6,-785.6E-15,-822.9E-15,-998.0E-15,-1.045E-12
3.986E6,-785.8E-15,-823.1E-15,-998.2E-15,-1.045E-12
3.987E6,-786.0E-15,-823.3E-15,-998.5E-15,-1.045E-12
3.988E6,-786.2E-15,-823.5E-15,-998.7E-15,-1.046E-12
3.989E6,-786.4E-15,-823.7E-15,-999.0E-15,-1.046E-12
3.990E6,-786.6E-15,-823.9E-15,-999.2E-15,-1.046E-12
3.991E6,-786.8E-15,-824.1E-15,-999.5E-15,-1.047E-12
3.992E6,-787.0E-15,-824.3E-15,-999.7E-15,-1.047E-12
3.993E6,-787.2E-15,-824.5E-15,-1.000E-12,-1.047E-12
3.994E6,-787.4E-15,-824.7E-15,-1.000E-12,-1.047E-12
3.995E6,-787.6E-15,-824.9E-15,-1.000E-12,-1.048E-12
3.996E6,-787.8E-15,-825.2E-15,-1.001E-12,-1.048E-12
3.997E6,-788.0E-15,-825.4E-15,-1.001E-12,-1.048E-12
3.998E6,-788.2E-15,-825.6E-15,-1.001E-12,-1.048E-12
3.999E6,-788.4E-15,-825.8E-15,-1.001E-12,-1.049E-12
4.000E6,-788.6E-15,-826.0E-15,-1.002E-12,-1.049E-12
4.001E6,-788.8E-15,-826.2E-15,-1.002E-12,-1.049E-12
4.002E6,-789.0E-15,-826.4E-15,-1.002E-12,-1.049E-12
4.003E6,-789.2E-15,-826.6E-15,-1.002E-12,-1.050E-12
4.004E6,-789.4E-15,-826.8E-15,-1.003E-12,-1.050E-12
4.005E6,-789.6E-15,-827.0E-15,-1.003E-12,-1.050E-12
4.006E6,-789.7E-15,-827.2E-15,-1.003E-12,-1.050E-12
4.007E6,-789.9E-15,-827.4E-15,-1.003E-12,-1.051E-12
4.008E6,-790.1E-15,-827.6E-15,-1.004E-12,-1.051E-12
4.009E6,-790.3E-15,-827.8E-15,-1.004E-12,-1.051E-12
4.010E6,-790.5E-15,-828.0E-15,-1.004E-12,-1.052E-12
4.011E6,-790.7E-15,-828.2E-15,-1.004E-12,-1.052E-12
4.012E6,-790.9E-15,-828.5E-15,-1.005E-12,-1.052E-12
4.013E6,-791.1E-15,-828.7E-15,-1.005E-12,-1.052E-12
4.014E6,-791.3E-15,-828.9E-15,-1.005E-12,-1.053E-12
4.015E6,-791.5E-15,-829.1E-15,-1.005E-12,-1.053E-12
4.016E6,-791.7E-15,-829.3E-15,-1.006E-12,-1.053E-12
4.017E6,-791.9E-15,-829.5E-15,-1.006E-12,-1.053E-12
4.018E6,-792.1E-15,-829.7E-15,-1.006E-12,-1.054E-12
4.019E6,-792.3E-15,-829.9E-15,-1.006E-12,-1.054E-12
4.020E6,-792.5E-15,-830.1E-15,-1.007E-12,-1.054E-12
4.021E6,-792.7E-15,-830.3E-15,-1.007E-12,-1.054E-12
4.022E6,-792.9E-15,-830.5E-15,-1.007E-12,-1.055E-12
4.023E6,-793.1E-15,-830.7E-15,-1.007E-12,-1.055E-12
4.024E6,-793.3E-15,-830.9E-15,-1.008E-12,-1.055E-12
4.025E6,-793.5E-15,-831.1E-15,-1.008E-12,-1.055E-12
4.026E6,-793.7E-15,-831.3E-15,-1.008E-12,-1.056E-12
4.027E6,-793.9E-15,-831.6E-15,-1.008E-12,-1.056E-12
4.028E6,-794.1E-15,-831.8E-15,-1.009E-12,-1.056E-12
4.029E6,-794.3E-15,-832.0E-15,-1.009E-12,-1.056E-12
4.030E6,-794.5E-15,-832.2E-15,-1.009E-12,-1.057E-12
4.031E6,-794.7E-15,-832.4E-15,-1.009E-12,-1.057E-12
4.032E6,-794.9E-15,-832.6E-15,-1.010E-12,-1.057E-12
4.033E6,-795.1E-15,-832.8E-15,-1.010E-12,-1.058E-12
4.034E6,-795.3E-15,-833.0E-15,-1.010E-12,-1.058E-12
4.035E6,-795.5E-15,-833.2E-15,-1.011E-12,-1.058E-12
4.036E6,-795.7E-15,-833.4E-15,-1.011E-12,-1.058E-12
4.037E6,-795.9E-15,-833.6E-15,-1.011E-12,-1.059E-12
4.038E6,-796.1E-15,-833.8E-15,-1.011E-12,-1.059E-12
4.039E6,-796.3E-15,-834.0E-15,-1.012E-12,-1.059E-12
4.040E6,-796.5E-15,-834.2E-15,-1.012E-12,-1.059E-12
4.041E6,-796.6E-15,-834.4E-15,-1.012E-12,-1.060E-12
4.042E6,-796.8E-15,-834.6E-15,-1.012E-12,-1.060E-12
4.043E6,-797.0E-15,-834.9E-15,-1.013E-12,-1.060E-12
4.044E6,-797.2E-15,-835.1E-15,-1.013E-12,-1.060E-12
4.045E6,-797.4E-15,-835.3E-15,-1.013E-12,-1.061E-12
4.046E6,-797.6E-15,-835.5E-15,-1.013E-12,-1.061E-12
4.047E6,-797.8E-15,-835.7E-15,-1.014E-12,-1.061E-12
4.048E6,-798.0E-15,-835.9E-15,-1.014E-12,-1.061E-12
4.049E6,-798.2E-15,-836.1E-15,-1.014E-12,-1.062E-12
4.050E6,-798.4E-15,-836.3E-15,-1.014E-12,-1.062E-12
4.051E6,-798.6E-15,-836.5E-15,-1.015E-12,-1.062E-12
4.052E6,-798.8E-15,-836.7E-15,-1.015E-12,-1.063E-12
4.053E6,-799.0E-15,-836.9E-15,-1.015E-12,-1.063E-12
4.054E6,-799.2E-15,-837.1E-15,-1.015E-12,-1.063E-12
4.055E6,-799.4E-15,-837.3E-15,-1.016E-12,-1.063E-12
4.056E6,-799.6E-15,-837.5E-15,-1.016E-12,-1.064E-12
4.057E6,-799.8E-15,-837.7E-15,-1.016E-12,-1.064E-12
4.058E6,-800.0E-15,-838.0E-15,-1.016E-12,-1.064E-12
4.059E6,-800.2E-15,-838.2E-15,-1.017E-12,-1.064E-12
4.060E6,-800.4E-15,-838.4E-15,-1.017E-12,-1.065E-12
4.061E6,-800.6E-15,-838.6E-15,-1.017E-12,-1.065E-12
4.062E6,-800.8E-15,-838.8E-15,-1.017E-12,-1.065E-12
4.063E6,-801.0E-15,-839.0E-15,-1.018E-12,-1.065E-12
4.064E6,-801.2E-15,-839.2E-15,-1.018E-12,-1.066E-12
4.065E6,-801.4E-15,-839.4E-15,-1.018E-12,-1.066E-12
4.066E6,-801.6E-15,-839.6E-15,-1.018E-12,-1.066E-12
4.067E6,-801.8E-15,-839.8E-15,-1.019E-12,-1.066E-12
4.068E6,-802.0E-15,-840.0E-15,-1.019E-12,-1.067E-12
4.069E6,-802.2E-15,-840.2E-15,-1.019E-12,-1.067E-12
4.070E6,-802.4E-15,-840.4E-15,-1.019E-12,-1.067E-12
4.071E6,-802.6E-15,-840.6E-15,-1.020E-12,-1.068E-12
4.072E6,-802.8E-15,-840.8E-15,-1.020E-12,-1.068E-12
4.073E6,-803.0E-15,-841.1E-15,-1.020E-12,-1.068E-12
4.074E6,-803.2E-15,-841.3E-15,-1.020E-12,-1.068E-12
4.075E6,-803.3E-15,-841.5E-15,-1.021E-12,-1.069E-12
4.076E6,-803.5E-15,-841.7E-15,-1.021E-12,-1.069E-12
4.077E6,-803.7E-15,-841.9E-15,-1.021E-12,-1.069E-12
4.078E6,-803.9E-15,-842.1E-15,-1.021E-12,-1.069E-12
4.079E6,-804.1E-15,-842.3E-15,-1.022E-12,-1.070E-12
4.080E6,-804.3E-15,-842.5E-15,-1.022E-12,-1.070E-12
4.081E6,-804.5E-15,-842.7E-15,-1.022E-12,-1.070E-12
4.082E6,-804.7E-15,-842.9E-15,-1.022E-12,-1.070E-12
4.083E6,-804.9E-15,-843.1E-15,-1.023E-12,-1.071E-12
4.084E6,-805.1E-15,-843.3E-15,-1.023E-12,-1.071E-12
4.085E6,-805.3E-15,-843.5E-15,-1.023E-12,-1.071E-12
4.086E6,-805.5E-15,-843.7E-15,-1.023E-12,-1.071E-12
4.087E6,-805.7E-15,-843.9E-15,-1.024E-12,-1.072E-12
4.088E6,-805.9E-15,-844.1E-15,-1.024E-12,-1.072E-12
4.089E6,-806.1E-15,-844.4E-15,-1.024E-12,-1.072E-12
4.090E6,-806.3E-15,-844.6E-15,-1.024E-12,-1.072E-12
4.091E6,-806.5E-15,-844.8E-15,-1.025E-12,-1.073E-12
4.092E6,-806.7E-15,-845.0E-15,-1.025E-12,-1.073E-12
4.093E6,-806.9E-15,-845.2E-15,-1.025E-12,-1.073E-12
4.094E6,-807.1E-15,-845.4E-15,-1.025E-12,-1.074E-12
4.095E6,-807.3E-15,-845.6E-15,-1.026E-12,-1.074E-12
4.096E6,-807.5E-15,-845.8E-15,-1.026E-12,-1.074E-12
4.097E6,-807.7E-15,-846.0E-15,-1.026E-12,-1.074E-12
4.098E6,-807.9E-15,-846.2E-15,-1.026E-12,-1.075E-12
4.099E6,-808.1E-15,-846.4E-15,-1.027E-12,-1.075E-12
4.100E6,-808.3E-15,-846.6E-15,-1.027E-12,-1.075E-12
4.101E6,-808.5E-15,-846.8E-15,-1.027E-12,-1.075E-12
4.102E6,-808.7E-15,-847.0E-15,-1.027E-12,-1.076E-12
4.103E6,-808.9E-15,-847.2E-15,-1.028E-12,-1.076E-12
4.104E6,-809.1E-15,-847.5E-15,-1.028E-12,-1.076E-12
4.105E6,-809.3E-15,-847.7E-15,-1.028E-12,-1.076E-12
4.106E6,-809.5E-15,-847.9E-15,-1.028E-12,-1.077E-12
4.107E6,-809.7E-15,-848.1E-15,-1.029E-12,-1.077E-12
4.108E6,-809.9E-15,-848.3E-15,-1.029E-12,-1.077E-12
4.109E6,-810.1E-15,-848.5E-15,-1.029E-12,-1.077E-12
4.110E6,-810.2E-15,-848.7E-15,-1.029E-12,-1.078E-12
4.111E6,-810.4E-15,-848.9E-15,-1.030E-12,-1.078E-12
4.112E6,-810.6E-15,-849.1E-15,-1.030E-12,-1.078E-12
4.113E6,-810.8E-15,-849.3E-15,-1.030E-12,-1.079E-12
4.114E6,-811.0E-15,-849.5E-15,-1.030E-12,-1.079E-12
4.115E6,-811.2E-15,-849.7E-15,-1.031E-12,-1.079E-12
4.116E6,-811.4E-15,-849.9E-15,-1.031E-12,-1.079E-12
4.117E6,-811.6E-15,-850.1E-15,-1.031E-12,-1.080E-12
4.118E6,-811.8E-15,-850.3E-15,-1.031E-12,-1.080E-12
4.119E6,-812.0E-15,-850.5E-15,-1.032E-12,-1.080E-12
4.120E6,-812.2E-15,-850.8E-15,-1.032E-12,-1.080E-12
4.121E6,-812.4E-15,-851.0E-15,-1.032E-12,-1.081E-12
4.122E6,-812.6E-15,-851.2E-15,-1.032E-12,-1.081E-12
4.123E6,-812.8E-15,-851.4E-15,-1.033E-12,-1.081E-12
4.124E6,-813.0E-15,-851.6E-15,-1.033E-12,-1.081E-12
4.125E6,-813.2E-15,-851.8E-15,-1.033E-12,-1.082E-12
4.126E6,-813.4E-15,-852.0E-15,-1.033E-12,-1.082E-12
4.127E6,-813.6E-15,-852.2E-15,-1.034E-12,-1.082E-12
4.128E6,-813.8E-15,-852.4E-15,-1.034E-12,-1.082E-12
4.129E6,-814.0E-15,-852.6E-15,-1.034E-12,-1.083E-12
4.130E6,-814.2E-15,-852.8E-15,-1.034E-12,-1.083E-12
4.131E6,-814.4E-15,-853.0E-15,-1.035E-12,-1.083E-12
4.132E6,-814.6E-15,-853.2E-15,-1.035E-12,-1.084E-12
4.133E6,-814.8E-15,-853.4E-15,-1.035E-12,-1.084E-12
4.134E6,-815.0E-15,-853.6E-15,-1.035E-12,-1.084E-12
4.135E6,-815.2E-15,-853.9E-15,-1.036E-12,-1.084E-12
4.136E6,-815.4E-15,-854.1E-15,-1.036E-12,-1.085E-12
4.137E6,-815.6E-15,-854.3E-15,-1.036E-12,-1.085E-12
4.138E6,-815.8E-15,-854.5E-15,-1.036E-12,-1.085E-12
4.139E6,-816.0E-15,-854.7E-15,-1.037E-12,-1.085E-12
4.140E6,-816.2E-15,-854.9E-15,-1.037E-12,-1.086E-12
4.141E6,-816.4E-15,-855.1E-15,-1.037E-12,-1.086E-12
4.142E6,-816.6E-15,-855.3E-15,-1.037E-12,-1.086E-12
4.143E6,-816.8E-15,-855.5E-15,-1.038E-12,-1.086E-12
4.144E6,-817.0E-15,-855.7E-15,-1.038E-12,-1.087E-12
4.145E6,-817.1E-15,-855.9E-15,-1.038E-12,-1.087E-12
4.146E6,-817.3E-15,-856.1E-15,-1.038E-12,-1.087E-12
4.147E6,-817.5E-15,-856.3E-15,-1.039E-12,-1.087E-12
4.148E6,-817.7E-15,-856.5E-15,-1.039E-12,-1.088E-12
4.149E6,-817.9E-15,-856.7E-15,-1.039E-12,-1.088E-12
4.150E6,-818.1E-15,-856.9E-15,-1.039E-12,-1.088E-12
4.151E6,-818.3E-15,-857.2E-15,-1.040E-12,-1.088E-12
4.152E6,-818.5E-15,-857.4E-15,-1.040E-12,-1.089E-12
4.153E6,-818.7E-15,-857.6E-15,-1.040E-12,-1.089E-12
4.154E6,-818.9E-15,-857.8E-15,-1.040E-12,-1.089E-12
4.155E6,-819.1E-15,-858.0E-15,-1.041E-12,-1.090E-12
4.156E6,-819.3E-15,-858.2E-15,-1.041E-12,-1.090E-12
4.157E6,-819.5E-15,-858.4E-15,-1.041E-12,-1.090E-12
4.158E6,-819.7E-15,-858.6E-15,-1.041E-12,-1.090E-12
4.159E6,-819.9E-15,-858.8E-15,-1.042E-12,-1.091E-12
4.160E6,-820.1E-15,-859.0E-15,-1.042E-12,-1.091E-12
4.161E6,-820.3E-15,-859.2E-15,-1.042E-12,-1.091E-12
4.162E6,-820.5E-15,-859.4E-15,-1.042E-12,-1.091E-12
4.163E6,-820.7E-15,-859.6E-15,-1.043E-12,-1.092E-12
4.164E6,-820.9E-15,-859.8E-15,-1.043E-12,-1.092E-12
4.165E6,-821.1E-15,-860.0E-15,-1.043E-12,-1.092E-12
4.166E6,-821.3E-15,-860.3E-15,-1.043E-12,-1.092E-12
4.167E6,-821.5E-15,-860.5E-15,-1.044E-12,-1.093E-12
4.168E6,-821.7E-15,-860.7E-15,-1.044E-12,-1.093E-12
4.169E6,-821.9E-15,-860.9E-15,-1.044E-12,-1.093E-12
4.170E6,-822.1E-15,-861.1E-15,-1.044E-12,-1.093E-12
4.171E6,-822.3E-15,-861.3E-15,-1.045E-12,-1.094E-12
4.172E6,-822.5E-15,-861.5E-15,-1.045E-12,-1.094E-12
4.173E6,-822.7E-15,-861.7E-15,-1.045E-12,-1.094E-12
4.174E6,-822.9E-15,-861.9E-15,-1.045E-12,-1.095E-12
4.175E6,-823.1E-15,-862.1E-15,-1.046E-12,-1.095E-12
4.176E6,-823.3E-15,-862.3E-15,-1.046E-12,-1.095E-12
4.177E6,-823.5E-15,-862.5E-15,-1.046E-12,-1.095E-12
4.178E6,-823.7E-15,-862.7E-15,-1.046E-12,-1.096E-12
4.179E6,-823.9E-15,-862.9E-15,-1.047E-12,-1.096E-12
4.180E6,-824.0E-15,-863.1E-15,-1.047E-12,-1.096E-12
4.181E6,-824.2E-15,-863.4E-15,-1.047E-12,-1.096E-12
4.182E6,-824.4E-15,-863.6E-15,-1.047E-12,-1.097E-12
4.183E6,-824.6E-15,-863.8E-15,-1.048E-12,-1.097E-12
4.184E6,-824.8E-15,-864.0E-15,-1.048E-12,-1.097E-12
4.185E6,-825.0E-15,-864.2E-15,-1.048E-12,-1.097E-12
4.186E6,-825.2E-15,-864.4E-15,-1.048E-12,-1.098E-12
4.187E6,-825.4E-15,-864.6E-15,-1.049E-12,-1.098E-12
4.188E6,-825.6E-15,-864.8E-15,-1.049E-12,-1.098E-12
4.189E6,-825.8E-15,-865.0E-15,-1.049E-12,-1.098E-12
4.190E6,-826.0E-15,-865.2E-15,-1.049E-12,-1.099E-12
4.191E6,-826.2E-15,-865.4E-15,-1.050E-12,-1.099E-12
4.192E6,-826.4E-15,-865.6E-15,-1.050E-12,-1.099E-12
4.193E6,-826.6E-15,-865.8E-15,-1.050E-12,-1.099E-12
4.194E6,-826.8E-15,-866.0E-15,-1.050E-12,-1.100E-12
4.195E6,-827.0E-15,-866.2E-15,-1.051E-12,-1.100E-12
4.196E6,-827.2E-15,-866.4E-15,-1.051E-12,-1.100E-12
4.197E6,-827.4E-15,-866.7E-15,-1.051E-12,-1.101E-12
4.198E6,-827.6E-15,-866.9E-15,-1.051E-12,-1.101E-12
4.199E6,-827.8E-15,-867.1E-15,-1.052E-12,-1.101E-12
4.200E6,-828.0E-15,-867.3E-15,-1.052E-12,-1.101E-12
4.201E6,-828.2E-15,-867.5E-15,-1.052E-12,-1.102E-12
4.202E6,-828.4E-15,-867.7E-15,-1.052E-12,-1.102E-12
4.203E6,-828.6E-15,-867.9E-15,-1.053E-12,-1.102E-12
4.204E6,-828.8E-15,-868.1E-15,-1.053E-12,-1.102E-12
4.205E6,-829.0E-15,-868.3E-15,-1.053E-12,-1.103E-12
4.206E6,-829.2E-15,-868.5E-15,-1.053E-12,-1.103E-12
4.207E6,-829.4E-15,-868.7E-15,-1.054E-12,-1.103E-12
4.208E6,-829.6E-15,-868.9E-15,-1.054E-12,-1.103E-12
4.209E6,-829.8E-15,-869.1E-15,-1.054E-12,-1.104E-12
4.210E6,-830.0E-15,-869.3E-15,-1.054E-12,-1.104E-12
4.211E6,-830.2E-15,-869.5E-15,-1.055E-12,-1.104E-12
4.212E6,-830.4E-15,-869.8E-15,-1.055E-12,-1.104E-12
4.213E6,-830.6E-15,-870.0E-15,-1.055E-12,-1.105E-12
4.214E6,-830.8E-15,-870.2E-15,-1.055E-12,-1.105E-12
4.215E6,-830.9E-15,-870.4E-15,-1.056E-12,-1.105E-12
4.216E6,-831.1E-15,-870.6E-15,-1.056E-12,-1.106E-12
4.217E6,-831.3E-15,-870.8E-15,-1.056E-12,-1.106E-12
4.218E6,-831.5E-15,-871.0E-15,-1.056E-12,-1.106E-12
4.219E6,-831.7E-15,-871.2E-15,-1.057E-12,-1.106E-12
4.220E6,-831.9E-15,-871.4E-15,-1.057E-12,-1.107E-12
4.221E6,-832.1E-15,-871.6E-15,-1.057E-12,-1.107E-12
4.222E6,-832.3E-15,-871.8E-15,-1.057E-12,-1.107E-12
4.223E6,-832.5E-15,-872.0E-15,-1.058E-12,-1.107E-12
4.224E6,-832.7E-15,-872.2E-15,-1.058E-12,-1.108E-12
4.225E6,-832.9E-15,-872.4E-15,-1.058E-12,-1.108E-12
4.226E6,-833.1E-15,-872.6E-15,-1.058E-12,-1.108E-12
4.227E6,-833.3E-15,-872.8E-15,-1.059E-12,-1.108E-12
4.228E6,-833.5E-15,-873.1E-15,-1.059E-12,-1.109E-12
4.229E6,-833.7E-15,-873.3E-15,-1.059E-12,-1.109E-12
4.230E6,-833.9E-15,-873.5E-15,-1.059E-12,-1.109E-12
4.231E6,-834.1E-15,-873.7E-15,-1.060E-12,-1.109E-12
4.232E6,-834.3E-15,-873.9E-15,-1.060E-12,-1.110E-12
4.233E6,-834.5E-15,-874.1E-15,-1.060E-12,-1.110E-12
4.234E6,-834.7E-15,-874.3E-15,-1.060E-12,-1.110E-12
4.235E6,-834.9E-15,-874.5E-15,-1.061E-12,-1.111E-12
4.236E6,-835.1E-15,-874.7E-15,-1.061E-12,-1.111E-12
4.237E6,-835.3E-15,-874.9E-15,-1.061E-12,-1.111E-12
4.238E6,-835.5E-15,-875.1E-15,-1.061E-12,-1.111E-12
4.239E6,-835.7E-15,-875.3E-15,-1.062E-12,-1.112E-12
4.240E6,-835.9E-15,-875.5E-15,-1.062E-12,-1.112E-12
4.241E6,-836.1E-15,-875.7E-15,-1.062E-12,-1.112E-12
4.242E6,-836.3E-15,-875.9E-15,-1.062E-12,-1.112E-12
4.243E6,-836.5E-15,-876.2E-15,-1.063E-12,-1.113E-12
4.244E6,-836.7E-15,-876.4E-15,-1.063E-12,-1.113E-12
4.245E6,-836.9E-15,-876.6E-15,-1.063E-12,-1.113E-12
4.246E6,-837.1E-15,-876.8E-15,-1.063E-12,-1.113E-12
4.247E6,-837.3E-15,-877.0E-15,-1.064E-12,-1.114E-12
4.248E6,-837.5E-15,-877.2E-15,-1.064E-12,-1.114E-12
4.249E6,-837.7E-15,-877.4E-15,-1.064E-12,-1.114E-12
4.250E6,-837.8E-15,-877.6E-15,-1.064E-12,-1.114E-12
4.251E6,-838.0E-15,-877.8E-15,-1.065E-12,-1.115E-12
4.252E6,-838.2E-15,-878.0E-15,-1.065E-12,-1.115E-12
4.253E6,-838.4E-15,-878.2E-15,-1.065E-12,-1.115E-12
4.254E6,-838.6E-15,-878.4E-15,-1.065E-12,-1.115E-12
4.255E6,-838.8E-15,-878.6E-15,-1.066E-12,-1.116E-12
4.256E6,-839.0E-15,-878.8E-15,-1.066E-12,-1.116E-12
4.257E6,-839.2E-15,-879.0E-15,-1.066E-12,-1.116E-12
4.258E6,-839.4E-15,-879.3E-15,-1.066E-12,-1.117E-12
4.259E6,-839.6E-15,-879.5E-15,-1.067E-12,-1.117E-12
4.260E6,-839.8E-15,-879.7E-15,-1.067E-12,-1.117E-12
4.261E6,-840.0E-15,-879.9E-15,-1.067E-12,-1.117E-12
4.262E6,-840.2E-15,-880.1E-15,-1.067E-12,-1.118E-12
4.263E6,-840.4E-15,-880.3E-15,-1.068E-12,-1.118E-12
4.264E6,-840.6E-15,-880.5E-15,-1.068E-12,-1.118E-12
4.265E6,-840.8E-15,-880.7E-15,-1.068E-12,-1.118E-12
4.266E6,-841.0E-15,-880.9E-15,-1.068E-12,-1.119E-12
4.267E6,-841.2E-15,-881.1E-15,-1.069E-12,-1.119E-12
4.268E6,-841.4E-15,-881.3E-15,-1.069E-12,-1.119E-12
4.269E6,-841.6E-15,-881.5E-15,-1.069E-12,-1.119E-12
4.270E6,-841.8E-15,-881.7E-15,-1.069E-12,-1.120E-12
4.271E6,-842.0E-15,-881.9E-15,-1.070E-12,-1.120E-12
4.272E6,-842.2E-15,-882.1E-15,-1.070E-12,-1.120E-12
4.273E6,-842.4E-15,-882.3E-15,-1.070E-12,-1.120E-12
4.274E6,-842.6E-15,-882.6E-15,-1.070E-12,-1.121E-12
4.275E6,-842.8E-15,-882.8E-15,-1.071E-12,-1.121E-12
4.276E6,-843.0E-15,-883.0E-15,-1.071E-12,-1.121E-12
4.277E6,-843.2E-15,-883.2E-15,-1.071E-12,-1.122E-12
4.278E6,-843.4E-15,-883.4E-15,-1.071E-12,-1.122E-12
4.279E6,-843.6E-15,-883.6E-15,-1.072E-12,-1.122E-12
4.280E6,-843.8E-15,-883.8E-15,-1.072E-12,-1.122E-12
4.281E6,-844.0E-15,-884.0E-15,-1.072E-12,-1.123E-12
4.282E6,-844.2E-15,-884.2E-15,-1.072E-12,-1.123E-12
4.283E6,-844.4E-15,-884.4E-15,-1.073E-12,-1.123E-12
4.284E6,-844.6E-15,-884.6E-15,-1.073E-12,-1.123E-12
4.285E6,-844.7E-15,-884.8E-15,-1.073E-12,-1.124E-12
4.286E6,-844.9E-15,-885.0E-15,-1.073E-12,-1.124E-12
4.287E6,-845.1E-15,-885.2E-15,-1.074E-12,-1.124E-12
4.288E6,-845.3E-15,-885.4E-15,-1.074E-12,-1.124E-12
4.289E6,-845.5E-15,-885.7E-15,-1.074E-12,-1.125E-12
4.290E6,-845.7E-15,-885.9E-15,-1.074E-12,-1.125E-12
4.291E6,-845.9E-15,-886.1E-15,-1.075E-12,-1.125E-12
4.292E6,-846.1E-15,-886.3E-15,-1.075E-12,-1.125E-12
4.293E6,-846.3E-15,-886.5E-15,-1.075E-12,-1.126E-12
4.294E6,-846.5E-15,-886.7E-15,-1.075E-12,-1.126E-12
4.295E6,-846.7E-15,-886.9E-15,-1.076E-12,-1.126E-12
4.296E6,-846.9E-15,-887.1E-15,-1.076E-12,-1.127E-12
4.297E6,-847.1E-15,-887.3E-15,-1.076E-12,-1.127E-12
4.298E6,-847.3E-15,-887.5E-15,-1.076E-12,-1.127E-12
4.299E6,-847.5E-15,-887.7E-15,-1.077E-12,-1.127E-12
4.300E6,-847.7E-15,-887.9E-15,-1.077E-12,-1.128E-12
4.301E6,-847.9E-15,-888.1E-15,-1.077E-12,-1.128E-12
4.302E6,-848.1E-15,-888.3E-15,-1.077E-12,-1.128E-12
4.303E6,-848.3E-15,-888.5E-15,-1.078E-12,-1.128E-12
4.304E6,-848.5E-15,-888.7E-15,-1.078E-12,-1.129E-12
4.305E6,-848.7E-15,-889.0E-15,-1.078E-12,-1.129E-12
4.306E6,-848.9E-15,-889.2E-15,-1.078E-12,-1.129E-12
4.307E6,-849.1E-15,-889.4E-15,-1.079E-12,-1.129E-12
4.308E6,-849.3E-15,-889.6E-15,-1.079E-12,-1.130E-12
4.309E6,-849.5E-15,-889.8E-15,-1.079E-12,-1.130E-12
4.310E6,-849.7E-15,-890.0E-15,-1.079E-12,-1.130E-12
4.311E6,-849.9E-15,-890.2E-15,-1.080E-12,-1.130E-12
4.312E6,-850.1E-15,-890.4E-15,-1.080E-12,-1.131E-12
4.313E6,-850.3E-15,-890.6E-15,-1.080E-12,-1.131E-12
4.314E6,-850.5E-15,-890.8E-15,-1.080E-12,-1.131E-12
4.315E6,-850.7E-15,-891.0E-15,-1.081E-12,-1.131E-12
4.316E6,-850.9E-15,-891.2E-15,-1.081E-12,-1.132E-12
4.317E6,-851.1E-15,-891.4E-15,-1.081E-12,-1.132E-12
4.318E6,-851.3E-15,-891.6E-15,-1.081E-12,-1.132E-12
4.319E6,-851.5E-15,-891.8E-15,-1.082E-12,-1.133E-12
4.320E6,-851.6E-15,-892.1E-15,-1.082E-12,-1.133E-12
4.321E6,-851.8E-15,-892.3E-15,-1.082E-12,-1.133E-12
4.322E6,-852.0E-15,-892.5E-15,-1.082E-12,-1.133E-12
4.323E6,-852.2E-15,-892.7E-15,-1.083E-12,-1.134E-12
4.324E6,-852.4E-15,-892.9E-15,-1.083E-12,-1.134E-12
4.325E6,-852.6E-15,-893.1E-15,-1.083E-12,-1.134E-12
4.326E6,-852.8E-15,-893.3E-15,-1.083E-12,-1.134E-12
4.327E6,-853.0E-15,-893.5E-15,-1.084E-12,-1.135E-12
4.328E6,-853.2E-15,-893.7E-15,-1.084E-12,-1.135E-12
4.329E6,-853.4E-15,-893.9E-15,-1.084E-12,-1.135E-12
4.330E6,-853.6E-15,-894.1E-15,-1.084E-12,-1.135E-12
4.331E6,-853.8E-15,-894.3E-15,-1.085E-12,-1.136E-12
4.332E6,-854.0E-15,-894.5E-15,-1.085E-12,-1.136E-12
4.333E6,-854.2E-15,-894.7E-15,-1.085E-12,-1.136E-12
4.334E6,-854.4E-15,-894.9E-15,-1.085E-12,-1.136E-12
4.335E6,-854.6E-15,-895.2E-15,-1.086E-12,-1.137E-12
4.336E6,-854.8E-15,-895.4E-15,-1.086E-12,-1.137E-12
4.337E6,-855.0E-15,-895.6E-15,-1.086E-12,-1.137E-12
4.338E6,-855.2E-15,-895.8E-15,-1.086E-12,-1.138E-12
4.339E6,-855.4E-15,-896.0E-15,-1.087E-12,-1.138E-12
4.340E6,-855.6E-15,-896.2E-15,-1.087E-12,-1.138E-12
4.341E6,-855.8E-15,-896.4E-15,-1.087E-12,-1.138E-12
4.342E6,-856.0E-15,-896.6E-15,-1.087E-12,-1.139E-12
4.343E6,-856.2E-15,-896.8E-15,-1.088E-12,-1.139E-12
4.344E6,-856.4E-15,-897.0E-15,-1.088E-12,-1.139E-12
4.345E6,-856.6E-15,-897.2E-15,-1.088E-12,-1.139E-12
4.346E6,-856.8E-15,-897.4E-15,-1.088E-12,-1.140E-12
4.347E6,-857.0E-15,-897.6E-15,-1.089E-12,-1.140E-12
4.348E6,-857.2E-15,-897.8E-15,-1.089E-12,-1.140E-12
4.349E6,-857.4E-15,-898.0E-15,-1.089E-12,-1.140E-12
4.350E6,-857.6E-15,-898.2E-15,-1.089E-12,-1.141E-12
4.351E6,-857.8E-15,-898.5E-15,-1.090E-12,-1.141E-12
4.352E6,-858.0E-15,-898.7E-15,-1.090E-12,-1.141E-12
4.353E6,-858.2E-15,-898.9E-15,-1.090E-12,-1.141E-12
4.354E6,-858.4E-15,-899.1E-15,-1.090E-12,-1.142E-12
4.355E6,-858.5E-15,-899.3E-15,-1.091E-12,-1.142E-12
4.356E6,-858.7E-15,-899.5E-15,-1.091E-12,-1.142E-12
4.357E6,-858.9E-15,-899.7E-15,-1.091E-12,-1.143E-12
4.358E6,-859.1E-15,-899.9E-15,-1.091E-12,-1.143E-12
4.359E6,-859.3E-15,-900.1E-15,-1.092E-12,-1.143E-12
4.360E6,-859.5E-15,-900.3E-15,-1.092E-12,-1.143E-12
4.361E6,-859.7E-15,-900.5E-15,-1.092E-12,-1.144E-12
4.362E6,-859.9E-15,-900.7E-15,-1.092E-12,-1.144E-12
4.363E6,-860.1E-15,-900.9E-15,-1.093E-12,-1.144E-12
4.364E6,-860.3E-15,-901.1E-15,-1.093E-12,-1.144E-12
4.365E6,-860.5E-15,-901.3E-15,-1.093E-12,-1.145E-12
4.366E6,-860.7E-15,-901.6E-15,-1.093E-12,-1.145E-12
4.367E6,-860.9E-15,-901.8E-15,-1.094E-12,-1.145E-12
4.368E6,-861.1E-15,-902.0E-15,-1.094E-12,-1.145E-12
4.369E6,-861.3E-15,-902.2E-15,-1.094E-12,-1.146E-12
4.370E6,-861.5E-15,-902.4E-15,-1.094E-12,-1.146E-12
4.371E6,-861.7E-15,-902.6E-15,-1.095E-12,-1.146E-12
4.372E6,-861.9E-15,-902.8E-15,-1.095E-12,-1.146E-12
4.373E6,-862.1E-15,-903.0E-15,-1.095E-12,-1.147E-12
4.374E6,-862.3E-15,-903.2E-15,-1.095E-12,-1.147E-12
4.375E6,-862.5E-15,-903.4E-15,-1.096E-12,-1.147E-12
4.376E6,-862.7E-15,-903.6E-15,-1.096E-12,-1.147E-12
4.377E6,-862.9E-15,-903.8E-15,-1.096E-12,-1.148E-12
4.378E6,-863.1E-15,-904.0E-15,-1.096E-12,-1.148E-12
4.379E6,-863.3E-15,-904.2E-15,-1.097E-12,-1.148E-12
4.380E6,-863.5E-15,-904.4E-15,-1.097E-12,-1.149E-12
4.381E6,-863.7E-15,-904.6E-15,-1.097E-12,-1.149E-12
4.382E6,-863.9E-15,-904.9E-15,-1.097E-12,-1.149E-12
4.383E6,-864.1E-15,-905.1E-15,-1.098E-12,-1.149E-12
4.384E6,-864.3E-15,-905.3E-15,-1.098E-12,-1.150E-12
4.385E6,-864.5E-15,-905.5E-15,-1.098E-12,-1.150E-12
4.386E6,-864.7E-15,-905.7E-15,-1.098E-12,-1.150E-12
4.387E6,-864.9E-15,-905.9E-15,-1.099E-12,-1.150E-12
4.388E6,-865.1E-15,-906.1E-15,-1.099E-12,-1.151E-12
4.389E6,-865.3E-15,-906.3E-15,-1.099E-12,-1.151E-12
4.390E6,-865.4E-15,-906.5E-15,-1.099E-12,-1.151E-12
4.391E6,-865.6E-15,-906.7E-15,-1.100E-12,-1.151E-12
4.392E6,-865.8E-15,-906.9E-15,-1.100E-12,-1.152E-12
4.393E6,-866.0E-15,-907.1E-15,-1.100E-12,-1.152E-12
4.394E6,-866.2E-15,-907.3E-15,-1.100E-12,-1.152E-12
4.395E6,-866.4E-15,-907.5E-15,-1.101E-12,-1.152E-12
4.396E6,-866.6E-15,-907.7E-15,-1.101E-12,-1.153E-12
4.397E6,-866.8E-15,-908.0E-15,-1.101E-12,-1.153E-12
4.398E6,-867.0E-15,-908.2E-15,-1.101E-12,-1.153E-12
4.399E6,-867.2E-15,-908.4E-15,-1.102E-12,-1.154E-12
4.400E6,-867.4E-15,-908.6E-15,-1.102E-12,-1.154E-12
4.401E6,-867.6E-15,-908.8E-15,-1.102E-12,-1.154E-12
4.402E6,-867.8E-15,-909.0E-15,-1.102E-12,-1.154E-12
4.403E6,-868.0E-15,-909.2E-15,-1.103E-12,-1.155E-12
4.404E6,-868.2E-15,-909.4E-15,-1.103E-12,-1.155E-12
4.405E6,-868.4E-15,-909.6E-15,-1.103E-12,-1.155E-12
4.406E6,-868.6E-15,-909.8E-15,-1.103E-12,-1.155E-12
4.407E6,-868.8E-15,-910.0E-15,-1.104E-12,-1.156E-12
4.408E6,-869.0E-15,-910.2E-15,-1.104E-12,-1.156E-12
4.409E6,-869.2E-15,-910.4E-15,-1.104E-12,-1.156E-12
4.410E6,-869.4E-15,-910.6E-15,-1.104E-12,-1.156E-12
4.411E6,-869.6E-15,-910.8E-15,-1.105E-12,-1.157E-12
4.412E6,-869.8E-15,-911.0E-15,-1.105E-12,-1.157E-12
4.413E6,-870.0E-15,-911.3E-15,-1.105E-12,-1.157E-12
4.414E6,-870.2E-15,-911.5E-15,-1.105E-12,-1.157E-12
4.415E6,-870.4E-15,-911.7E-15,-1.106E-12,-1.158E-12
4.416E6,-870.6E-15,-911.9E-15,-1.106E-12,-1.158E-12
4.417E6,-870.8E-15,-912.1E-15,-1.106E-12,-1.158E-12
4.418E6,-871.0E-15,-912.3E-15,-1.106E-12,-1.158E-12
4.419E6,-871.2E-15,-912.5E-15,-1.107E-12,-1.159E-12
4.420E6,-871.4E-15,-912.7E-15,-1.107E-12,-1.159E-12
4.421E6,-871.6E-15,-912.9E-15,-1.107E-12,-1.159E-12
4.422E6,-871.8E-15,-913.1E-15,-1.107E-12,-1.160E-12
4.423E6,-872.0E-15,-913.3E-15,-1.108E-12,-1.160E-12
4.424E6,-872.2E-15,-913.5E-15,-1.108E-12,-1.160E-12
4.425E6,-872.3E-15,-913.7E-15,-1.108E-12,-1.160E-12
4.426E6,-872.5E-15,-913.9E-15,-1.108E-12,-1.161E-12
4.427E6,-872.7E-15,-914.1E-15,-1.109E-12,-1.161E-12
4.428E6,-872.9E-15,-914.4E-15,-1.109E-12,-1.161E-12
4.429E6,-873.1E-15,-914.6E-15,-1.109E-12,-1.161E-12
4.430E6,-873.3E-15,-914.8E-15,-1.109E-12,-1.162E-12
4.431E6,-873.5E-15,-915.0E-15,-1.110E-12,-1.162E-12
4.432E6,-873.7E-15,-915.2E-15,-1.110E-12,-1.162E-12
4.433E6,-873.9E-15,-915.4E-15,-1.110E-12,-1.162E-12
4.434E6,-874.1E-15,-915.6E-15,-1.110E-12,-1.163E-12
4.435E6,-874.3E-15,-915.8E-15,-1.111E-12,-1.163E-12
4.436E6,-874.5E-15,-916.0E-15,-1.111E-12,-1.163E-12
4.437E6,-874.7E-15,-916.2E-15,-1.111E-12,-1.163E-12
4.438E6,-874.9E-15,-916.4E-15,-1.111E-12,-1.164E-12
4.439E6,-875.1E-15,-916.6E-15,-1.112E-12,-1.164E-12
4.440E6,-875.3E-15,-916.8E-15,-1.112E-12,-1.164E-12
4.441E6,-875.5E-15,-917.0E-15,-1.112E-12,-1.165E-12
4.442E6,-875.7E-15,-917.2E-15,-1.112E-12,-1.165E-12
4.443E6,-875.9E-15,-917.5E-15,-1.113E-12,-1.165E-12
4.444E6,-876.1E-15,-917.7E-15,-1.113E-12,-1.165E-12
4.445E6,-876.3E-15,-917.9E-15,-1.113E-12,-1.166E-12
4.446E6,-876.5E-15,-918.1E-15,-1.113E-12,-1.166E-12
4.447E6,-876.7E-15,-918.3E-15,-1.114E-12,-1.166E-12
4.448E6,-876.9E-15,-918.5E-15,-1.114E-12,-1.166E-12
4.449E6,-877.1E-15,-918.7E-15,-1.114E-12,-1.167E-12
4.450E6,-877.3E-15,-918.9E-15,-1.114E-12,-1.167E-12
4.451E6,-877.5E-15,-919.1E-15,-1.115E-12,-1.167E-12
4.452E6,-877.7E-15,-919.3E-15,-1.115E-12,-1.167E-12
4.453E6,-877.9E-15,-919.5E-15,-1.115E-12,-1.168E-12
4.454E6,-878.1E-15,-919.7E-15,-1.115E-12,-1.168E-12
4.455E6,-878.3E-15,-919.9E-15,-1.116E-12,-1.168E-12
4.456E6,-878.5E-15,-920.1E-15,-1.116E-12,-1.168E-12
4.457E6,-878.7E-15,-920.3E-15,-1.116E-12,-1.169E-12
4.458E6,-878.9E-15,-920.5E-15,-1.116E-12,-1.169E-12
4.459E6,-879.1E-15,-920.8E-15,-1.117E-12,-1.169E-12
4.460E6,-879.2E-15,-921.0E-15,-1.117E-12,-1.170E-12
4.461E6,-879.4E-15,-921.2E-15,-1.117E-12,-1.170E-12
4.462E6,-879.6E-15,-921.4E-15,-1.117E-12,-1.170E-12
4.463E6,-879.8E-15,-921.6E-15,-1.118E-12,-1.170E-12
4.464E6,-880.0E-15,-921.8E-15,-1.118E-12,-1.171E-12
4.465E6,-880.2E-15,-922.0E-15,-1.118E-12,-1.171E-12
4.466E6,-880.4E-15,-922.2E-15,-1.118E-12,-1.171E-12
4.467E6,-880.6E-15,-922.4E-15,-1.119E-12,-1.171E-12
4.468E6,-880.8E-15,-922.6E-15,-1.119E-12,-1.172E-12
4.469E6,-881.0E-15,-922.8E-15,-1.119E-12,-1.172E-12
4.470E6,-881.2E-15,-923.0E-15,-1.119E-12,-1.172E-12
4.471E6,-881.4E-15,-923.2E-15,-1.120E-12,-1.172E-12
4.472E6,-881.6E-15,-923.4E-15,-1.120E-12,-1.173E-12
4.473E6,-881.8E-15,-923.6E-15,-1.120E-12,-1.173E-12
4.474E6,-882.0E-15,-923.9E-15,-1.120E-12,-1.173E-12
4.475E6,-882.2E-15,-924.1E-15,-1.121E-12,-1.173E-12
4.476E6,-882.4E-15,-924.3E-15,-1.121E-12,-1.174E-12
4.477E6,-882.6E-15,-924.5E-15,-1.121E-12,-1.174E-12
4.478E6,-882.8E-15,-924.7E-15,-1.121E-12,-1.174E-12
4.479E6,-883.0E-15,-924.9E-15,-1.122E-12,-1.174E-12
4.480E6,-883.2E-15,-925.1E-15,-1.122E-12,-1.175E-12
4.481E6,-883.4E-15,-925.3E-15,-1.122E-12,-1.175E-12
4.482E6,-883.6E-15,-925.5E-15,-1.122E-12,-1.175E-12
4.483E6,-883.8E-15,-925.7E-15,-1.123E-12,-1.176E-12
4.484E6,-884.0E-15,-925.9E-15,-1.123E-12,-1.176E-12
4.485E6,-884.2E-15,-926.1E-15,-1.123E-12,-1.176E-12
4.486E6,-884.4E-15,-926.3E-15,-1.123E-12,-1.176E-12
4.487E6,-884.6E-15,-926.5E-15,-1.124E-12,-1.177E-12
4.488E6,-884.8E-15,-926.7E-15,-1.124E-12,-1.177E-12
4.489E6,-885.0E-15,-926.9E-15,-1.124E-12,-1.177E-12
4.490E6,-885.2E-15,-927.2E-15,-1.124E-12,-1.177E-12
4.491E6,-885.4E-15,-927.4E-15,-1.125E-12,-1.178E-12
4.492E6,-885.6E-15,-927.6E-15,-1.125E-12,-1.178E-12
4.493E6,-885.8E-15,-927.8E-15,-1.125E-12,-1.178E-12
4.494E6,-885.9E-15,-928.0E-15,-1.125E-12,-1.178E-12
4.495E6,-886.1E-15,-928.2E-15,-1.126E-12,-1.179E-12
4.496E6,-886.3E-15,-928.4E-15,-1.126E-12,-1.179E-12
4.497E6,-886.5E-15,-928.6E-15,-1.126E-12,-1.179E-12
4.498E6,-886.7E-15,-928.8E-15,-1.126E-12,-1.179E-12
4.499E6,-886.9E-15,-929.0E-15,-1.127E-12,-1.180E-12
4.500E6,-887.1E-15,-929.2E-15,-1.127E-12,-1.180E-12
4.501E6,-887.3E-15,-929.4E-15,-1.127E-12,-1.180E-12
4.502E6,-887.5E-15,-929.6E-15,-1.127E-12,-1.181E-12
4.503E6,-887.7E-15,-929.8E-15,-1.128E-12,-1.181E-12
4.504E6,-887.9E-15,-930.0E-15,-1.128E-12,-1.181E-12
4.505E6,-888.1E-15,-930.3E-15,-1.128E-12,-1.181E-12
4.506E6,-888.3E-15,-930.5E-15,-1.128E-12,-1.182E-12
4.507E6,-888.5E-15,-930.7E-15,-1.129E-12,-1.182E-12
4.508E6,-888.7E-15,-930.9E-15,-1.129E-12,-1.182E-12
4.509E6,-888.9E-15,-931.1E-15,-1.129E-12,-1.182E-12
4.510E6,-889.1E-15,-931.3E-15,-1.129E-12,-1.183E-12
4.511E6,-889.3E-15,-931.5E-15,-1.130E-12,-1.183E-12
4.512E6,-889.5E-15,-931.7E-15,-1.130E-12,-1.183E-12
4.513E6,-889.7E-15,-931.9E-15,-1.130E-12,-1.183E-12
4.514E6,-889.9E-15,-932.1E-15,-1.130E-12,-1.184E-12
4.515E6,-890.1E-15,-932.3E-15,-1.131E-12,-1.184E-12
4.516E6,-890.3E-15,-932.5E-15,-1.131E-12,-1.184E-12
4.517E6,-890.5E-15,-932.7E-15,-1.131E-12,-1.184E-12
4.518E6,-890.7E-15,-932.9E-15,-1.131E-12,-1.185E-12
4.519E6,-890.9E-15,-933.1E-15,-1.132E-12,-1.185E-12
4.520E6,-891.1E-15,-933.4E-15,-1.132E-12,-1.185E-12
4.521E6,-891.3E-15,-933.6E-15,-1.132E-12,-1.186E-12
4.522E6,-891.5E-15,-933.8E-15,-1.132E-12,-1.186E-12
4.523E6,-891.7E-15,-934.0E-15,-1.133E-12,-1.186E-12
4.524E6,-891.9E-15,-934.2E-15,-1.133E-12,-1.186E-12
4.525E6,-892.1E-15,-934.4E-15,-1.133E-12,-1.187E-12
4.526E6,-892.3E-15,-934.6E-15,-1.133E-12,-1.187E-12
4.527E6,-892.5E-15,-934.8E-15,-1.134E-12,-1.187E-12
4.528E6,-892.7E-15,-935.0E-15,-1.134E-12,-1.187E-12
4.529E6,-892.8E-15,-935.2E-15,-1.134E-12,-1.188E-12
4.530E6,-893.0E-15,-935.4E-15,-1.134E-12,-1.188E-12
4.531E6,-893.2E-15,-935.6E-15,-1.135E-12,-1.188E-12
4.532E6,-893.4E-15,-935.8E-15,-1.135E-12,-1.188E-12
4.533E6,-893.6E-15,-936.0E-15,-1.135E-12,-1.189E-12
4.534E6,-893.8E-15,-936.2E-15,-1.135E-12,-1.189E-12
4.535E6,-894.0E-15,-936.4E-15,-1.136E-12,-1.189E-12
4.536E6,-894.2E-15,-936.7E-15,-1.136E-12,-1.189E-12
4.537E6,-894.4E-15,-936.9E-15,-1.136E-12,-1.190E-12
4.538E6,-894.6E-15,-937.1E-15,-1.136E-12,-1.190E-12
4.539E6,-894.8E-15,-937.3E-15,-1.137E-12,-1.190E-12
4.540E6,-895.0E-15,-937.5E-15,-1.137E-12,-1.190E-12
4.541E6,-895.2E-15,-937.7E-15,-1.137E-12,-1.191E-12
4.542E6,-895.4E-15,-937.9E-15,-1.137E-12,-1.191E-12
4.543E6,-895.6E-15,-938.1E-15,-1.138E-12,-1.191E-12
4.544E6,-895.8E-15,-938.3E-15,-1.138E-12,-1.192E-12
4.545E6,-896.0E-15,-938.5E-15,-1.138E-12,-1.192E-12
4.546E6,-896.2E-15,-938.7E-15,-1.138E-12,-1.192E-12
4.547E6,-896.4E-15,-938.9E-15,-1.139E-12,-1.192E-12
4.548E6,-896.6E-15,-939.1E-15,-1.139E-12,-1.193E-12
4.549E6,-896.8E-15,-939.3E-15,-1.139E-12,-1.193E-12
4.550E6,-897.0E-15,-939.5E-15,-1.139E-12,-1.193E-12
4.551E6,-897.2E-15,-939.8E-15,-1.140E-12,-1.193E-12
4.552E6,-897.4E-15,-940.0E-15,-1.140E-12,-1.194E-12
4.553E6,-897.6E-15,-940.2E-15,-1.140E-12,-1.194E-12
4.554E6,-897.8E-15,-940.4E-15,-1.140E-12,-1.194E-12
4.555E6,-898.0E-15,-940.6E-15,-1.141E-12,-1.194E-12
4.556E6,-898.2E-15,-940.8E-15,-1.141E-12,-1.195E-12
4.557E6,-898.4E-15,-941.0E-15,-1.141E-12,-1.195E-12
4.558E6,-898.6E-15,-941.2E-15,-1.141E-12,-1.195E-12
4.559E6,-898.8E-15,-941.4E-15,-1.142E-12,-1.195E-12
4.560E6,-899.0E-15,-941.6E-15,-1.142E-12,-1.196E-12
4.561E6,-899.2E-15,-941.8E-15,-1.142E-12,-1.196E-12
4.562E6,-899.4E-15,-942.0E-15,-1.142E-12,-1.196E-12
4.563E6,-899.6E-15,-942.2E-15,-1.143E-12,-1.197E-12
4.564E6,-899.7E-15,-942.4E-15,-1.143E-12,-1.197E-12
4.565E6,-899.9E-15,-942.6E-15,-1.143E-12,-1.197E-12
4.566E6,-900.1E-15,-942.8E-15,-1.143E-12,-1.197E-12
4.567E6,-900.3E-15,-943.1E-15,-1.144E-12,-1.198E-12
4.568E6,-900.5E-15,-943.3E-15,-1.144E-12,-1.198E-12
4.569E6,-900.7E-15,-943.5E-15,-1.144E-12,-1.198E-12
4.570E6,-900.9E-15,-943.7E-15,-1.144E-12,-1.198E-12
4.571E6,-901.1E-15,-943.9E-15,-1.145E-12,-1.199E-12
4.572E6,-901.3E-15,-944.1E-15,-1.145E-12,-1.199E-12
4.573E6,-901.5E-15,-944.3E-15,-1.145E-12,-1.199E-12
4.574E6,-901.7E-15,-944.5E-15,-1.145E-12,-1.199E-12
4.575E6,-901.9E-15,-944.7E-15,-1.146E-12,-1.200E-12
4.576E6,-902.1E-15,-944.9E-15,-1.146E-12,-1.200E-12
4.577E6,-902.3E-15,-945.1E-15,-1.146E-12,-1.200E-12
4.578E6,-902.5E-15,-945.3E-15,-1.146E-12,-1.200E-12
4.579E6,-902.7E-15,-945.5E-15,-1.147E-12,-1.201E-12
4.580E6,-902.9E-15,-945.7E-15,-1.147E-12,-1.201E-12
4.581E6,-903.1E-15,-945.9E-15,-1.147E-12,-1.201E-12
4.582E6,-903.3E-15,-946.2E-15,-1.147E-12,-1.201E-12
4.583E6,-903.5E-15,-946.4E-15,-1.148E-12,-1.202E-12
4.584E6,-903.7E-15,-946.6E-15,-1.148E-12,-1.202E-12
4.585E6,-903.9E-15,-946.8E-15,-1.148E-12,-1.202E-12
4.586E6,-904.1E-15,-947.0E-15,-1.148E-12,-1.203E-12
4.587E6,-904.3E-15,-947.2E-15,-1.149E-12,-1.203E-12
4.588E6,-904.5E-15,-947.4E-15,-1.149E-12,-1.203E-12
4.589E6,-904.7E-15,-947.6E-15,-1.149E-12,-1.203E-12
4.590E6,-904.9E-15,-947.8E-15,-1.149E-12,-1.204E-12
4.591E6,-905.1E-15,-948.0E-15,-1.150E-12,-1.204E-12
4.592E6,-905.3E-15,-948.2E-15,-1.150E-12,-1.204E-12
4.593E6,-905.5E-15,-948.4E-15,-1.150E-12,-1.204E-12
4.594E6,-905.7E-15,-948.6E-15,-1.150E-12,-1.205E-12
4.595E6,-905.9E-15,-948.8E-15,-1.151E-12,-1.205E-12
4.596E6,-906.1E-15,-949.0E-15,-1.151E-12,-1.205E-12
4.597E6,-906.3E-15,-949.3E-15,-1.151E-12,-1.205E-12
4.598E6,-906.5E-15,-949.5E-15,-1.151E-12,-1.206E-12
4.599E6,-906.6E-15,-949.7E-15,-1.152E-12,-1.206E-12
4.600E6,-906.8E-15,-949.9E-15,-1.152E-12,-1.206E-12
4.601E6,-907.0E-15,-950.1E-15,-1.152E-12,-1.206E-12
4.602E6,-907.2E-15,-950.3E-15,-1.152E-12,-1.207E-12
4.603E6,-907.4E-15,-950.5E-15,-1.153E-12,-1.207E-12
4.604E6,-907.6E-15,-950.7E-15,-1.153E-12,-1.207E-12
4.605E6,-907.8E-15,-950.9E-15,-1.153E-12,-1.208E-12
4.606E6,-908.0E-15,-951.1E-15,-1.153E-12,-1.208E-12
4.607E6,-908.2E-15,-951.3E-15,-1.154E-12,-1.208E-12
4.608E6,-908.4E-15,-951.5E-15,-1.154E-12,-1.208E-12
4.609E6,-908.6E-15,-951.7E-15,-1.154E-12,-1.209E-12
4.610E6,-908.8E-15,-951.9E-15,-1.154E-12,-1.209E-12
4.611E6,-909.0E-15,-952.1E-15,-1.155E-12,-1.209E-12
4.612E6,-909.2E-15,-952.3E-15,-1.155E-12,-1.209E-12
4.613E6,-909.4E-15,-952.6E-15,-1.155E-12,-1.210E-12
4.614E6,-909.6E-15,-952.8E-15,-1.155E-12,-1.210E-12
4.615E6,-909.8E-15,-953.0E-15,-1.156E-12,-1.210E-12
4.616E6,-910.0E-15,-953.2E-15,-1.156E-12,-1.210E-12
4.617E6,-910.2E-15,-953.4E-15,-1.156E-12,-1.211E-12
4.618E6,-910.4E-15,-953.6E-15,-1.157E-12,-1.211E-12
4.619E6,-910.6E-15,-953.8E-15,-1.157E-12,-1.211E-12
4.620E6,-910.8E-15,-954.0E-15,-1.157E-12,-1.211E-12
4.621E6,-911.0E-15,-954.2E-15,-1.157E-12,-1.212E-12
4.622E6,-911.2E-15,-954.4E-15,-1.158E-12,-1.212E-12
4.623E6,-911.4E-15,-954.6E-15,-1.158E-12,-1.212E-12
4.624E6,-911.6E-15,-954.8E-15,-1.158E-12,-1.213E-12
4.625E6,-911.8E-15,-955.0E-15,-1.158E-12,-1.213E-12
4.626E6,-912.0E-15,-955.2E-15,-1.159E-12,-1.213E-12
4.627E6,-912.2E-15,-955.4E-15,-1.159E-12,-1.213E-12
4.628E6,-912.4E-15,-955.7E-15,-1.159E-12,-1.214E-12
4.629E6,-912.6E-15,-955.9E-15,-1.159E-12,-1.214E-12
4.630E6,-912.8E-15,-956.1E-15,-1.160E-12,-1.214E-12
4.631E6,-913.0E-15,-956.3E-15,-1.160E-12,-1.214E-12
4.632E6,-913.2E-15,-956.5E-15,-1.160E-12,-1.215E-12
4.633E6,-913.4E-15,-956.7E-15,-1.160E-12,-1.215E-12
4.634E6,-913.5E-15,-956.9E-15,-1.161E-12,-1.215E-12
4.635E6,-913.7E-15,-957.1E-15,-1.161E-12,-1.215E-12
4.636E6,-913.9E-15,-957.3E-15,-1.161E-12,-1.216E-12
4.637E6,-914.1E-15,-957.5E-15,-1.161E-12,-1.216E-12
4.638E6,-914.3E-15,-957.7E-15,-1.162E-12,-1.216E-12
4.639E6,-914.5E-15,-957.9E-15,-1.162E-12,-1.216E-12
4.640E6,-914.7E-15,-958.1E-15,-1.162E-12,-1.217E-12
4.641E6,-914.9E-15,-958.3E-15,-1.162E-12,-1.217E-12
4.642E6,-915.1E-15,-958.5E-15,-1.163E-12,-1.217E-12
4.643E6,-915.3E-15,-958.7E-15,-1.163E-12,-1.217E-12
4.644E6,-915.5E-15,-959.0E-15,-1.163E-12,-1.218E-12
4.645E6,-915.7E-15,-959.2E-15,-1.163E-12,-1.218E-12
4.646E6,-915.9E-15,-959.4E-15,-1.164E-12,-1.218E-12
4.647E6,-916.1E-15,-959.6E-15,-1.164E-12,-1.219E-12
4.648E6,-916.3E-15,-959.8E-15,-1.164E-12,-1.219E-12
4.649E6,-916.5E-15,-960.0E-15,-1.164E-12,-1.219E-12
4.650E6,-916.7E-15,-960.2E-15,-1.165E-12,-1.219E-12
4.651E6,-916.9E-15,-960.4E-15,-1.165E-12,-1.220E-12
4.652E6,-917.1E-15,-960.6E-15,-1.165E-12,-1.220E-12
4.653E6,-917.3E-15,-960.8E-15,-1.165E-12,-1.220E-12
4.654E6,-917.5E-15,-961.0E-15,-1.166E-12,-1.220E-12
4.655E6,-917.7E-15,-961.2E-15,-1.166E-12,-1.221E-12
4.656E6,-917.9E-15,-961.4E-15,-1.166E-12,-1.221E-12
4.657E6,-918.1E-15,-961.6E-15,-1.166E-12,-1.221E-12
4.658E6,-918.3E-15,-961.8E-15,-1.167E-12,-1.221E-12
4.659E6,-918.5E-15,-962.1E-15,-1.167E-12,-1.222E-12
4.660E6,-918.7E-15,-962.3E-15,-1.167E-12,-1.222E-12
4.661E6,-918.9E-15,-962.5E-15,-1.167E-12,-1.222E-12
4.662E6,-919.1E-15,-962.7E-15,-1.168E-12,-1.222E-12
4.663E6,-919.3E-15,-962.9E-15,-1.168E-12,-1.223E-12
4.664E6,-919.5E-15,-963.1E-15,-1.168E-12,-1.223E-12
4.665E6,-919.7E-15,-963.3E-15,-1.168E-12,-1.223E-12
4.666E6,-919.9E-15,-963.5E-15,-1.169E-12,-1.224E-12
4.667E6,-920.1E-15,-963.7E-15,-1.169E-12,-1.224E-12
4.668E6,-920.3E-15,-963.9E-15,-1.169E-12,-1.224E-12
4.669E6,-920.4E-15,-964.1E-15,-1.169E-12,-1.224E-12
4.670E6,-920.6E-15,-964.3E-15,-1.170E-12,-1.225E-12
4.671E6,-920.8E-15,-964.5E-15,-1.170E-12,-1.225E-12
4.672E6,-921.0E-15,-964.7E-15,-1.170E-12,-1.225E-12
4.673E6,-921.2E-15,-964.9E-15,-1.170E-12,-1.225E-12
4.674E6,-921.4E-15,-965.1E-15,-1.171E-12,-1.226E-12
4.675E6,-921.6E-15,-965.4E-15,-1.171E-12,-1.226E-12
4.676E6,-921.8E-15,-965.6E-15,-1.171E-12,-1.226E-12
4.677E6,-922.0E-15,-965.8E-15,-1.171E-12,-1.226E-12
4.678E6,-922.2E-15,-966.0E-15,-1.172E-12,-1.227E-12
4.679E6,-922.4E-15,-966.2E-15,-1.172E-12,-1.227E-12
4.680E6,-922.6E-15,-966.4E-15,-1.172E-12,-1.227E-12
4.681E6,-922.8E-15,-966.6E-15,-1.172E-12,-1.227E-12
4.682E6,-923.0E-15,-966.8E-15,-1.173E-12,-1.228E-12
4.683E6,-923.2E-15,-967.0E-15,-1.173E-12,-1.228E-12
4.684E6,-923.4E-15,-967.2E-15,-1.173E-12,-1.228E-12
4.685E6,-923.6E-15,-967.4E-15,-1.173E-12,-1.229E-12
4.686E6,-923.8E-15,-967.6E-15,-1.174E-12,-1.229E-12
4.687E6,-924.0E-15,-967.8E-15,-1.174E-12,-1.229E-12
4.688E6,-924.2E-15,-968.0E-15,-1.174E-12,-1.229E-12
4.689E6,-924.4E-15,-968.2E-15,-1.174E-12,-1.230E-12
4.690E6,-924.6E-15,-968.5E-15,-1.175E-12,-1.230E-12
4.691E6,-924.8E-15,-968.7E-15,-1.175E-12,-1.230E-12
4.692E6,-925.0E-15,-968.9E-15,-1.175E-12,-1.230E-12
4.693E6,-925.2E-15,-969.1E-15,-1.175E-12,-1.231E-12
4.694E6,-925.4E-15,-969.3E-15,-1.176E-12,-1.231E-12
4.695E6,-925.6E-15,-969.5E-15,-1.176E-12,-1.231E-12
4.696E6,-925.8E-15,-969.7E-15,-1.176E-12,-1.231E-12
4.697E6,-926.0E-15,-969.9E-15,-1.176E-12,-1.232E-12
4.698E6,-926.2E-15,-970.1E-15,-1.177E-12,-1.232E-12
4.699E6,-926.4E-15,-970.3E-15,-1.177E-12,-1.232E-12
4.700E6,-926.6E-15,-970.5E-15,-1.177E-12,-1.232E-12
4.701E6,-926.8E-15,-970.7E-15,-1.177E-12,-1.233E-12
4.702E6,-927.0E-15,-970.9E-15,-1.178E-12,-1.233E-12
4.703E6,-927.2E-15,-971.1E-15,-1.178E-12,-1.233E-12
4.704E6,-927.3E-15,-971.3E-15,-1.178E-12,-1.233E-12
4.705E6,-927.5E-15,-971.6E-15,-1.178E-12,-1.234E-12
4.706E6,-927.7E-15,-971.8E-15,-1.179E-12,-1.234E-12
4.707E6,-927.9E-15,-972.0E-15,-1.179E-12,-1.234E-12
4.708E6,-928.1E-15,-972.2E-15,-1.179E-12,-1.235E-12
4.709E6,-928.3E-15,-972.4E-15,-1.179E-12,-1.235E-12
4.710E6,-928.5E-15,-972.6E-15,-1.180E-12,-1.235E-12
4.711E6,-928.7E-15,-972.8E-15,-1.180E-12,-1.235E-12
4.712E6,-928.9E-15,-973.0E-15,-1.180E-12,-1.236E-12
4.713E6,-929.1E-15,-973.2E-15,-1.180E-12,-1.236E-12
4.714E6,-929.3E-15,-973.4E-15,-1.181E-12,-1.236E-12
4.715E6,-929.5E-15,-973.6E-15,-1.181E-12,-1.236E-12
4.716E6,-929.7E-15,-973.8E-15,-1.181E-12,-1.237E-12
4.717E6,-929.9E-15,-974.0E-15,-1.181E-12,-1.237E-12
4.718E6,-930.1E-15,-974.2E-15,-1.182E-12,-1.237E-12
4.719E6,-930.3E-15,-974.4E-15,-1.182E-12,-1.237E-12
4.720E6,-930.5E-15,-974.6E-15,-1.182E-12,-1.238E-12
4.721E6,-930.7E-15,-974.9E-15,-1.182E-12,-1.238E-12
4.722E6,-930.9E-15,-975.1E-15,-1.183E-12,-1.238E-12
4.723E6,-931.1E-15,-975.3E-15,-1.183E-12,-1.238E-12
4.724E6,-931.3E-15,-975.5E-15,-1.183E-12,-1.239E-12
4.725E6,-931.5E-15,-975.7E-15,-1.183E-12,-1.239E-12
4.726E6,-931.7E-15,-975.9E-15,-1.184E-12,-1.239E-12
4.727E6,-931.9E-15,-976.1E-15,-1.184E-12,-1.240E-12
4.728E6,-932.1E-15,-976.3E-15,-1.184E-12,-1.240E-12
4.729E6,-932.3E-15,-976.5E-15,-1.184E-12,-1.240E-12
4.730E6,-932.5E-15,-976.7E-15,-1.185E-12,-1.240E-12
4.731E6,-932.7E-15,-976.9E-15,-1.185E-12,-1.241E-12
4.732E6,-932.9E-15,-977.1E-15,-1.185E-12,-1.241E-12
4.733E6,-933.1E-15,-977.3E-15,-1.185E-12,-1.241E-12
4.734E6,-933.3E-15,-977.5E-15,-1.186E-12,-1.241E-12
4.735E6,-933.5E-15,-977.7E-15,-1.186E-12,-1.242E-12
4.736E6,-933.7E-15,-978.0E-15,-1.186E-12,-1.242E-12
4.737E6,-933.9E-15,-978.2E-15,-1.186E-12,-1.242E-12
4.738E6,-934.1E-15,-978.4E-15,-1.187E-12,-1.242E-12
4.739E6,-934.2E-15,-978.6E-15,-1.187E-12,-1.243E-12
4.740E6,-934.4E-15,-978.8E-15,-1.187E-12,-1.243E-12
4.741E6,-934.6E-15,-979.0E-15,-1.187E-12,-1.243E-12
4.742E6,-934.8E-15,-979.2E-15,-1.188E-12,-1.243E-12
4.743E6,-935.0E-15,-979.4E-15,-1.188E-12,-1.244E-12
4.744E6,-935.2E-15,-979.6E-15,-1.188E-12,-1.244E-12
4.745E6,-935.4E-15,-979.8E-15,-1.188E-12,-1.244E-12
4.746E6,-935.6E-15,-980.0E-15,-1.189E-12,-1.245E-12
4.747E6,-935.8E-15,-980.2E-15,-1.189E-12,-1.245E-12
4.748E6,-936.0E-15,-980.4E-15,-1.189E-12,-1.245E-12
4.749E6,-936.2E-15,-980.6E-15,-1.189E-12,-1.245E-12
4.750E6,-936.4E-15,-980.8E-15,-1.190E-12,-1.246E-12
4.751E6,-936.6E-15,-981.0E-15,-1.190E-12,-1.246E-12
4.752E6,-936.8E-15,-981.3E-15,-1.190E-12,-1.246E-12
4.753E6,-937.0E-15,-981.5E-15,-1.190E-12,-1.246E-12
4.754E6,-937.2E-15,-981.7E-15,-1.191E-12,-1.247E-12
4.755E6,-937.4E-15,-981.9E-15,-1.191E-12,-1.247E-12
4.756E6,-937.6E-15,-982.1E-15,-1.191E-12,-1.247E-12
4.757E6,-937.8E-15,-982.3E-15,-1.191E-12,-1.247E-12
4.758E6,-938.0E-15,-982.5E-15,-1.192E-12,-1.248E-12
4.759E6,-938.2E-15,-982.7E-15,-1.192E-12,-1.248E-12
4.760E6,-938.4E-15,-982.9E-15,-1.192E-12,-1.248E-12
4.761E6,-938.6E-15,-983.1E-15,-1.192E-12,-1.248E-12
4.762E6,-938.8E-15,-983.3E-15,-1.193E-12,-1.249E-12
4.763E6,-939.0E-15,-983.5E-15,-1.193E-12,-1.249E-12
4.764E6,-939.2E-15,-983.7E-15,-1.193E-12,-1.249E-12
4.765E6,-939.4E-15,-983.9E-15,-1.193E-12,-1.249E-12
4.766E6,-939.6E-15,-984.1E-15,-1.194E-12,-1.250E-12
4.767E6,-939.8E-15,-984.4E-15,-1.194E-12,-1.250E-12
4.768E6,-940.0E-15,-984.6E-15,-1.194E-12,-1.250E-12
4.769E6,-940.2E-15,-984.8E-15,-1.194E-12,-1.251E-12
4.770E6,-940.4E-15,-985.0E-15,-1.195E-12,-1.251E-12
4.771E6,-940.6E-15,-985.2E-15,-1.195E-12,-1.251E-12
4.772E6,-940.8E-15,-985.4E-15,-1.195E-12,-1.251E-12
4.773E6,-941.0E-15,-985.6E-15,-1.195E-12,-1.252E-12
4.774E6,-941.1E-15,-985.8E-15,-1.196E-12,-1.252E-12
4.775E6,-941.3E-15,-986.0E-15,-1.196E-12,-1.252E-12
4.776E6,-941.5E-15,-986.2E-15,-1.196E-12,-1.252E-12
4.777E6,-941.7E-15,-986.4E-15,-1.196E-12,-1.253E-12
4.778E6,-941.9E-15,-986.6E-15,-1.197E-12,-1.253E-12
4.779E6,-942.1E-15,-986.8E-15,-1.197E-12,-1.253E-12
4.780E6,-942.3E-15,-987.0E-15,-1.197E-12,-1.253E-12
4.781E6,-942.5E-15,-987.2E-15,-1.197E-12,-1.254E-12
4.782E6,-942.7E-15,-987.5E-15,-1.198E-12,-1.254E-12
4.783E6,-942.9E-15,-987.7E-15,-1.198E-12,-1.254E-12
4.784E6,-943.1E-15,-987.9E-15,-1.198E-12,-1.254E-12
4.785E6,-943.3E-15,-988.1E-15,-1.198E-12,-1.255E-12
4.786E6,-943.5E-15,-988.3E-15,-1.199E-12,-1.255E-12
4.787E6,-943.7E-15,-988.5E-15,-1.199E-12,-1.255E-12
4.788E6,-943.9E-15,-988.7E-15,-1.199E-12,-1.256E-12
4.789E6,-944.1E-15,-988.9E-15,-1.199E-12,-1.256E-12
4.790E6,-944.3E-15,-989.1E-15,-1.200E-12,-1.256E-12
4.791E6,-944.5E-15,-989.3E-15,-1.200E-12,-1.256E-12
4.792E6,-944.7E-15,-989.5E-15,-1.200E-12,-1.257E-12
4.793E6,-944.9E-15,-989.7E-15,-1.200E-12,-1.257E-12
4.794E6,-945.1E-15,-989.9E-15,-1.201E-12,-1.257E-12
4.795E6,-945.3E-15,-990.1E-15,-1.201E-12,-1.257E-12
4.796E6,-945.5E-15,-990.3E-15,-1.201E-12,-1.258E-12
4.797E6,-945.7E-15,-990.5E-15,-1.201E-12,-1.258E-12
4.798E6,-945.9E-15,-990.8E-15,-1.202E-12,-1.258E-12
4.799E6,-946.1E-15,-991.0E-15,-1.202E-12,-1.258E-12
4.800E6,-946.3E-15,-991.2E-15,-1.202E-12,-1.259E-12
4.801E6,-946.5E-15,-991.4E-15,-1.202E-12,-1.259E-12
4.802E6,-946.7E-15,-991.6E-15,-1.203E-12,-1.259E-12
4.803E6,-946.9E-15,-991.8E-15,-1.203E-12,-1.259E-12
4.804E6,-947.1E-15,-992.0E-15,-1.203E-12,-1.260E-12
4.805E6,-947.3E-15,-992.2E-15,-1.203E-12,-1.260E-12
4.806E6,-947.5E-15,-992.4E-15,-1.204E-12,-1.260E-12
4.807E6,-947.7E-15,-992.6E-15,-1.204E-12,-1.260E-12
4.808E6,-947.9E-15,-992.8E-15,-1.204E-12,-1.261E-12
4.809E6,-948.0E-15,-993.0E-15,-1.204E-12,-1.261E-12
4.810E6,-948.2E-15,-993.2E-15,-1.205E-12,-1.261E-12
4.811E6,-948.4E-15,-993.4E-15,-1.205E-12,-1.262E-12
4.812E6,-948.6E-15,-993.6E-15,-1.205E-12,-1.262E-12
4.813E6,-948.8E-15,-993.9E-15,-1.205E-12,-1.262E-12
4.814E6,-949.0E-15,-994.1E-15,-1.206E-12,-1.262E-12
4.815E6,-949.2E-15,-994.3E-15,-1.206E-12,-1.263E-12
4.816E6,-949.4E-15,-994.5E-15,-1.206E-12,-1.263E-12
4.817E6,-949.6E-15,-994.7E-15,-1.206E-12,-1.263E-12
4.818E6,-949.8E-15,-994.9E-15,-1.207E-12,-1.263E-12
4.819E6,-950.0E-15,-995.1E-15,-1.207E-12,-1.264E-12
4.820E6,-950.2E-15,-995.3E-15,-1.207E-12,-1.264E-12
4.821E6,-950.4E-15,-995.5E-15,-1.207E-12,-1.264E-12
4.822E6,-950.6E-15,-995.7E-15,-1.208E-12,-1.264E-12
4.823E6,-950.8E-15,-995.9E-15,-1.208E-12,-1.265E-12
4.824E6,-951.0E-15,-996.1E-15,-1.208E-12,-1.265E-12
4.825E6,-951.2E-15,-996.3E-15,-1.208E-12,-1.265E-12
4.826E6,-951.4E-15,-996.5E-15,-1.209E-12,-1.265E-12
4.827E6,-951.6E-15,-996.7E-15,-1.209E-12,-1.266E-12
4.828E6,-951.8E-15,-996.9E-15,-1.209E-12,-1.266E-12
4.829E6,-952.0E-15,-997.2E-15,-1.209E-12,-1.266E-12
4.830E6,-952.2E-15,-997.4E-15,-1.210E-12,-1.267E-12
4.831E6,-952.4E-15,-997.6E-15,-1.210E-12,-1.267E-12
4.832E6,-952.6E-15,-997.8E-15,-1.210E-12,-1.267E-12
4.833E6,-952.8E-15,-998.0E-15,-1.210E-12,-1.267E-12
4.834E6,-953.0E-15,-998.2E-15,-1.211E-12,-1.268E-12
4.835E6,-953.2E-15,-998.4E-15,-1.211E-12,-1.268E-12
4.836E6,-953.4E-15,-998.6E-15,-1.211E-12,-1.268E-12
4.837E6,-953.6E-15,-998.8E-15,-1.211E-12,-1.268E-12
4.838E6,-953.8E-15,-999.0E-15,-1.212E-12,-1.269E-12
4.839E6,-954.0E-15,-999.2E-15,-1.212E-12,-1.269E-12
4.840E6,-954.2E-15,-999.4E-15,-1.212E-12,-1.269E-12
4.841E6,-954.4E-15,-999.6E-15,-1.212E-12,-1.269E-12
4.842E6,-954.6E-15,-999.8E-15,-1.213E-12,-1.270E-12
4.843E6,-954.8E-15,-1.000E-12,-1.213E-12,-1.270E-12
4.844E6,-954.9E-15,-1.000E-12,-1.213E-12,-1.270E-12
4.845E6,-955.1E-15,-1.000E-12,-1.213E-12,-1.270E-12
4.846E6,-955.3E-15,-1.001E-12,-1.214E-12,-1.271E-12
4.847E6,-955.5E-15,-1.001E-12,-1.214E-12,-1.271E-12
4.848E6,-955.7E-15,-1.001E-12,-1.214E-12,-1.271E-12
4.849E6,-955.9E-15,-1.001E-12,-1.214E-12,-1.272E-12
4.850E6,-956.1E-15,-1.001E-12,-1.215E-12,-1.272E-12
4.851E6,-956.3E-15,-1.002E-12,-1.215E-12,-1.272E-12
4.852E6,-956.5E-15,-1.002E-12,-1.215E-12,-1.272E-12
4.853E6,-956.7E-15,-1.002E-12,-1.215E-12,-1.273E-12
4.854E6,-956.9E-15,-1.002E-12,-1.216E-12,-1.273E-12
4.855E6,-957.1E-15,-1.003E-12,-1.216E-12,-1.273E-12
4.856E6,-957.3E-15,-1.003E-12,-1.216E-12,-1.273E-12
4.857E6,-957.5E-15,-1.003E-12,-1.216E-12,-1.274E-12
4.858E6,-957.7E-15,-1.003E-12,-1.217E-12,-1.274E-12
4.859E6,-957.9E-15,-1.003E-12,-1.217E-12,-1.274E-12
4.860E6,-958.1E-15,-1.004E-12,-1.217E-12,-1.274E-12
4.861E6,-958.3E-15,-1.004E-12,-1.217E-12,-1.275E-12
4.862E6,-958.5E-15,-1.004E-12,-1.218E-12,-1.275E-12
4.863E6,-958.7E-15,-1.004E-12,-1.218E-12,-1.275E-12
4.864E6,-958.9E-15,-1.004E-12,-1.218E-12,-1.275E-12
4.865E6,-959.1E-15,-1.005E-12,-1.218E-12,-1.276E-12
4.866E6,-959.3E-15,-1.005E-12,-1.219E-12,-1.276E-12
4.867E6,-959.5E-15,-1.005E-12,-1.219E-12,-1.276E-12
4.868E6,-959.7E-15,-1.005E-12,-1.219E-12,-1.276E-12
4.869E6,-959.9E-15,-1.005E-12,-1.219E-12,-1.277E-12
4.870E6,-960.1E-15,-1.006E-12,-1.220E-12,-1.277E-12
4.871E6,-960.3E-15,-1.006E-12,-1.220E-12,-1.277E-12
4.872E6,-960.5E-15,-1.006E-12,-1.220E-12,-1.278E-12
4.873E6,-960.7E-15,-1.006E-12,-1.220E-12,-1.278E-12
4.874E6,-960.9E-15,-1.006E-12,-1.221E-12,-1.278E-12
4.875E6,-961.1E-15,-1.007E-12,-1.221E-12,-1.278E-12
4.876E6,-961.3E-15,-1.007E-12,-1.221E-12,-1.279E-12
4.877E6,-961.5E-15,-1.007E-12,-1.221E-12,-1.279E-12
4.878E6,-961.7E-15,-1.007E-12,-1.222E-12,-1.279E-12
4.879E6,-961.8E-15,-1.007E-12,-1.222E-12,-1.279E-12
4.880E6,-962.0E-15,-1.008E-12,-1.222E-12,-1.280E-12
4.881E6,-962.2E-15,-1.008E-12,-1.222E-12,-1.280E-12
4.882E6,-962.4E-15,-1.008E-12,-1.223E-12,-1.280E-12
4.883E6,-962.6E-15,-1.008E-12,-1.223E-12,-1.280E-12
4.884E6,-962.8E-15,-1.009E-12,-1.223E-12,-1.281E-12
4.885E6,-963.0E-15,-1.009E-12,-1.223E-12,-1.281E-12
4.886E6,-963.2E-15,-1.009E-12,-1.224E-12,-1.281E-12
4.887E6,-963.4E-15,-1.009E-12,-1.224E-12,-1.281E-12
4.888E6,-963.6E-15,-1.009E-12,-1.224E-12,-1.282E-12
4.889E6,-963.8E-15,-1.010E-12,-1.224E-12,-1.282E-12
4.890E6,-964.0E-15,-1.010E-12,-1.225E-12,-1.282E-12
4.891E6,-964.2E-15,-1.010E-12,-1.225E-12,-1.283E-12
4.892E6,-964.4E-15,-1.010E-12,-1.225E-12,-1.283E-12
4.893E6,-964.6E-15,-1.010E-12,-1.225E-12,-1.283E-12
4.894E6,-964.8E-15,-1.011E-12,-1.226E-12,-1.283E-12
4.895E6,-965.0E-15,-1.011E-12,-1.226E-12,-1.284E-12
4.896E6,-965.2E-15,-1.011E-12,-1.226E-12,-1.284E-12
4.897E6,-965.4E-15,-1.011E-12,-1.226E-12,-1.284E-12
4.898E6,-965.6E-15,-1.011E-12,-1.227E-12,-1.284E-12
4.899E6,-965.8E-15,-1.012E-12,-1.227E-12,-1.285E-12
4.900E6,-966.0E-15,-1.012E-12,-1.227E-12,-1.285E-12
4.901E6,-966.2E-15,-1.012E-12,-1.227E-12,-1.285E-12
4.902E6,-966.4E-15,-1.012E-12,-1.228E-12,-1.285E-12
4.903E6,-966.6E-15,-1.012E-12,-1.228E-12,-1.286E-12
4.904E6,-966.8E-15,-1.013E-12,-1.228E-12,-1.286E-12
4.905E6,-967.0E-15,-1.013E-12,-1.228E-12,-1.286E-12
4.906E6,-967.2E-15,-1.013E-12,-1.229E-12,-1.286E-12
4.907E6,-967.4E-15,-1.013E-12,-1.229E-12,-1.287E-12
4.908E6,-967.6E-15,-1.013E-12,-1.229E-12,-1.287E-12
4.909E6,-967.8E-15,-1.014E-12,-1.229E-12,-1.287E-12
4.910E6,-968.0E-15,-1.014E-12,-1.230E-12,-1.288E-12
4.911E6,-968.2E-15,-1.014E-12,-1.230E-12,-1.288E-12
4.912E6,-968.4E-15,-1.014E-12,-1.230E-12,-1.288E-12
4.913E6,-968.5E-15,-1.015E-12,-1.230E-12,-1.288E-12
4.914E6,-968.7E-15,-1.015E-12,-1.231E-12,-1.289E-12
4.915E6,-968.9E-15,-1.015E-12,-1.231E-12,-1.289E-12
4.916E6,-969.1E-15,-1.015E-12,-1.231E-12,-1.289E-12
4.917E6,-969.3E-15,-1.015E-12,-1.231E-12,-1.289E-12
4.918E6,-969.5E-15,-1.016E-12,-1.232E-12,-1.290E-12
4.919E6,-969.7E-15,-1.016E-12,-1.232E-12,-1.290E-12
4.920E6,-969.9E-15,-1.016E-12,-1.232E-12,-1.290E-12
4.921E6,-970.1E-15,-1.016E-12,-1.232E-12,-1.290E-12
4.922E6,-970.3E-15,-1.016E-12,-1.233E-12,-1.291E-12
4.923E6,-970.5E-15,-1.017E-12,-1.233E-12,-1.291E-12
4.924E6,-970.7E-15,-1.017E-12,-1.233E-12,-1.291E-12
4.925E6,-970.9E-15,-1.017E-12,-1.233E-12,-1.291E-12
4.926E6,-971.1E-15,-1.017E-12,-1.234E-12,-1.292E-12
4.927E6,-971.3E-15,-1.017E-12,-1.234E-12,-1.292E-12
4.928E6,-971.5E-15,-1.018E-12,-1.234E-12,-1.292E-12
4.929E6,-971.7E-15,-1.018E-12,-1.234E-12,-1.292E-12
4.930E6,-971.9E-15,-1.018E-12,-1.235E-12,-1.293E-12
4.931E6,-972.1E-15,-1.018E-12,-1.235E-12,-1.293E-12
4.932E6,-972.3E-15,-1.018E-12,-1.235E-12,-1.293E-12
4.933E6,-972.5E-15,-1.019E-12,-1.235E-12,-1.294E-12
4.934E6,-972.7E-15,-1.019E-12,-1.236E-12,-1.294E-12
4.935E6,-972.9E-15,-1.019E-12,-1.236E-12,-1.294E-12
4.936E6,-973.1E-15,-1.019E-12,-1.236E-12,-1.294E-12
4.937E6,-973.3E-15,-1.019E-12,-1.236E-12,-1.295E-12
4.938E6,-973.5E-15,-1.020E-12,-1.237E-12,-1.295E-12
4.939E6,-973.7E-15,-1.020E-12,-1.237E-12,-1.295E-12
4.940E6,-973.9E-15,-1.020E-12,-1.237E-12,-1.295E-12
4.941E6,-974.1E-15,-1.020E-12,-1.237E-12,-1.296E-12
4.942E6,-974.3E-15,-1.020E-12,-1.238E-12,-1.296E-12
4.943E6,-974.5E-15,-1.021E-12,-1.238E-12,-1.296E-12
4.944E6,-974.7E-15,-1.021E-12,-1.238E-12,-1.296E-12
4.945E6,-974.9E-15,-1.021E-12,-1.238E-12,-1.297E-12
4.946E6,-975.1E-15,-1.021E-12,-1.239E-12,-1.297E-12
4.947E6,-975.3E-15,-1.022E-12,-1.239E-12,-1.297E-12
4.948E6,-975.4E-15,-1.022E-12,-1.239E-12,-1.297E-12
4.949E6,-975.6E-15,-1.022E-12,-1.239E-12,-1.298E-12
4.950E6,-975.8E-15,-1.022E-12,-1.240E-12,-1.298E-12
4.951E6,-976.0E-15,-1.022E-12,-1.240E-12,-1.298E-12
4.952E6,-976.2E-15,-1.023E-12,-1.240E-12,-1.299E-12
4.953E6,-976.4E-15,-1.023E-12,-1.240E-12,-1.299E-12
4.954E6,-976.6E-15,-1.023E-12,-1.241E-12,-1.299E-12
4.955E6,-976.8E-15,-1.023E-12,-1.241E-12,-1.299E-12
4.956E6,-977.0E-15,-1.023E-12,-1.241E-12,-1.300E-12
4.957E6,-977.2E-15,-1.024E-12,-1.241E-12,-1.300E-12
4.958E6,-977.4E-15,-1.024E-12,-1.242E-12,-1.300E-12
4.959E6,-977.6E-15,-1.024E-12,-1.242E-12,-1.300E-12
4.960E6,-977.8E-15,-1.024E-12,-1.242E-12,-1.301E-12
4.961E6,-978.0E-15,-1.024E-12,-1.242E-12,-1.301E-12
4.962E6,-978.2E-15,-1.025E-12,-1.243E-12,-1.301E-12
4.963E6,-978.4E-15,-1.025E-12,-1.243E-12,-1.301E-12
4.964E6,-978.6E-15,-1.025E-12,-1.243E-12,-1.302E-12
4.965E6,-978.8E-15,-1.025E-12,-1.243E-12,-1.302E-12
4.966E6,-979.0E-15,-1.025E-12,-1.244E-12,-1.302E-12
4.967E6,-979.2E-15,-1.026E-12,-1.244E-12,-1.302E-12
4.968E6,-979.4E-15,-1.026E-12,-1.244E-12,-1.303E-12
4.969E6,-979.6E-15,-1.026E-12,-1.244E-12,-1.303E-12
4.970E6,-979.8E-15,-1.026E-12,-1.245E-12,-1.303E-12
4.971E6,-980.0E-15,-1.026E-12,-1.245E-12,-1.304E-12
4.972E6,-980.2E-15,-1.027E-12,-1.245E-12,-1.304E-12
4.973E6,-980.4E-15,-1.027E-12,-1.245E-12,-1.304E-12
4.974E6,-980.6E-15,-1.027E-12,-1.246E-12,-1.304E-12
4.975E6,-980.8E-15,-1.027E-12,-1.246E-12,-1.305E-12
4.976E6,-981.0E-15,-1.028E-12,-1.246E-12,-1.305E-12
4.977E6,-981.2E-15,-1.028E-12,-1.246E-12,-1.305E-12
4.978E6,-981.4E-15,-1.028E-12,-1.247E-12,-1.305E-12
4.979E6,-981.6E-15,-1.028E-12,-1.247E-12,-1.306E-12
4.980E6,-981.8E-15,-1.028E-12,-1.247E-12,-1.306E-12
4.981E6,-982.0E-15,-1.029E-12,-1.247E-12,-1.306E-12
4.982E6,-982.2E-15,-1.029E-12,-1.248E-12,-1.306E-12
4.983E6,-982.3E-15,-1.029E-12,-1.248E-12,-1.307E-12
4.984E6,-982.5E-15,-1.029E-12,-1.248E-12,-1.307E-12
4.985E6,-982.7E-15,-1.029E-12,-1.248E-12,-1.307E-12
4.986E6,-982.9E-15,-1.030E-12,-1.249E-12,-1.307E-12
4.987E6,-983.1E-15,-1.030E-12,-1.249E-12,-1.308E-12
4.988E6,-983.3E-15,-1.030E-12,-1.249E-12,-1.308E-12
4.989E6,-983.5E-15,-1.030E-12,-1.249E-12,-1.308E-12
4.990E6,-983.7E-15,-1.030E-12,-1.250E-12,-1.308E-12
4.991E6,-983.9E-15,-1.031E-12,-1.250E-12,-1.309E-12
4.992E6,-984.1E-15,-1.031E-12,-1.250E-12,-1.309E-12
4.993E6,-984.3E-15,-1.031E-12,-1.250E-12,-1.309E-12
4.994E6,-984.5E-15,-1.031E-12,-1.251E-12,-1.310E-12
4.995E6,-984.7E-15,-1.031E-12,-1.251E-12,-1.310E-12
4.996E6,-984.9E-15,-1.032E-12,-1.251E-12,-1.310E-12
4.997E6,-985.1E-15,-1.032E-12,-1.251E-12,-1.310E-12
4.998E6,-985.3E-15,-1.032E-12,-1.252E-12,-1.311E-12
4.999E6,-985.5E-15,-1.032E-12,-1.252E-12,-1.311E-12
5.000E6,-985.7E-15,-1.032E-12,-1.252E-12,-1.311E-12
5.001E6,-985.9E-15,-1.033E-12,-1.252E-12,-1.311E-12
5.002E6,-986.1E-15,-1.033E-12,-1.253E-12,-1.312E-12
5.003E6,-986.3E-15,-1.033E-12,-1.253E-12,-1.312E-12
5.004E6,-986.5E-15,-1.033E-12,-1.253E-12,-1.312E-12
5.005E6,-986.7E-15,-1.033E-12,-1.253E-12,-1.312E-12
5.006E6,-986.9E-15,-1.034E-12,-1.254E-12,-1.313E-12
5.007E6,-987.1E-15,-1.034E-12,-1.254E-12,-1.313E-12
5.008E6,-987.3E-15,-1.034E-12,-1.254E-12,-1.313E-12
5.009E6,-987.5E-15,-1.034E-12,-1.254E-12,-1.313E-12
5.010E6,-987.7E-15,-1.035E-12,-1.255E-12,-1.314E-12
5.011E6,-987.9E-15,-1.035E-12,-1.255E-12,-1.314E-12
5.012E6,-988.1E-15,-1.035E-12,-1.255E-12,-1.314E-12
5.013E6,-988.3E-15,-1.035E-12,-1.255E-12,-1.315E-12
5.014E6,-988.5E-15,-1.035E-12,-1.256E-12,-1.315E-12
5.015E6,-988.7E-15,-1.036E-12,-1.256E-12,-1.315E-12
5.016E6,-988.9E-15,-1.036E-12,-1.256E-12,-1.315E-12
5.017E6,-989.1E-15,-1.036E-12,-1.256E-12,-1.316E-12
5.018E6,-989.2E-15,-1.036E-12,-1.257E-12,-1.316E-12
5.019E6,-989.4E-15,-1.036E-12,-1.257E-12,-1.316E-12
5.020E6,-989.6E-15,-1.037E-12,-1.257E-12,-1.316E-12
5.021E6,-989.8E-15,-1.037E-12,-1.257E-12,-1.317E-12
5.022E6,-990.0E-15,-1.037E-12,-1.258E-12,-1.317E-12
5.023E6,-990.2E-15,-1.037E-12,-1.258E-12,-1.317E-12
5.024E6,-990.4E-15,-1.037E-12,-1.258E-12,-1.317E-12
5.025E6,-990.6E-15,-1.038E-12,-1.258E-12,-1.318E-12
5.026E6,-990.8E-15,-1.038E-12,-1.259E-12,-1.318E-12
5.027E6,-991.0E-15,-1.038E-12,-1.259E-12,-1.318E-12
5.028E6,-991.2E-15,-1.038E-12,-1.259E-12,-1.318E-12
5.029E6,-991.4E-15,-1.038E-12,-1.259E-12,-1.319E-12
5.030E6,-991.6E-15,-1.039E-12,-1.260E-12,-1.319E-12
5.031E6,-991.8E-15,-1.039E-12,-1.260E-12,-1.319E-12
5.032E6,-992.0E-15,-1.039E-12,-1.260E-12,-1.319E-12
5.033E6,-992.2E-15,-1.039E-12,-1.260E-12,-1.320E-12
5.034E6,-992.4E-15,-1.039E-12,-1.261E-12,-1.320E-12
5.035E6,-992.6E-15,-1.040E-12,-1.261E-12,-1.320E-12
5.036E6,-992.8E-15,-1.040E-12,-1.261E-12,-1.321E-12
5.037E6,-993.0E-15,-1.040E-12,-1.261E-12,-1.321E-12
5.038E6,-993.2E-15,-1.040E-12,-1.262E-12,-1.321E-12
5.039E6,-993.4E-15,-1.041E-12,-1.262E-12,-1.321E-12
5.040E6,-993.6E-15,-1.041E-12,-1.262E-12,-1.322E-12
5.041E6,-993.8E-15,-1.041E-12,-1.262E-12,-1.322E-12
5.042E6,-994.0E-15,-1.041E-12,-1.263E-12,-1.322E-12
5.043E6,-994.2E-15,-1.041E-12,-1.263E-12,-1.322E-12
5.044E6,-994.4E-15,-1.042E-12,-1.263E-12,-1.323E-12
5.045E6,-994.6E-15,-1.042E-12,-1.263E-12,-1.323E-12
5.046E6,-994.8E-15,-1.042E-12,-1.264E-12,-1.323E-12
5.047E6,-995.0E-15,-1.042E-12,-1.264E-12,-1.323E-12
5.048E6,-995.2E-15,-1.042E-12,-1.264E-12,-1.324E-12
5.049E6,-995.4E-15,-1.043E-12,-1.264E-12,-1.324E-12
5.050E6,-995.6E-15,-1.043E-12,-1.265E-12,-1.324E-12
5.051E6,-995.8E-15,-1.043E-12,-1.265E-12,-1.324E-12
5.052E6,-996.0E-15,-1.043E-12,-1.265E-12,-1.325E-12
5.053E6,-996.1E-15,-1.043E-12,-1.265E-12,-1.325E-12
5.054E6,-996.3E-15,-1.044E-12,-1.266E-12,-1.325E-12
5.055E6,-996.5E-15,-1.044E-12,-1.266E-12,-1.326E-12
5.056E6,-996.7E-15,-1.044E-12,-1.266E-12,-1.326E-12
5.057E6,-996.9E-15,-1.044E-12,-1.266E-12,-1.326E-12
5.058E6,-997.1E-15,-1.044E-12,-1.267E-12,-1.326E-12
5.059E6,-997.3E-15,-1.045E-12,-1.267E-12,-1.327E-12
5.060E6,-997.5E-15,-1.045E-12,-1.267E-12,-1.327E-12
5.061E6,-997.7E-15,-1.045E-12,-1.267E-12,-1.327E-12
5.062E6,-997.9E-15,-1.045E-12,-1.268E-12,-1.327E-12
5.063E6,-998.1E-15,-1.045E-12,-1.268E-12,-1.328E-12
5.064E6,-998.3E-15,-1.046E-12,-1.268E-12,-1.328E-12
5.065E6,-998.5E-15,-1.046E-12,-1.268E-12,-1.328E-12
5.066E6,-998.7E-15,-1.046E-12,-1.269E-12,-1.328E-12
5.067E6,-998.9E-15,-1.046E-12,-1.269E-12,-1.329E-12
5.068E6,-999.1E-15,-1.047E-12,-1.269E-12,-1.329E-12
5.069E6,-999.3E-15,-1.047E-12,-1.269E-12,-1.329E-12
5.070E6,-999.5E-15,-1.047E-12,-1.270E-12,-1.329E-12
5.071E6,-999.7E-15,-1.047E-12,-1.270E-12,-1.330E-12
5.072E6,-999.9E-15,-1.047E-12,-1.270E-12,-1.330E-12
5.073E6,-1.000E-12,-1.048E-12,-1.270E-12,-1.330E-12
5.074E6,-1.000E-12,-1.048E-12,-1.271E-12,-1.331E-12
5.075E6,-1.000E-12,-1.048E-12,-1.271E-12,-1.331E-12
5.076E6,-1.001E-12,-1.048E-12,-1.271E-12,-1.331E-12
5.077E6,-1.001E-12,-1.048E-12,-1.271E-12,-1.331E-12
5.078E6,-1.001E-12,-1.049E-12,-1.272E-12,-1.332E-12
5.079E6,-1.001E-12,-1.049E-12,-1.272E-12,-1.332E-12
5.080E6,-1.001E-12,-1.049E-12,-1.272E-12,-1.332E-12
5.081E6,-1.002E-12,-1.049E-12,-1.272E-12,-1.332E-12
5.082E6,-1.002E-12,-1.049E-12,-1.273E-12,-1.333E-12
5.083E6,-1.002E-12,-1.050E-12,-1.273E-12,-1.333E-12
5.084E6,-1.002E-12,-1.050E-12,-1.273E-12,-1.333E-12
5.085E6,-1.002E-12,-1.050E-12,-1.273E-12,-1.333E-12
5.086E6,-1.003E-12,-1.050E-12,-1.274E-12,-1.334E-12
5.087E6,-1.003E-12,-1.050E-12,-1.274E-12,-1.334E-12
5.088E6,-1.003E-12,-1.051E-12,-1.274E-12,-1.334E-12
5.089E6,-1.003E-12,-1.051E-12,-1.274E-12,-1.334E-12
5.090E6,-1.003E-12,-1.051E-12,-1.275E-12,-1.335E-12
5.091E6,-1.004E-12,-1.051E-12,-1.275E-12,-1.335E-12
5.092E6,-1.004E-12,-1.051E-12,-1.275E-12,-1.335E-12
5.093E6,-1.004E-12,-1.052E-12,-1.275E-12,-1.335E-12
5.094E6,-1.004E-12,-1.052E-12,-1.276E-12,-1.336E-12
5.095E6,-1.004E-12,-1.052E-12,-1.276E-12,-1.336E-12
5.096E6,-1.005E-12,-1.052E-12,-1.276E-12,-1.336E-12
5.097E6,-1.005E-12,-1.052E-12,-1.276E-12,-1.337E-12
5.098E6,-1.005E-12,-1.053E-12,-1.277E-12,-1.337E-12
5.099E6,-1.005E-12,-1.053E-12,-1.277E-12,-1.337E-12
5.100E6,-1.005E-12,-1.053E-12,-1.277E-12,-1.337E-12
5.101E6,-1.006E-12,-1.053E-12,-1.277E-12,-1.338E-12
5.102E6,-1.006E-12,-1.054E-12,-1.278E-12,-1.338E-12
5.103E6,-1.006E-12,-1.054E-12,-1.278E-12,-1.338E-12
5.104E6,-1.006E-12,-1.054E-12,-1.278E-12,-1.338E-12
5.105E6,-1.006E-12,-1.054E-12,-1.278E-12,-1.339E-12
5.106E6,-1.007E-12,-1.054E-12,-1.279E-12,-1.339E-12
5.107E6,-1.007E-12,-1.055E-12,-1.279E-12,-1.339E-12
5.108E6,-1.007E-12,-1.055E-12,-1.279E-12,-1.339E-12
5.109E6,-1.007E-12,-1.055E-12,-1.279E-12,-1.340E-12
5.110E6,-1.007E-12,-1.055E-12,-1.280E-12,-1.340E-12
5.111E6,-1.008E-12,-1.055E-12,-1.280E-12,-1.340E-12
5.112E6,-1.008E-12,-1.056E-12,-1.280E-12,-1.340E-12
5.113E6,-1.008E-12,-1.056E-12,-1.280E-12,-1.341E-12
5.114E6,-1.008E-12,-1.056E-12,-1.281E-12,-1.341E-12
5.115E6,-1.008E-12,-1.056E-12,-1.281E-12,-1.341E-12
5.116E6,-1.009E-12,-1.056E-12,-1.281E-12,-1.342E-12
5.117E6,-1.009E-12,-1.057E-12,-1.281E-12,-1.342E-12
5.118E6,-1.009E-12,-1.057E-12,-1.282E-12,-1.342E-12
5.119E6,-1.009E-12,-1.057E-12,-1.282E-12,-1.342E-12
5.120E6,-1.009E-12,-1.057E-12,-1.282E-12,-1.343E-12
5.121E6,-1.010E-12,-1.057E-12,-1.282E-12,-1.343E-12
5.122E6,-1.010E-12,-1.058E-12,-1.283E-12,-1.343E-12
5.123E6,-1.010E-12,-1.058E-12,-1.283E-12,-1.343E-12
5.124E6,-1.010E-12,-1.058E-12,-1.283E-12,-1.344E-12
5.125E6,-1.010E-12,-1.058E-12,-1.283E-12,-1.344E-12
5.126E6,-1.011E-12,-1.058E-12,-1.284E-12,-1.344E-12
5.127E6,-1.011E-12,-1.059E-12,-1.284E-12,-1.344E-12
5.128E6,-1.011E-12,-1.059E-12,-1.284E-12,-1.345E-12
5.129E6,-1.011E-12,-1.059E-12,-1.284E-12,-1.345E-12
5.130E6,-1.011E-12,-1.059E-12,-1.285E-12,-1.345E-12
5.131E6,-1.012E-12,-1.060E-12,-1.285E-12,-1.345E-12
5.132E6,-1.012E-12,-1.060E-12,-1.285E-12,-1.346E-12
5.133E6,-1.012E-12,-1.060E-12,-1.285E-12,-1.346E-12
5.134E6,-1.012E-12,-1.060E-12,-1.286E-12,-1.346E-12
5.135E6,-1.012E-12,-1.060E-12,-1.286E-12,-1.347E-12
5.136E6,-1.013E-12,-1.061E-12,-1.286E-12,-1.347E-12
5.137E6,-1.013E-12,-1.061E-12,-1.286E-12,-1.347E-12
5.138E6,-1.013E-12,-1.061E-12,-1.287E-12,-1.347E-12
5.139E6,-1.013E-12,-1.061E-12,-1.287E-12,-1.348E-12
5.140E6,-1.013E-12,-1.061E-12,-1.287E-12,-1.348E-12
5.141E6,-1.013E-12,-1.062E-12,-1.287E-12,-1.348E-12
5.142E6,-1.014E-12,-1.062E-12,-1.288E-12,-1.348E-12
5.143E6,-1.014E-12,-1.062E-12,-1.288E-12,-1.349E-12
5.144E6,-1.014E-12,-1.062E-12,-1.288E-12,-1.349E-12
5.145E6,-1.014E-12,-1.062E-12,-1.288E-12,-1.349E-12
5.146E6,-1.014E-12,-1.063E-12,-1.289E-12,-1.349E-12
5.147E6,-1.015E-12,-1.063E-12,-1.289E-12,-1.350E-12
5.148E6,-1.015E-12,-1.063E-12,-1.289E-12,-1.350E-12
5.149E6,-1.015E-12,-1.063E-12,-1.289E-12,-1.350E-12
5.150E6,-1.015E-12,-1.063E-12,-1.290E-12,-1.350E-12
5.151E6,-1.015E-12,-1.064E-12,-1.290E-12,-1.351E-12
5.152E6,-1.016E-12,-1.064E-12,-1.290E-12,-1.351E-12
5.153E6,-1.016E-12,-1.064E-12,-1.290E-12,-1.351E-12
5.154E6,-1.016E-12,-1.064E-12,-1.291E-12,-1.351E-12
5.155E6,-1.016E-12,-1.064E-12,-1.291E-12,-1.352E-12
5.156E6,-1.016E-12,-1.065E-12,-1.291E-12,-1.352E-12
5.157E6,-1.017E-12,-1.065E-12,-1.291E-12,-1.352E-12
5.158E6,-1.017E-12,-1.065E-12,-1.292E-12,-1.353E-12
5.159E6,-1.017E-12,-1.065E-12,-1.292E-12,-1.353E-12
5.160E6,-1.017E-12,-1.066E-12,-1.292E-12,-1.353E-12
5.161E6,-1.017E-12,-1.066E-12,-1.292E-12,-1.353E-12
5.162E6,-1.018E-12,-1.066E-12,-1.293E-12,-1.354E-12
5.163E6,-1.018E-12,-1.066E-12,-1.293E-12,-1.354E-12
5.164E6,-1.018E-12,-1.066E-12,-1.293E-12,-1.354E-12
5.165E6,-1.018E-12,-1.067E-12,-1.293E-12,-1.354E-12
5.166E6,-1.018E-12,-1.067E-12,-1.294E-12,-1.355E-12
5.167E6,-1.019E-12,-1.067E-12,-1.294E-12,-1.355E-12
5.168E6,-1.019E-12,-1.067E-12,-1.294E-12,-1.355E-12
5.169E6,-1.019E-12,-1.067E-12,-1.294E-12,-1.355E-12
5.170E6,-1.019E-12,-1.068E-12,-1.295E-12,-1.356E-12
5.171E6,-1.019E-12,-1.068E-12,-1.295E-12,-1.356E-12
5.172E6,-1.020E-12,-1.068E-12,-1.295E-12,-1.356E-12
5.173E6,-1.020E-12,-1.068E-12,-1.295E-12,-1.356E-12
5.174E6,-1.020E-12,-1.068E-12,-1.296E-12,-1.357E-12
5.175E6,-1.020E-12,-1.069E-12,-1.296E-12,-1.357E-12
5.176E6,-1.020E-12,-1.069E-12,-1.296E-12,-1.357E-12
5.177E6,-1.021E-12,-1.069E-12,-1.296E-12,-1.358E-12
5.178E6,-1.021E-12,-1.069E-12,-1.297E-12,-1.358E-12
5.179E6,-1.021E-12,-1.069E-12,-1.297E-12,-1.358E-12
5.180E6,-1.021E-12,-1.070E-12,-1.297E-12,-1.358E-12
5.181E6,-1.021E-12,-1.070E-12,-1.297E-12,-1.359E-12
5.182E6,-1.022E-12,-1.070E-12,-1.298E-12,-1.359E-12
5.183E6,-1.022E-12,-1.070E-12,-1.298E-12,-1.359E-12
5.184E6,-1.022E-12,-1.070E-12,-1.298E-12,-1.359E-12
5.185E6,-1.022E-12,-1.071E-12,-1.298E-12,-1.360E-12
5.186E6,-1.022E-12,-1.071E-12,-1.299E-12,-1.360E-12
5.187E6,-1.023E-12,-1.071E-12,-1.299E-12,-1.360E-12
5.188E6,-1.023E-12,-1.071E-12,-1.299E-12,-1.360E-12
5.189E6,-1.023E-12,-1.071E-12,-1.299E-12,-1.361E-12
5.190E6,-1.023E-12,-1.072E-12,-1.300E-12,-1.361E-12
5.191E6,-1.023E-12,-1.072E-12,-1.300E-12,-1.361E-12
5.192E6,-1.024E-12,-1.072E-12,-1.300E-12,-1.361E-12
5.193E6,-1.024E-12,-1.072E-12,-1.300E-12,-1.362E-12
5.194E6,-1.024E-12,-1.073E-12,-1.301E-12,-1.362E-12
5.195E6,-1.024E-12,-1.073E-12,-1.301E-12,-1.362E-12
5.196E6,-1.024E-12,-1.073E-12,-1.301E-12,-1.363E-12
5.197E6,-1.025E-12,-1.073E-12,-1.301E-12,-1.363E-12
5.198E6,-1.025E-12,-1.073E-12,-1.302E-12,-1.363E-12
5.199E6,-1.025E-12,-1.074E-12,-1.302E-12,-1.363E-12
5.200E6,-1.025E-12,-1.074E-12,-1.302E-12,-1.364E-12
5.201E6,-1.025E-12,-1.074E-12,-1.302E-12,-1.364E-12
5.202E6,-1.026E-12,-1.074E-12,-1.303E-12,-1.364E-12
5.203E6,-1.026E-12,-1.074E-12,-1.303E-12,-1.364E-12
5.204E6,-1.026E-12,-1.075E-12,-1.303E-12,-1.365E-12
5.205E6,-1.026E-12,-1.075E-12,-1.304E-12,-1.365E-12
5.206E6,-1.026E-12,-1.075E-12,-1.304E-12,-1.365E-12
5.207E6,-1.027E-12,-1.075E-12,-1.304E-12,-1.365E-12
5.208E6,-1.027E-12,-1.075E-12,-1.304E-12,-1.366E-12
5.209E6,-1.027E-12,-1.076E-12,-1.305E-12,-1.366E-12
5.210E6,-1.027E-12,-1.076E-12,-1.305E-12,-1.366E-12
5.211E6,-1.027E-12,-1.076E-12,-1.305E-12,-1.366E-12
5.212E6,-1.027E-12,-1.076E-12,-1.305E-12,-1.367E-12
5.213E6,-1.028E-12,-1.076E-12,-1.306E-12,-1.367E-12
5.214E6,-1.028E-12,-1.077E-12,-1.306E-12,-1.367E-12
5.215E6,-1.028E-12,-1.077E-12,-1.306E-12,-1.367E-12
5.216E6,-1.028E-12,-1.077E-12,-1.306E-12,-1.368E-12
5.217E6,-1.028E-12,-1.077E-12,-1.307E-12,-1.368E-12
5.218E6,-1.029E-12,-1.077E-12,-1.307E-12,-1.368E-12
5.219E6,-1.029E-12,-1.078E-12,-1.307E-12,-1.369E-12
5.220E6,-1.029E-12,-1.078E-12,-1.307E-12,-1.369E-12
5.221E6,-1.029E-12,-1.078E-12,-1.308E-12,-1.369E-12
5.222E6,-1.029E-12,-1.078E-12,-1.308E-12,-1.369E-12
5.223E6,-1.030E-12,-1.079E-12,-1.308E-12,-1.370E-12
5.224E6,-1.030E-12,-1.079E-12,-1.308E-12,-1.370E-12
5.225E6,-1.030E-12,-1.079E-12,-1.309E-12,-1.370E-12
5.226E6,-1.030E-12,-1.079E-12,-1.309E-12,-1.370E-12
5.227E6,-1.030E-12,-1.079E-12,-1.309E-12,-1.371E-12
5.228E6,-1.031E-12,-1.080E-12,-1.309E-12,-1.371E-12
5.229E6,-1.031E-12,-1.080E-12,-1.310E-12,-1.371E-12
5.230E6,-1.031E-12,-1.080E-12,-1.310E-12,-1.371E-12
5.231E6,-1.031E-12,-1.080E-12,-1.310E-12,-1.372E-12
5.232E6,-1.031E-12,-1.080E-12,-1.310E-12,-1.372E-12
5.233E6,-1.032E-12,-1.081E-12,-1.311E-12,-1.372E-12
5.234E6,-1.032E-12,-1.081E-12,-1.311E-12,-1.372E-12
5.235E6,-1.032E-12,-1.081E-12,-1.311E-12,-1.373E-12
5.236E6,-1.032E-12,-1.081E-12,-1.311E-12,-1.373E-12
5.237E6,-1.032E-12,-1.081E-12,-1.312E-12,-1.373E-12
5.238E6,-1.033E-12,-1.082E-12,-1.312E-12,-1.374E-12
5.239E6,-1.033E-12,-1.082E-12,-1.312E-12,-1.374E-12
5.240E6,-1.033E-12,-1.082E-12,-1.312E-12,-1.374E-12
5.241E6,-1.033E-12,-1.082E-12,-1.313E-12,-1.374E-12
5.242E6,-1.033E-12,-1.082E-12,-1.313E-12,-1.375E-12
5.243E6,-1.034E-12,-1.083E-12,-1.313E-12,-1.375E-12
5.244E6,-1.034E-12,-1.083E-12,-1.313E-12,-1.375E-12
5.245E6,-1.034E-12,-1.083E-12,-1.314E-12,-1.375E-12
5.246E6,-1.034E-12,-1.083E-12,-1.314E-12,-1.376E-12
5.247E6,-1.034E-12,-1.083E-12,-1.314E-12,-1.376E-12
5.248E6,-1.035E-12,-1.084E-12,-1.314E-12,-1.376E-12
5.249E6,-1.035E-12,-1.084E-12,-1.315E-12,-1.376E-12
5.250E6,-1.035E-12,-1.084E-12,-1.315E-12,-1.377E-12
5.251E6,-1.035E-12,-1.084E-12,-1.315E-12,-1.377E-12
5.252E6,-1.035E-12,-1.085E-12,-1.315E-12,-1.377E-12
5.253E6,-1.036E-12,-1.085E-12,-1.316E-12,-1.377E-12
5.254E6,-1.036E-12,-1.085E-12,-1.316E-12,-1.378E-12
5.255E6,-1.036E-12,-1.085E-12,-1.316E-12,-1.378E-12
5.256E6,-1.036E-12,-1.085E-12,-1.316E-12,-1.378E-12
5.257E6,-1.036E-12,-1.086E-12,-1.317E-12,-1.378E-12
5.258E6,-1.037E-12,-1.086E-12,-1.317E-12,-1.379E-12
5.259E6,-1.037E-12,-1.086E-12,-1.317E-12,-1.379E-12
5.260E6,-1.037E-12,-1.086E-12,-1.317E-12,-1.379E-12
5.261E6,-1.037E-12,-1.086E-12,-1.318E-12,-1.380E-12
5.262E6,-1.037E-12,-1.087E-12,-1.318E-12,-1.380E-12
5.263E6,-1.038E-12,-1.087E-12,-1.318E-12,-1.380E-12
5.264E6,-1.038E-12,-1.087E-12,-1.318E-12,-1.380E-12
5.265E6,-1.038E-12,-1.087E-12,-1.319E-12,-1.381E-12
5.266E6,-1.038E-12,-1.087E-12,-1.319E-12,-1.381E-12
5.267E6,-1.038E-12,-1.088E-12,-1.319E-12,-1.381E-12
5.268E6,-1.039E-12,-1.088E-12,-1.319E-12,-1.381E-12
5.269E6,-1.039E-12,-1.088E-12,-1.320E-12,-1.382E-12
5.270E6,-1.039E-12,-1.088E-12,-1.320E-12,-1.382E-12
5.271E6,-1.039E-12,-1.088E-12,-1.320E-12,-1.382E-12
5.272E6,-1.039E-12,-1.089E-12,-1.320E-12,-1.382E-12
5.273E6,-1.040E-12,-1.089E-12,-1.321E-12,-1.383E-12
5.274E6,-1.040E-12,-1.089E-12,-1.321E-12,-1.383E-12
5.275E6,-1.040E-12,-1.089E-12,-1.321E-12,-1.383E-12
5.276E6,-1.040E-12,-1.089E-12,-1.321E-12,-1.383E-12
5.277E6,-1.040E-12,-1.090E-12,-1.322E-12,-1.384E-12
5.278E6,-1.041E-12,-1.090E-12,-1.322E-12,-1.384E-12
5.279E6,-1.041E-12,-1.090E-12,-1.322E-12,-1.384E-12
5.280E6,-1.041E-12,-1.090E-12,-1.322E-12,-1.385E-12
5.281E6,-1.041E-12,-1.090E-12,-1.323E-12,-1.385E-12
5.282E6,-1.041E-12,-1.091E-12,-1.323E-12,-1.385E-12
5.283E6,-1.041E-12,-1.091E-12,-1.323E-12,-1.385E-12
5.284E6,-1.042E-12,-1.091E-12,-1.323E-12,-1.386E-12
5.285E6,-1.042E-12,-1.091E-12,-1.324E-12,-1.386E-12
5.286E6,-1.042E-12,-1.092E-12,-1.324E-12,-1.386E-12
5.287E6,-1.042E-12,-1.092E-12,-1.324E-12,-1.386E-12
5.288E6,-1.042E-12,-1.092E-12,-1.324E-12,-1.387E-12
5.289E6,-1.043E-12,-1.092E-12,-1.325E-12,-1.387E-12
5.290E6,-1.043E-12,-1.092E-12,-1.325E-12,-1.387E-12
5.291E6,-1.043E-12,-1.093E-12,-1.325E-12,-1.387E-12
5.292E6,-1.043E-12,-1.093E-12,-1.325E-12,-1.388E-12
5.293E6,-1.043E-12,-1.093E-12,-1.326E-12,-1.388E-12
5.294E6,-1.044E-12,-1.093E-12,-1.326E-12,-1.388E-12
5.295E6,-1.044E-12,-1.093E-12,-1.326E-12,-1.388E-12
5.296E6,-1.044E-12,-1.094E-12,-1.326E-12,-1.389E-12
5.297E6,-1.044E-12,-1.094E-12,-1.327E-12,-1.389E-12
5.298E6,-1.044E-12,-1.094E-12,-1.327E-12,-1.389E-12
5.299E6,-1.045E-12,-1.094E-12,-1.327E-12,-1.390E-12
5.300E6,-1.045E-12,-1.094E-12,-1.327E-12,-1.390E-12
5.301E6,-1.045E-12,-1.095E-12,-1.328E-12,-1.390E-12
5.302E6,-1.045E-12,-1.095E-12,-1.328E-12,-1.390E-12
5.303E6,-1.045E-12,-1.095E-12,-1.328E-12,-1.391E-12
5.304E6,-1.046E-12,-1.095E-12,-1.328E-12,-1.391E-12
5.305E6,-1.046E-12,-1.095E-12,-1.329E-12,-1.391E-12
5.306E6,-1.046E-12,-1.096E-12,-1.329E-12,-1.391E-12
5.307E6,-1.046E-12,-1.096E-12,-1.329E-12,-1.392E-12
5.308E6,-1.046E-12,-1.096E-12,-1.329E-12,-1.392E-12
5.309E6,-1.047E-12,-1.096E-12,-1.330E-12,-1.392E-12
5.310E6,-1.047E-12,-1.096E-12,-1.330E-12,-1.392E-12
5.311E6,-1.047E-12,-1.097E-12,-1.330E-12,-1.393E-12
5.312E6,-1.047E-12,-1.097E-12,-1.330E-12,-1.393E-12
5.313E6,-1.047E-12,-1.097E-12,-1.331E-12,-1.393E-12
5.314E6,-1.048E-12,-1.097E-12,-1.331E-12,-1.393E-12
5.315E6,-1.048E-12,-1.098E-12,-1.331E-12,-1.394E-12
5.316E6,-1.048E-12,-1.098E-12,-1.331E-12,-1.394E-12
5.317E6,-1.048E-12,-1.098E-12,-1.332E-12,-1.394E-12
5.318E6,-1.048E-12,-1.098E-12,-1.332E-12,-1.394E-12
5.319E6,-1.049E-12,-1.098E-12,-1.332E-12,-1.395E-12
5.320E6,-1.049E-12,-1.099E-12,-1.332E-12,-1.395E-12
5.321E6,-1.049E-12,-1.099E-12,-1.333E-12,-1.395E-12
5.322E6,-1.049E-12,-1.099E-12,-1.333E-12,-1.396E-12
5.323E6,-1.049E-12,-1.099E-12,-1.333E-12,-1.396E-12
5.324E6,-1.050E-12,-1.099E-12,-1.333E-12,-1.396E-12
5.325E6,-1.050E-12,-1.100E-12,-1.334E-12,-1.396E-12
5.326E6,-1.050E-12,-1.100E-12,-1.334E-12,-1.397E-12
5.327E6,-1.050E-12,-1.100E-12,-1.334E-12,-1.397E-12
5.328E6,-1.050E-12,-1.100E-12,-1.334E-12,-1.397E-12
5.329E6,-1.051E-12,-1.100E-12,-1.335E-12,-1.397E-12
5.330E6,-1.051E-12,-1.101E-12,-1.335E-12,-1.398E-12
5.331E6,-1.051E-12,-1.101E-12,-1.335E-12,-1.398E-12
5.332E6,-1.051E-12,-1.101E-12,-1.335E-12,-1.398E-12
5.333E6,-1.051E-12,-1.101E-12,-1.336E-12,-1.398E-12
5.334E6,-1.052E-12,-1.101E-12,-1.336E-12,-1.399E-12
5.335E6,-1.052E-12,-1.102E-12,-1.336E-12,-1.399E-12
5.336E6,-1.052E-12,-1.102E-12,-1.336E-12,-1.399E-12
5.337E6,-1.052E-12,-1.102E-12,-1.337E-12,-1.399E-12
5.338E6,-1.052E-12,-1.102E-12,-1.337E-12,-1.400E-12
5.339E6,-1.053E-12,-1.102E-12,-1.337E-12,-1.400E-12
5.340E6,-1.053E-12,-1.103E-12,-1.337E-12,-1.400E-12
5.341E6,-1.053E-12,-1.103E-12,-1.338E-12,-1.401E-12
5.342E6,-1.053E-12,-1.103E-12,-1.338E-12,-1.401E-12
5.343E6,-1.053E-12,-1.103E-12,-1.338E-12,-1.401E-12
5.344E6,-1.054E-12,-1.103E-12,-1.338E-12,-1.401E-12
5.345E6,-1.054E-12,-1.104E-12,-1.339E-12,-1.402E-12
5.346E6,-1.054E-12,-1.104E-12,-1.339E-12,-1.402E-12
5.347E6,-1.054E-12,-1.104E-12,-1.339E-12,-1.402E-12
5.348E6,-1.054E-12,-1.104E-12,-1.339E-12,-1.402E-12
5.349E6,-1.055E-12,-1.105E-12,-1.340E-12,-1.403E-12
5.350E6,-1.055E-12,-1.105E-12,-1.340E-12,-1.403E-12
5.351E6,-1.055E-12,-1.105E-12,-1.340E-12,-1.403E-12
5.352E6,-1.055E-12,-1.105E-12,-1.340E-12,-1.403E-12
5.353E6,-1.055E-12,-1.105E-12,-1.341E-12,-1.404E-12
5.354E6,-1.055E-12,-1.106E-12,-1.341E-12,-1.404E-12
5.355E6,-1.056E-12,-1.106E-12,-1.341E-12,-1.404E-12
5.356E6,-1.056E-12,-1.106E-12,-1.341E-12,-1.404E-12
5.357E6,-1.056E-12,-1.106E-12,-1.342E-12,-1.405E-12
5.358E6,-1.056E-12,-1.106E-12,-1.342E-12,-1.405E-12
5.359E6,-1.056E-12,-1.107E-12,-1.342E-12,-1.405E-12
5.360E6,-1.057E-12,-1.107E-12,-1.342E-12,-1.406E-12
5.361E6,-1.057E-12,-1.107E-12,-1.343E-12,-1.406E-12
5.362E6,-1.057E-12,-1.107E-12,-1.343E-12,-1.406E-12
5.363E6,-1.057E-12,-1.107E-12,-1.343E-12,-1.406E-12
5.364E6,-1.057E-12,-1.108E-12,-1.343E-12,-1.407E-12
5.365E6,-1.058E-12,-1.108E-12,-1.344E-12,-1.407E-12
5.366E6,-1.058E-12,-1.108E-12,-1.344E-12,-1.407E-12
5.367E6,-1.058E-12,-1.108E-12,-1.344E-12,-1.407E-12
5.368E6,-1.058E-12,-1.108E-12,-1.344E-12,-1.408E-12
5.369E6,-1.058E-12,-1.109E-12,-1.345E-12,-1.408E-12
5.370E6,-1.059E-12,-1.109E-12,-1.345E-12,-1.408E-12
5.371E6,-1.059E-12,-1.109E-12,-1.345E-12,-1.408E-12
5.372E6,-1.059E-12,-1.109E-12,-1.345E-12,-1.409E-12
5.373E6,-1.059E-12,-1.109E-12,-1.346E-12,-1.409E-12
5.374E6,-1.059E-12,-1.110E-12,-1.346E-12,-1.409E-12
5.375E6,-1.060E-12,-1.110E-12,-1.346E-12,-1.409E-12
5.376E6,-1.060E-12,-1.110E-12,-1.346E-12,-1.410E-12
5.377E6,-1.060E-12,-1.110E-12,-1.347E-12,-1.410E-12
5.378E6,-1.060E-12,-1.111E-12,-1.347E-12,-1.410E-12
5.379E6,-1.060E-12,-1.111E-12,-1.347E-12,-1.410E-12
5.380E6,-1.061E-12,-1.111E-12,-1.347E-12,-1.411E-12
5.381E6,-1.061E-12,-1.111E-12,-1.348E-12,-1.411E-12
5.382E6,-1.061E-12,-1.111E-12,-1.348E-12,-1.411E-12
5.383E6,-1.061E-12,-1.112E-12,-1.348E-12,-1.412E-12
5.384E6,-1.061E-12,-1.112E-12,-1.348E-12,-1.412E-12
5.385E6,-1.062E-12,-1.112E-12,-1.349E-12,-1.412E-12
5.386E6,-1.062E-12,-1.112E-12,-1.349E-12,-1.412E-12
5.387E6,-1.062E-12,-1.112E-12,-1.349E-12,-1.413E-12
5.388E6,-1.062E-12,-1.113E-12,-1.349E-12,-1.413E-12
5.389E6,-1.062E-12,-1.113E-12,-1.350E-12,-1.413E-12
5.390E6,-1.063E-12,-1.113E-12,-1.350E-12,-1.413E-12
5.391E6,-1.063E-12,-1.113E-12,-1.350E-12,-1.414E-12
5.392E6,-1.063E-12,-1.113E-12,-1.350E-12,-1.414E-12
5.393E6,-1.063E-12,-1.114E-12,-1.351E-12,-1.414E-12
5.394E6,-1.063E-12,-1.114E-12,-1.351E-12,-1.414E-12
5.395E6,-1.064E-12,-1.114E-12,-1.351E-12,-1.415E-12
5.396E6,-1.064E-12,-1.114E-12,-1.351E-12,-1.415E-12
5.397E6,-1.064E-12,-1.114E-12,-1.352E-12,-1.415E-12
5.398E6,-1.064E-12,-1.115E-12,-1.352E-12,-1.415E-12
5.399E6,-1.064E-12,-1.115E-12,-1.352E-12,-1.416E-12
5.400E6,-1.065E-12,-1.115E-12,-1.352E-12,-1.416E-12
5.401E6,-1.065E-12,-1.115E-12,-1.353E-12,-1.416E-12
5.402E6,-1.065E-12,-1.115E-12,-1.353E-12,-1.417E-12
5.403E6,-1.065E-12,-1.116E-12,-1.353E-12,-1.417E-12
5.404E6,-1.065E-12,-1.116E-12,-1.353E-12,-1.417E-12
5.405E6,-1.066E-12,-1.116E-12,-1.354E-12,-1.417E-12
5.406E6,-1.066E-12,-1.116E-12,-1.354E-12,-1.418E-12
5.407E6,-1.066E-12,-1.117E-12,-1.354E-12,-1.418E-12
5.408E6,-1.066E-12,-1.117E-12,-1.354E-12,-1.418E-12
5.409E6,-1.066E-12,-1.117E-12,-1.355E-12,-1.418E-12
5.410E6,-1.067E-12,-1.117E-12,-1.355E-12,-1.419E-12
5.411E6,-1.067E-12,-1.117E-12,-1.355E-12,-1.419E-12
5.412E6,-1.067E-12,-1.118E-12,-1.355E-12,-1.419E-12
5.413E6,-1.067E-12,-1.118E-12,-1.356E-12,-1.419E-12
5.414E6,-1.067E-12,-1.118E-12,-1.356E-12,-1.420E-12
5.415E6,-1.068E-12,-1.118E-12,-1.356E-12,-1.420E-12
5.416E6,-1.068E-12,-1.118E-12,-1.356E-12,-1.420E-12
5.417E6,-1.068E-12,-1.119E-12,-1.357E-12,-1.420E-12
5.418E6,-1.068E-12,-1.119E-12,-1.357E-12,-1.421E-12
5.419E6,-1.068E-12,-1.119E-12,-1.357E-12,-1.421E-12
5.420E6,-1.068E-12,-1.119E-12,-1.357E-12,-1.421E-12
5.421E6,-1.069E-12,-1.119E-12,-1.358E-12,-1.421E-12
5.422E6,-1.069E-12,-1.120E-12,-1.358E-12,-1.422E-12
5.423E6,-1.069E-12,-1.120E-12,-1.358E-12,-1.422E-12
5.424E6,-1.069E-12,-1.120E-12,-1.358E-12,-1.422E-12
5.425E6,-1.069E-12,-1.120E-12,-1.359E-12,-1.423E-12
5.426E6,-1.070E-12,-1.120E-12,-1.359E-12,-1.423E-12
5.427E6,-1.070E-12,-1.121E-12,-1.359E-12,-1.423E-12
5.428E6,-1.070E-12,-1.121E-12,-1.359E-12,-1.423E-12
5.429E6,-1.070E-12,-1.121E-12,-1.360E-12,-1.424E-12
5.430E6,-1.070E-12,-1.121E-12,-1.360E-12,-1.424E-12
5.431E6,-1.071E-12,-1.121E-12,-1.360E-12,-1.424E-12
5.432E6,-1.071E-12,-1.122E-12,-1.360E-12,-1.424E-12
5.433E6,-1.071E-12,-1.122E-12,-1.361E-12,-1.425E-12
5.434E6,-1.071E-12,-1.122E-12,-1.361E-12,-1.425E-12
5.435E6,-1.071E-12,-1.122E-12,-1.361E-12,-1.425E-12
5.436E6,-1.072E-12,-1.122E-12,-1.361E-12,-1.425E-12
5.437E6,-1.072E-12,-1.123E-12,-1.362E-12,-1.426E-12
5.438E6,-1.072E-12,-1.123E-12,-1.362E-12,-1.426E-12
5.439E6,-1.072E-12,-1.123E-12,-1.362E-12,-1.426E-12
5.440E6,-1.072E-12,-1.123E-12,-1.362E-12,-1.426E-12
5.441E6,-1.073E-12,-1.124E-12,-1.363E-12,-1.427E-12
5.442E6,-1.073E-12,-1.124E-12,-1.363E-12,-1.427E-12
5.443E6,-1.073E-12,-1.124E-12,-1.363E-12,-1.427E-12
5.444E6,-1.073E-12,-1.124E-12,-1.363E-12,-1.428E-12
5.445E6,-1.073E-12,-1.124E-12,-1.364E-12,-1.428E-12
5.446E6,-1.074E-12,-1.125E-12,-1.364E-12,-1.428E-12
5.447E6,-1.074E-12,-1.125E-12,-1.364E-12,-1.428E-12
5.448E6,-1.074E-12,-1.125E-12,-1.364E-12,-1.429E-12
5.449E6,-1.074E-12,-1.125E-12,-1.365E-12,-1.429E-12
5.450E6,-1.074E-12,-1.125E-12,-1.365E-12,-1.429E-12
5.451E6,-1.075E-12,-1.126E-12,-1.365E-12,-1.429E-12
5.452E6,-1.075E-12,-1.126E-12,-1.365E-12,-1.430E-12
5.453E6,-1.075E-12,-1.126E-12,-1.366E-12,-1.430E-12
5.454E6,-1.075E-12,-1.126E-12,-1.366E-12,-1.430E-12
5.455E6,-1.075E-12,-1.126E-12,-1.366E-12,-1.430E-12
5.456E6,-1.076E-12,-1.127E-12,-1.366E-12,-1.431E-12
5.457E6,-1.076E-12,-1.127E-12,-1.367E-12,-1.431E-12
5.458E6,-1.076E-12,-1.127E-12,-1.367E-12,-1.431E-12
5.459E6,-1.076E-12,-1.127E-12,-1.367E-12,-1.431E-12
5.460E6,-1.076E-12,-1.127E-12,-1.367E-12,-1.432E-12
5.461E6,-1.077E-12,-1.128E-12,-1.368E-12,-1.432E-12
5.462E6,-1.077E-12,-1.128E-12,-1.368E-12,-1.432E-12
5.463E6,-1.077E-12,-1.128E-12,-1.368E-12,-1.433E-12
5.464E6,-1.077E-12,-1.128E-12,-1.368E-12,-1.433E-12
5.465E6,-1.077E-12,-1.128E-12,-1.369E-12,-1.433E-12
5.466E6,-1.078E-12,-1.129E-12,-1.369E-12,-1.433E-12
5.467E6,-1.078E-12,-1.129E-12,-1.369E-12,-1.434E-12
5.468E6,-1.078E-12,-1.129E-12,-1.369E-12,-1.434E-12
5.469E6,-1.078E-12,-1.129E-12,-1.370E-12,-1.434E-12
5.470E6,-1.078E-12,-1.130E-12,-1.370E-12,-1.434E-12
5.471E6,-1.079E-12,-1.130E-12,-1.370E-12,-1.435E-12
5.472E6,-1.079E-12,-1.130E-12,-1.370E-12,-1.435E-12
5.473E6,-1.079E-12,-1.130E-12,-1.371E-12,-1.435E-12
5.474E6,-1.079E-12,-1.130E-12,-1.371E-12,-1.435E-12
5.475E6,-1.079E-12,-1.131E-12,-1.371E-12,-1.436E-12
5.476E6,-1.080E-12,-1.131E-12,-1.371E-12,-1.436E-12
5.477E6,-1.080E-12,-1.131E-12,-1.372E-12,-1.436E-12
5.478E6,-1.080E-12,-1.131E-12,-1.372E-12,-1.436E-12
5.479E6,-1.080E-12,-1.131E-12,-1.372E-12,-1.437E-12
5.480E6,-1.080E-12,-1.132E-12,-1.372E-12,-1.437E-12
5.481E6,-1.081E-12,-1.132E-12,-1.373E-12,-1.437E-12
5.482E6,-1.081E-12,-1.132E-12,-1.373E-12,-1.437E-12
5.483E6,-1.081E-12,-1.132E-12,-1.373E-12,-1.438E-12
5.484E6,-1.081E-12,-1.132E-12,-1.373E-12,-1.438E-12
5.485E6,-1.081E-12,-1.133E-12,-1.374E-12,-1.438E-12
5.486E6,-1.082E-12,-1.133E-12,-1.374E-12,-1.439E-12
5.487E6,-1.082E-12,-1.133E-12,-1.374E-12,-1.439E-12
5.488E6,-1.082E-12,-1.133E-12,-1.374E-12,-1.439E-12
5.489E6,-1.082E-12,-1.133E-12,-1.375E-12,-1.439E-12
5.490E6,-1.082E-12,-1.134E-12,-1.375E-12,-1.440E-12
5.491E6,-1.082E-12,-1.134E-12,-1.375E-12,-1.440E-12
5.492E6,-1.083E-12,-1.134E-12,-1.375E-12,-1.440E-12
5.493E6,-1.083E-12,-1.134E-12,-1.376E-12,-1.440E-12
5.494E6,-1.083E-12,-1.134E-12,-1.376E-12,-1.441E-12
5.495E6,-1.083E-12,-1.135E-12,-1.376E-12,-1.441E-12
5.496E6,-1.083E-12,-1.135E-12,-1.376E-12,-1.441E-12
5.497E6,-1.084E-12,-1.135E-12,-1.377E-12,-1.441E-12
5.498E6,-1.084E-12,-1.135E-12,-1.377E-12,-1.442E-12
5.499E6,-1.084E-12,-1.136E-12,-1.377E-12,-1.442E-12
5.500E6,-1.084E-12,-1.136E-12,-1.377E-12,-1.442E-12
5.501E6,-1.084E-12,-1.136E-12,-1.378E-12,-1.442E-12
5.502E6,-1.085E-12,-1.136E-12,-1.378E-12,-1.443E-12
5.503E6,-1.085E-12,-1.136E-12,-1.378E-12,-1.443E-12
5.504E6,-1.085E-12,-1.137E-12,-1.378E-12,-1.443E-12
5.505E6,-1.085E-12,-1.137E-12,-1.379E-12,-1.444E-12
5.506E6,-1.085E-12,-1.137E-12,-1.379E-12,-1.444E-12
5.507E6,-1.086E-12,-1.137E-12,-1.379E-12,-1.444E-12
5.508E6,-1.086E-12,-1.137E-12,-1.379E-12,-1.444E-12
5.509E6,-1.086E-12,-1.138E-12,-1.380E-12,-1.445E-12
5.510E6,-1.086E-12,-1.138E-12,-1.380E-12,-1.445E-12
5.511E6,-1.086E-12,-1.138E-12,-1.380E-12,-1.445E-12
5.512E6,-1.087E-12,-1.138E-12,-1.380E-12,-1.445E-12
5.513E6,-1.087E-12,-1.138E-12,-1.381E-12,-1.446E-12
5.514E6,-1.087E-12,-1.139E-12,-1.381E-12,-1.446E-12
5.515E6,-1.087E-12,-1.139E-12,-1.381E-12,-1.446E-12
5.516E6,-1.087E-12,-1.139E-12,-1.381E-12,-1.446E-12
5.517E6,-1.088E-12,-1.139E-12,-1.382E-12,-1.447E-12
5.518E6,-1.088E-12,-1.139E-12,-1.382E-12,-1.447E-12
5.519E6,-1.088E-12,-1.140E-12,-1.382E-12,-1.447E-12
5.520E6,-1.088E-12,-1.140E-12,-1.382E-12,-1.447E-12
5.521E6,-1.088E-12,-1.140E-12,-1.383E-12,-1.448E-12
5.522E6,-1.089E-12,-1.140E-12,-1.383E-12,-1.448E-12
5.523E6,-1.089E-12,-1.140E-12,-1.383E-12,-1.448E-12
5.524E6,-1.089E-12,-1.141E-12,-1.383E-12,-1.449E-12
5.525E6,-1.089E-12,-1.141E-12,-1.384E-12,-1.449E-12
5.526E6,-1.089E-12,-1.141E-12,-1.384E-12,-1.449E-12
5.527E6,-1.090E-12,-1.141E-12,-1.384E-12,-1.449E-12
5.528E6,-1.090E-12,-1.141E-12,-1.384E-12,-1.450E-12
5.529E6,-1.090E-12,-1.142E-12,-1.385E-12,-1.450E-12
5.530E6,-1.090E-12,-1.142E-12,-1.385E-12,-1.450E-12
5.531E6,-1.090E-12,-1.142E-12,-1.385E-12,-1.450E-12
5.532E6,-1.091E-12,-1.142E-12,-1.385E-12,-1.451E-12
5.533E6,-1.091E-12,-1.143E-12,-1.386E-12,-1.451E-12
5.534E6,-1.091E-12,-1.143E-12,-1.386E-12,-1.451E-12
5.535E6,-1.091E-12,-1.143E-12,-1.386E-12,-1.451E-12
5.536E6,-1.091E-12,-1.143E-12,-1.386E-12,-1.452E-12
5.537E6,-1.092E-12,-1.143E-12,-1.387E-12,-1.452E-12
5.538E6,-1.092E-12,-1.144E-12,-1.387E-12,-1.452E-12
5.539E6,-1.092E-12,-1.144E-12,-1.387E-12,-1.452E-12
5.540E6,-1.092E-12,-1.144E-12,-1.387E-12,-1.453E-12
5.541E6,-1.092E-12,-1.144E-12,-1.388E-12,-1.453E-12
5.542E6,-1.093E-12,-1.144E-12,-1.388E-12,-1.453E-12
5.543E6,-1.093E-12,-1.145E-12,-1.388E-12,-1.453E-12
5.544E6,-1.093E-12,-1.145E-12,-1.388E-12,-1.454E-12
5.545E6,-1.093E-12,-1.145E-12,-1.389E-12,-1.454E-12
5.546E6,-1.093E-12,-1.145E-12,-1.389E-12,-1.454E-12
5.547E6,-1.094E-12,-1.145E-12,-1.389E-12,-1.455E-12
5.548E6,-1.094E-12,-1.146E-12,-1.389E-12,-1.455E-12
5.549E6,-1.094E-12,-1.146E-12,-1.390E-12,-1.455E-12
5.550E6,-1.094E-12,-1.146E-12,-1.390E-12,-1.455E-12
5.551E6,-1.094E-12,-1.146E-12,-1.390E-12,-1.456E-12
5.552E6,-1.095E-12,-1.146E-12,-1.390E-12,-1.456E-12
5.553E6,-1.095E-12,-1.147E-12,-1.391E-12,-1.456E-12
5.554E6,-1.095E-12,-1.147E-12,-1.391E-12,-1.456E-12
5.555E6,-1.095E-12,-1.147E-12,-1.391E-12,-1.457E-12
5.556E6,-1.095E-12,-1.147E-12,-1.391E-12,-1.457E-12
5.557E6,-1.096E-12,-1.147E-12,-1.392E-12,-1.457E-12
5.558E6,-1.096E-12,-1.148E-12,-1.392E-12,-1.457E-12
5.559E6,-1.096E-12,-1.148E-12,-1.392E-12,-1.458E-12
5.560E6,-1.096E-12,-1.148E-12,-1.392E-12,-1.458E-12
5.561E6,-1.096E-12,-1.148E-12,-1.393E-12,-1.458E-12
5.562E6,-1.096E-12,-1.149E-12,-1.393E-12,-1.458E-12
5.563E6,-1.097E-12,-1.149E-12,-1.393E-12,-1.459E-12
5.564E6,-1.097E-12,-1.149E-12,-1.393E-12,-1.459E-12
5.565E6,-1.097E-12,-1.149E-12,-1.394E-12,-1.459E-12
5.566E6,-1.097E-12,-1.149E-12,-1.394E-12,-1.460E-12
5.567E6,-1.097E-12,-1.150E-12,-1.394E-12,-1.460E-12
5.568E6,-1.098E-12,-1.150E-12,-1.394E-12,-1.460E-12
5.569E6,-1.098E-12,-1.150E-12,-1.395E-12,-1.460E-12
5.570E6,-1.098E-12,-1.150E-12,-1.395E-12,-1.461E-12
5.571E6,-1.098E-12,-1.150E-12,-1.395E-12,-1.461E-12
5.572E6,-1.098E-12,-1.151E-12,-1.395E-12,-1.461E-12
5.573E6,-1.099E-12,-1.151E-12,-1.396E-12,-1.461E-12
5.574E6,-1.099E-12,-1.151E-12,-1.396E-12,-1.462E-12
5.575E6,-1.099E-12,-1.151E-12,-1.396E-12,-1.462E-12
5.576E6,-1.099E-12,-1.151E-12,-1.396E-12,-1.462E-12
5.577E6,-1.099E-12,-1.152E-12,-1.397E-12,-1.462E-12
5.578E6,-1.100E-12,-1.152E-12,-1.397E-12,-1.463E-12
5.579E6,-1.100E-12,-1.152E-12,-1.397E-12,-1.463E-12
5.580E6,-1.100E-12,-1.152E-12,-1.397E-12,-1.463E-12
5.581E6,-1.100E-12,-1.152E-12,-1.398E-12,-1.463E-12
5.582E6,-1.100E-12,-1.153E-12,-1.398E-12,-1.464E-12
5.583E6,-1.101E-12,-1.153E-12,-1.398E-12,-1.464E-12
5.584E6,-1.101E-12,-1.153E-12,-1.398E-12,-1.464E-12
5.585E6,-1.101E-12,-1.153E-12,-1.399E-12,-1.465E-12
5.586E6,-1.101E-12,-1.153E-12,-1.399E-12,-1.465E-12
5.587E6,-1.101E-12,-1.154E-12,-1.399E-12,-1.465E-12
5.588E6,-1.102E-12,-1.154E-12,-1.399E-12,-1.465E-12
5.589E6,-1.102E-12,-1.154E-12,-1.400E-12,-1.466E-12
5.590E6,-1.102E-12,-1.154E-12,-1.400E-12,-1.466E-12
5.591E6,-1.102E-12,-1.155E-12,-1.400E-12,-1.466E-12
5.592E6,-1.102E-12,-1.155E-12,-1.400E-12,-1.466E-12
5.593E6,-1.103E-12,-1.155E-12,-1.401E-12,-1.467E-12
5.594E6,-1.103E-12,-1.155E-12,-1.401E-12,-1.467E-12
5.595E6,-1.103E-12,-1.155E-12,-1.401E-12,-1.467E-12
5.596E6,-1.103E-12,-1.156E-12,-1.401E-12,-1.467E-12
5.597E6,-1.103E-12,-1.156E-12,-1.402E-12,-1.468E-12
5.598E6,-1.104E-12,-1.156E-12,-1.402E-12,-1.468E-12
5.599E6,-1.104E-12,-1.156E-12,-1.402E-12,-1.468E-12
5.600E6,-1.104E-12,-1.156E-12,-1.402E-12,-1.468E-12
5.601E6,-1.104E-12,-1.157E-12,-1.403E-12,-1.469E-12
5.602E6,-1.104E-12,-1.157E-12,-1.403E-12,-1.469E-12
5.603E6,-1.105E-12,-1.157E-12,-1.403E-12,-1.469E-12
5.604E6,-1.105E-12,-1.157E-12,-1.403E-12,-1.469E-12
5.605E6,-1.105E-12,-1.157E-12,-1.404E-12,-1.470E-12
5.606E6,-1.105E-12,-1.158E-12,-1.404E-12,-1.470E-12
5.607E6,-1.105E-12,-1.158E-12,-1.404E-12,-1.470E-12
5.608E6,-1.106E-12,-1.158E-12,-1.404E-12,-1.471E-12
5.609E6,-1.106E-12,-1.158E-12,-1.405E-12,-1.471E-12
5.610E6,-1.106E-12,-1.158E-12,-1.405E-12,-1.471E-12
5.611E6,-1.106E-12,-1.159E-12,-1.405E-12,-1.471E-12
5.612E6,-1.106E-12,-1.159E-12,-1.405E-12,-1.472E-12
5.613E6,-1.107E-12,-1.159E-12,-1.406E-12,-1.472E-12
5.614E6,-1.107E-12,-1.159E-12,-1.406E-12,-1.472E-12
5.615E6,-1.107E-12,-1.159E-12,-1.406E-12,-1.472E-12
5.616E6,-1.107E-12,-1.160E-12,-1.406E-12,-1.473E-12
5.617E6,-1.107E-12,-1.160E-12,-1.407E-12,-1.473E-12
5.618E6,-1.108E-12,-1.160E-12,-1.407E-12,-1.473E-12
5.619E6,-1.108E-12,-1.160E-12,-1.407E-12,-1.473E-12
5.620E6,-1.108E-12,-1.160E-12,-1.407E-12,-1.474E-12
5.621E6,-1.108E-12,-1.161E-12,-1.408E-12,-1.474E-12
5.622E6,-1.108E-12,-1.161E-12,-1.408E-12,-1.474E-12
5.623E6,-1.109E-12,-1.161E-12,-1.408E-12,-1.474E-12
5.624E6,-1.109E-12,-1.161E-12,-1.408E-12,-1.475E-12
5.625E6,-1.109E-12,-1.162E-12,-1.409E-12,-1.475E-12
5.626E6,-1.109E-12,-1.162E-12,-1.409E-12,-1.475E-12
5.627E6,-1.109E-12,-1.162E-12,-1.409E-12,-1.476E-12
5.628E6,-1.110E-12,-1.162E-12,-1.409E-12,-1.476E-12
5.629E6,-1.110E-12,-1.162E-12,-1.410E-12,-1.476E-12
5.630E6,-1.110E-12,-1.163E-12,-1.410E-12,-1.476E-12
5.631E6,-1.110E-12,-1.163E-12,-1.410E-12,-1.477E-12
5.632E6,-1.110E-12,-1.163E-12,-1.410E-12,-1.477E-12
5.633E6,-1.110E-12,-1.163E-12,-1.411E-12,-1.477E-12
5.634E6,-1.111E-12,-1.163E-12,-1.411E-12,-1.477E-12
5.635E6,-1.111E-12,-1.164E-12,-1.411E-12,-1.478E-12
5.636E6,-1.111E-12,-1.164E-12,-1.411E-12,-1.478E-12
5.637E6,-1.111E-12,-1.164E-12,-1.412E-12,-1.478E-12
5.638E6,-1.111E-12,-1.164E-12,-1.412E-12,-1.478E-12
5.639E6,-1.112E-12,-1.164E-12,-1.412E-12,-1.479E-12
5.640E6,-1.112E-12,-1.165E-12,-1.412E-12,-1.479E-12
5.641E6,-1.112E-12,-1.165E-12,-1.413E-12,-1.479E-12
5.642E6,-1.112E-12,-1.165E-12,-1.413E-12,-1.479E-12
5.643E6,-1.112E-12,-1.165E-12,-1.413E-12,-1.480E-12
5.644E6,-1.113E-12,-1.165E-12,-1.413E-12,-1.480E-12
5.645E6,-1.113E-12,-1.166E-12,-1.414E-12,-1.480E-12
5.646E6,-1.113E-12,-1.166E-12,-1.414E-12,-1.480E-12
5.647E6,-1.113E-12,-1.166E-12,-1.414E-12,-1.481E-12
5.648E6,-1.113E-12,-1.166E-12,-1.414E-12,-1.481E-12
5.649E6,-1.114E-12,-1.166E-12,-1.415E-12,-1.481E-12
5.650E6,-1.114E-12,-1.167E-12,-1.415E-12,-1.482E-12
5.651E6,-1.114E-12,-1.167E-12,-1.415E-12,-1.482E-12
5.652E6,-1.114E-12,-1.167E-12,-1.415E-12,-1.482E-12
5.653E6,-1.114E-12,-1.167E-12,-1.416E-12,-1.482E-12
5.654E6,-1.115E-12,-1.168E-12,-1.416E-12,-1.483E-12
5.655E6,-1.115E-12,-1.168E-12,-1.416E-12,-1.483E-12
5.656E6,-1.115E-12,-1.168E-12,-1.416E-12,-1.483E-12
5.657E6,-1.115E-12,-1.168E-12,-1.417E-12,-1.483E-12
5.658E6,-1.115E-12,-1.168E-12,-1.417E-12,-1.484E-12
5.659E6,-1.116E-12,-1.169E-12,-1.417E-12,-1.484E-12
5.660E6,-1.116E-12,-1.169E-12,-1.417E-12,-1.484E-12
5.661E6,-1.116E-12,-1.169E-12,-1.418E-12,-1.484E-12
5.662E6,-1.116E-12,-1.169E-12,-1.418E-12,-1.485E-12
5.663E6,-1.116E-12,-1.169E-12,-1.418E-12,-1.485E-12
5.664E6,-1.117E-12,-1.170E-12,-1.418E-12,-1.485E-12
5.665E6,-1.117E-12,-1.170E-12,-1.419E-12,-1.485E-12
5.666E6,-1.117E-12,-1.170E-12,-1.419E-12,-1.486E-12
5.667E6,-1.117E-12,-1.170E-12,-1.419E-12,-1.486E-12
5.668E6,-1.117E-12,-1.170E-12,-1.419E-12,-1.486E-12
5.669E6,-1.118E-12,-1.171E-12,-1.420E-12,-1.487E-12
5.670E6,-1.118E-12,-1.171E-12,-1.420E-12,-1.487E-12
5.671E6,-1.118E-12,-1.171E-12,-1.420E-12,-1.487E-12
5.672E6,-1.118E-12,-1.171E-12,-1.420E-12,-1.487E-12
5.673E6,-1.118E-12,-1.171E-12,-1.421E-12,-1.488E-12
5.674E6,-1.119E-12,-1.172E-12,-1.421E-12,-1.488E-12
5.675E6,-1.119E-12,-1.172E-12,-1.421E-12,-1.488E-12
5.676E6,-1.119E-12,-1.172E-12,-1.421E-12,-1.488E-12
5.677E6,-1.119E-12,-1.172E-12,-1.422E-12,-1.489E-12
5.678E6,-1.119E-12,-1.172E-12,-1.422E-12,-1.489E-12
5.679E6,-1.120E-12,-1.173E-12,-1.422E-12,-1.489E-12
5.680E6,-1.120E-12,-1.173E-12,-1.422E-12,-1.489E-12
5.681E6,-1.120E-12,-1.173E-12,-1.423E-12,-1.490E-12
5.682E6,-1.120E-12,-1.173E-12,-1.423E-12,-1.490E-12
5.683E6,-1.120E-12,-1.173E-12,-1.423E-12,-1.490E-12
5.684E6,-1.121E-12,-1.174E-12,-1.423E-12,-1.490E-12
5.685E6,-1.121E-12,-1.174E-12,-1.424E-12,-1.491E-12
5.686E6,-1.121E-12,-1.174E-12,-1.424E-12,-1.491E-12
5.687E6,-1.121E-12,-1.174E-12,-1.424E-12,-1.491E-12
5.688E6,-1.121E-12,-1.175E-12,-1.424E-12,-1.492E-12
5.689E6,-1.122E-12,-1.175E-12,-1.425E-12,-1.492E-12
5.690E6,-1.122E-12,-1.175E-12,-1.425E-12,-1.492E-12
5.691E6,-1.122E-12,-1.175E-12,-1.425E-12,-1.492E-12
5.692E6,-1.122E-12,-1.175E-12,-1.425E-12,-1.493E-12
5.693E6,-1.122E-12,-1.176E-12,-1.426E-12,-1.493E-12
5.694E6,-1.123E-12,-1.176E-12,-1.426E-12,-1.493E-12
5.695E6,-1.123E-12,-1.176E-12,-1.426E-12,-1.493E-12
5.696E6,-1.123E-12,-1.176E-12,-1.426E-12,-1.494E-12
5.697E6,-1.123E-12,-1.176E-12,-1.427E-12,-1.494E-12
5.698E6,-1.123E-12,-1.177E-12,-1.427E-12,-1.494E-12
5.699E6,-1.123E-12,-1.177E-12,-1.427E-12,-1.494E-12
5.700E6,-1.124E-12,-1.177E-12,-1.427E-12,-1.495E-12
5.701E6,-1.124E-12,-1.177E-12,-1.428E-12,-1.495E-12
5.702E6,-1.124E-12,-1.177E-12,-1.428E-12,-1.495E-12
5.703E6,-1.124E-12,-1.178E-12,-1.428E-12,-1.495E-12
5.704E6,-1.124E-12,-1.178E-12,-1.428E-12,-1.496E-12
5.705E6,-1.125E-12,-1.178E-12,-1.429E-12,-1.496E-12
5.706E6,-1.125E-12,-1.178E-12,-1.429E-12,-1.496E-12
5.707E6,-1.125E-12,-1.178E-12,-1.429E-12,-1.496E-12
5.708E6,-1.125E-12,-1.179E-12,-1.429E-12,-1.497E-12
5.709E6,-1.125E-12,-1.179E-12,-1.430E-12,-1.497E-12
5.710E6,-1.126E-12,-1.179E-12,-1.430E-12,-1.497E-12
5.711E6,-1.126E-12,-1.179E-12,-1.430E-12,-1.498E-12
5.712E6,-1.126E-12,-1.179E-12,-1.430E-12,-1.498E-12
5.713E6,-1.126E-12,-1.180E-12,-1.431E-12,-1.498E-12
5.714E6,-1.126E-12,-1.180E-12,-1.431E-12,-1.498E-12
5.715E6,-1.127E-12,-1.180E-12,-1.431E-12,-1.499E-12
5.716E6,-1.127E-12,-1.180E-12,-1.431E-12,-1.499E-12
5.717E6,-1.127E-12,-1.181E-12,-1.432E-12,-1.499E-12
5.718E6,-1.127E-12,-1.181E-12,-1.432E-12,-1.499E-12
5.719E6,-1.127E-12,-1.181E-12,-1.432E-12,-1.500E-12
5.720E6,-1.128E-12,-1.181E-12,-1.432E-12,-1.500E-12
5.721E6,-1.128E-12,-1.181E-12,-1.433E-12,-1.500E-12
5.722E6,-1.128E-12,-1.182E-12,-1.433E-12,-1.500E-12
5.723E6,-1.128E-12,-1.182E-12,-1.433E-12,-1.501E-12
5.724E6,-1.128E-12,-1.182E-12,-1.433E-12,-1.501E-12
5.725E6,-1.129E-12,-1.182E-12,-1.434E-12,-1.501E-12
5.726E6,-1.129E-12,-1.182E-12,-1.434E-12,-1.501E-12
5.727E6,-1.129E-12,-1.183E-12,-1.434E-12,-1.502E-12
5.728E6,-1.129E-12,-1.183E-12,-1.434E-12,-1.502E-12
5.729E6,-1.129E-12,-1.183E-12,-1.435E-12,-1.502E-12
5.730E6,-1.130E-12,-1.183E-12,-1.435E-12,-1.503E-12
5.731E6,-1.130E-12,-1.183E-12,-1.435E-12,-1.503E-12
5.732E6,-1.130E-12,-1.184E-12,-1.435E-12,-1.503E-12
5.733E6,-1.130E-12,-1.184E-12,-1.436E-12,-1.503E-12
5.734E6,-1.130E-12,-1.184E-12,-1.436E-12,-1.504E-12
5.735E6,-1.131E-12,-1.184E-12,-1.436E-12,-1.504E-12
5.736E6,-1.131E-12,-1.184E-12,-1.436E-12,-1.504E-12
5.737E6,-1.131E-12,-1.185E-12,-1.437E-12,-1.504E-12
5.738E6,-1.131E-12,-1.185E-12,-1.437E-12,-1.505E-12
5.739E6,-1.131E-12,-1.185E-12,-1.437E-12,-1.505E-12
5.740E6,-1.132E-12,-1.185E-12,-1.437E-12,-1.505E-12
5.741E6,-1.132E-12,-1.185E-12,-1.438E-12,-1.505E-12
5.742E6,-1.132E-12,-1.186E-12,-1.438E-12,-1.506E-12
5.743E6,-1.132E-12,-1.186E-12,-1.438E-12,-1.506E-12
5.744E6,-1.132E-12,-1.186E-12,-1.438E-12,-1.506E-12
5.745E6,-1.133E-12,-1.186E-12,-1.439E-12,-1.506E-12
5.746E6,-1.133E-12,-1.187E-12,-1.439E-12,-1.507E-12
5.747E6,-1.133E-12,-1.187E-12,-1.439E-12,-1.507E-12
5.748E6,-1.133E-12,-1.187E-12,-1.439E-12,-1.507E-12
5.749E6,-1.133E-12,-1.187E-12,-1.440E-12,-1.508E-12
5.750E6,-1.134E-12,-1.187E-12,-1.440E-12,-1.508E-12
5.751E6,-1.134E-12,-1.188E-12,-1.440E-12,-1.508E-12
5.752E6,-1.134E-12,-1.188E-12,-1.440E-12,-1.508E-12
5.753E6,-1.134E-12,-1.188E-12,-1.441E-12,-1.509E-12
5.754E6,-1.134E-12,-1.188E-12,-1.441E-12,-1.509E-12
5.755E6,-1.135E-12,-1.188E-12,-1.441E-12,-1.509E-12
5.756E6,-1.135E-12,-1.189E-12,-1.441E-12,-1.509E-12
5.757E6,-1.135E-12,-1.189E-12,-1.442E-12,-1.510E-12
5.758E6,-1.135E-12,-1.189E-12,-1.442E-12,-1.510E-12
5.759E6,-1.135E-12,-1.189E-12,-1.442E-12,-1.510E-12
5.760E6,-1.136E-12,-1.189E-12,-1.442E-12,-1.510E-12
5.761E6,-1.136E-12,-1.190E-12,-1.443E-12,-1.511E-12
5.762E6,-1.136E-12,-1.190E-12,-1.443E-12,-1.511E-12
5.763E6,-1.136E-12,-1.190E-12,-1.443E-12,-1.511E-12
5.764E6,-1.136E-12,-1.190E-12,-1.443E-12,-1.511E-12
5.765E6,-1.137E-12,-1.190E-12,-1.444E-12,-1.512E-12
5.766E6,-1.137E-12,-1.191E-12,-1.444E-12,-1.512E-12
5.767E6,-1.137E-12,-1.191E-12,-1.444E-12,-1.512E-12
5.768E6,-1.137E-12,-1.191E-12,-1.444E-12,-1.512E-12
5.769E6,-1.137E-12,-1.191E-12,-1.445E-12,-1.513E-12
5.770E6,-1.137E-12,-1.191E-12,-1.445E-12,-1.513E-12
5.771E6,-1.138E-12,-1.192E-12,-1.445E-12,-1.513E-12
5.772E6,-1.138E-12,-1.192E-12,-1.445E-12,-1.514E-12
5.773E6,-1.138E-12,-1.192E-12,-1.446E-12,-1.514E-12
5.774E6,-1.138E-12,-1.192E-12,-1.446E-12,-1.514E-12
5.775E6,-1.138E-12,-1.192E-12,-1.446E-12,-1.514E-12
5.776E6,-1.139E-12,-1.193E-12,-1.446E-12,-1.515E-12
5.777E6,-1.139E-12,-1.193E-12,-1.447E-12,-1.515E-12
5.778E6,-1.139E-12,-1.193E-12,-1.447E-12,-1.515E-12
5.779E6,-1.139E-12,-1.193E-12,-1.447E-12,-1.515E-12
5.780E6,-1.139E-12,-1.194E-12,-1.447E-12,-1.516E-12
5.781E6,-1.140E-12,-1.194E-12,-1.448E-12,-1.516E-12
5.782E6,-1.140E-12,-1.194E-12,-1.448E-12,-1.516E-12
5.783E6,-1.140E-12,-1.194E-12,-1.448E-12,-1.516E-12
5.784E6,-1.140E-12,-1.194E-12,-1.448E-12,-1.517E-12
5.785E6,-1.140E-12,-1.195E-12,-1.449E-12,-1.517E-12
5.786E6,-1.141E-12,-1.195E-12,-1.449E-12,-1.517E-12
5.787E6,-1.141E-12,-1.195E-12,-1.449E-12,-1.517E-12
5.788E6,-1.141E-12,-1.195E-12,-1.450E-12,-1.518E-12
5.789E6,-1.141E-12,-1.195E-12,-1.450E-12,-1.518E-12
5.790E6,-1.141E-12,-1.196E-12,-1.450E-12,-1.518E-12
5.791E6,-1.142E-12,-1.196E-12,-1.450E-12,-1.519E-12
5.792E6,-1.142E-12,-1.196E-12,-1.451E-12,-1.519E-12
5.793E6,-1.142E-12,-1.196E-12,-1.451E-12,-1.519E-12
5.794E6,-1.142E-12,-1.196E-12,-1.451E-12,-1.519E-12
5.795E6,-1.142E-12,-1.197E-12,-1.451E-12,-1.520E-12
5.796E6,-1.143E-12,-1.197E-12,-1.452E-12,-1.520E-12
5.797E6,-1.143E-12,-1.197E-12,-1.452E-12,-1.520E-12
5.798E6,-1.143E-12,-1.197E-12,-1.452E-12,-1.520E-12
5.799E6,-1.143E-12,-1.197E-12,-1.452E-12,-1.521E-12
5.800E6,-1.143E-12,-1.198E-12,-1.453E-12,-1.521E-12
5.801E6,-1.144E-12,-1.198E-12,-1.453E-12,-1.521E-12
5.802E6,-1.144E-12,-1.198E-12,-1.453E-12,-1.521E-12
5.803E6,-1.144E-12,-1.198E-12,-1.453E-12,-1.522E-12
5.804E6,-1.144E-12,-1.198E-12,-1.454E-12,-1.522E-12
5.805E6,-1.144E-12,-1.199E-12,-1.454E-12,-1.522E-12
5.806E6,-1.145E-12,-1.199E-12,-1.454E-12,-1.522E-12
5.807E6,-1.145E-12,-1.199E-12,-1.454E-12,-1.523E-12
5.808E6,-1.145E-12,-1.199E-12,-1.455E-12,-1.523E-12
5.809E6,-1.145E-12,-1.200E-12,-1.455E-12,-1.523E-12
5.810E6,-1.145E-12,-1.200E-12,-1.455E-12,-1.524E-12
5.811E6,-1.146E-12,-1.200E-12,-1.455E-12,-1.524E-12
5.812E6,-1.146E-12,-1.200E-12,-1.456E-12,-1.524E-12
5.813E6,-1.146E-12,-1.200E-12,-1.456E-12,-1.524E-12
5.814E6,-1.146E-12,-1.201E-12,-1.456E-12,-1.525E-12
5.815E6,-1.146E-12,-1.201E-12,-1.456E-12,-1.525E-12
5.816E6,-1.147E-12,-1.201E-12,-1.457E-12,-1.525E-12
5.817E6,-1.147E-12,-1.201E-12,-1.457E-12,-1.525E-12
5.818E6,-1.147E-12,-1.201E-12,-1.457E-12,-1.526E-12
5.819E6,-1.147E-12,-1.202E-12,-1.457E-12,-1.526E-12
5.820E6,-1.147E-12,-1.202E-12,-1.458E-12,-1.526E-12
5.821E6,-1.148E-12,-1.202E-12,-1.458E-12,-1.526E-12
5.822E6,-1.148E-12,-1.202E-12,-1.458E-12,-1.527E-12
5.823E6,-1.148E-12,-1.202E-12,-1.458E-12,-1.527E-12
5.824E6,-1.148E-12,-1.203E-12,-1.459E-12,-1.527E-12
5.825E6,-1.148E-12,-1.203E-12,-1.459E-12,-1.527E-12
5.826E6,-1.149E-12,-1.203E-12,-1.459E-12,-1.528E-12
5.827E6,-1.149E-12,-1.203E-12,-1.459E-12,-1.528E-12
5.828E6,-1.149E-12,-1.203E-12,-1.460E-12,-1.528E-12
5.829E6,-1.149E-12,-1.204E-12,-1.460E-12,-1.528E-12
5.830E6,-1.149E-12,-1.204E-12,-1.460E-12,-1.529E-12
5.831E6,-1.150E-12,-1.204E-12,-1.460E-12,-1.529E-12
5.832E6,-1.150E-12,-1.204E-12,-1.461E-12,-1.529E-12
5.833E6,-1.150E-12,-1.204E-12,-1.461E-12,-1.530E-12
5.834E6,-1.150E-12,-1.205E-12,-1.461E-12,-1.530E-12
5.835E6,-1.150E-12,-1.205E-12,-1.461E-12,-1.530E-12
5.836E6,-1.151E-12,-1.205E-12,-1.462E-12,-1.530E-12
5.837E6,-1.151E-12,-1.205E-12,-1.462E-12,-1.531E-12
5.838E6,-1.151E-12,-1.206E-12,-1.462E-12,-1.531E-12
5.839E6,-1.151E-12,-1.206E-12,-1.462E-12,-1.531E-12
5.840E6,-1.151E-12,-1.206E-12,-1.463E-12,-1.531E-12
5.841E6,-1.151E-12,-1.206E-12,-1.463E-12,-1.532E-12
5.842E6,-1.152E-12,-1.206E-12,-1.463E-12,-1.532E-12
5.843E6,-1.152E-12,-1.207E-12,-1.463E-12,-1.532E-12
5.844E6,-1.152E-12,-1.207E-12,-1.464E-12,-1.532E-12
5.845E6,-1.152E-12,-1.207E-12,-1.464E-12,-1.533E-12
5.846E6,-1.152E-12,-1.207E-12,-1.464E-12,-1.533E-12
5.847E6,-1.153E-12,-1.207E-12,-1.464E-12,-1.533E-12
5.848E6,-1.153E-12,-1.208E-12,-1.465E-12,-1.533E-12
5.849E6,-1.153E-12,-1.208E-12,-1.465E-12,-1.534E-12
5.850E6,-1.153E-12,-1.208E-12,-1.465E-12,-1.534E-12
5.851E6,-1.153E-12,-1.208E-12,-1.465E-12,-1.534E-12
5.852E6,-1.154E-12,-1.208E-12,-1.466E-12,-1.535E-12
5.853E6,-1.154E-12,-1.209E-12,-1.466E-12,-1.535E-12
5.854E6,-1.154E-12,-1.209E-12,-1.466E-12,-1.535E-12
5.855E6,-1.154E-12,-1.209E-12,-1.466E-12,-1.535E-12
5.856E6,-1.154E-12,-1.209E-12,-1.467E-12,-1.536E-12
5.857E6,-1.155E-12,-1.209E-12,-1.467E-12,-1.536E-12
5.858E6,-1.155E-12,-1.210E-12,-1.467E-12,-1.536E-12
5.859E6,-1.155E-12,-1.210E-12,-1.467E-12,-1.536E-12
5.860E6,-1.155E-12,-1.210E-12,-1.468E-12,-1.537E-12
5.861E6,-1.155E-12,-1.210E-12,-1.468E-12,-1.537E-12
5.862E6,-1.156E-12,-1.210E-12,-1.468E-12,-1.537E-12
5.863E6,-1.156E-12,-1.211E-12,-1.468E-12,-1.537E-12
5.864E6,-1.156E-12,-1.211E-12,-1.469E-12,-1.538E-12
5.865E6,-1.156E-12,-1.211E-12,-1.469E-12,-1.538E-12
5.866E6,-1.156E-12,-1.211E-12,-1.469E-12,-1.538E-12
5.867E6,-1.157E-12,-1.211E-12,-1.469E-12,-1.538E-12
5.868E6,-1.157E-12,-1.212E-12,-1.470E-12,-1.539E-12
5.869E6,-1.157E-12,-1.212E-12,-1.470E-12,-1.539E-12
5.870E6,-1.157E-12,-1.212E-12,-1.470E-12,-1.539E-12
5.871E6,-1.157E-12,-1.212E-12,-1.470E-12,-1.539E-12
5.872E6,-1.158E-12,-1.213E-12,-1.471E-12,-1.540E-12
5.873E6,-1.158E-12,-1.213E-12,-1.471E-12,-1.540E-12
5.874E6,-1.158E-12,-1.213E-12,-1.471E-12,-1.540E-12
5.875E6,-1.158E-12,-1.213E-12,-1.471E-12,-1.541E-12
5.876E6,-1.158E-12,-1.213E-12,-1.472E-12,-1.541E-12
5.877E6,-1.159E-12,-1.214E-12,-1.472E-12,-1.541E-12
5.878E6,-1.159E-12,-1.214E-12,-1.472E-12,-1.541E-12
5.879E6,-1.159E-12,-1.214E-12,-1.472E-12,-1.542E-12
5.880E6,-1.159E-12,-1.214E-12,-1.473E-12,-1.542E-12
5.881E6,-1.159E-12,-1.214E-12,-1.473E-12,-1.542E-12
5.882E6,-1.160E-12,-1.215E-12,-1.473E-12,-1.542E-12
5.883E6,-1.160E-12,-1.215E-12,-1.473E-12,-1.543E-12
5.884E6,-1.160E-12,-1.215E-12,-1.474E-12,-1.543E-12
5.885E6,-1.160E-12,-1.215E-12,-1.474E-12,-1.543E-12
5.886E6,-1.160E-12,-1.215E-12,-1.474E-12,-1.543E-12
5.887E6,-1.161E-12,-1.216E-12,-1.474E-12,-1.544E-12
5.888E6,-1.161E-12,-1.216E-12,-1.475E-12,-1.544E-12
5.889E6,-1.161E-12,-1.216E-12,-1.475E-12,-1.544E-12
5.890E6,-1.161E-12,-1.216E-12,-1.475E-12,-1.544E-12
5.891E6,-1.161E-12,-1.216E-12,-1.475E-12,-1.545E-12
5.892E6,-1.162E-12,-1.217E-12,-1.476E-12,-1.545E-12
5.893E6,-1.162E-12,-1.217E-12,-1.476E-12,-1.545E-12
5.894E6,-1.162E-12,-1.217E-12,-1.476E-12,-1.546E-12
5.895E6,-1.162E-12,-1.217E-12,-1.476E-12,-1.546E-12
5.896E6,-1.162E-12,-1.217E-12,-1.477E-12,-1.546E-12
5.897E6,-1.163E-12,-1.218E-12,-1.477E-12,-1.546E-12
5.898E6,-1.163E-12,-1.218E-12,-1.477E-12,-1.547E-12
5.899E6,-1.163E-12,-1.218E-12,-1.477E-12,-1.547E-12
5.900E6,-1.163E-12,-1.218E-12,-1.478E-12,-1.547E-12
5.901E6,-1.163E-12,-1.219E-12,-1.478E-12,-1.547E-12
5.902E6,-1.164E-12,-1.219E-12,-1.478E-12,-1.548E-12
5.903E6,-1.164E-12,-1.219E-12,-1.478E-12,-1.548E-12
5.904E6,-1.164E-12,-1.219E-12,-1.479E-12,-1.548E-12
5.905E6,-1.164E-12,-1.219E-12,-1.479E-12,-1.548E-12
5.906E6,-1.164E-12,-1.220E-12,-1.479E-12,-1.549E-12
5.907E6,-1.165E-12,-1.220E-12,-1.479E-12,-1.549E-12
5.908E6,-1.165E-12,-1.220E-12,-1.480E-12,-1.549E-12
5.909E6,-1.165E-12,-1.220E-12,-1.480E-12,-1.549E-12
5.910E6,-1.165E-12,-1.220E-12,-1.480E-12,-1.550E-12
5.911E6,-1.165E-12,-1.221E-12,-1.480E-12,-1.550E-12
5.912E6,-1.165E-12,-1.221E-12,-1.481E-12,-1.550E-12
5.913E6,-1.166E-12,-1.221E-12,-1.481E-12,-1.551E-12
5.914E6,-1.166E-12,-1.221E-12,-1.481E-12,-1.551E-12
5.915E6,-1.166E-12,-1.221E-12,-1.481E-12,-1.551E-12
5.916E6,-1.166E-12,-1.222E-12,-1.482E-12,-1.551E-12
5.917E6,-1.166E-12,-1.222E-12,-1.482E-12,-1.552E-12
5.918E6,-1.167E-12,-1.222E-12,-1.482E-12,-1.552E-12
5.919E6,-1.167E-12,-1.222E-12,-1.482E-12,-1.552E-12
5.920E6,-1.167E-12,-1.222E-12,-1.483E-12,-1.552E-12
5.921E6,-1.167E-12,-1.223E-12,-1.483E-12,-1.553E-12
5.922E6,-1.167E-12,-1.223E-12,-1.483E-12,-1.553E-12
5.923E6,-1.168E-12,-1.223E-12,-1.483E-12,-1.553E-12
5.924E6,-1.168E-12,-1.223E-12,-1.484E-12,-1.553E-12
5.925E6,-1.168E-12,-1.223E-12,-1.484E-12,-1.554E-12
5.926E6,-1.168E-12,-1.224E-12,-1.484E-12,-1.554E-12
5.927E6,-1.168E-12,-1.224E-12,-1.484E-12,-1.554E-12
5.928E6,-1.169E-12,-1.224E-12,-1.485E-12,-1.554E-12
5.929E6,-1.169E-12,-1.224E-12,-1.485E-12,-1.555E-12
5.930E6,-1.169E-12,-1.225E-12,-1.485E-12,-1.555E-12
5.931E6,-1.169E-12,-1.225E-12,-1.485E-12,-1.555E-12
5.932E6,-1.169E-12,-1.225E-12,-1.486E-12,-1.555E-12
5.933E6,-1.170E-12,-1.225E-12,-1.486E-12,-1.556E-12
5.934E6,-1.170E-12,-1.225E-12,-1.486E-12,-1.556E-12
5.935E6,-1.170E-12,-1.226E-12,-1.486E-12,-1.556E-12
5.936E6,-1.170E-12,-1.226E-12,-1.487E-12,-1.557E-12
5.937E6,-1.170E-12,-1.226E-12,-1.487E-12,-1.557E-12
5.938E6,-1.171E-12,-1.226E-12,-1.487E-12,-1.557E-12
5.939E6,-1.171E-12,-1.226E-12,-1.487E-12,-1.557E-12
5.940E6,-1.171E-12,-1.227E-12,-1.488E-12,-1.558E-12
5.941E6,-1.171E-12,-1.227E-12,-1.488E-12,-1.558E-12
5.942E6,-1.171E-12,-1.227E-12,-1.488E-12,-1.558E-12
5.943E6,-1.172E-12,-1.227E-12,-1.488E-12,-1.558E-12
5.944E6,-1.172E-12,-1.227E-12,-1.489E-12,-1.559E-12
5.945E6,-1.172E-12,-1.228E-12,-1.489E-12,-1.559E-12
5.946E6,-1.172E-12,-1.228E-12,-1.489E-12,-1.559E-12
5.947E6,-1.172E-12,-1.228E-12,-1.489E-12,-1.559E-12
5.948E6,-1.173E-12,-1.228E-12,-1.490E-12,-1.560E-12
5.949E6,-1.173E-12,-1.228E-12,-1.490E-12,-1.560E-12
5.950E6,-1.173E-12,-1.229E-12,-1.490E-12,-1.560E-12
5.951E6,-1.173E-12,-1.229E-12,-1.490E-12,-1.560E-12
5.952E6,-1.173E-12,-1.229E-12,-1.491E-12,-1.561E-12
5.953E6,-1.174E-12,-1.229E-12,-1.491E-12,-1.561E-12
5.954E6,-1.174E-12,-1.229E-12,-1.491E-12,-1.561E-12
5.955E6,-1.174E-12,-1.230E-12,-1.491E-12,-1.562E-12
5.956E6,-1.174E-12,-1.230E-12,-1.492E-12,-1.562E-12
5.957E6,-1.174E-12,-1.230E-12,-1.492E-12,-1.562E-12
5.958E6,-1.175E-12,-1.230E-12,-1.492E-12,-1.562E-12
5.959E6,-1.175E-12,-1.230E-12,-1.492E-12,-1.563E-12
5.960E6,-1.175E-12,-1.231E-12,-1.493E-12,-1.563E-12
5.961E6,-1.175E-12,-1.231E-12,-1.493E-12,-1.563E-12
5.962E6,-1.175E-12,-1.231E-12,-1.493E-12,-1.563E-12
5.963E6,-1.176E-12,-1.231E-12,-1.493E-12,-1.564E-12
5.964E6,-1.176E-12,-1.232E-12,-1.494E-12,-1.564E-12
5.965E6,-1.176E-12,-1.232E-12,-1.494E-12,-1.564E-12
5.966E6,-1.176E-12,-1.232E-12,-1.494E-12,-1.564E-12
5.967E6,-1.176E-12,-1.232E-12,-1.494E-12,-1.565E-12
5.968E6,-1.177E-12,-1.232E-12,-1.495E-12,-1.565E-12
5.969E6,-1.177E-12,-1.233E-12,-1.495E-12,-1.565E-12
5.970E6,-1.177E-12,-1.233E-12,-1.495E-12,-1.565E-12
5.971E6,-1.177E-12,-1.233E-12,-1.495E-12,-1.566E-12
5.972E6,-1.177E-12,-1.233E-12,-1.496E-12,-1.566E-12
5.973E6,-1.178E-12,-1.233E-12,-1.496E-12,-1.566E-12
5.974E6,-1.178E-12,-1.234E-12,-1.496E-12,-1.567E-12
5.975E6,-1.178E-12,-1.234E-12,-1.496E-12,-1.567E-12
5.976E6,-1.178E-12,-1.234E-12,-1.497E-12,-1.567E-12
5.977E6,-1.178E-12,-1.234E-12,-1.497E-12,-1.567E-12
5.978E6,-1.178E-12,-1.234E-12,-1.497E-12,-1.568E-12
5.979E6,-1.179E-12,-1.235E-12,-1.497E-12,-1.568E-12
5.980E6,-1.179E-12,-1.235E-12,-1.498E-12,-1.568E-12
5.981E6,-1.179E-12,-1.235E-12,-1.498E-12,-1.568E-12
5.982E6,-1.179E-12,-1.235E-12,-1.498E-12,-1.569E-12
5.983E6,-1.179E-12,-1.235E-12,-1.498E-12,-1.569E-12
5.984E6,-1.180E-12,-1.236E-12,-1.499E-12,-1.569E-12
5.985E6,-1.180E-12,-1.236E-12,-1.499E-12,-1.569E-12
5.986E6,-1.180E-12,-1.236E-12,-1.499E-12,-1.570E-12
5.987E6,-1.180E-12,-1.236E-12,-1.499E-12,-1.570E-12
5.988E6,-1.180E-12,-1.236E-12,-1.500E-12,-1.570E-12
5.989E6,-1.181E-12,-1.237E-12,-1.500E-12,-1.570E-12
5.990E6,-1.181E-12,-1.237E-12,-1.500E-12,-1.571E-12
5.991E6,-1.181E-12,-1.237E-12,-1.500E-12,-1.571E-12
5.992E6,-1.181E-12,-1.237E-12,-1.501E-12,-1.571E-12
5.993E6,-1.181E-12,-1.238E-12,-1.501E-12,-1.571E-12
5.994E6,-1.182E-12,-1.238E-12,-1.501E-12,-1.572E-12
5.995E6,-1.182E-12,-1.238E-12,-1.501E-12,-1.572E-12
5.996E6,-1.182E-12,-1.238E-12,-1.502E-12,-1.572E-12
5.997E6,-1.182E-12,-1.238E-12,-1.502E-12,-1.573E-12
5.998E6,-1.182E-12,-1.239E-12,-1.502E-12,-1.573E-12
5.999E6,-1.183E-12,-1.239E-12,-1.502E-12,-1.573E-12
6.000E6,-1.183E-12,-1.239E-12,-1.503E-12,-1.573E-12
6.001E6,-1.183E-12,-1.239E-12,-1.503E-12,-1.574E-12
6.002E6,-1.183E-12,-1.239E-12,-1.503E-12,-1.574E-12
6.003E6,-1.183E-12,-1.240E-12,-1.503E-12,-1.574E-12
6.004E6,-1.184E-12,-1.240E-12,-1.504E-12,-1.574E-12
6.005E6,-1.184E-12,-1.240E-12,-1.504E-12,-1.575E-12
6.006E6,-1.184E-12,-1.240E-12,-1.504E-12,-1.575E-12
6.007E6,-1.184E-12,-1.240E-12,-1.504E-12,-1.575E-12
6.008E6,-1.184E-12,-1.241E-12,-1.505E-12,-1.575E-12
6.009E6,-1.185E-12,-1.241E-12,-1.505E-12,-1.576E-12
6.010E6,-1.185E-12,-1.241E-12,-1.505E-12,-1.576E-12
6.011E6,-1.185E-12,-1.241E-12,-1.505E-12,-1.576E-12
6.012E6,-1.185E-12,-1.241E-12,-1.506E-12,-1.576E-12
6.013E6,-1.185E-12,-1.242E-12,-1.506E-12,-1.577E-12
6.014E6,-1.186E-12,-1.242E-12,-1.506E-12,-1.577E-12
6.015E6,-1.186E-12,-1.242E-12,-1.506E-12,-1.577E-12
6.016E6,-1.186E-12,-1.242E-12,-1.507E-12,-1.578E-12
6.017E6,-1.186E-12,-1.242E-12,-1.507E-12,-1.578E-12
6.018E6,-1.186E-12,-1.243E-12,-1.507E-12,-1.578E-12
6.019E6,-1.187E-12,-1.243E-12,-1.507E-12,-1.578E-12
6.020E6,-1.187E-12,-1.243E-12,-1.508E-12,-1.579E-12
6.021E6,-1.187E-12,-1.243E-12,-1.508E-12,-1.579E-12
6.022E6,-1.187E-12,-1.243E-12,-1.508E-12,-1.579E-12
6.023E6,-1.187E-12,-1.244E-12,-1.508E-12,-1.579E-12
6.024E6,-1.188E-12,-1.244E-12,-1.509E-12,-1.580E-12
6.025E6,-1.188E-12,-1.244E-12,-1.509E-12,-1.580E-12
6.026E6,-1.188E-12,-1.244E-12,-1.509E-12,-1.580E-12
6.027E6,-1.188E-12,-1.245E-12,-1.509E-12,-1.580E-12
6.028E6,-1.188E-12,-1.245E-12,-1.510E-12,-1.581E-12
6.029E6,-1.189E-12,-1.245E-12,-1.510E-12,-1.581E-12
6.030E6,-1.189E-12,-1.245E-12,-1.510E-12,-1.581E-12
6.031E6,-1.189E-12,-1.245E-12,-1.510E-12,-1.581E-12
6.032E6,-1.189E-12,-1.246E-12,-1.511E-12,-1.582E-12
6.033E6,-1.189E-12,-1.246E-12,-1.511E-12,-1.582E-12
6.034E6,-1.190E-12,-1.246E-12,-1.511E-12,-1.582E-12
6.035E6,-1.190E-12,-1.246E-12,-1.511E-12,-1.582E-12
6.036E6,-1.190E-12,-1.246E-12,-1.512E-12,-1.583E-12
6.037E6,-1.190E-12,-1.247E-12,-1.512E-12,-1.583E-12
6.038E6,-1.190E-12,-1.247E-12,-1.512E-12,-1.583E-12
6.039E6,-1.191E-12,-1.247E-12,-1.512E-12,-1.584E-12
6.040E6,-1.191E-12,-1.247E-12,-1.513E-12,-1.584E-12
6.041E6,-1.191E-12,-1.247E-12,-1.513E-12,-1.584E-12
6.042E6,-1.191E-12,-1.248E-12,-1.513E-12,-1.584E-12
6.043E6,-1.191E-12,-1.248E-12,-1.513E-12,-1.585E-12
6.044E6,-1.192E-12,-1.248E-12,-1.514E-12,-1.585E-12
6.045E6,-1.192E-12,-1.248E-12,-1.514E-12,-1.585E-12
6.046E6,-1.192E-12,-1.248E-12,-1.514E-12,-1.585E-12
6.047E6,-1.192E-12,-1.249E-12,-1.514E-12,-1.586E-12
6.048E6,-1.192E-12,-1.249E-12,-1.515E-12,-1.586E-12
6.049E6,-1.192E-12,-1.249E-12,-1.515E-12,-1.586E-12
6.050E6,-1.193E-12,-1.249E-12,-1.515E-12,-1.586E-12
6.051E6,-1.193E-12,-1.249E-12,-1.515E-12,-1.587E-12
6.052E6,-1.193E-12,-1.250E-12,-1.516E-12,-1.587E-12
6.053E6,-1.193E-12,-1.250E-12,-1.516E-12,-1.587E-12
6.054E6,-1.193E-12,-1.250E-12,-1.516E-12,-1.587E-12
6.055E6,-1.194E-12,-1.250E-12,-1.516E-12,-1.588E-12
6.056E6,-1.194E-12,-1.251E-12,-1.517E-12,-1.588E-12
6.057E6,-1.194E-12,-1.251E-12,-1.517E-12,-1.588E-12
6.058E6,-1.194E-12,-1.251E-12,-1.517E-12,-1.589E-12
6.059E6,-1.194E-12,-1.251E-12,-1.517E-12,-1.589E-12
6.060E6,-1.195E-12,-1.251E-12,-1.518E-12,-1.589E-12
6.061E6,-1.195E-12,-1.252E-12,-1.518E-12,-1.589E-12
6.062E6,-1.195E-12,-1.252E-12,-1.518E-12,-1.590E-12
6.063E6,-1.195E-12,-1.252E-12,-1.518E-12,-1.590E-12
6.064E6,-1.195E-12,-1.252E-12,-1.519E-12,-1.590E-12
6.065E6,-1.196E-12,-1.252E-12,-1.519E-12,-1.590E-12
6.066E6,-1.196E-12,-1.253E-12,-1.519E-12,-1.591E-12
6.067E6,-1.196E-12,-1.253E-12,-1.519E-12,-1.591E-12
6.068E6,-1.196E-12,-1.253E-12,-1.520E-12,-1.591E-12
6.069E6,-1.196E-12,-1.253E-12,-1.520E-12,-1.591E-12
6.070E6,-1.197E-12,-1.253E-12,-1.520E-12,-1.592E-12
6.071E6,-1.197E-12,-1.254E-12,-1.520E-12,-1.592E-12
6.072E6,-1.197E-12,-1.254E-12,-1.521E-12,-1.592E-12
6.073E6,-1.197E-12,-1.254E-12,-1.521E-12,-1.592E-12
6.074E6,-1.197E-12,-1.254E-12,-1.521E-12,-1.593E-12
6.075E6,-1.198E-12,-1.254E-12,-1.521E-12,-1.593E-12
6.076E6,-1.198E-12,-1.255E-12,-1.522E-12,-1.593E-12
6.077E6,-1.198E-12,-1.255E-12,-1.522E-12,-1.594E-12
6.078E6,-1.198E-12,-1.255E-12,-1.522E-12,-1.594E-12
6.079E6,-1.198E-12,-1.255E-12,-1.522E-12,-1.594E-12
6.080E6,-1.199E-12,-1.255E-12,-1.523E-12,-1.594E-12
6.081E6,-1.199E-12,-1.256E-12,-1.523E-12,-1.595E-12
6.082E6,-1.199E-12,-1.256E-12,-1.523E-12,-1.595E-12
6.083E6,-1.199E-12,-1.256E-12,-1.523E-12,-1.595E-12
6.084E6,-1.199E-12,-1.256E-12,-1.524E-12,-1.595E-12
6.085E6,-1.200E-12,-1.257E-12,-1.524E-12,-1.596E-12
6.086E6,-1.200E-12,-1.257E-12,-1.524E-12,-1.596E-12
6.087E6,-1.200E-12,-1.257E-12,-1.524E-12,-1.596E-12
6.088E6,-1.200E-12,-1.257E-12,-1.525E-12,-1.596E-12
6.089E6,-1.200E-12,-1.257E-12,-1.525E-12,-1.597E-12
6.090E6,-1.201E-12,-1.258E-12,-1.525E-12,-1.597E-12
6.091E6,-1.201E-12,-1.258E-12,-1.525E-12,-1.597E-12
6.092E6,-1.201E-12,-1.258E-12,-1.526E-12,-1.597E-12
6.093E6,-1.201E-12,-1.258E-12,-1.526E-12,-1.598E-12
6.094E6,-1.201E-12,-1.258E-12,-1.526E-12,-1.598E-12
6.095E6,-1.202E-12,-1.259E-12,-1.526E-12,-1.598E-12
6.096E6,-1.202E-12,-1.259E-12,-1.527E-12,-1.598E-12
6.097E6,-1.202E-12,-1.259E-12,-1.527E-12,-1.599E-12
6.098E6,-1.202E-12,-1.259E-12,-1.527E-12,-1.599E-12
6.099E6,-1.202E-12,-1.259E-12,-1.527E-12,-1.599E-12
6.100E6,-1.203E-12,-1.260E-12,-1.528E-12,-1.600E-12
6.101E6,-1.203E-12,-1.260E-12,-1.528E-12,-1.600E-12
6.102E6,-1.203E-12,-1.260E-12,-1.528E-12,-1.600E-12
6.103E6,-1.203E-12,-1.260E-12,-1.528E-12,-1.600E-12
6.104E6,-1.203E-12,-1.260E-12,-1.529E-12,-1.601E-12
6.105E6,-1.204E-12,-1.261E-12,-1.529E-12,-1.601E-12
6.106E6,-1.204E-12,-1.261E-12,-1.529E-12,-1.601E-12
6.107E6,-1.204E-12,-1.261E-12,-1.529E-12,-1.601E-12
6.108E6,-1.204E-12,-1.261E-12,-1.530E-12,-1.602E-12
6.109E6,-1.204E-12,-1.261E-12,-1.530E-12,-1.602E-12
6.110E6,-1.205E-12,-1.262E-12,-1.530E-12,-1.602E-12
6.111E6,-1.205E-12,-1.262E-12,-1.530E-12,-1.602E-12
6.112E6,-1.205E-12,-1.262E-12,-1.531E-12,-1.603E-12
6.113E6,-1.205E-12,-1.262E-12,-1.531E-12,-1.603E-12
6.114E6,-1.205E-12,-1.262E-12,-1.531E-12,-1.603E-12
6.115E6,-1.206E-12,-1.263E-12,-1.531E-12,-1.603E-12
6.116E6,-1.206E-12,-1.263E-12,-1.532E-12,-1.604E-12
6.117E6,-1.206E-12,-1.263E-12,-1.532E-12,-1.604E-12
6.118E6,-1.206E-12,-1.263E-12,-1.532E-12,-1.604E-12
6.119E6,-1.206E-12,-1.264E-12,-1.532E-12,-1.605E-12
6.120E6,-1.206E-12,-1.264E-12,-1.533E-12,-1.605E-12
6.121E6,-1.207E-12,-1.264E-12,-1.533E-12,-1.605E-12
6.122E6,-1.207E-12,-1.264E-12,-1.533E-12,-1.605E-12
6.123E6,-1.207E-12,-1.264E-12,-1.533E-12,-1.606E-12
6.124E6,-1.207E-12,-1.265E-12,-1.534E-12,-1.606E-12
6.125E6,-1.207E-12,-1.265E-12,-1.534E-12,-1.606E-12
6.126E6,-1.208E-12,-1.265E-12,-1.534E-12,-1.606E-12
6.127E6,-1.208E-12,-1.265E-12,-1.534E-12,-1.607E-12
6.128E6,-1.208E-12,-1.265E-12,-1.535E-12,-1.607E-12
6.129E6,-1.208E-12,-1.266E-12,-1.535E-12,-1.607E-12
6.130E6,-1.208E-12,-1.266E-12,-1.535E-12,-1.607E-12
6.131E6,-1.209E-12,-1.266E-12,-1.535E-12,-1.608E-12
6.132E6,-1.209E-12,-1.266E-12,-1.536E-12,-1.608E-12
6.133E6,-1.209E-12,-1.266E-12,-1.536E-12,-1.608E-12
6.134E6,-1.209E-12,-1.267E-12,-1.536E-12,-1.608E-12
6.135E6,-1.209E-12,-1.267E-12,-1.536E-12,-1.609E-12
6.136E6,-1.210E-12,-1.267E-12,-1.537E-12,-1.609E-12
6.137E6,-1.210E-12,-1.267E-12,-1.537E-12,-1.609E-12
6.138E6,-1.210E-12,-1.267E-12,-1.537E-12,-1.610E-12
6.139E6,-1.210E-12,-1.268E-12,-1.537E-12,-1.610E-12
6.140E6,-1.210E-12,-1.268E-12,-1.538E-12,-1.610E-12
6.141E6,-1.211E-12,-1.268E-12,-1.538E-12,-1.610E-12
6.142E6,-1.211E-12,-1.268E-12,-1.538E-12,-1.611E-12
6.143E6,-1.211E-12,-1.268E-12,-1.538E-12,-1.611E-12
6.144E6,-1.211E-12,-1.269E-12,-1.539E-12,-1.611E-12
6.145E6,-1.211E-12,-1.269E-12,-1.539E-12,-1.611E-12
6.146E6,-1.212E-12,-1.269E-12,-1.539E-12,-1.612E-12
6.147E6,-1.212E-12,-1.269E-12,-1.539E-12,-1.612E-12
6.148E6,-1.212E-12,-1.270E-12,-1.540E-12,-1.612E-12
6.149E6,-1.212E-12,-1.270E-12,-1.540E-12,-1.612E-12
6.150E6,-1.212E-12,-1.270E-12,-1.540E-12,-1.613E-12
6.151E6,-1.213E-12,-1.270E-12,-1.540E-12,-1.613E-12
6.152E6,-1.213E-12,-1.270E-12,-1.541E-12,-1.613E-12
6.153E6,-1.213E-12,-1.271E-12,-1.541E-12,-1.613E-12
6.154E6,-1.213E-12,-1.271E-12,-1.541E-12,-1.614E-12
6.155E6,-1.213E-12,-1.271E-12,-1.541E-12,-1.614E-12
6.156E6,-1.214E-12,-1.271E-12,-1.542E-12,-1.614E-12
6.157E6,-1.214E-12,-1.271E-12,-1.542E-12,-1.614E-12
6.158E6,-1.214E-12,-1.272E-12,-1.542E-12,-1.615E-12
6.159E6,-1.214E-12,-1.272E-12,-1.542E-12,-1.615E-12
6.160E6,-1.214E-12,-1.272E-12,-1.543E-12,-1.615E-12
6.161E6,-1.215E-12,-1.272E-12,-1.543E-12,-1.616E-12
6.162E6,-1.215E-12,-1.272E-12,-1.543E-12,-1.616E-12
6.163E6,-1.215E-12,-1.273E-12,-1.543E-12,-1.616E-12
6.164E6,-1.215E-12,-1.273E-12,-1.544E-12,-1.616E-12
6.165E6,-1.215E-12,-1.273E-12,-1.544E-12,-1.617E-12
6.166E6,-1.216E-12,-1.273E-12,-1.544E-12,-1.617E-12
6.167E6,-1.216E-12,-1.273E-12,-1.544E-12,-1.617E-12
6.168E6,-1.216E-12,-1.274E-12,-1.545E-12,-1.617E-12
6.169E6,-1.216E-12,-1.274E-12,-1.545E-12,-1.618E-12
6.170E6,-1.216E-12,-1.274E-12,-1.545E-12,-1.618E-12
6.171E6,-1.217E-12,-1.274E-12,-1.545E-12,-1.618E-12
6.172E6,-1.217E-12,-1.274E-12,-1.546E-12,-1.618E-12
6.173E6,-1.217E-12,-1.275E-12,-1.546E-12,-1.619E-12
6.174E6,-1.217E-12,-1.275E-12,-1.546E-12,-1.619E-12
6.175E6,-1.217E-12,-1.275E-12,-1.546E-12,-1.619E-12
6.176E6,-1.218E-12,-1.275E-12,-1.547E-12,-1.619E-12
6.177E6,-1.218E-12,-1.276E-12,-1.547E-12,-1.620E-12
6.178E6,-1.218E-12,-1.276E-12,-1.547E-12,-1.620E-12
6.179E6,-1.218E-12,-1.276E-12,-1.547E-12,-1.620E-12
6.180E6,-1.218E-12,-1.276E-12,-1.548E-12,-1.621E-12
6.181E6,-1.219E-12,-1.276E-12,-1.548E-12,-1.621E-12
6.182E6,-1.219E-12,-1.277E-12,-1.548E-12,-1.621E-12
6.183E6,-1.219E-12,-1.277E-12,-1.548E-12,-1.621E-12
6.184E6,-1.219E-12,-1.277E-12,-1.549E-12,-1.622E-12
6.185E6,-1.219E-12,-1.277E-12,-1.549E-12,-1.622E-12
6.186E6,-1.220E-12,-1.277E-12,-1.549E-12,-1.622E-12
6.187E6,-1.220E-12,-1.278E-12,-1.549E-12,-1.622E-12
6.188E6,-1.220E-12,-1.278E-12,-1.550E-12,-1.623E-12
6.189E6,-1.220E-12,-1.278E-12,-1.550E-12,-1.623E-12
6.190E6,-1.220E-12,-1.278E-12,-1.550E-12,-1.623E-12
6.191E6,-1.220E-12,-1.278E-12,-1.550E-12,-1.623E-12
6.192E6,-1.221E-12,-1.279E-12,-1.551E-12,-1.624E-12
6.193E6,-1.221E-12,-1.279E-12,-1.551E-12,-1.624E-12
6.194E6,-1.221E-12,-1.279E-12,-1.551E-12,-1.624E-12
6.195E6,-1.221E-12,-1.279E-12,-1.551E-12,-1.624E-12
6.196E6,-1.221E-12,-1.279E-12,-1.552E-12,-1.625E-12
6.197E6,-1.222E-12,-1.280E-12,-1.552E-12,-1.625E-12
6.198E6,-1.222E-12,-1.280E-12,-1.552E-12,-1.625E-12
6.199E6,-1.222E-12,-1.280E-12,-1.552E-12,-1.626E-12
6.200E6,-1.222E-12,-1.280E-12,-1.553E-12,-1.626E-12
6.201E6,-1.222E-12,-1.280E-12,-1.553E-12,-1.626E-12
6.202E6,-1.223E-12,-1.281E-12,-1.553E-12,-1.626E-12
6.203E6,-1.223E-12,-1.281E-12,-1.553E-12,-1.627E-12
6.204E6,-1.223E-12,-1.281E-12,-1.554E-12,-1.627E-12
6.205E6,-1.223E-12,-1.281E-12,-1.554E-12,-1.627E-12
6.206E6,-1.223E-12,-1.281E-12,-1.554E-12,-1.627E-12
6.207E6,-1.224E-12,-1.282E-12,-1.554E-12,-1.628E-12
6.208E6,-1.224E-12,-1.282E-12,-1.555E-12,-1.628E-12
6.209E6,-1.224E-12,-1.282E-12,-1.555E-12,-1.628E-12
6.210E6,-1.224E-12,-1.282E-12,-1.555E-12,-1.628E-12
6.211E6,-1.224E-12,-1.283E-12,-1.555E-12,-1.629E-12
6.212E6,-1.225E-12,-1.283E-12,-1.556E-12,-1.629E-12
6.213E6,-1.225E-12,-1.283E-12,-1.556E-12,-1.629E-12
6.214E6,-1.225E-12,-1.283E-12,-1.556E-12,-1.629E-12
6.215E6,-1.225E-12,-1.283E-12,-1.556E-12,-1.630E-12
6.216E6,-1.225E-12,-1.284E-12,-1.557E-12,-1.630E-12
6.217E6,-1.226E-12,-1.284E-12,-1.557E-12,-1.630E-12
6.218E6,-1.226E-12,-1.284E-12,-1.557E-12,-1.630E-12
6.219E6,-1.226E-12,-1.284E-12,-1.557E-12,-1.631E-12
6.220E6,-1.226E-12,-1.284E-12,-1.558E-12,-1.631E-12
6.221E6,-1.226E-12,-1.285E-12,-1.558E-12,-1.631E-12
6.222E6,-1.227E-12,-1.285E-12,-1.558E-12,-1.632E-12
6.223E6,-1.227E-12,-1.285E-12,-1.558E-12,-1.632E-12
6.224E6,-1.227E-12,-1.285E-12,-1.559E-12,-1.632E-12
6.225E6,-1.227E-12,-1.285E-12,-1.559E-12,-1.632E-12
6.226E6,-1.227E-12,-1.286E-12,-1.559E-12,-1.633E-12
6.227E6,-1.228E-12,-1.286E-12,-1.559E-12,-1.633E-12
6.228E6,-1.228E-12,-1.286E-12,-1.560E-12,-1.633E-12
6.229E6,-1.228E-12,-1.286E-12,-1.560E-12,-1.633E-12
6.230E6,-1.228E-12,-1.286E-12,-1.560E-12,-1.634E-12
6.231E6,-1.228E-12,-1.287E-12,-1.560E-12,-1.634E-12
6.232E6,-1.229E-12,-1.287E-12,-1.561E-12,-1.634E-12
6.233E6,-1.229E-12,-1.287E-12,-1.561E-12,-1.634E-12
6.234E6,-1.229E-12,-1.287E-12,-1.561E-12,-1.635E-12
6.235E6,-1.229E-12,-1.287E-12,-1.561E-12,-1.635E-12
6.236E6,-1.229E-12,-1.288E-12,-1.562E-12,-1.635E-12
6.237E6,-1.230E-12,-1.288E-12,-1.562E-12,-1.635E-12
6.238E6,-1.230E-12,-1.288E-12,-1.562E-12,-1.636E-12
6.239E6,-1.230E-12,-1.288E-12,-1.562E-12,-1.636E-12
6.240E6,-1.230E-12,-1.289E-12,-1.563E-12,-1.636E-12
6.241E6,-1.230E-12,-1.289E-12,-1.563E-12,-1.637E-12
6.242E6,-1.231E-12,-1.289E-12,-1.563E-12,-1.637E-12
6.243E6,-1.231E-12,-1.289E-12,-1.563E-12,-1.637E-12
6.244E6,-1.231E-12,-1.289E-12,-1.564E-12,-1.637E-12
6.245E6,-1.231E-12,-1.290E-12,-1.564E-12,-1.638E-12
6.246E6,-1.231E-12,-1.290E-12,-1.564E-12,-1.638E-12
6.247E6,-1.232E-12,-1.290E-12,-1.564E-12,-1.638E-12
6.248E6,-1.232E-12,-1.290E-12,-1.565E-12,-1.638E-12
6.249E6,-1.232E-12,-1.290E-12,-1.565E-12,-1.639E-12
6.250E6,-1.232E-12,-1.291E-12,-1.565E-12,-1.639E-12
6.251E6,-1.232E-12,-1.291E-12,-1.565E-12,-1.639E-12
6.252E6,-1.233E-12,-1.291E-12,-1.566E-12,-1.639E-12
6.253E6,-1.233E-12,-1.291E-12,-1.566E-12,-1.640E-12
6.254E6,-1.233E-12,-1.291E-12,-1.566E-12,-1.640E-12
6.255E6,-1.233E-12,-1.292E-12,-1.566E-12,-1.640E-12
6.256E6,-1.233E-12,-1.292E-12,-1.567E-12,-1.640E-12
6.257E6,-1.234E-12,-1.292E-12,-1.567E-12,-1.641E-12
6.258E6,-1.234E-12,-1.292E-12,-1.567E-12,-1.641E-12
6.259E6,-1.234E-12,-1.292E-12,-1.567E-12,-1.641E-12
6.260E6,-1.234E-12,-1.293E-12,-1.568E-12,-1.641E-12
6.261E6,-1.234E-12,-1.293E-12,-1.568E-12,-1.642E-12
6.262E6,-1.234E-12,-1.293E-12,-1.568E-12,-1.642E-12
6.263E6,-1.235E-12,-1.293E-12,-1.568E-12,-1.642E-12
6.264E6,-1.235E-12,-1.293E-12,-1.569E-12,-1.643E-12
6.265E6,-1.235E-12,-1.294E-12,-1.569E-12,-1.643E-12
6.266E6,-1.235E-12,-1.294E-12,-1.569E-12,-1.643E-12
6.267E6,-1.235E-12,-1.294E-12,-1.569E-12,-1.643E-12
6.268E6,-1.236E-12,-1.294E-12,-1.570E-12,-1.644E-12
6.269E6,-1.236E-12,-1.294E-12,-1.570E-12,-1.644E-12
6.270E6,-1.236E-12,-1.295E-12,-1.570E-12,-1.644E-12
6.271E6,-1.236E-12,-1.295E-12,-1.570E-12,-1.644E-12
6.272E6,-1.236E-12,-1.295E-12,-1.571E-12,-1.645E-12
6.273E6,-1.237E-12,-1.295E-12,-1.571E-12,-1.645E-12
6.274E6,-1.237E-12,-1.296E-12,-1.571E-12,-1.645E-12
6.275E6,-1.237E-12,-1.296E-12,-1.571E-12,-1.645E-12
6.276E6,-1.237E-12,-1.296E-12,-1.572E-12,-1.646E-12
6.277E6,-1.237E-12,-1.296E-12,-1.572E-12,-1.646E-12
6.278E6,-1.238E-12,-1.296E-12,-1.572E-12,-1.646E-12
6.279E6,-1.238E-12,-1.297E-12,-1.572E-12,-1.646E-12
6.280E6,-1.238E-12,-1.297E-12,-1.573E-12,-1.647E-12
6.281E6,-1.238E-12,-1.297E-12,-1.573E-12,-1.647E-12
6.282E6,-1.238E-12,-1.297E-12,-1.573E-12,-1.647E-12
6.283E6,-1.239E-12,-1.297E-12,-1.573E-12,-1.648E-12
6.284E6,-1.239E-12,-1.298E-12,-1.574E-12,-1.648E-12
6.285E6,-1.239E-12,-1.298E-12,-1.574E-12,-1.648E-12
6.286E6,-1.239E-12,-1.298E-12,-1.574E-12,-1.648E-12
6.287E6,-1.239E-12,-1.298E-12,-1.574E-12,-1.649E-12
6.288E6,-1.240E-12,-1.298E-12,-1.575E-12,-1.649E-12
6.289E6,-1.240E-12,-1.299E-12,-1.575E-12,-1.649E-12
6.290E6,-1.240E-12,-1.299E-12,-1.575E-12,-1.649E-12
6.291E6,-1.240E-12,-1.299E-12,-1.575E-12,-1.650E-12
6.292E6,-1.240E-12,-1.299E-12,-1.576E-12,-1.650E-12
6.293E6,-1.241E-12,-1.299E-12,-1.576E-12,-1.650E-12
6.294E6,-1.241E-12,-1.300E-12,-1.576E-12,-1.650E-12
6.295E6,-1.241E-12,-1.300E-12,-1.576E-12,-1.651E-12
6.296E6,-1.241E-12,-1.300E-12,-1.577E-12,-1.651E-12
6.297E6,-1.241E-12,-1.300E-12,-1.577E-12,-1.651E-12
6.298E6,-1.242E-12,-1.300E-12,-1.577E-12,-1.651E-12
6.299E6,-1.242E-12,-1.301E-12,-1.577E-12,-1.652E-12
6.300E6,-1.242E-12,-1.301E-12,-1.578E-12,-1.652E-12
6.301E6,-1.242E-12,-1.301E-12,-1.578E-12,-1.652E-12
6.302E6,-1.242E-12,-1.301E-12,-1.578E-12,-1.653E-12
6.303E6,-1.243E-12,-1.302E-12,-1.578E-12,-1.653E-12
6.304E6,-1.243E-12,-1.302E-12,-1.579E-12,-1.653E-12
6.305E6,-1.243E-12,-1.302E-12,-1.579E-12,-1.653E-12
6.306E6,-1.243E-12,-1.302E-12,-1.579E-12,-1.654E-12
6.307E6,-1.243E-12,-1.302E-12,-1.579E-12,-1.654E-12
6.308E6,-1.244E-12,-1.303E-12,-1.580E-12,-1.654E-12
6.309E6,-1.244E-12,-1.303E-12,-1.580E-12,-1.654E-12
6.310E6,-1.244E-12,-1.303E-12,-1.580E-12,-1.655E-12
6.311E6,-1.244E-12,-1.303E-12,-1.580E-12,-1.655E-12
6.312E6,-1.244E-12,-1.303E-12,-1.581E-12,-1.655E-12
6.313E6,-1.245E-12,-1.304E-12,-1.581E-12,-1.655E-12
6.314E6,-1.245E-12,-1.304E-12,-1.581E-12,-1.656E-12
6.315E6,-1.245E-12,-1.304E-12,-1.581E-12,-1.656E-12
6.316E6,-1.245E-12,-1.304E-12,-1.582E-12,-1.656E-12
6.317E6,-1.245E-12,-1.304E-12,-1.582E-12,-1.656E-12
6.318E6,-1.246E-12,-1.305E-12,-1.582E-12,-1.657E-12
6.319E6,-1.246E-12,-1.305E-12,-1.582E-12,-1.657E-12
6.320E6,-1.246E-12,-1.305E-12,-1.583E-12,-1.657E-12
6.321E6,-1.246E-12,-1.305E-12,-1.583E-12,-1.657E-12
6.322E6,-1.246E-12,-1.305E-12,-1.583E-12,-1.658E-12
6.323E6,-1.247E-12,-1.306E-12,-1.583E-12,-1.658E-12
6.324E6,-1.247E-12,-1.306E-12,-1.584E-12,-1.658E-12
6.325E6,-1.247E-12,-1.306E-12,-1.584E-12,-1.659E-12
6.326E6,-1.247E-12,-1.306E-12,-1.584E-12,-1.659E-12
6.327E6,-1.247E-12,-1.306E-12,-1.584E-12,-1.659E-12
6.328E6,-1.247E-12,-1.307E-12,-1.585E-12,-1.659E-12
6.329E6,-1.248E-12,-1.307E-12,-1.585E-12,-1.660E-12
6.330E6,-1.248E-12,-1.307E-12,-1.585E-12,-1.660E-12
6.331E6,-1.248E-12,-1.307E-12,-1.585E-12,-1.660E-12
6.332E6,-1.248E-12,-1.308E-12,-1.586E-12,-1.660E-12
6.333E6,-1.248E-12,-1.308E-12,-1.586E-12,-1.661E-12
6.334E6,-1.249E-12,-1.308E-12,-1.586E-12,-1.661E-12
6.335E6,-1.249E-12,-1.308E-12,-1.586E-12,-1.661E-12
6.336E6,-1.249E-12,-1.308E-12,-1.587E-12,-1.661E-12
6.337E6,-1.249E-12,-1.309E-12,-1.587E-12,-1.662E-12
6.338E6,-1.249E-12,-1.309E-12,-1.587E-12,-1.662E-12
6.339E6,-1.250E-12,-1.309E-12,-1.587E-12,-1.662E-12
6.340E6,-1.250E-12,-1.309E-12,-1.588E-12,-1.662E-12
6.341E6,-1.250E-12,-1.309E-12,-1.588E-12,-1.663E-12
6.342E6,-1.250E-12,-1.310E-12,-1.588E-12,-1.663E-12
6.343E6,-1.250E-12,-1.310E-12,-1.588E-12,-1.663E-12
6.344E6,-1.251E-12,-1.310E-12,-1.589E-12,-1.664E-12
6.345E6,-1.251E-12,-1.310E-12,-1.589E-12,-1.664E-12
6.346E6,-1.251E-12,-1.310E-12,-1.589E-12,-1.664E-12
6.347E6,-1.251E-12,-1.311E-12,-1.589E-12,-1.664E-12
6.348E6,-1.251E-12,-1.311E-12,-1.590E-12,-1.665E-12
6.349E6,-1.252E-12,-1.311E-12,-1.590E-12,-1.665E-12
6.350E6,-1.252E-12,-1.311E-12,-1.590E-12,-1.665E-12
6.351E6,-1.252E-12,-1.311E-12,-1.590E-12,-1.665E-12
6.352E6,-1.252E-12,-1.312E-12,-1.591E-12,-1.666E-12
6.353E6,-1.252E-12,-1.312E-12,-1.591E-12,-1.666E-12
6.354E6,-1.253E-12,-1.312E-12,-1.591E-12,-1.666E-12
6.355E6,-1.253E-12,-1.312E-12,-1.591E-12,-1.666E-12
6.356E6,-1.253E-12,-1.312E-12,-1.592E-12,-1.667E-12
6.357E6,-1.253E-12,-1.313E-12,-1.592E-12,-1.667E-12
6.358E6,-1.253E-12,-1.313E-12,-1.592E-12,-1.667E-12
6.359E6,-1.254E-12,-1.313E-12,-1.592E-12,-1.667E-12
6.360E6,-1.254E-12,-1.313E-12,-1.593E-12,-1.668E-12
6.361E6,-1.254E-12,-1.313E-12,-1.593E-12,-1.668E-12
6.362E6,-1.254E-12,-1.314E-12,-1.593E-12,-1.668E-12
6.363E6,-1.254E-12,-1.314E-12,-1.593E-12,-1.669E-12
6.364E6,-1.255E-12,-1.314E-12,-1.594E-12,-1.669E-12
6.365E6,-1.255E-12,-1.314E-12,-1.594E-12,-1.669E-12
6.366E6,-1.255E-12,-1.315E-12,-1.594E-12,-1.669E-12
6.367E6,-1.255E-12,-1.315E-12,-1.594E-12,-1.670E-12
6.368E6,-1.255E-12,-1.315E-12,-1.595E-12,-1.670E-12
6.369E6,-1.256E-12,-1.315E-12,-1.595E-12,-1.670E-12
6.370E6,-1.256E-12,-1.315E-12,-1.595E-12,-1.670E-12
6.371E6,-1.256E-12,-1.316E-12,-1.596E-12,-1.671E-12
6.372E6,-1.256E-12,-1.316E-12,-1.596E-12,-1.671E-12
6.373E6,-1.256E-12,-1.316E-12,-1.596E-12,-1.671E-12
6.374E6,-1.257E-12,-1.316E-12,-1.596E-12,-1.671E-12
6.375E6,-1.257E-12,-1.316E-12,-1.597E-12,-1.672E-12
6.376E6,-1.257E-12,-1.317E-12,-1.597E-12,-1.672E-12
6.377E6,-1.257E-12,-1.317E-12,-1.597E-12,-1.672E-12
6.378E6,-1.257E-12,-1.317E-12,-1.597E-12,-1.672E-12
6.379E6,-1.258E-12,-1.317E-12,-1.598E-12,-1.673E-12
6.380E6,-1.258E-12,-1.317E-12,-1.598E-12,-1.673E-12
6.381E6,-1.258E-12,-1.318E-12,-1.598E-12,-1.673E-12
6.382E6,-1.258E-12,-1.318E-12,-1.598E-12,-1.673E-12
6.383E6,-1.258E-12,-1.318E-12,-1.599E-12,-1.674E-12
6.384E6,-1.259E-12,-1.318E-12,-1.599E-12,-1.674E-12
6.385E6,-1.259E-12,-1.318E-12,-1.599E-12,-1.674E-12
6.386E6,-1.259E-12,-1.319E-12,-1.599E-12,-1.675E-12
6.387E6,-1.259E-12,-1.319E-12,-1.600E-12,-1.675E-12
6.388E6,-1.259E-12,-1.319E-12,-1.600E-12,-1.675E-12
6.389E6,-1.260E-12,-1.319E-12,-1.600E-12,-1.675E-12
6.390E6,-1.260E-12,-1.319E-12,-1.600E-12,-1.676E-12
6.391E6,-1.260E-12,-1.320E-12,-1.601E-12,-1.676E-12
6.392E6,-1.260E-12,-1.320E-12,-1.601E-12,-1.676E-12
6.393E6,-1.260E-12,-1.320E-12,-1.601E-12,-1.676E-12
6.394E6,-1.261E-12,-1.320E-12,-1.601E-12,-1.677E-12
6.395E6,-1.261E-12,-1.321E-12,-1.602E-12,-1.677E-12
6.396E6,-1.261E-12,-1.321E-12,-1.602E-12,-1.677E-12
6.397E6,-1.261E-12,-1.321E-12,-1.602E-12,-1.677E-12
6.398E6,-1.261E-12,-1.321E-12,-1.602E-12,-1.678E-12
6.399E6,-1.261E-12,-1.321E-12,-1.603E-12,-1.678E-12
6.400E6,-1.262E-12,-1.322E-12,-1.603E-12,-1.678E-12
6.401E6,-1.262E-12,-1.322E-12,-1.603E-12,-1.678E-12
6.402E6,-1.262E-12,-1.322E-12,-1.603E-12,-1.679E-12
6.403E6,-1.262E-12,-1.322E-12,-1.604E-12,-1.679E-12
6.404E6,-1.262E-12,-1.322E-12,-1.604E-12,-1.679E-12
6.405E6,-1.263E-12,-1.323E-12,-1.604E-12,-1.680E-12
6.406E6,-1.263E-12,-1.323E-12,-1.604E-12,-1.680E-12
6.407E6,-1.263E-12,-1.323E-12,-1.605E-12,-1.680E-12
6.408E6,-1.263E-12,-1.323E-12,-1.605E-12,-1.680E-12
6.409E6,-1.263E-12,-1.323E-12,-1.605E-12,-1.681E-12
6.410E6,-1.264E-12,-1.324E-12,-1.605E-12,-1.681E-12
6.411E6,-1.264E-12,-1.324E-12,-1.606E-12,-1.681E-12
6.412E6,-1.264E-12,-1.324E-12,-1.606E-12,-1.681E-12
6.413E6,-1.264E-12,-1.324E-12,-1.606E-12,-1.682E-12
6.414E6,-1.264E-12,-1.324E-12,-1.606E-12,-1.682E-12
6.415E6,-1.265E-12,-1.325E-12,-1.607E-12,-1.682E-12
6.416E6,-1.265E-12,-1.325E-12,-1.607E-12,-1.682E-12
6.417E6,-1.265E-12,-1.325E-12,-1.607E-12,-1.683E-12
6.418E6,-1.265E-12,-1.325E-12,-1.607E-12,-1.683E-12
6.419E6,-1.265E-12,-1.325E-12,-1.608E-12,-1.683E-12
6.420E6,-1.266E-12,-1.326E-12,-1.608E-12,-1.683E-12
6.421E6,-1.266E-12,-1.326E-12,-1.608E-12,-1.684E-12
6.422E6,-1.266E-12,-1.326E-12,-1.608E-12,-1.684E-12
6.423E6,-1.266E-12,-1.326E-12,-1.609E-12,-1.684E-12
6.424E6,-1.266E-12,-1.327E-12,-1.609E-12,-1.685E-12
6.425E6,-1.267E-12,-1.327E-12,-1.609E-12,-1.685E-12
6.426E6,-1.267E-12,-1.327E-12,-1.609E-12,-1.685E-12
6.427E6,-1.267E-12,-1.327E-12,-1.610E-12,-1.685E-12
6.428E6,-1.267E-12,-1.327E-12,-1.610E-12,-1.686E-12
6.429E6,-1.267E-12,-1.328E-12,-1.610E-12,-1.686E-12
6.430E6,-1.268E-12,-1.328E-12,-1.610E-12,-1.686E-12
6.431E6,-1.268E-12,-1.328E-12,-1.611E-12,-1.686E-12
6.432E6,-1.268E-12,-1.328E-12,-1.611E-12,-1.687E-12
6.433E6,-1.268E-12,-1.328E-12,-1.611E-12,-1.687E-12
6.434E6,-1.268E-12,-1.329E-12,-1.611E-12,-1.687E-12
6.435E6,-1.269E-12,-1.329E-12,-1.612E-12,-1.687E-12
6.436E6,-1.269E-12,-1.329E-12,-1.612E-12,-1.688E-12
6.437E6,-1.269E-12,-1.329E-12,-1.612E-12,-1.688E-12
6.438E6,-1.269E-12,-1.329E-12,-1.612E-12,-1.688E-12
6.439E6,-1.269E-12,-1.330E-12,-1.613E-12,-1.688E-12
6.440E6,-1.270E-12,-1.330E-12,-1.613E-12,-1.689E-12
6.441E6,-1.270E-12,-1.330E-12,-1.613E-12,-1.689E-12
6.442E6,-1.270E-12,-1.330E-12,-1.613E-12,-1.689E-12
6.443E6,-1.270E-12,-1.330E-12,-1.614E-12,-1.689E-12
6.444E6,-1.270E-12,-1.331E-12,-1.614E-12,-1.690E-12
6.445E6,-1.271E-12,-1.331E-12,-1.614E-12,-1.690E-12
6.446E6,-1.271E-12,-1.331E-12,-1.614E-12,-1.690E-12
6.447E6,-1.271E-12,-1.331E-12,-1.615E-12,-1.691E-12
6.448E6,-1.271E-12,-1.331E-12,-1.615E-12,-1.691E-12
6.449E6,-1.271E-12,-1.332E-12,-1.615E-12,-1.691E-12
6.450E6,-1.272E-12,-1.332E-12,-1.615E-12,-1.691E-12
6.451E6,-1.272E-12,-1.332E-12,-1.616E-12,-1.692E-12
6.452E6,-1.272E-12,-1.332E-12,-1.616E-12,-1.692E-12
6.453E6,-1.272E-12,-1.332E-12,-1.616E-12,-1.692E-12
6.454E6,-1.272E-12,-1.333E-12,-1.616E-12,-1.692E-12
6.455E6,-1.273E-12,-1.333E-12,-1.617E-12,-1.693E-12
6.456E6,-1.273E-12,-1.333E-12,-1.617E-12,-1.693E-12
6.457E6,-1.273E-12,-1.333E-12,-1.617E-12,-1.693E-12
6.458E6,-1.273E-12,-1.334E-12,-1.617E-12,-1.693E-12
6.459E6,-1.273E-12,-1.334E-12,-1.618E-12,-1.694E-12
6.460E6,-1.274E-12,-1.334E-12,-1.618E-12,-1.694E-12
6.461E6,-1.274E-12,-1.334E-12,-1.618E-12,-1.694E-12
6.462E6,-1.274E-12,-1.334E-12,-1.618E-12,-1.694E-12
6.463E6,-1.274E-12,-1.335E-12,-1.619E-12,-1.695E-12
6.464E6,-1.274E-12,-1.335E-12,-1.619E-12,-1.695E-12
6.465E6,-1.275E-12,-1.335E-12,-1.619E-12,-1.695E-12
6.466E6,-1.275E-12,-1.335E-12,-1.619E-12,-1.696E-12
6.467E6,-1.275E-12,-1.335E-12,-1.620E-12,-1.696E-12
6.468E6,-1.275E-12,-1.336E-12,-1.620E-12,-1.696E-12
6.469E6,-1.275E-12,-1.336E-12,-1.620E-12,-1.696E-12
6.470E6,-1.275E-12,-1.336E-12,-1.620E-12,-1.697E-12
6.471E6,-1.276E-12,-1.336E-12,-1.621E-12,-1.697E-12
6.472E6,-1.276E-12,-1.336E-12,-1.621E-12,-1.697E-12
6.473E6,-1.276E-12,-1.337E-12,-1.621E-12,-1.697E-12
6.474E6,-1.276E-12,-1.337E-12,-1.621E-12,-1.698E-12
6.475E6,-1.276E-12,-1.337E-12,-1.622E-12,-1.698E-12
6.476E6,-1.277E-12,-1.337E-12,-1.622E-12,-1.698E-12
6.477E6,-1.277E-12,-1.337E-12,-1.622E-12,-1.698E-12
6.478E6,-1.277E-12,-1.338E-12,-1.622E-12,-1.699E-12
6.479E6,-1.277E-12,-1.338E-12,-1.623E-12,-1.699E-12
6.480E6,-1.277E-12,-1.338E-12,-1.623E-12,-1.699E-12
6.481E6,-1.278E-12,-1.338E-12,-1.623E-12,-1.699E-12
6.482E6,-1.278E-12,-1.338E-12,-1.623E-12,-1.700E-12
6.483E6,-1.278E-12,-1.339E-12,-1.624E-12,-1.700E-12
6.484E6,-1.278E-12,-1.339E-12,-1.624E-12,-1.700E-12
6.485E6,-1.278E-12,-1.339E-12,-1.624E-12,-1.700E-12
6.486E6,-1.279E-12,-1.339E-12,-1.624E-12,-1.701E-12
6.487E6,-1.279E-12,-1.340E-12,-1.625E-12,-1.701E-12
6.488E6,-1.279E-12,-1.340E-12,-1.625E-12,-1.701E-12
6.489E6,-1.279E-12,-1.340E-12,-1.625E-12,-1.702E-12
6.490E6,-1.279E-12,-1.340E-12,-1.625E-12,-1.702E-12
6.491E6,-1.280E-12,-1.340E-12,-1.626E-12,-1.702E-12
6.492E6,-1.280E-12,-1.341E-12,-1.626E-12,-1.702E-12
6.493E6,-1.280E-12,-1.341E-12,-1.626E-12,-1.703E-12
6.494E6,-1.280E-12,-1.341E-12,-1.626E-12,-1.703E-12
6.495E6,-1.280E-12,-1.341E-12,-1.627E-12,-1.703E-12
6.496E6,-1.281E-12,-1.341E-12,-1.627E-12,-1.703E-12
6.497E6,-1.281E-12,-1.342E-12,-1.627E-12,-1.704E-12
6.498E6,-1.281E-12,-1.342E-12,-1.627E-12,-1.704E-12
6.499E6,-1.281E-12,-1.342E-12,-1.628E-12,-1.704E-12
6.500E6,-1.281E-12,-1.342E-12,-1.628E-12,-1.704E-12
6.501E6,-1.282E-12,-1.342E-12,-1.628E-12,-1.705E-12
6.502E6,-1.282E-12,-1.343E-12,-1.628E-12,-1.705E-12
6.503E6,-1.282E-12,-1.343E-12,-1.629E-12,-1.705E-12
6.504E6,-1.282E-12,-1.343E-12,-1.629E-12,-1.705E-12
6.505E6,-1.282E-12,-1.343E-12,-1.629E-12,-1.706E-12
6.506E6,-1.283E-12,-1.343E-12,-1.629E-12,-1.706E-12
6.507E6,-1.283E-12,-1.344E-12,-1.630E-12,-1.706E-12
6.508E6,-1.283E-12,-1.344E-12,-1.630E-12,-1.707E-12
6.509E6,-1.283E-12,-1.344E-12,-1.630E-12,-1.707E-12
6.510E6,-1.283E-12,-1.344E-12,-1.630E-12,-1.707E-12
6.511E6,-1.284E-12,-1.344E-12,-1.631E-12,-1.707E-12
6.512E6,-1.284E-12,-1.345E-12,-1.631E-12,-1.708E-12
6.513E6,-1.284E-12,-1.345E-12,-1.631E-12,-1.708E-12
6.514E6,-1.284E-12,-1.345E-12,-1.631E-12,-1.708E-12
6.515E6,-1.284E-12,-1.345E-12,-1.632E-12,-1.708E-12
6.516E6,-1.285E-12,-1.346E-12,-1.632E-12,-1.709E-12
6.517E6,-1.285E-12,-1.346E-12,-1.632E-12,-1.709E-12
6.518E6,-1.285E-12,-1.346E-12,-1.632E-12,-1.709E-12
6.519E6,-1.285E-12,-1.346E-12,-1.633E-12,-1.709E-12
6.520E6,-1.285E-12,-1.346E-12,-1.633E-12,-1.710E-12
6.521E6,-1.286E-12,-1.347E-12,-1.633E-12,-1.710E-12
6.522E6,-1.286E-12,-1.347E-12,-1.633E-12,-1.710E-12
6.523E6,-1.286E-12,-1.347E-12,-1.634E-12,-1.710E-12
6.524E6,-1.286E-12,-1.347E-12,-1.634E-12,-1.711E-12
6.525E6,-1.286E-12,-1.347E-12,-1.634E-12,-1.711E-12
6.526E6,-1.287E-12,-1.348E-12,-1.634E-12,-1.711E-12
6.527E6,-1.287E-12,-1.348E-12,-1.635E-12,-1.712E-12
6.528E6,-1.287E-12,-1.348E-12,-1.635E-12,-1.712E-12
6.529E6,-1.287E-12,-1.348E-12,-1.635E-12,-1.712E-12
6.530E6,-1.287E-12,-1.348E-12,-1.635E-12,-1.712E-12
6.531E6,-1.288E-12,-1.349E-12,-1.636E-12,-1.713E-12
6.532E6,-1.288E-12,-1.349E-12,-1.636E-12,-1.713E-12
6.533E6,-1.288E-12,-1.349E-12,-1.636E-12,-1.713E-12
6.534E6,-1.288E-12,-1.349E-12,-1.636E-12,-1.713E-12
6.535E6,-1.288E-12,-1.349E-12,-1.637E-12,-1.714E-12
6.536E6,-1.289E-12,-1.350E-12,-1.637E-12,-1.714E-12
6.537E6,-1.289E-12,-1.350E-12,-1.637E-12,-1.714E-12
6.538E6,-1.289E-12,-1.350E-12,-1.637E-12,-1.714E-12
6.539E6,-1.289E-12,-1.350E-12,-1.638E-12,-1.715E-12
6.540E6,-1.289E-12,-1.350E-12,-1.638E-12,-1.715E-12
6.541E6,-1.289E-12,-1.351E-12,-1.638E-12,-1.715E-12
6.542E6,-1.290E-12,-1.351E-12,-1.638E-12,-1.715E-12
6.543E6,-1.290E-12,-1.351E-12,-1.639E-12,-1.716E-12
6.544E6,-1.290E-12,-1.351E-12,-1.639E-12,-1.716E-12
6.545E6,-1.290E-12,-1.351E-12,-1.639E-12,-1.716E-12
6.546E6,-1.290E-12,-1.352E-12,-1.639E-12,-1.716E-12
6.547E6,-1.291E-12,-1.352E-12,-1.640E-12,-1.717E-12
6.548E6,-1.291E-12,-1.352E-12,-1.640E-12,-1.717E-12
6.549E6,-1.291E-12,-1.352E-12,-1.640E-12,-1.717E-12
6.550E6,-1.291E-12,-1.353E-12,-1.640E-12,-1.718E-12
6.551E6,-1.291E-12,-1.353E-12,-1.641E-12,-1.718E-12
6.552E6,-1.292E-12,-1.353E-12,-1.641E-12,-1.718E-12
6.553E6,-1.292E-12,-1.353E-12,-1.641E-12,-1.718E-12
6.554E6,-1.292E-12,-1.353E-12,-1.641E-12,-1.719E-12
6.555E6,-1.292E-12,-1.354E-12,-1.642E-12,-1.719E-12
6.556E6,-1.292E-12,-1.354E-12,-1.642E-12,-1.719E-12
6.557E6,-1.293E-12,-1.354E-12,-1.642E-12,-1.719E-12
6.558E6,-1.293E-12,-1.354E-12,-1.642E-12,-1.720E-12
6.559E6,-1.293E-12,-1.354E-12,-1.643E-12,-1.720E-12
6.560E6,-1.293E-12,-1.355E-12,-1.643E-12,-1.720E-12
6.561E6,-1.293E-12,-1.355E-12,-1.643E-12,-1.720E-12
6.562E6,-1.294E-12,-1.355E-12,-1.643E-12,-1.721E-12
6.563E6,-1.294E-12,-1.355E-12,-1.644E-12,-1.721E-12
6.564E6,-1.294E-12,-1.355E-12,-1.644E-12,-1.721E-12
6.565E6,-1.294E-12,-1.356E-12,-1.644E-12,-1.721E-12
6.566E6,-1.294E-12,-1.356E-12,-1.644E-12,-1.722E-12
6.567E6,-1.295E-12,-1.356E-12,-1.645E-12,-1.722E-12
6.568E6,-1.295E-12,-1.356E-12,-1.645E-12,-1.722E-12
6.569E6,-1.295E-12,-1.356E-12,-1.645E-12,-1.723E-12
6.570E6,-1.295E-12,-1.357E-12,-1.645E-12,-1.723E-12
6.571E6,-1.295E-12,-1.357E-12,-1.646E-12,-1.723E-12
6.572E6,-1.296E-12,-1.357E-12,-1.646E-12,-1.723E-12
6.573E6,-1.296E-12,-1.357E-12,-1.646E-12,-1.724E-12
6.574E6,-1.296E-12,-1.357E-12,-1.646E-12,-1.724E-12
6.575E6,-1.296E-12,-1.358E-12,-1.647E-12,-1.724E-12
6.576E6,-1.296E-12,-1.358E-12,-1.647E-12,-1.724E-12
6.577E6,-1.297E-12,-1.358E-12,-1.647E-12,-1.725E-12
6.578E6,-1.297E-12,-1.358E-12,-1.647E-12,-1.725E-12
6.579E6,-1.297E-12,-1.359E-12,-1.648E-12,-1.725E-12
6.580E6,-1.297E-12,-1.359E-12,-1.648E-12,-1.725E-12
6.581E6,-1.297E-12,-1.359E-12,-1.648E-12,-1.726E-12
6.582E6,-1.298E-12,-1.359E-12,-1.648E-12,-1.726E-12
6.583E6,-1.298E-12,-1.359E-12,-1.649E-12,-1.726E-12
6.584E6,-1.298E-12,-1.360E-12,-1.649E-12,-1.726E-12
6.585E6,-1.298E-12,-1.360E-12,-1.649E-12,-1.727E-12
6.586E6,-1.298E-12,-1.360E-12,-1.649E-12,-1.727E-12
6.587E6,-1.299E-12,-1.360E-12,-1.650E-12,-1.727E-12
6.588E6,-1.299E-12,-1.360E-12,-1.650E-12,-1.728E-12
6.589E6,-1.299E-12,-1.361E-12,-1.650E-12,-1.728E-12
6.590E6,-1.299E-12,-1.361E-12,-1.650E-12,-1.728E-12
6.591E6,-1.299E-12,-1.361E-12,-1.651E-12,-1.728E-12
6.592E6,-1.300E-12,-1.361E-12,-1.651E-12,-1.729E-12
6.593E6,-1.300E-12,-1.361E-12,-1.651E-12,-1.729E-12
6.594E6,-1.300E-12,-1.362E-12,-1.651E-12,-1.729E-12
6.595E6,-1.300E-12,-1.362E-12,-1.652E-12,-1.729E-12
6.596E6,-1.300E-12,-1.362E-12,-1.652E-12,-1.730E-12
6.597E6,-1.301E-12,-1.362E-12,-1.652E-12,-1.730E-12
6.598E6,-1.301E-12,-1.362E-12,-1.652E-12,-1.730E-12
6.599E6,-1.301E-12,-1.363E-12,-1.653E-12,-1.730E-12
6.600E6,-1.301E-12,-1.363E-12,-1.653E-12,-1.731E-12
6.601E6,-1.301E-12,-1.363E-12,-1.653E-12,-1.731E-12
6.602E6,-1.302E-12,-1.363E-12,-1.653E-12,-1.731E-12
6.603E6,-1.302E-12,-1.363E-12,-1.654E-12,-1.731E-12
6.604E6,-1.302E-12,-1.364E-12,-1.654E-12,-1.732E-12
6.605E6,-1.302E-12,-1.364E-12,-1.654E-12,-1.732E-12
6.606E6,-1.302E-12,-1.364E-12,-1.654E-12,-1.732E-12
6.607E6,-1.302E-12,-1.364E-12,-1.655E-12,-1.732E-12
6.608E6,-1.303E-12,-1.364E-12,-1.655E-12,-1.733E-12
6.609E6,-1.303E-12,-1.365E-12,-1.655E-12,-1.733E-12
6.610E6,-1.303E-12,-1.365E-12,-1.655E-12,-1.733E-12
6.611E6,-1.303E-12,-1.365E-12,-1.656E-12,-1.734E-12
6.612E6,-1.303E-12,-1.365E-12,-1.656E-12,-1.734E-12
6.613E6,-1.304E-12,-1.366E-12,-1.656E-12,-1.734E-12
6.614E6,-1.304E-12,-1.366E-12,-1.656E-12,-1.734E-12
6.615E6,-1.304E-12,-1.366E-12,-1.657E-12,-1.735E-12
6.616E6,-1.304E-12,-1.366E-12,-1.657E-12,-1.735E-12
6.617E6,-1.304E-12,-1.366E-12,-1.657E-12,-1.735E-12
6.618E6,-1.305E-12,-1.367E-12,-1.657E-12,-1.735E-12
6.619E6,-1.305E-12,-1.367E-12,-1.658E-12,-1.736E-12
6.620E6,-1.305E-12,-1.367E-12,-1.658E-12,-1.736E-12
6.621E6,-1.305E-12,-1.367E-12,-1.658E-12,-1.736E-12
6.622E6,-1.305E-12,-1.367E-12,-1.658E-12,-1.736E-12
6.623E6,-1.306E-12,-1.368E-12,-1.659E-12,-1.737E-12
6.624E6,-1.306E-12,-1.368E-12,-1.659E-12,-1.737E-12
6.625E6,-1.306E-12,-1.368E-12,-1.659E-12,-1.737E-12
6.626E6,-1.306E-12,-1.368E-12,-1.659E-12,-1.737E-12
6.627E6,-1.306E-12,-1.368E-12,-1.660E-12,-1.738E-12
6.628E6,-1.307E-12,-1.369E-12,-1.660E-12,-1.738E-12
6.629E6,-1.307E-12,-1.369E-12,-1.660E-12,-1.738E-12
6.630E6,-1.307E-12,-1.369E-12,-1.660E-12,-1.739E-12
6.631E6,-1.307E-12,-1.369E-12,-1.661E-12,-1.739E-12
6.632E6,-1.307E-12,-1.369E-12,-1.661E-12,-1.739E-12
6.633E6,-1.308E-12,-1.370E-12,-1.661E-12,-1.739E-12
6.634E6,-1.308E-12,-1.370E-12,-1.661E-12,-1.740E-12
6.635E6,-1.308E-12,-1.370E-12,-1.662E-12,-1.740E-12
6.636E6,-1.308E-12,-1.370E-12,-1.662E-12,-1.740E-12
6.637E6,-1.308E-12,-1.370E-12,-1.662E-12,-1.740E-12
6.638E6,-1.309E-12,-1.371E-12,-1.662E-12,-1.741E-12
6.639E6,-1.309E-12,-1.371E-12,-1.663E-12,-1.741E-12
6.640E6,-1.309E-12,-1.371E-12,-1.663E-12,-1.741E-12
6.641E6,-1.309E-12,-1.371E-12,-1.663E-12,-1.741E-12
6.642E6,-1.309E-12,-1.372E-12,-1.663E-12,-1.742E-12
6.643E6,-1.310E-12,-1.372E-12,-1.664E-12,-1.742E-12
6.644E6,-1.310E-12,-1.372E-12,-1.664E-12,-1.742E-12
6.645E6,-1.310E-12,-1.372E-12,-1.664E-12,-1.742E-12
6.646E6,-1.310E-12,-1.372E-12,-1.664E-12,-1.743E-12
6.647E6,-1.310E-12,-1.373E-12,-1.665E-12,-1.743E-12
6.648E6,-1.311E-12,-1.373E-12,-1.665E-12,-1.743E-12
6.649E6,-1.311E-12,-1.373E-12,-1.665E-12,-1.744E-12
6.650E6,-1.311E-12,-1.373E-12,-1.665E-12,-1.744E-12
6.651E6,-1.311E-12,-1.373E-12,-1.666E-12,-1.744E-12
6.652E6,-1.311E-12,-1.374E-12,-1.666E-12,-1.744E-12
6.653E6,-1.312E-12,-1.374E-12,-1.666E-12,-1.745E-12
6.654E6,-1.312E-12,-1.374E-12,-1.666E-12,-1.745E-12
6.655E6,-1.312E-12,-1.374E-12,-1.667E-12,-1.745E-12
6.656E6,-1.312E-12,-1.374E-12,-1.667E-12,-1.745E-12
6.657E6,-1.312E-12,-1.375E-12,-1.667E-12,-1.746E-12
6.658E6,-1.313E-12,-1.375E-12,-1.667E-12,-1.746E-12
6.659E6,-1.313E-12,-1.375E-12,-1.668E-12,-1.746E-12
6.660E6,-1.313E-12,-1.375E-12,-1.668E-12,-1.746E-12
6.661E6,-1.313E-12,-1.375E-12,-1.668E-12,-1.747E-12
6.662E6,-1.313E-12,-1.376E-12,-1.668E-12,-1.747E-12
6.663E6,-1.314E-12,-1.376E-12,-1.669E-12,-1.747E-12
6.664E6,-1.314E-12,-1.376E-12,-1.669E-12,-1.747E-12
6.665E6,-1.314E-12,-1.376E-12,-1.669E-12,-1.748E-12
6.666E6,-1.314E-12,-1.376E-12,-1.669E-12,-1.748E-12
6.667E6,-1.314E-12,-1.377E-12,-1.670E-12,-1.748E-12
6.668E6,-1.315E-12,-1.377E-12,-1.670E-12,-1.748E-12
6.669E6,-1.315E-12,-1.377E-12,-1.670E-12,-1.749E-12
6.670E6,-1.315E-12,-1.377E-12,-1.670E-12,-1.749E-12
6.671E6,-1.315E-12,-1.378E-12,-1.671E-12,-1.749E-12
6.672E6,-1.315E-12,-1.378E-12,-1.671E-12,-1.750E-12
6.673E6,-1.316E-12,-1.378E-12,-1.671E-12,-1.750E-12
6.674E6,-1.316E-12,-1.378E-12,-1.671E-12,-1.750E-12
6.675E6,-1.316E-12,-1.378E-12,-1.672E-12,-1.750E-12
6.676E6,-1.316E-12,-1.379E-12,-1.672E-12,-1.751E-12
6.677E6,-1.316E-12,-1.379E-12,-1.672E-12,-1.751E-12
6.678E6,-1.316E-12,-1.379E-12,-1.672E-12,-1.751E-12
6.679E6,-1.317E-12,-1.379E-12,-1.673E-12,-1.751E-12
6.680E6,-1.317E-12,-1.379E-12,-1.673E-12,-1.752E-12
6.681E6,-1.317E-12,-1.380E-12,-1.673E-12,-1.752E-12
6.682E6,-1.317E-12,-1.380E-12,-1.673E-12,-1.752E-12
6.683E6,-1.317E-12,-1.380E-12,-1.674E-12,-1.752E-12
6.684E6,-1.318E-12,-1.380E-12,-1.674E-12,-1.753E-12
6.685E6,-1.318E-12,-1.380E-12,-1.674E-12,-1.753E-12
6.686E6,-1.318E-12,-1.381E-12,-1.674E-12,-1.753E-12
6.687E6,-1.318E-12,-1.381E-12,-1.675E-12,-1.753E-12
6.688E6,-1.318E-12,-1.381E-12,-1.675E-12,-1.754E-12
6.689E6,-1.319E-12,-1.381E-12,-1.675E-12,-1.754E-12
6.690E6,-1.319E-12,-1.381E-12,-1.675E-12,-1.754E-12
6.691E6,-1.319E-12,-1.382E-12,-1.676E-12,-1.755E-12
6.692E6,-1.319E-12,-1.382E-12,-1.676E-12,-1.755E-12
6.693E6,-1.319E-12,-1.382E-12,-1.676E-12,-1.755E-12
6.694E6,-1.320E-12,-1.382E-12,-1.676E-12,-1.755E-12
6.695E6,-1.320E-12,-1.382E-12,-1.677E-12,-1.756E-12
6.696E6,-1.320E-12,-1.383E-12,-1.677E-12,-1.756E-12
6.697E6,-1.320E-12,-1.383E-12,-1.677E-12,-1.756E-12
6.698E6,-1.320E-12,-1.383E-12,-1.677E-12,-1.756E-12
6.699E6,-1.321E-12,-1.383E-12,-1.678E-12,-1.757E-12
6.700E6,-1.321E-12,-1.383E-12,-1.678E-12,-1.757E-12
6.701E6,-1.321E-12,-1.384E-12,-1.678E-12,-1.757E-12
6.702E6,-1.321E-12,-1.384E-12,-1.678E-12,-1.757E-12
6.703E6,-1.321E-12,-1.384E-12,-1.679E-12,-1.758E-12
6.704E6,-1.322E-12,-1.384E-12,-1.679E-12,-1.758E-12
6.705E6,-1.322E-12,-1.385E-12,-1.679E-12,-1.758E-12
6.706E6,-1.322E-12,-1.385E-12,-1.679E-12,-1.758E-12
6.707E6,-1.322E-12,-1.385E-12,-1.680E-12,-1.759E-12
6.708E6,-1.322E-12,-1.385E-12,-1.680E-12,-1.759E-12
6.709E6,-1.323E-12,-1.385E-12,-1.680E-12,-1.759E-12
6.710E6,-1.323E-12,-1.386E-12,-1.680E-12,-1.759E-12
6.711E6,-1.323E-12,-1.386E-12,-1.681E-12,-1.760E-12
6.712E6,-1.323E-12,-1.386E-12,-1.681E-12,-1.760E-12
6.713E6,-1.323E-12,-1.386E-12,-1.681E-12,-1.760E-12
6.714E6,-1.324E-12,-1.386E-12,-1.681E-12,-1.761E-12
6.715E6,-1.324E-12,-1.387E-12,-1.682E-12,-1.761E-12
6.716E6,-1.324E-12,-1.387E-12,-1.682E-12,-1.761E-12
6.717E6,-1.324E-12,-1.387E-12,-1.682E-12,-1.761E-12
6.718E6,-1.324E-12,-1.387E-12,-1.682E-12,-1.762E-12
6.719E6,-1.325E-12,-1.387E-12,-1.683E-12,-1.762E-12
6.720E6,-1.325E-12,-1.388E-12,-1.683E-12,-1.762E-12
6.721E6,-1.325E-12,-1.388E-12,-1.683E-12,-1.762E-12
6.722E6,-1.325E-12,-1.388E-12,-1.683E-12,-1.763E-12
6.723E6,-1.325E-12,-1.388E-12,-1.684E-12,-1.763E-12
6.724E6,-1.326E-12,-1.388E-12,-1.684E-12,-1.763E-12
6.725E6,-1.326E-12,-1.389E-12,-1.684E-12,-1.763E-12
6.726E6,-1.326E-12,-1.389E-12,-1.684E-12,-1.764E-12
6.727E6,-1.326E-12,-1.389E-12,-1.685E-12,-1.764E-12
6.728E6,-1.326E-12,-1.389E-12,-1.685E-12,-1.764E-12
6.729E6,-1.327E-12,-1.389E-12,-1.685E-12,-1.764E-12
6.730E6,-1.327E-12,-1.390E-12,-1.685E-12,-1.765E-12
6.731E6,-1.327E-12,-1.390E-12,-1.686E-12,-1.765E-12
6.732E6,-1.327E-12,-1.390E-12,-1.686E-12,-1.765E-12
6.733E6,-1.327E-12,-1.390E-12,-1.686E-12,-1.766E-12
6.734E6,-1.328E-12,-1.391E-12,-1.686E-12,-1.766E-12
6.735E6,-1.328E-12,-1.391E-12,-1.687E-12,-1.766E-12
6.736E6,-1.328E-12,-1.391E-12,-1.687E-12,-1.766E-12
6.737E6,-1.328E-12,-1.391E-12,-1.687E-12,-1.767E-12
6.738E6,-1.328E-12,-1.391E-12,-1.687E-12,-1.767E-12
6.739E6,-1.329E-12,-1.392E-12,-1.688E-12,-1.767E-12
6.740E6,-1.329E-12,-1.392E-12,-1.688E-12,-1.767E-12
6.741E6,-1.329E-12,-1.392E-12,-1.688E-12,-1.768E-12
6.742E6,-1.329E-12,-1.392E-12,-1.688E-12,-1.768E-12
6.743E6,-1.329E-12,-1.392E-12,-1.689E-12,-1.768E-12
6.744E6,-1.330E-12,-1.393E-12,-1.689E-12,-1.768E-12
6.745E6,-1.330E-12,-1.393E-12,-1.689E-12,-1.769E-12
6.746E6,-1.330E-12,-1.393E-12,-1.689E-12,-1.769E-12
6.747E6,-1.330E-12,-1.393E-12,-1.690E-12,-1.769E-12
6.748E6,-1.330E-12,-1.393E-12,-1.690E-12,-1.769E-12
6.749E6,-1.330E-12,-1.394E-12,-1.690E-12,-1.770E-12
6.750E6,-1.331E-12,-1.394E-12,-1.690E-12,-1.770E-12
6.751E6,-1.331E-12,-1.394E-12,-1.691E-12,-1.770E-12
6.752E6,-1.331E-12,-1.394E-12,-1.691E-12,-1.771E-12
6.753E6,-1.331E-12,-1.394E-12,-1.691E-12,-1.771E-12
6.754E6,-1.331E-12,-1.395E-12,-1.691E-12,-1.771E-12
6.755E6,-1.332E-12,-1.395E-12,-1.692E-12,-1.771E-12
6.756E6,-1.332E-12,-1.395E-12,-1.692E-12,-1.772E-12
6.757E6,-1.332E-12,-1.395E-12,-1.692E-12,-1.772E-12
6.758E6,-1.332E-12,-1.395E-12,-1.692E-12,-1.772E-12
6.759E6,-1.332E-12,-1.396E-12,-1.693E-12,-1.772E-12
6.760E6,-1.333E-12,-1.396E-12,-1.693E-12,-1.773E-12
6.761E6,-1.333E-12,-1.396E-12,-1.693E-12,-1.773E-12
6.762E6,-1.333E-12,-1.396E-12,-1.693E-12,-1.773E-12
6.763E6,-1.333E-12,-1.397E-12,-1.694E-12,-1.773E-12
6.764E6,-1.333E-12,-1.397E-12,-1.694E-12,-1.774E-12
6.765E6,-1.334E-12,-1.397E-12,-1.694E-12,-1.774E-12
6.766E6,-1.334E-12,-1.397E-12,-1.694E-12,-1.774E-12
6.767E6,-1.334E-12,-1.397E-12,-1.695E-12,-1.774E-12
6.768E6,-1.334E-12,-1.398E-12,-1.695E-12,-1.775E-12
6.769E6,-1.334E-12,-1.398E-12,-1.695E-12,-1.775E-12
6.770E6,-1.335E-12,-1.398E-12,-1.695E-12,-1.775E-12
6.771E6,-1.335E-12,-1.398E-12,-1.696E-12,-1.775E-12
6.772E6,-1.335E-12,-1.398E-12,-1.696E-12,-1.776E-12
6.773E6,-1.335E-12,-1.399E-12,-1.696E-12,-1.776E-12
6.774E6,-1.335E-12,-1.399E-12,-1.696E-12,-1.776E-12
6.775E6,-1.336E-12,-1.399E-12,-1.697E-12,-1.777E-12
6.776E6,-1.336E-12,-1.399E-12,-1.697E-12,-1.777E-12
6.777E6,-1.336E-12,-1.399E-12,-1.697E-12,-1.777E-12
6.778E6,-1.336E-12,-1.400E-12,-1.697E-12,-1.777E-12
6.779E6,-1.336E-12,-1.400E-12,-1.698E-12,-1.778E-12
6.780E6,-1.337E-12,-1.400E-12,-1.698E-12,-1.778E-12
6.781E6,-1.337E-12,-1.400E-12,-1.698E-12,-1.778E-12
6.782E6,-1.337E-12,-1.400E-12,-1.698E-12,-1.778E-12
6.783E6,-1.337E-12,-1.401E-12,-1.699E-12,-1.779E-12
6.784E6,-1.337E-12,-1.401E-12,-1.699E-12,-1.779E-12
6.785E6,-1.338E-12,-1.401E-12,-1.699E-12,-1.779E-12
6.786E6,-1.338E-12,-1.401E-12,-1.699E-12,-1.779E-12
6.787E6,-1.338E-12,-1.401E-12,-1.700E-12,-1.780E-12
6.788E6,-1.338E-12,-1.402E-12,-1.700E-12,-1.780E-12
6.789E6,-1.338E-12,-1.402E-12,-1.700E-12,-1.780E-12
6.790E6,-1.339E-12,-1.402E-12,-1.700E-12,-1.780E-12
6.791E6,-1.339E-12,-1.402E-12,-1.701E-12,-1.781E-12
6.792E6,-1.339E-12,-1.402E-12,-1.701E-12,-1.781E-12
6.793E6,-1.339E-12,-1.403E-12,-1.701E-12,-1.781E-12
6.794E6,-1.339E-12,-1.403E-12,-1.701E-12,-1.782E-12
6.795E6,-1.340E-12,-1.403E-12,-1.702E-12,-1.782E-12
6.796E6,-1.340E-12,-1.403E-12,-1.702E-12,-1.782E-12
6.797E6,-1.340E-12,-1.404E-12,-1.702E-12,-1.782E-12
6.798E6,-1.340E-12,-1.404E-12,-1.702E-12,-1.783E-12
6.799E6,-1.340E-12,-1.404E-12,-1.703E-12,-1.783E-12
6.800E6,-1.341E-12,-1.404E-12,-1.703E-12,-1.783E-12
6.801E6,-1.341E-12,-1.404E-12,-1.703E-12,-1.783E-12
6.802E6,-1.341E-12,-1.405E-12,-1.703E-12,-1.784E-12
6.803E6,-1.341E-12,-1.405E-12,-1.704E-12,-1.784E-12
6.804E6,-1.341E-12,-1.405E-12,-1.704E-12,-1.784E-12
6.805E6,-1.342E-12,-1.405E-12,-1.704E-12,-1.784E-12
6.806E6,-1.342E-12,-1.405E-12,-1.704E-12,-1.785E-12
6.807E6,-1.342E-12,-1.406E-12,-1.705E-12,-1.785E-12
6.808E6,-1.342E-12,-1.406E-12,-1.705E-12,-1.785E-12
6.809E6,-1.342E-12,-1.406E-12,-1.705E-12,-1.785E-12
6.810E6,-1.343E-12,-1.406E-12,-1.705E-12,-1.786E-12
6.811E6,-1.343E-12,-1.406E-12,-1.706E-12,-1.786E-12
6.812E6,-1.343E-12,-1.407E-12,-1.706E-12,-1.786E-12
6.813E6,-1.343E-12,-1.407E-12,-1.706E-12,-1.787E-12
6.814E6,-1.343E-12,-1.407E-12,-1.706E-12,-1.787E-12
6.815E6,-1.344E-12,-1.407E-12,-1.707E-12,-1.787E-12
6.816E6,-1.344E-12,-1.407E-12,-1.707E-12,-1.787E-12
6.817E6,-1.344E-12,-1.408E-12,-1.707E-12,-1.788E-12
6.818E6,-1.344E-12,-1.408E-12,-1.707E-12,-1.788E-12
6.819E6,-1.344E-12,-1.408E-12,-1.708E-12,-1.788E-12
6.820E6,-1.344E-12,-1.408E-12,-1.708E-12,-1.788E-12
6.821E6,-1.345E-12,-1.408E-12,-1.708E-12,-1.789E-12
6.822E6,-1.345E-12,-1.409E-12,-1.708E-12,-1.789E-12
6.823E6,-1.345E-12,-1.409E-12,-1.709E-12,-1.789E-12
6.824E6,-1.345E-12,-1.409E-12,-1.709E-12,-1.789E-12
6.825E6,-1.345E-12,-1.409E-12,-1.709E-12,-1.790E-12
6.826E6,-1.346E-12,-1.410E-12,-1.709E-12,-1.790E-12
6.827E6,-1.346E-12,-1.410E-12,-1.710E-12,-1.790E-12
6.828E6,-1.346E-12,-1.410E-12,-1.710E-12,-1.790E-12
6.829E6,-1.346E-12,-1.410E-12,-1.710E-12,-1.791E-12
6.830E6,-1.346E-12,-1.410E-12,-1.710E-12,-1.791E-12
6.831E6,-1.347E-12,-1.411E-12,-1.711E-12,-1.791E-12
6.832E6,-1.347E-12,-1.411E-12,-1.711E-12,-1.791E-12
6.833E6,-1.347E-12,-1.411E-12,-1.711E-12,-1.792E-12
6.834E6,-1.347E-12,-1.411E-12,-1.711E-12,-1.792E-12
6.835E6,-1.347E-12,-1.411E-12,-1.712E-12,-1.792E-12
6.836E6,-1.348E-12,-1.412E-12,-1.712E-12,-1.793E-12
6.837E6,-1.348E-12,-1.412E-12,-1.712E-12,-1.793E-12
6.838E6,-1.348E-12,-1.412E-12,-1.712E-12,-1.793E-12
6.839E6,-1.348E-12,-1.412E-12,-1.713E-12,-1.793E-12
6.840E6,-1.348E-12,-1.412E-12,-1.713E-12,-1.794E-12
6.841E6,-1.349E-12,-1.413E-12,-1.713E-12,-1.794E-12
6.842E6,-1.349E-12,-1.413E-12,-1.713E-12,-1.794E-12
6.843E6,-1.349E-12,-1.413E-12,-1.714E-12,-1.794E-12
6.844E6,-1.349E-12,-1.413E-12,-1.714E-12,-1.795E-12
6.845E6,-1.349E-12,-1.413E-12,-1.714E-12,-1.795E-12
6.846E6,-1.350E-12,-1.414E-12,-1.714E-12,-1.795E-12
6.847E6,-1.350E-12,-1.414E-12,-1.715E-12,-1.795E-12
6.848E6,-1.350E-12,-1.414E-12,-1.715E-12,-1.796E-12
6.849E6,-1.350E-12,-1.414E-12,-1.715E-12,-1.796E-12
6.850E6,-1.350E-12,-1.414E-12,-1.715E-12,-1.796E-12
6.851E6,-1.351E-12,-1.415E-12,-1.716E-12,-1.796E-12
6.852E6,-1.351E-12,-1.415E-12,-1.716E-12,-1.797E-12
6.853E6,-1.351E-12,-1.415E-12,-1.716E-12,-1.797E-12
6.854E6,-1.351E-12,-1.415E-12,-1.716E-12,-1.797E-12
6.855E6,-1.351E-12,-1.416E-12,-1.717E-12,-1.798E-12
6.856E6,-1.352E-12,-1.416E-12,-1.717E-12,-1.798E-12
6.857E6,-1.352E-12,-1.416E-12,-1.717E-12,-1.798E-12
6.858E6,-1.352E-12,-1.416E-12,-1.717E-12,-1.798E-12
6.859E6,-1.352E-12,-1.416E-12,-1.718E-12,-1.799E-12
6.860E6,-1.352E-12,-1.417E-12,-1.718E-12,-1.799E-12
6.861E6,-1.353E-12,-1.417E-12,-1.718E-12,-1.799E-12
6.862E6,-1.353E-12,-1.417E-12,-1.718E-12,-1.799E-12
6.863E6,-1.353E-12,-1.417E-12,-1.719E-12,-1.800E-12
6.864E6,-1.353E-12,-1.417E-12,-1.719E-12,-1.800E-12
6.865E6,-1.353E-12,-1.418E-12,-1.719E-12,-1.800E-12
6.866E6,-1.354E-12,-1.418E-12,-1.719E-12,-1.800E-12
6.867E6,-1.354E-12,-1.418E-12,-1.720E-12,-1.801E-12
6.868E6,-1.354E-12,-1.418E-12,-1.720E-12,-1.801E-12
6.869E6,-1.354E-12,-1.418E-12,-1.720E-12,-1.801E-12
6.870E6,-1.354E-12,-1.419E-12,-1.720E-12,-1.801E-12
6.871E6,-1.355E-12,-1.419E-12,-1.721E-12,-1.802E-12
6.872E6,-1.355E-12,-1.419E-12,-1.721E-12,-1.802E-12
6.873E6,-1.355E-12,-1.419E-12,-1.721E-12,-1.802E-12
6.874E6,-1.355E-12,-1.419E-12,-1.721E-12,-1.802E-12
6.875E6,-1.355E-12,-1.420E-12,-1.722E-12,-1.803E-12
6.876E6,-1.356E-12,-1.420E-12,-1.722E-12,-1.803E-12
6.877E6,-1.356E-12,-1.420E-12,-1.722E-12,-1.803E-12
6.878E6,-1.356E-12,-1.420E-12,-1.722E-12,-1.804E-12
6.879E6,-1.356E-12,-1.420E-12,-1.723E-12,-1.804E-12
6.880E6,-1.356E-12,-1.421E-12,-1.723E-12,-1.804E-12
6.881E6,-1.357E-12,-1.421E-12,-1.723E-12,-1.804E-12
6.882E6,-1.357E-12,-1.421E-12,-1.723E-12,-1.805E-12
6.883E6,-1.357E-12,-1.421E-12,-1.724E-12,-1.805E-12
6.884E6,-1.357E-12,-1.421E-12,-1.724E-12,-1.805E-12
6.885E6,-1.357E-12,-1.422E-12,-1.724E-12,-1.805E-12
6.886E6,-1.357E-12,-1.422E-12,-1.724E-12,-1.806E-12
6.887E6,-1.358E-12,-1.422E-12,-1.725E-12,-1.806E-12
6.888E6,-1.358E-12,-1.422E-12,-1.725E-12,-1.806E-12
6.889E6,-1.358E-12,-1.423E-12,-1.725E-12,-1.806E-12
6.890E6,-1.358E-12,-1.423E-12,-1.725E-12,-1.807E-12
6.891E6,-1.358E-12,-1.423E-12,-1.726E-12,-1.807E-12
6.892E6,-1.359E-12,-1.423E-12,-1.726E-12,-1.807E-12
6.893E6,-1.359E-12,-1.423E-12,-1.726E-12,-1.807E-12
6.894E6,-1.359E-12,-1.424E-12,-1.726E-12,-1.808E-12
6.895E6,-1.359E-12,-1.424E-12,-1.727E-12,-1.808E-12
6.896E6,-1.359E-12,-1.424E-12,-1.727E-12,-1.808E-12
6.897E6,-1.360E-12,-1.424E-12,-1.727E-12,-1.809E-12
6.898E6,-1.360E-12,-1.424E-12,-1.727E-12,-1.809E-12
6.899E6,-1.360E-12,-1.425E-12,-1.728E-12,-1.809E-12
6.900E6,-1.360E-12,-1.425E-12,-1.728E-12,-1.809E-12
6.901E6,-1.360E-12,-1.425E-12,-1.728E-12,-1.810E-12
6.902E6,-1.361E-12,-1.425E-12,-1.728E-12,-1.810E-12
6.903E6,-1.361E-12,-1.425E-12,-1.729E-12,-1.810E-12
6.904E6,-1.361E-12,-1.426E-12,-1.729E-12,-1.810E-12
6.905E6,-1.361E-12,-1.426E-12,-1.729E-12,-1.811E-12
6.906E6,-1.361E-12,-1.426E-12,-1.729E-12,-1.811E-12
6.907E6,-1.362E-12,-1.426E-12,-1.730E-12,-1.811E-12
6.908E6,-1.362E-12,-1.426E-12,-1.730E-12,-1.811E-12
6.909E6,-1.362E-12,-1.427E-12,-1.730E-12,-1.812E-12
6.910E6,-1.362E-12,-1.427E-12,-1.730E-12,-1.812E-12
6.911E6,-1.362E-12,-1.427E-12,-1.731E-12,-1.812E-12
6.912E6,-1.363E-12,-1.427E-12,-1.731E-12,-1.812E-12
6.913E6,-1.363E-12,-1.427E-12,-1.731E-12,-1.813E-12
6.914E6,-1.363E-12,-1.428E-12,-1.731E-12,-1.813E-12
6.915E6,-1.363E-12,-1.428E-12,-1.732E-12,-1.813E-12
6.916E6,-1.363E-12,-1.428E-12,-1.732E-12,-1.814E-12
6.917E6,-1.364E-12,-1.428E-12,-1.732E-12,-1.814E-12
6.918E6,-1.364E-12,-1.429E-12,-1.732E-12,-1.814E-12
6.919E6,-1.364E-12,-1.429E-12,-1.733E-12,-1.814E-12
6.920E6,-1.364E-12,-1.429E-12,-1.733E-12,-1.815E-12
6.921E6,-1.364E-12,-1.429E-12,-1.733E-12,-1.815E-12
6.922E6,-1.365E-12,-1.429E-12,-1.733E-12,-1.815E-12
6.923E6,-1.365E-12,-1.430E-12,-1.734E-12,-1.815E-12
6.924E6,-1.365E-12,-1.430E-12,-1.734E-12,-1.816E-12
6.925E6,-1.365E-12,-1.430E-12,-1.734E-12,-1.816E-12
6.926E6,-1.365E-12,-1.430E-12,-1.734E-12,-1.816E-12
6.927E6,-1.366E-12,-1.430E-12,-1.735E-12,-1.816E-12
6.928E6,-1.366E-12,-1.431E-12,-1.735E-12,-1.817E-12
6.929E6,-1.366E-12,-1.431E-12,-1.735E-12,-1.817E-12
6.930E6,-1.366E-12,-1.431E-12,-1.735E-12,-1.817E-12
6.931E6,-1.366E-12,-1.431E-12,-1.736E-12,-1.817E-12
6.932E6,-1.367E-12,-1.431E-12,-1.736E-12,-1.818E-12
6.933E6,-1.367E-12,-1.432E-12,-1.736E-12,-1.818E-12
6.934E6,-1.367E-12,-1.432E-12,-1.736E-12,-1.818E-12
6.935E6,-1.367E-12,-1.432E-12,-1.737E-12,-1.818E-12
6.936E6,-1.367E-12,-1.432E-12,-1.737E-12,-1.819E-12
6.937E6,-1.368E-12,-1.432E-12,-1.737E-12,-1.819E-12
6.938E6,-1.368E-12,-1.433E-12,-1.737E-12,-1.819E-12
6.939E6,-1.368E-12,-1.433E-12,-1.738E-12,-1.820E-12
6.940E6,-1.368E-12,-1.433E-12,-1.738E-12,-1.820E-12
6.941E6,-1.368E-12,-1.433E-12,-1.738E-12,-1.820E-12
6.942E6,-1.369E-12,-1.433E-12,-1.738E-12,-1.820E-12
6.943E6,-1.369E-12,-1.434E-12,-1.739E-12,-1.821E-12
6.944E6,-1.369E-12,-1.434E-12,-1.739E-12,-1.821E-12
6.945E6,-1.369E-12,-1.434E-12,-1.739E-12,-1.821E-12
6.946E6,-1.369E-12,-1.434E-12,-1.739E-12,-1.821E-12
6.947E6,-1.370E-12,-1.434E-12,-1.740E-12,-1.822E-12
6.948E6,-1.370E-12,-1.435E-12,-1.740E-12,-1.822E-12
6.949E6,-1.370E-12,-1.435E-12,-1.740E-12,-1.822E-12
6.950E6,-1.370E-12,-1.435E-12,-1.740E-12,-1.822E-12
6.951E6,-1.370E-12,-1.435E-12,-1.741E-12,-1.823E-12
6.952E6,-1.371E-12,-1.436E-12,-1.741E-12,-1.823E-12
6.953E6,-1.371E-12,-1.436E-12,-1.741E-12,-1.823E-12
6.954E6,-1.371E-12,-1.436E-12,-1.741E-12,-1.823E-12
6.955E6,-1.371E-12,-1.436E-12,-1.742E-12,-1.824E-12
6.956E6,-1.371E-12,-1.436E-12,-1.742E-12,-1.824E-12
6.957E6,-1.371E-12,-1.437E-12,-1.742E-12,-1.824E-12
6.958E6,-1.372E-12,-1.437E-12,-1.743E-12,-1.825E-12
6.959E6,-1.372E-12,-1.437E-12,-1.743E-12,-1.825E-12
6.960E6,-1.372E-12,-1.437E-12,-1.743E-12,-1.825E-12
6.961E6,-1.372E-12,-1.437E-12,-1.743E-12,-1.825E-12
6.962E6,-1.372E-12,-1.438E-12,-1.744E-12,-1.826E-12
6.963E6,-1.373E-12,-1.438E-12,-1.744E-12,-1.826E-12
6.964E6,-1.373E-12,-1.438E-12,-1.744E-12,-1.826E-12
6.965E6,-1.373E-12,-1.438E-12,-1.744E-12,-1.826E-12
6.966E6,-1.373E-12,-1.438E-12,-1.745E-12,-1.827E-12
6.967E6,-1.373E-12,-1.439E-12,-1.745E-12,-1.827E-12
6.968E6,-1.374E-12,-1.439E-12,-1.745E-12,-1.827E-12
6.969E6,-1.374E-12,-1.439E-12,-1.745E-12,-1.827E-12
6.970E6,-1.374E-12,-1.439E-12,-1.746E-12,-1.828E-12
6.971E6,-1.374E-12,-1.439E-12,-1.746E-12,-1.828E-12
6.972E6,-1.374E-12,-1.440E-12,-1.746E-12,-1.828E-12
6.973E6,-1.375E-12,-1.440E-12,-1.746E-12,-1.828E-12
6.974E6,-1.375E-12,-1.440E-12,-1.747E-12,-1.829E-12
6.975E6,-1.375E-12,-1.440E-12,-1.747E-12,-1.829E-12
6.976E6,-1.375E-12,-1.440E-12,-1.747E-12,-1.829E-12
6.977E6,-1.375E-12,-1.441E-12,-1.747E-12,-1.830E-12
6.978E6,-1.376E-12,-1.441E-12,-1.748E-12,-1.830E-12
6.979E6,-1.376E-12,-1.441E-12,-1.748E-12,-1.830E-12
6.980E6,-1.376E-12,-1.441E-12,-1.748E-12,-1.830E-12
6.981E6,-1.376E-12,-1.442E-12,-1.748E-12,-1.831E-12
6.982E6,-1.376E-12,-1.442E-12,-1.749E-12,-1.831E-12
6.983E6,-1.377E-12,-1.442E-12,-1.749E-12,-1.831E-12
6.984E6,-1.377E-12,-1.442E-12,-1.749E-12,-1.831E-12
6.985E6,-1.377E-12,-1.442E-12,-1.749E-12,-1.832E-12
6.986E6,-1.377E-12,-1.443E-12,-1.750E-12,-1.832E-12
6.987E6,-1.377E-12,-1.443E-12,-1.750E-12,-1.832E-12
6.988E6,-1.378E-12,-1.443E-12,-1.750E-12,-1.832E-12
6.989E6,-1.378E-12,-1.443E-12,-1.750E-12,-1.833E-12
6.990E6,-1.378E-12,-1.443E-12,-1.751E-12,-1.833E-12
6.991E6,-1.378E-12,-1.444E-12,-1.751E-12,-1.833E-12
6.992E6,-1.378E-12,-1.444E-12,-1.751E-12,-1.833E-12
6.993E6,-1.379E-12,-1.444E-12,-1.751E-12,-1.834E-12
6.994E6,-1.379E-12,-1.444E-12,-1.752E-12,-1.834E-12
6.995E6,-1.379E-12,-1.444E-12,-1.752E-12,-1.834E-12
6.996E6,-1.379E-12,-1.445E-12,-1.752E-12,-1.834E-12
6.997E6,-1.379E-12,-1.445E-12,-1.752E-12,-1.835E-12
6.998E6,-1.380E-12,-1.445E-12,-1.753E-12,-1.835E-12
6.999E6,-1.380E-12,-1.445E-12,-1.753E-12,-1.835E-12
7.000E6,-1.380E-12,-1.445E-12,-1.753E-12,-1.836E-12
7.001E6,-1.380E-12,-1.446E-12,-1.753E-12,-1.836E-12
7.002E6,-1.380E-12,-1.446E-12,-1.754E-12,-1.836E-12
7.003E6,-1.381E-12,-1.446E-12,-1.754E-12,-1.836E-12
7.004E6,-1.381E-12,-1.446E-12,-1.754E-12,-1.837E-12
7.005E6,-1.381E-12,-1.446E-12,-1.754E-12,-1.837E-12
7.006E6,-1.381E-12,-1.447E-12,-1.755E-12,-1.837E-12
7.007E6,-1.381E-12,-1.447E-12,-1.755E-12,-1.837E-12
7.008E6,-1.382E-12,-1.447E-12,-1.755E-12,-1.838E-12
7.009E6,-1.382E-12,-1.447E-12,-1.755E-12,-1.838E-12
7.010E6,-1.382E-12,-1.448E-12,-1.756E-12,-1.838E-12
7.011E6,-1.382E-12,-1.448E-12,-1.756E-12,-1.838E-12
7.012E6,-1.382E-12,-1.448E-12,-1.756E-12,-1.839E-12
7.013E6,-1.383E-12,-1.448E-12,-1.756E-12,-1.839E-12
7.014E6,-1.383E-12,-1.448E-12,-1.757E-12,-1.839E-12
7.015E6,-1.383E-12,-1.449E-12,-1.757E-12,-1.839E-12
7.016E6,-1.383E-12,-1.449E-12,-1.757E-12,-1.840E-12
7.017E6,-1.383E-12,-1.449E-12,-1.757E-12,-1.840E-12
7.018E6,-1.384E-12,-1.449E-12,-1.758E-12,-1.840E-12
7.019E6,-1.384E-12,-1.449E-12,-1.758E-12,-1.841E-12
7.020E6,-1.384E-12,-1.450E-12,-1.758E-12,-1.841E-12
7.021E6,-1.384E-12,-1.450E-12,-1.758E-12,-1.841E-12
7.022E6,-1.384E-12,-1.450E-12,-1.759E-12,-1.841E-12
7.023E6,-1.385E-12,-1.450E-12,-1.759E-12,-1.842E-12
7.024E6,-1.385E-12,-1.450E-12,-1.759E-12,-1.842E-12
7.025E6,-1.385E-12,-1.451E-12,-1.759E-12,-1.842E-12
7.026E6,-1.385E-12,-1.451E-12,-1.760E-12,-1.842E-12
7.027E6,-1.385E-12,-1.451E-12,-1.760E-12,-1.843E-12
7.028E6,-1.385E-12,-1.451E-12,-1.760E-12,-1.843E-12
7.029E6,-1.386E-12,-1.451E-12,-1.760E-12,-1.843E-12
7.030E6,-1.386E-12,-1.452E-12,-1.761E-12,-1.843E-12
7.031E6,-1.386E-12,-1.452E-12,-1.761E-12,-1.844E-12
7.032E6,-1.386E-12,-1.452E-12,-1.761E-12,-1.844E-12
7.033E6,-1.386E-12,-1.452E-12,-1.761E-12,-1.844E-12
7.034E6,-1.387E-12,-1.452E-12,-1.762E-12,-1.844E-12
7.035E6,-1.387E-12,-1.453E-12,-1.762E-12,-1.845E-12
7.036E6,-1.387E-12,-1.453E-12,-1.762E-12,-1.845E-12
7.037E6,-1.387E-12,-1.453E-12,-1.762E-12,-1.845E-12
7.038E6,-1.387E-12,-1.453E-12,-1.763E-12,-1.846E-12
7.039E6,-1.388E-12,-1.453E-12,-1.763E-12,-1.846E-12
7.040E6,-1.388E-12,-1.454E-12,-1.763E-12,-1.846E-12
7.041E6,-1.388E-12,-1.454E-12,-1.763E-12,-1.846E-12
7.042E6,-1.388E-12,-1.454E-12,-1.764E-12,-1.847E-12
7.043E6,-1.388E-12,-1.454E-12,-1.764E-12,-1.847E-12
7.044E6,-1.389E-12,-1.455E-12,-1.764E-12,-1.847E-12
7.045E6,-1.389E-12,-1.455E-12,-1.764E-12,-1.847E-12
7.046E6,-1.389E-12,-1.455E-12,-1.765E-12,-1.848E-12
7.047E6,-1.389E-12,-1.455E-12,-1.765E-12,-1.848E-12
7.048E6,-1.389E-12,-1.455E-12,-1.765E-12,-1.848E-12
7.049E6,-1.390E-12,-1.456E-12,-1.765E-12,-1.848E-12
7.050E6,-1.390E-12,-1.456E-12,-1.766E-12,-1.849E-12
7.051E6,-1.390E-12,-1.456E-12,-1.766E-12,-1.849E-12
7.052E6,-1.390E-12,-1.456E-12,-1.766E-12,-1.849E-12
7.053E6,-1.390E-12,-1.456E-12,-1.766E-12,-1.849E-12
7.054E6,-1.391E-12,-1.457E-12,-1.767E-12,-1.850E-12
7.055E6,-1.391E-12,-1.457E-12,-1.767E-12,-1.850E-12
7.056E6,-1.391E-12,-1.457E-12,-1.767E-12,-1.850E-12
7.057E6,-1.391E-12,-1.457E-12,-1.767E-12,-1.850E-12
7.058E6,-1.391E-12,-1.457E-12,-1.768E-12,-1.851E-12
7.059E6,-1.392E-12,-1.458E-12,-1.768E-12,-1.851E-12
7.060E6,-1.392E-12,-1.458E-12,-1.768E-12,-1.851E-12
7.061E6,-1.392E-12,-1.458E-12,-1.768E-12,-1.852E-12
7.062E6,-1.392E-12,-1.458E-12,-1.769E-12,-1.852E-12
7.063E6,-1.392E-12,-1.458E-12,-1.769E-12,-1.852E-12
7.064E6,-1.393E-12,-1.459E-12,-1.769E-12,-1.852E-12
7.065E6,-1.393E-12,-1.459E-12,-1.769E-12,-1.853E-12
7.066E6,-1.393E-12,-1.459E-12,-1.770E-12,-1.853E-12
7.067E6,-1.393E-12,-1.459E-12,-1.770E-12,-1.853E-12
7.068E6,-1.393E-12,-1.459E-12,-1.770E-12,-1.853E-12
7.069E6,-1.394E-12,-1.460E-12,-1.770E-12,-1.854E-12
7.070E6,-1.394E-12,-1.460E-12,-1.771E-12,-1.854E-12
7.071E6,-1.394E-12,-1.460E-12,-1.771E-12,-1.854E-12
7.072E6,-1.394E-12,-1.460E-12,-1.771E-12,-1.854E-12
7.073E6,-1.394E-12,-1.461E-12,-1.771E-12,-1.855E-12
7.074E6,-1.395E-12,-1.461E-12,-1.772E-12,-1.855E-12
7.075E6,-1.395E-12,-1.461E-12,-1.772E-12,-1.855E-12
7.076E6,-1.395E-12,-1.461E-12,-1.772E-12,-1.855E-12
7.077E6,-1.395E-12,-1.461E-12,-1.772E-12,-1.856E-12
7.078E6,-1.395E-12,-1.462E-12,-1.773E-12,-1.856E-12
7.079E6,-1.396E-12,-1.462E-12,-1.773E-12,-1.856E-12
7.080E6,-1.396E-12,-1.462E-12,-1.773E-12,-1.857E-12
7.081E6,-1.396E-12,-1.462E-12,-1.773E-12,-1.857E-12
7.082E6,-1.396E-12,-1.462E-12,-1.774E-12,-1.857E-12
7.083E6,-1.396E-12,-1.463E-12,-1.774E-12,-1.857E-12
7.084E6,-1.397E-12,-1.463E-12,-1.774E-12,-1.858E-12
7.085E6,-1.397E-12,-1.463E-12,-1.774E-12,-1.858E-12
7.086E6,-1.397E-12,-1.463E-12,-1.775E-12,-1.858E-12
7.087E6,-1.397E-12,-1.463E-12,-1.775E-12,-1.858E-12
7.088E6,-1.397E-12,-1.464E-12,-1.775E-12,-1.859E-12
7.089E6,-1.398E-12,-1.464E-12,-1.775E-12,-1.859E-12
7.090E6,-1.398E-12,-1.464E-12,-1.776E-12,-1.859E-12
7.091E6,-1.398E-12,-1.464E-12,-1.776E-12,-1.859E-12
7.092E6,-1.398E-12,-1.464E-12,-1.776E-12,-1.860E-12
7.093E6,-1.398E-12,-1.465E-12,-1.776E-12,-1.860E-12
7.094E6,-1.399E-12,-1.465E-12,-1.777E-12,-1.860E-12
7.095E6,-1.399E-12,-1.465E-12,-1.777E-12,-1.860E-12
7.096E6,-1.399E-12,-1.465E-12,-1.777E-12,-1.861E-12
7.097E6,-1.399E-12,-1.465E-12,-1.777E-12,-1.861E-12
7.098E6,-1.399E-12,-1.466E-12,-1.778E-12,-1.861E-12
7.099E6,-1.399E-12,-1.466E-12,-1.778E-12,-1.861E-12
7.100E6,-1.400E-12,-1.466E-12,-1.778E-12,-1.862E-12
7.101E6,-1.400E-12,-1.466E-12,-1.778E-12,-1.862E-12
7.102E6,-1.400E-12,-1.467E-12,-1.779E-12,-1.862E-12
7.103E6,-1.400E-12,-1.467E-12,-1.779E-12,-1.863E-12
7.104E6,-1.400E-12,-1.467E-12,-1.779E-12,-1.863E-12
7.105E6,-1.401E-12,-1.467E-12,-1.779E-12,-1.863E-12
7.106E6,-1.401E-12,-1.467E-12,-1.780E-12,-1.863E-12
7.107E6,-1.401E-12,-1.468E-12,-1.780E-12,-1.864E-12
7.108E6,-1.401E-12,-1.468E-12,-1.780E-12,-1.864E-12
7.109E6,-1.401E-12,-1.468E-12,-1.780E-12,-1.864E-12
7.110E6,-1.402E-12,-1.468E-12,-1.781E-12,-1.864E-12
7.111E6,-1.402E-12,-1.468E-12,-1.781E-12,-1.865E-12
7.112E6,-1.402E-12,-1.469E-12,-1.781E-12,-1.865E-12
7.113E6,-1.402E-12,-1.469E-12,-1.781E-12,-1.865E-12
7.114E6,-1.402E-12,-1.469E-12,-1.782E-12,-1.865E-12
7.115E6,-1.403E-12,-1.469E-12,-1.782E-12,-1.866E-12
7.116E6,-1.403E-12,-1.469E-12,-1.782E-12,-1.866E-12
7.117E6,-1.403E-12,-1.470E-12,-1.782E-12,-1.866E-12
7.118E6,-1.403E-12,-1.470E-12,-1.783E-12,-1.866E-12
7.119E6,-1.403E-12,-1.470E-12,-1.783E-12,-1.867E-12
7.120E6,-1.404E-12,-1.470E-12,-1.783E-12,-1.867E-12
7.121E6,-1.404E-12,-1.470E-12,-1.783E-12,-1.867E-12
7.122E6,-1.404E-12,-1.471E-12,-1.784E-12,-1.868E-12
7.123E6,-1.404E-12,-1.471E-12,-1.784E-12,-1.868E-12
7.124E6,-1.404E-12,-1.471E-12,-1.784E-12,-1.868E-12
7.125E6,-1.405E-12,-1.471E-12,-1.784E-12,-1.868E-12
7.126E6,-1.405E-12,-1.471E-12,-1.785E-12,-1.869E-12
7.127E6,-1.405E-12,-1.472E-12,-1.785E-12,-1.869E-12
7.128E6,-1.405E-12,-1.472E-12,-1.785E-12,-1.869E-12
7.129E6,-1.405E-12,-1.472E-12,-1.785E-12,-1.869E-12
7.130E6,-1.406E-12,-1.472E-12,-1.786E-12,-1.870E-12
7.131E6,-1.406E-12,-1.472E-12,-1.786E-12,-1.870E-12
7.132E6,-1.406E-12,-1.473E-12,-1.786E-12,-1.870E-12
7.133E6,-1.406E-12,-1.473E-12,-1.786E-12,-1.870E-12
7.134E6,-1.406E-12,-1.473E-12,-1.787E-12,-1.871E-12
7.135E6,-1.407E-12,-1.473E-12,-1.787E-12,-1.871E-12
7.136E6,-1.407E-12,-1.474E-12,-1.787E-12,-1.871E-12
7.137E6,-1.407E-12,-1.474E-12,-1.787E-12,-1.871E-12
7.138E6,-1.407E-12,-1.474E-12,-1.788E-12,-1.872E-12
7.139E6,-1.407E-12,-1.474E-12,-1.788E-12,-1.872E-12
7.140E6,-1.408E-12,-1.474E-12,-1.788E-12,-1.872E-12
7.141E6,-1.408E-12,-1.475E-12,-1.788E-12,-1.873E-12
7.142E6,-1.408E-12,-1.475E-12,-1.789E-12,-1.873E-12
7.143E6,-1.408E-12,-1.475E-12,-1.789E-12,-1.873E-12
7.144E6,-1.408E-12,-1.475E-12,-1.789E-12,-1.873E-12
7.145E6,-1.409E-12,-1.475E-12,-1.789E-12,-1.874E-12
7.146E6,-1.409E-12,-1.476E-12,-1.790E-12,-1.874E-12
7.147E6,-1.409E-12,-1.476E-12,-1.790E-12,-1.874E-12
7.148E6,-1.409E-12,-1.476E-12,-1.790E-12,-1.874E-12
7.149E6,-1.409E-12,-1.476E-12,-1.790E-12,-1.875E-12
7.150E6,-1.410E-12,-1.476E-12,-1.791E-12,-1.875E-12
7.151E6,-1.410E-12,-1.477E-12,-1.791E-12,-1.875E-12
7.152E6,-1.410E-12,-1.477E-12,-1.791E-12,-1.875E-12
7.153E6,-1.410E-12,-1.477E-12,-1.791E-12,-1.876E-12
7.154E6,-1.410E-12,-1.477E-12,-1.792E-12,-1.876E-12
7.155E6,-1.411E-12,-1.477E-12,-1.792E-12,-1.876E-12
7.156E6,-1.411E-12,-1.478E-12,-1.792E-12,-1.876E-12
7.157E6,-1.411E-12,-1.478E-12,-1.792E-12,-1.877E-12
7.158E6,-1.411E-12,-1.478E-12,-1.793E-12,-1.877E-12
7.159E6,-1.411E-12,-1.478E-12,-1.793E-12,-1.877E-12
7.160E6,-1.412E-12,-1.478E-12,-1.793E-12,-1.877E-12
7.161E6,-1.412E-12,-1.479E-12,-1.793E-12,-1.878E-12
7.162E6,-1.412E-12,-1.479E-12,-1.794E-12,-1.878E-12
7.163E6,-1.412E-12,-1.479E-12,-1.794E-12,-1.878E-12
7.164E6,-1.412E-12,-1.479E-12,-1.794E-12,-1.879E-12
7.165E6,-1.413E-12,-1.480E-12,-1.794E-12,-1.879E-12
7.166E6,-1.413E-12,-1.480E-12,-1.795E-12,-1.879E-12
7.167E6,-1.413E-12,-1.480E-12,-1.795E-12,-1.879E-12
7.168E6,-1.413E-12,-1.480E-12,-1.795E-12,-1.880E-12
7.169E6,-1.413E-12,-1.480E-12,-1.795E-12,-1.880E-12
7.170E6,-1.413E-12,-1.481E-12,-1.796E-12,-1.880E-12
7.171E6,-1.414E-12,-1.481E-12,-1.796E-12,-1.880E-12
7.172E6,-1.414E-12,-1.481E-12,-1.796E-12,-1.881E-12
7.173E6,-1.414E-12,-1.481E-12,-1.796E-12,-1.881E-12
7.174E6,-1.414E-12,-1.481E-12,-1.797E-12,-1.881E-12
7.175E6,-1.414E-12,-1.482E-12,-1.797E-12,-1.881E-12
7.176E6,-1.415E-12,-1.482E-12,-1.797E-12,-1.882E-12
7.177E6,-1.415E-12,-1.482E-12,-1.797E-12,-1.882E-12
7.178E6,-1.415E-12,-1.482E-12,-1.798E-12,-1.882E-12
7.179E6,-1.415E-12,-1.482E-12,-1.798E-12,-1.882E-12
7.180E6,-1.415E-12,-1.483E-12,-1.798E-12,-1.883E-12
7.181E6,-1.416E-12,-1.483E-12,-1.798E-12,-1.883E-12
7.182E6,-1.416E-12,-1.483E-12,-1.799E-12,-1.883E-12
7.183E6,-1.416E-12,-1.483E-12,-1.799E-12,-1.884E-12
7.184E6,-1.416E-12,-1.483E-12,-1.799E-12,-1.884E-12
7.185E6,-1.416E-12,-1.484E-12,-1.799E-12,-1.884E-12
7.186E6,-1.417E-12,-1.484E-12,-1.800E-12,-1.884E-12
7.187E6,-1.417E-12,-1.484E-12,-1.800E-12,-1.885E-12
7.188E6,-1.417E-12,-1.484E-12,-1.800E-12,-1.885E-12
7.189E6,-1.417E-12,-1.484E-12,-1.800E-12,-1.885E-12
7.190E6,-1.417E-12,-1.485E-12,-1.801E-12,-1.885E-12
7.191E6,-1.418E-12,-1.485E-12,-1.801E-12,-1.886E-12
7.192E6,-1.418E-12,-1.485E-12,-1.801E-12,-1.886E-12
7.193E6,-1.418E-12,-1.485E-12,-1.801E-12,-1.886E-12
7.194E6,-1.418E-12,-1.486E-12,-1.802E-12,-1.886E-12
7.195E6,-1.418E-12,-1.486E-12,-1.802E-12,-1.887E-12
7.196E6,-1.419E-12,-1.486E-12,-1.802E-12,-1.887E-12
7.197E6,-1.419E-12,-1.486E-12,-1.802E-12,-1.887E-12
7.198E6,-1.419E-12,-1.486E-12,-1.803E-12,-1.887E-12
7.199E6,-1.419E-12,-1.487E-12,-1.803E-12,-1.888E-12
7.200E6,-1.419E-12,-1.487E-12,-1.803E-12,-1.888E-12
7.201E6,-1.420E-12,-1.487E-12,-1.803E-12,-1.888E-12
7.202E6,-1.420E-12,-1.487E-12,-1.804E-12,-1.889E-12
7.203E6,-1.420E-12,-1.487E-12,-1.804E-12,-1.889E-12
7.204E6,-1.420E-12,-1.488E-12,-1.804E-12,-1.889E-12
7.205E6,-1.420E-12,-1.488E-12,-1.804E-12,-1.889E-12
7.206E6,-1.421E-12,-1.488E-12,-1.805E-12,-1.890E-12
7.207E6,-1.421E-12,-1.488E-12,-1.805E-12,-1.890E-12
7.208E6,-1.421E-12,-1.488E-12,-1.805E-12,-1.890E-12
7.209E6,-1.421E-12,-1.489E-12,-1.805E-12,-1.890E-12
7.210E6,-1.421E-12,-1.489E-12,-1.806E-12,-1.891E-12
7.211E6,-1.422E-12,-1.489E-12,-1.806E-12,-1.891E-12
7.212E6,-1.422E-12,-1.489E-12,-1.806E-12,-1.891E-12
7.213E6,-1.422E-12,-1.489E-12,-1.806E-12,-1.891E-12
7.214E6,-1.422E-12,-1.490E-12,-1.807E-12,-1.892E-12
7.215E6,-1.422E-12,-1.490E-12,-1.807E-12,-1.892E-12
7.216E6,-1.423E-12,-1.490E-12,-1.807E-12,-1.892E-12
7.217E6,-1.423E-12,-1.490E-12,-1.807E-12,-1.892E-12
7.218E6,-1.423E-12,-1.490E-12,-1.808E-12,-1.893E-12
7.219E6,-1.423E-12,-1.491E-12,-1.808E-12,-1.893E-12
7.220E6,-1.423E-12,-1.491E-12,-1.808E-12,-1.893E-12
7.221E6,-1.424E-12,-1.491E-12,-1.808E-12,-1.893E-12
7.222E6,-1.424E-12,-1.491E-12,-1.809E-12,-1.894E-12
7.223E6,-1.424E-12,-1.491E-12,-1.809E-12,-1.894E-12
7.224E6,-1.424E-12,-1.492E-12,-1.809E-12,-1.894E-12
7.225E6,-1.424E-12,-1.492E-12,-1.809E-12,-1.895E-12
7.226E6,-1.425E-12,-1.492E-12,-1.810E-12,-1.895E-12
7.227E6,-1.425E-12,-1.492E-12,-1.810E-12,-1.895E-12
7.228E6,-1.425E-12,-1.493E-12,-1.810E-12,-1.895E-12
7.229E6,-1.425E-12,-1.493E-12,-1.810E-12,-1.896E-12
7.230E6,-1.425E-12,-1.493E-12,-1.811E-12,-1.896E-12
7.231E6,-1.426E-12,-1.493E-12,-1.811E-12,-1.896E-12
7.232E6,-1.426E-12,-1.493E-12,-1.811E-12,-1.896E-12
7.233E6,-1.426E-12,-1.494E-12,-1.811E-12,-1.897E-12
7.234E6,-1.426E-12,-1.494E-12,-1.812E-12,-1.897E-12
7.235E6,-1.426E-12,-1.494E-12,-1.812E-12,-1.897E-12
7.236E6,-1.426E-12,-1.494E-12,-1.812E-12,-1.897E-12
7.237E6,-1.427E-12,-1.494E-12,-1.812E-12,-1.898E-12
7.238E6,-1.427E-12,-1.495E-12,-1.813E-12,-1.898E-12
7.239E6,-1.427E-12,-1.495E-12,-1.813E-12,-1.898E-12
7.240E6,-1.427E-12,-1.495E-12,-1.813E-12,-1.898E-12
7.241E6,-1.427E-12,-1.495E-12,-1.813E-12,-1.899E-12
7.242E6,-1.428E-12,-1.495E-12,-1.814E-12,-1.899E-12
7.243E6,-1.428E-12,-1.496E-12,-1.814E-12,-1.899E-12
7.244E6,-1.428E-12,-1.496E-12,-1.814E-12,-1.900E-12
7.245E6,-1.428E-12,-1.496E-12,-1.814E-12,-1.900E-12
7.246E6,-1.428E-12,-1.496E-12,-1.815E-12,-1.900E-12
7.247E6,-1.429E-12,-1.496E-12,-1.815E-12,-1.900E-12
7.248E6,-1.429E-12,-1.497E-12,-1.815E-12,-1.901E-12
7.249E6,-1.429E-12,-1.497E-12,-1.815E-12,-1.901E-12
7.250E6,-1.429E-12,-1.497E-12,-1.816E-12,-1.901E-12
7.251E6,-1.429E-12,-1.497E-12,-1.816E-12,-1.901E-12
7.252E6,-1.430E-12,-1.497E-12,-1.816E-12,-1.902E-12
7.253E6,-1.430E-12,-1.498E-12,-1.816E-12,-1.902E-12
7.254E6,-1.430E-12,-1.498E-12,-1.817E-12,-1.902E-12
7.255E6,-1.430E-12,-1.498E-12,-1.817E-12,-1.902E-12
7.256E6,-1.430E-12,-1.498E-12,-1.817E-12,-1.903E-12
7.257E6,-1.431E-12,-1.499E-12,-1.817E-12,-1.903E-12
7.258E6,-1.431E-12,-1.499E-12,-1.818E-12,-1.903E-12
7.259E6,-1.431E-12,-1.499E-12,-1.818E-12,-1.903E-12
7.260E6,-1.431E-12,-1.499E-12,-1.818E-12,-1.904E-12
7.261E6,-1.431E-12,-1.499E-12,-1.818E-12,-1.904E-12
7.262E6,-1.432E-12,-1.500E-12,-1.819E-12,-1.904E-12
7.263E6,-1.432E-12,-1.500E-12,-1.819E-12,-1.905E-12
7.264E6,-1.432E-12,-1.500E-12,-1.819E-12,-1.905E-12
7.265E6,-1.432E-12,-1.500E-12,-1.819E-12,-1.905E-12
7.266E6,-1.432E-12,-1.500E-12,-1.820E-12,-1.905E-12
7.267E6,-1.433E-12,-1.501E-12,-1.820E-12,-1.906E-12
7.268E6,-1.433E-12,-1.501E-12,-1.820E-12,-1.906E-12
7.269E6,-1.433E-12,-1.501E-12,-1.820E-12,-1.906E-12
7.270E6,-1.433E-12,-1.501E-12,-1.821E-12,-1.906E-12
7.271E6,-1.433E-12,-1.501E-12,-1.821E-12,-1.907E-12
7.272E6,-1.434E-12,-1.502E-12,-1.821E-12,-1.907E-12
7.273E6,-1.434E-12,-1.502E-12,-1.821E-12,-1.907E-12
7.274E6,-1.434E-12,-1.502E-12,-1.822E-12,-1.907E-12
7.275E6,-1.434E-12,-1.502E-12,-1.822E-12,-1.908E-12
7.276E6,-1.434E-12,-1.502E-12,-1.822E-12,-1.908E-12
7.277E6,-1.435E-12,-1.503E-12,-1.822E-12,-1.908E-12
7.278E6,-1.435E-12,-1.503E-12,-1.823E-12,-1.908E-12
7.279E6,-1.435E-12,-1.503E-12,-1.823E-12,-1.909E-12
7.280E6,-1.435E-12,-1.503E-12,-1.823E-12,-1.909E-12
7.281E6,-1.435E-12,-1.503E-12,-1.823E-12,-1.909E-12
7.282E6,-1.436E-12,-1.504E-12,-1.824E-12,-1.909E-12
7.283E6,-1.436E-12,-1.504E-12,-1.824E-12,-1.910E-12
7.284E6,-1.436E-12,-1.504E-12,-1.824E-12,-1.910E-12
7.285E6,-1.436E-12,-1.504E-12,-1.824E-12,-1.910E-12
7.286E6,-1.436E-12,-1.504E-12,-1.825E-12,-1.911E-12
7.287E6,-1.437E-12,-1.505E-12,-1.825E-12,-1.911E-12
7.288E6,-1.437E-12,-1.505E-12,-1.825E-12,-1.911E-12
7.289E6,-1.437E-12,-1.505E-12,-1.825E-12,-1.911E-12
7.290E6,-1.437E-12,-1.505E-12,-1.826E-12,-1.912E-12
7.291E6,-1.437E-12,-1.506E-12,-1.826E-12,-1.912E-12
7.292E6,-1.438E-12,-1.506E-12,-1.826E-12,-1.912E-12
7.293E6,-1.438E-12,-1.506E-12,-1.826E-12,-1.912E-12
7.294E6,-1.438E-12,-1.506E-12,-1.827E-12,-1.913E-12
7.295E6,-1.438E-12,-1.506E-12,-1.827E-12,-1.913E-12
7.296E6,-1.438E-12,-1.507E-12,-1.827E-12,-1.913E-12
7.297E6,-1.439E-12,-1.507E-12,-1.827E-12,-1.913E-12
7.298E6,-1.439E-12,-1.507E-12,-1.828E-12,-1.914E-12
7.299E6,-1.439E-12,-1.507E-12,-1.828E-12,-1.914E-12
7.300E6,-1.439E-12,-1.507E-12,-1.828E-12,-1.914E-12
7.301E6,-1.439E-12,-1.508E-12,-1.828E-12,-1.914E-12
7.302E6,-1.440E-12,-1.508E-12,-1.829E-12,-1.915E-12
7.303E6,-1.440E-12,-1.508E-12,-1.829E-12,-1.915E-12
7.304E6,-1.440E-12,-1.508E-12,-1.829E-12,-1.915E-12
7.305E6,-1.440E-12,-1.508E-12,-1.829E-12,-1.916E-12
7.306E6,-1.440E-12,-1.509E-12,-1.830E-12,-1.916E-12
7.307E6,-1.440E-12,-1.509E-12,-1.830E-12,-1.916E-12
7.308E6,-1.441E-12,-1.509E-12,-1.830E-12,-1.916E-12
7.309E6,-1.441E-12,-1.509E-12,-1.830E-12,-1.917E-12
7.310E6,-1.441E-12,-1.509E-12,-1.831E-12,-1.917E-12
7.311E6,-1.441E-12,-1.510E-12,-1.831E-12,-1.917E-12
7.312E6,-1.441E-12,-1.510E-12,-1.831E-12,-1.917E-12
7.313E6,-1.442E-12,-1.510E-12,-1.831E-12,-1.918E-12
7.314E6,-1.442E-12,-1.510E-12,-1.832E-12,-1.918E-12
7.315E6,-1.442E-12,-1.510E-12,-1.832E-12,-1.918E-12
7.316E6,-1.442E-12,-1.511E-12,-1.832E-12,-1.918E-12
7.317E6,-1.442E-12,-1.511E-12,-1.832E-12,-1.919E-12
7.318E6,-1.443E-12,-1.511E-12,-1.833E-12,-1.919E-12
7.319E6,-1.443E-12,-1.511E-12,-1.833E-12,-1.919E-12
7.320E6,-1.443E-12,-1.512E-12,-1.833E-12,-1.919E-12
7.321E6,-1.443E-12,-1.512E-12,-1.833E-12,-1.920E-12
7.322E6,-1.443E-12,-1.512E-12,-1.834E-12,-1.920E-12
7.323E6,-1.444E-12,-1.512E-12,-1.834E-12,-1.920E-12
7.324E6,-1.444E-12,-1.512E-12,-1.834E-12,-1.920E-12
7.325E6,-1.444E-12,-1.513E-12,-1.834E-12,-1.921E-12
7.326E6,-1.444E-12,-1.513E-12,-1.835E-12,-1.921E-12
7.327E6,-1.444E-12,-1.513E-12,-1.835E-12,-1.921E-12
7.328E6,-1.445E-12,-1.513E-12,-1.835E-12,-1.922E-12
7.329E6,-1.445E-12,-1.513E-12,-1.835E-12,-1.922E-12
7.330E6,-1.445E-12,-1.514E-12,-1.836E-12,-1.922E-12
7.331E6,-1.445E-12,-1.514E-12,-1.836E-12,-1.922E-12
7.332E6,-1.445E-12,-1.514E-12,-1.836E-12,-1.923E-12
7.333E6,-1.446E-12,-1.514E-12,-1.836E-12,-1.923E-12
7.334E6,-1.446E-12,-1.514E-12,-1.837E-12,-1.923E-12
7.335E6,-1.446E-12,-1.515E-12,-1.837E-12,-1.923E-12
7.336E6,-1.446E-12,-1.515E-12,-1.837E-12,-1.924E-12
7.337E6,-1.446E-12,-1.515E-12,-1.837E-12,-1.924E-12
7.338E6,-1.447E-12,-1.515E-12,-1.838E-12,-1.924E-12
7.339E6,-1.447E-12,-1.515E-12,-1.838E-12,-1.924E-12
7.340E6,-1.447E-12,-1.516E-12,-1.838E-12,-1.925E-12
7.341E6,-1.447E-12,-1.516E-12,-1.838E-12,-1.925E-12
7.342E6,-1.447E-12,-1.516E-12,-1.839E-12,-1.925E-12
7.343E6,-1.448E-12,-1.516E-12,-1.839E-12,-1.925E-12
7.344E6,-1.448E-12,-1.516E-12,-1.839E-12,-1.926E-12
7.345E6,-1.448E-12,-1.517E-12,-1.839E-12,-1.926E-12
7.346E6,-1.448E-12,-1.517E-12,-1.840E-12,-1.926E-12
7.347E6,-1.448E-12,-1.517E-12,-1.840E-12,-1.927E-12
7.348E6,-1.449E-12,-1.517E-12,-1.840E-12,-1.927E-12
7.349E6,-1.449E-12,-1.518E-12,-1.840E-12,-1.927E-12
7.350E6,-1.449E-12,-1.518E-12,-1.841E-12,-1.927E-12
7.351E6,-1.449E-12,-1.518E-12,-1.841E-12,-1.928E-12
7.352E6,-1.449E-12,-1.518E-12,-1.841E-12,-1.928E-12
7.353E6,-1.450E-12,-1.518E-12,-1.841E-12,-1.928E-12
7.354E6,-1.450E-12,-1.519E-12,-1.842E-12,-1.928E-12
7.355E6,-1.450E-12,-1.519E-12,-1.842E-12,-1.929E-12
7.356E6,-1.450E-12,-1.519E-12,-1.842E-12,-1.929E-12
7.357E6,-1.450E-12,-1.519E-12,-1.842E-12,-1.929E-12
7.358E6,-1.451E-12,-1.519E-12,-1.843E-12,-1.929E-12
7.359E6,-1.451E-12,-1.520E-12,-1.843E-12,-1.930E-12
7.360E6,-1.451E-12,-1.520E-12,-1.843E-12,-1.930E-12
7.361E6,-1.451E-12,-1.520E-12,-1.843E-12,-1.930E-12
7.362E6,-1.451E-12,-1.520E-12,-1.844E-12,-1.930E-12
7.363E6,-1.452E-12,-1.520E-12,-1.844E-12,-1.931E-12
7.364E6,-1.452E-12,-1.521E-12,-1.844E-12,-1.931E-12
7.365E6,-1.452E-12,-1.521E-12,-1.844E-12,-1.931E-12
7.366E6,-1.452E-12,-1.521E-12,-1.845E-12,-1.932E-12
7.367E6,-1.452E-12,-1.521E-12,-1.845E-12,-1.932E-12
7.368E6,-1.453E-12,-1.521E-12,-1.845E-12,-1.932E-12
7.369E6,-1.453E-12,-1.522E-12,-1.845E-12,-1.932E-12
7.370E6,-1.453E-12,-1.522E-12,-1.846E-12,-1.933E-12
7.371E6,-1.453E-12,-1.522E-12,-1.846E-12,-1.933E-12
7.372E6,-1.453E-12,-1.522E-12,-1.846E-12,-1.933E-12
7.373E6,-1.454E-12,-1.522E-12,-1.846E-12,-1.933E-12
7.374E6,-1.454E-12,-1.523E-12,-1.847E-12,-1.934E-12
7.375E6,-1.454E-12,-1.523E-12,-1.847E-12,-1.934E-12
7.376E6,-1.454E-12,-1.523E-12,-1.847E-12,-1.934E-12
7.377E6,-1.454E-12,-1.523E-12,-1.847E-12,-1.934E-12
7.378E6,-1.454E-12,-1.523E-12,-1.848E-12,-1.935E-12
7.379E6,-1.455E-12,-1.524E-12,-1.848E-12,-1.935E-12
7.380E6,-1.455E-12,-1.524E-12,-1.848E-12,-1.935E-12
7.381E6,-1.455E-12,-1.524E-12,-1.848E-12,-1.935E-12
7.382E6,-1.455E-12,-1.524E-12,-1.849E-12,-1.936E-12
7.383E6,-1.455E-12,-1.525E-12,-1.849E-12,-1.936E-12
7.384E6,-1.456E-12,-1.525E-12,-1.849E-12,-1.936E-12
7.385E6,-1.456E-12,-1.525E-12,-1.849E-12,-1.936E-12
7.386E6,-1.456E-12,-1.525E-12,-1.850E-12,-1.937E-12
7.387E6,-1.456E-12,-1.525E-12,-1.850E-12,-1.937E-12
7.388E6,-1.456E-12,-1.526E-12,-1.850E-12,-1.937E-12
7.389E6,-1.457E-12,-1.526E-12,-1.850E-12,-1.938E-12
7.390E6,-1.457E-12,-1.526E-12,-1.851E-12,-1.938E-12
7.391E6,-1.457E-12,-1.526E-12,-1.851E-12,-1.938E-12
7.392E6,-1.457E-12,-1.526E-12,-1.851E-12,-1.938E-12
7.393E6,-1.457E-12,-1.527E-12,-1.851E-12,-1.939E-12
7.394E6,-1.458E-12,-1.527E-12,-1.852E-12,-1.939E-12
7.395E6,-1.458E-12,-1.527E-12,-1.852E-12,-1.939E-12
7.396E6,-1.458E-12,-1.527E-12,-1.852E-12,-1.939E-12
7.397E6,-1.458E-12,-1.527E-12,-1.852E-12,-1.940E-12
7.398E6,-1.458E-12,-1.528E-12,-1.853E-12,-1.940E-12
7.399E6,-1.459E-12,-1.528E-12,-1.853E-12,-1.940E-12
7.400E6,-1.459E-12,-1.528E-12,-1.853E-12,-1.940E-12
7.401E6,-1.459E-12,-1.528E-12,-1.853E-12,-1.941E-12
7.402E6,-1.459E-12,-1.528E-12,-1.854E-12,-1.941E-12
7.403E6,-1.459E-12,-1.529E-12,-1.854E-12,-1.941E-12
7.404E6,-1.460E-12,-1.529E-12,-1.854E-12,-1.941E-12
7.405E6,-1.460E-12,-1.529E-12,-1.854E-12,-1.942E-12
7.406E6,-1.460E-12,-1.529E-12,-1.855E-12,-1.942E-12
7.407E6,-1.460E-12,-1.529E-12,-1.855E-12,-1.942E-12
7.408E6,-1.460E-12,-1.530E-12,-1.855E-12,-1.943E-12
7.409E6,-1.461E-12,-1.530E-12,-1.855E-12,-1.943E-12
7.410E6,-1.461E-12,-1.530E-12,-1.856E-12,-1.943E-12
7.411E6,-1.461E-12,-1.530E-12,-1.856E-12,-1.943E-12
7.412E6,-1.461E-12,-1.531E-12,-1.856E-12,-1.944E-12
7.413E6,-1.461E-12,-1.531E-12,-1.856E-12,-1.944E-12
7.414E6,-1.462E-12,-1.531E-12,-1.857E-12,-1.944E-12
7.415E6,-1.462E-12,-1.531E-12,-1.857E-12,-1.944E-12
7.416E6,-1.462E-12,-1.531E-12,-1.857E-12,-1.945E-12
7.417E6,-1.462E-12,-1.532E-12,-1.857E-12,-1.945E-12
7.418E6,-1.462E-12,-1.532E-12,-1.858E-12,-1.945E-12
7.419E6,-1.463E-12,-1.532E-12,-1.858E-12,-1.945E-12
7.420E6,-1.463E-12,-1.532E-12,-1.858E-12,-1.946E-12
7.421E6,-1.463E-12,-1.532E-12,-1.858E-12,-1.946E-12
7.422E6,-1.463E-12,-1.533E-12,-1.859E-12,-1.946E-12
7.423E6,-1.463E-12,-1.533E-12,-1.859E-12,-1.946E-12
7.424E6,-1.464E-12,-1.533E-12,-1.859E-12,-1.947E-12
7.425E6,-1.464E-12,-1.533E-12,-1.859E-12,-1.947E-12
7.426E6,-1.464E-12,-1.533E-12,-1.860E-12,-1.947E-12
7.427E6,-1.464E-12,-1.534E-12,-1.860E-12,-1.948E-12
7.428E6,-1.464E-12,-1.534E-12,-1.860E-12,-1.948E-12
7.429E6,-1.465E-12,-1.534E-12,-1.860E-12,-1.948E-12
7.430E6,-1.465E-12,-1.534E-12,-1.861E-12,-1.948E-12
7.431E6,-1.465E-12,-1.534E-12,-1.861E-12,-1.949E-12
7.432E6,-1.465E-12,-1.535E-12,-1.861E-12,-1.949E-12
7.433E6,-1.465E-12,-1.535E-12,-1.861E-12,-1.949E-12
7.434E6,-1.466E-12,-1.535E-12,-1.862E-12,-1.949E-12
7.435E6,-1.466E-12,-1.535E-12,-1.862E-12,-1.950E-12
7.436E6,-1.466E-12,-1.535E-12,-1.862E-12,-1.950E-12
7.437E6,-1.466E-12,-1.536E-12,-1.862E-12,-1.950E-12
7.438E6,-1.466E-12,-1.536E-12,-1.863E-12,-1.950E-12
7.439E6,-1.467E-12,-1.536E-12,-1.863E-12,-1.951E-12
7.440E6,-1.467E-12,-1.536E-12,-1.863E-12,-1.951E-12
7.441E6,-1.467E-12,-1.537E-12,-1.863E-12,-1.951E-12
7.442E6,-1.467E-12,-1.537E-12,-1.864E-12,-1.951E-12
7.443E6,-1.467E-12,-1.537E-12,-1.864E-12,-1.952E-12
7.444E6,-1.468E-12,-1.537E-12,-1.864E-12,-1.952E-12
7.445E6,-1.468E-12,-1.537E-12,-1.864E-12,-1.952E-12
7.446E6,-1.468E-12,-1.538E-12,-1.865E-12,-1.952E-12
7.447E6,-1.468E-12,-1.538E-12,-1.865E-12,-1.953E-12
7.448E6,-1.468E-12,-1.538E-12,-1.865E-12,-1.953E-12
7.449E6,-1.468E-12,-1.538E-12,-1.865E-12,-1.953E-12
7.450E6,-1.469E-12,-1.538E-12,-1.866E-12,-1.954E-12
7.451E6,-1.469E-12,-1.539E-12,-1.866E-12,-1.954E-12
7.452E6,-1.469E-12,-1.539E-12,-1.866E-12,-1.954E-12
7.453E6,-1.469E-12,-1.539E-12,-1.866E-12,-1.954E-12
7.454E6,-1.469E-12,-1.539E-12,-1.867E-12,-1.955E-12
7.455E6,-1.470E-12,-1.539E-12,-1.867E-12,-1.955E-12
7.456E6,-1.470E-12,-1.540E-12,-1.867E-12,-1.955E-12
7.457E6,-1.470E-12,-1.540E-12,-1.867E-12,-1.955E-12
7.458E6,-1.470E-12,-1.540E-12,-1.868E-12,-1.956E-12
7.459E6,-1.470E-12,-1.540E-12,-1.868E-12,-1.956E-12
7.460E6,-1.471E-12,-1.540E-12,-1.868E-12,-1.956E-12
7.461E6,-1.471E-12,-1.541E-12,-1.868E-12,-1.956E-12
7.462E6,-1.471E-12,-1.541E-12,-1.869E-12,-1.957E-12
7.463E6,-1.471E-12,-1.541E-12,-1.869E-12,-1.957E-12
7.464E6,-1.471E-12,-1.541E-12,-1.869E-12,-1.957E-12
7.465E6,-1.472E-12,-1.541E-12,-1.869E-12,-1.957E-12
7.466E6,-1.472E-12,-1.542E-12,-1.870E-12,-1.958E-12
7.467E6,-1.472E-12,-1.542E-12,-1.870E-12,-1.958E-12
7.468E6,-1.472E-12,-1.542E-12,-1.870E-12,-1.958E-12
7.469E6,-1.472E-12,-1.542E-12,-1.870E-12,-1.959E-12
7.470E6,-1.473E-12,-1.542E-12,-1.871E-12,-1.959E-12
7.471E6,-1.473E-12,-1.543E-12,-1.871E-12,-1.959E-12
7.472E6,-1.473E-12,-1.543E-12,-1.871E-12,-1.959E-12
7.473E6,-1.473E-12,-1.543E-12,-1.871E-12,-1.960E-12
7.474E6,-1.473E-12,-1.543E-12,-1.872E-12,-1.960E-12
7.475E6,-1.474E-12,-1.544E-12,-1.872E-12,-1.960E-12
7.476E6,-1.474E-12,-1.544E-12,-1.872E-12,-1.960E-12
7.477E6,-1.474E-12,-1.544E-12,-1.872E-12,-1.961E-12
7.478E6,-1.474E-12,-1.544E-12,-1.873E-12,-1.961E-12
7.479E6,-1.474E-12,-1.544E-12,-1.873E-12,-1.961E-12
7.480E6,-1.475E-12,-1.545E-12,-1.873E-12,-1.961E-12
7.481E6,-1.475E-12,-1.545E-12,-1.873E-12,-1.962E-12
7.482E6,-1.475E-12,-1.545E-12,-1.874E-12,-1.962E-12
7.483E6,-1.475E-12,-1.545E-12,-1.874E-12,-1.962E-12
7.484E6,-1.475E-12,-1.545E-12,-1.874E-12,-1.962E-12
7.485E6,-1.476E-12,-1.546E-12,-1.874E-12,-1.963E-12
7.486E6,-1.476E-12,-1.546E-12,-1.875E-12,-1.963E-12
7.487E6,-1.476E-12,-1.546E-12,-1.875E-12,-1.963E-12
7.488E6,-1.476E-12,-1.546E-12,-1.875E-12,-1.963E-12
7.489E6,-1.476E-12,-1.546E-12,-1.875E-12,-1.964E-12
7.490E6,-1.477E-12,-1.547E-12,-1.876E-12,-1.964E-12
7.491E6,-1.477E-12,-1.547E-12,-1.876E-12,-1.964E-12
7.492E6,-1.477E-12,-1.547E-12,-1.876E-12,-1.965E-12
7.493E6,-1.477E-12,-1.547E-12,-1.876E-12,-1.965E-12
7.494E6,-1.477E-12,-1.547E-12,-1.877E-12,-1.965E-12
7.495E6,-1.478E-12,-1.548E-12,-1.877E-12,-1.965E-12
7.496E6,-1.478E-12,-1.548E-12,-1.877E-12,-1.966E-12
7.497E6,-1.478E-12,-1.548E-12,-1.877E-12,-1.966E-12
7.498E6,-1.478E-12,-1.548E-12,-1.878E-12,-1.966E-12
7.499E6,-1.478E-12,-1.548E-12,-1.878E-12,-1.966E-12
7.500E6,-1.479E-12,-1.549E-12,-1.878E-12,-1.967E-12
7.501E6,-1.479E-12,-1.549E-12,-1.878E-12,-1.967E-12
7.502E6,-1.479E-12,-1.549E-12,-1.879E-12,-1.967E-12
7.503E6,-1.479E-12,-1.549E-12,-1.879E-12,-1.967E-12
7.504E6,-1.479E-12,-1.550E-12,-1.879E-12,-1.968E-12
7.505E6,-1.480E-12,-1.550E-12,-1.879E-12,-1.968E-12
7.506E6,-1.480E-12,-1.550E-12,-1.880E-12,-1.968E-12
7.507E6,-1.480E-12,-1.550E-12,-1.880E-12,-1.968E-12
7.508E6,-1.480E-12,-1.550E-12,-1.880E-12,-1.969E-12
7.509E6,-1.480E-12,-1.551E-12,-1.880E-12,-1.969E-12
7.510E6,-1.481E-12,-1.551E-12,-1.881E-12,-1.969E-12
7.511E6,-1.481E-12,-1.551E-12,-1.881E-12,-1.970E-12
7.512E6,-1.481E-12,-1.551E-12,-1.881E-12,-1.970E-12
7.513E6,-1.481E-12,-1.551E-12,-1.881E-12,-1.970E-12
7.514E6,-1.481E-12,-1.552E-12,-1.882E-12,-1.970E-12
7.515E6,-1.481E-12,-1.552E-12,-1.882E-12,-1.971E-12
7.516E6,-1.482E-12,-1.552E-12,-1.882E-12,-1.971E-12
7.517E6,-1.482E-12,-1.552E-12,-1.882E-12,-1.971E-12
7.518E6,-1.482E-12,-1.552E-12,-1.883E-12,-1.971E-12
7.519E6,-1.482E-12,-1.553E-12,-1.883E-12,-1.972E-12
7.520E6,-1.482E-12,-1.553E-12,-1.883E-12,-1.972E-12
7.521E6,-1.483E-12,-1.553E-12,-1.883E-12,-1.972E-12
7.522E6,-1.483E-12,-1.553E-12,-1.884E-12,-1.972E-12
7.523E6,-1.483E-12,-1.553E-12,-1.884E-12,-1.973E-12
7.524E6,-1.483E-12,-1.554E-12,-1.884E-12,-1.973E-12
7.525E6,-1.483E-12,-1.554E-12,-1.884E-12,-1.973E-12
7.526E6,-1.484E-12,-1.554E-12,-1.885E-12,-1.973E-12
7.527E6,-1.484E-12,-1.554E-12,-1.885E-12,-1.974E-12
7.528E6,-1.484E-12,-1.554E-12,-1.885E-12,-1.974E-12
7.529E6,-1.484E-12,-1.555E-12,-1.885E-12,-1.974E-12
7.530E6,-1.484E-12,-1.555E-12,-1.886E-12,-1.975E-12
7.531E6,-1.485E-12,-1.555E-12,-1.886E-12,-1.975E-12
7.532E6,-1.485E-12,-1.555E-12,-1.886E-12,-1.975E-12
7.533E6,-1.485E-12,-1.556E-12,-1.886E-12,-1.975E-12
7.534E6,-1.485E-12,-1.556E-12,-1.887E-12,-1.976E-12
7.535E6,-1.485E-12,-1.556E-12,-1.887E-12,-1.976E-12
7.536E6,-1.486E-12,-1.556E-12,-1.887E-12,-1.976E-12
7.537E6,-1.486E-12,-1.556E-12,-1.887E-12,-1.976E-12
7.538E6,-1.486E-12,-1.557E-12,-1.888E-12,-1.977E-12
7.539E6,-1.486E-12,-1.557E-12,-1.888E-12,-1.977E-12
7.540E6,-1.486E-12,-1.557E-12,-1.888E-12,-1.977E-12
7.541E6,-1.487E-12,-1.557E-12,-1.889E-12,-1.977E-12
7.542E6,-1.487E-12,-1.557E-12,-1.889E-12,-1.978E-12
7.543E6,-1.487E-12,-1.558E-12,-1.889E-12,-1.978E-12
7.544E6,-1.487E-12,-1.558E-12,-1.889E-12,-1.978E-12
7.545E6,-1.487E-12,-1.558E-12,-1.890E-12,-1.978E-12
7.546E6,-1.488E-12,-1.558E-12,-1.890E-12,-1.979E-12
7.547E6,-1.488E-12,-1.558E-12,-1.890E-12,-1.979E-12
7.548E6,-1.488E-12,-1.559E-12,-1.890E-12,-1.979E-12
7.549E6,-1.488E-12,-1.559E-12,-1.891E-12,-1.979E-12
7.550E6,-1.488E-12,-1.559E-12,-1.891E-12,-1.980E-12
7.551E6,-1.489E-12,-1.559E-12,-1.891E-12,-1.980E-12
7.552E6,-1.489E-12,-1.559E-12,-1.891E-12,-1.980E-12
7.553E6,-1.489E-12,-1.560E-12,-1.892E-12,-1.981E-12
7.554E6,-1.489E-12,-1.560E-12,-1.892E-12,-1.981E-12
7.555E6,-1.489E-12,-1.560E-12,-1.892E-12,-1.981E-12
7.556E6,-1.490E-12,-1.560E-12,-1.892E-12,-1.981E-12
7.557E6,-1.490E-12,-1.560E-12,-1.893E-12,-1.982E-12
7.558E6,-1.490E-12,-1.561E-12,-1.893E-12,-1.982E-12
7.559E6,-1.490E-12,-1.561E-12,-1.893E-12,-1.982E-12
7.560E6,-1.490E-12,-1.561E-12,-1.893E-12,-1.982E-12
7.561E6,-1.491E-12,-1.561E-12,-1.894E-12,-1.983E-12
7.562E6,-1.491E-12,-1.561E-12,-1.894E-12,-1.983E-12
7.563E6,-1.491E-12,-1.562E-12,-1.894E-12,-1.983E-12
7.564E6,-1.491E-12,-1.562E-12,-1.894E-12,-1.983E-12
7.565E6,-1.491E-12,-1.562E-12,-1.895E-12,-1.984E-12
7.566E6,-1.492E-12,-1.562E-12,-1.895E-12,-1.984E-12
7.567E6,-1.492E-12,-1.563E-12,-1.895E-12,-1.984E-12
7.568E6,-1.492E-12,-1.563E-12,-1.895E-12,-1.984E-12
7.569E6,-1.492E-12,-1.563E-12,-1.896E-12,-1.985E-12
7.570E6,-1.492E-12,-1.563E-12,-1.896E-12,-1.985E-12
7.571E6,-1.493E-12,-1.563E-12,-1.896E-12,-1.985E-12
7.572E6,-1.493E-12,-1.564E-12,-1.896E-12,-1.986E-12
7.573E6,-1.493E-12,-1.564E-12,-1.897E-12,-1.986E-12
7.574E6,-1.493E-12,-1.564E-12,-1.897E-12,-1.986E-12
7.575E6,-1.493E-12,-1.564E-12,-1.897E-12,-1.986E-12
7.576E6,-1.494E-12,-1.564E-12,-1.897E-12,-1.987E-12
7.577E6,-1.494E-12,-1.565E-12,-1.898E-12,-1.987E-12
7.578E6,-1.494E-12,-1.565E-12,-1.898E-12,-1.987E-12
7.579E6,-1.494E-12,-1.565E-12,-1.898E-12,-1.987E-12
7.580E6,-1.494E-12,-1.565E-12,-1.898E-12,-1.988E-12
7.581E6,-1.495E-12,-1.565E-12,-1.899E-12,-1.988E-12
7.582E6,-1.495E-12,-1.566E-12,-1.899E-12,-1.988E-12
7.583E6,-1.495E-12,-1.566E-12,-1.899E-12,-1.988E-12
7.584E6,-1.495E-12,-1.566E-12,-1.899E-12,-1.989E-12
7.585E6,-1.495E-12,-1.566E-12,-1.900E-12,-1.989E-12
7.586E6,-1.495E-12,-1.566E-12,-1.900E-12,-1.989E-12
7.587E6,-1.496E-12,-1.567E-12,-1.900E-12,-1.989E-12
7.588E6,-1.496E-12,-1.567E-12,-1.900E-12,-1.990E-12
7.589E6,-1.496E-12,-1.567E-12,-1.901E-12,-1.990E-12
7.590E6,-1.496E-12,-1.567E-12,-1.901E-12,-1.990E-12
7.591E6,-1.496E-12,-1.567E-12,-1.901E-12,-1.991E-12
7.592E6,-1.497E-12,-1.568E-12,-1.901E-12,-1.991E-12
7.593E6,-1.497E-12,-1.568E-12,-1.902E-12,-1.991E-12
7.594E6,-1.497E-12,-1.568E-12,-1.902E-12,-1.991E-12
7.595E6,-1.497E-12,-1.568E-12,-1.902E-12,-1.992E-12
7.596E6,-1.497E-12,-1.569E-12,-1.902E-12,-1.992E-12
7.597E6,-1.498E-12,-1.569E-12,-1.903E-12,-1.992E-12
7.598E6,-1.498E-12,-1.569E-12,-1.903E-12,-1.992E-12
7.599E6,-1.498E-12,-1.569E-12,-1.903E-12,-1.993E-12
7.600E6,-1.498E-12,-1.569E-12,-1.903E-12,-1.993E-12
7.601E6,-1.498E-12,-1.570E-12,-1.904E-12,-1.993E-12
7.602E6,-1.499E-12,-1.570E-12,-1.904E-12,-1.993E-12
7.603E6,-1.499E-12,-1.570E-12,-1.904E-12,-1.994E-12
7.604E6,-1.499E-12,-1.570E-12,-1.904E-12,-1.994E-12
7.605E6,-1.499E-12,-1.570E-12,-1.905E-12,-1.994E-12
7.606E6,-1.499E-12,-1.571E-12,-1.905E-12,-1.994E-12
7.607E6,-1.500E-12,-1.571E-12,-1.905E-12,-1.995E-12
7.608E6,-1.500E-12,-1.571E-12,-1.905E-12,-1.995E-12
7.609E6,-1.500E-12,-1.571E-12,-1.906E-12,-1.995E-12
7.610E6,-1.500E-12,-1.571E-12,-1.906E-12,-1.995E-12
7.611E6,-1.500E-12,-1.572E-12,-1.906E-12,-1.996E-12
7.612E6,-1.501E-12,-1.572E-12,-1.906E-12,-1.996E-12
7.613E6,-1.501E-12,-1.572E-12,-1.907E-12,-1.996E-12
7.614E6,-1.501E-12,-1.572E-12,-1.907E-12,-1.997E-12
7.615E6,-1.501E-12,-1.572E-12,-1.907E-12,-1.997E-12
7.616E6,-1.501E-12,-1.573E-12,-1.907E-12,-1.997E-12
7.617E6,-1.502E-12,-1.573E-12,-1.908E-12,-1.997E-12
7.618E6,-1.502E-12,-1.573E-12,-1.908E-12,-1.998E-12
7.619E6,-1.502E-12,-1.573E-12,-1.908E-12,-1.998E-12
7.620E6,-1.502E-12,-1.573E-12,-1.908E-12,-1.998E-12
7.621E6,-1.502E-12,-1.574E-12,-1.909E-12,-1.998E-12
7.622E6,-1.503E-12,-1.574E-12,-1.909E-12,-1.999E-12
7.623E6,-1.503E-12,-1.574E-12,-1.909E-12,-1.999E-12
7.624E6,-1.503E-12,-1.574E-12,-1.909E-12,-1.999E-12
7.625E6,-1.503E-12,-1.574E-12,-1.910E-12,-1.999E-12
7.626E6,-1.503E-12,-1.575E-12,-1.910E-12,-2.000E-12
7.627E6,-1.504E-12,-1.575E-12,-1.910E-12,-2.000E-12
7.628E6,-1.504E-12,-1.575E-12,-1.910E-12,-2.000E-12
7.629E6,-1.504E-12,-1.575E-12,-1.911E-12,-2.000E-12
7.630E6,-1.504E-12,-1.576E-12,-1.911E-12,-2.001E-12
7.631E6,-1.504E-12,-1.576E-12,-1.911E-12,-2.001E-12
7.632E6,-1.505E-12,-1.576E-12,-1.911E-12,-2.001E-12
7.633E6,-1.505E-12,-1.576E-12,-1.912E-12,-2.002E-12
7.634E6,-1.505E-12,-1.576E-12,-1.912E-12,-2.002E-12
7.635E6,-1.505E-12,-1.577E-12,-1.912E-12,-2.002E-12
7.636E6,-1.505E-12,-1.577E-12,-1.912E-12,-2.002E-12
7.637E6,-1.506E-12,-1.577E-12,-1.913E-12,-2.003E-12
7.638E6,-1.506E-12,-1.577E-12,-1.913E-12,-2.003E-12
7.639E6,-1.506E-12,-1.577E-12,-1.913E-12,-2.003E-12
7.640E6,-1.506E-12,-1.578E-12,-1.913E-12,-2.003E-12
7.641E6,-1.506E-12,-1.578E-12,-1.914E-12,-2.004E-12
7.642E6,-1.507E-12,-1.578E-12,-1.914E-12,-2.004E-12
7.643E6,-1.507E-12,-1.578E-12,-1.914E-12,-2.004E-12
7.644E6,-1.507E-12,-1.578E-12,-1.914E-12,-2.004E-12
7.645E6,-1.507E-12,-1.579E-12,-1.915E-12,-2.005E-12
7.646E6,-1.507E-12,-1.579E-12,-1.915E-12,-2.005E-12
7.647E6,-1.508E-12,-1.579E-12,-1.915E-12,-2.005E-12
7.648E6,-1.508E-12,-1.579E-12,-1.915E-12,-2.005E-12
7.649E6,-1.508E-12,-1.579E-12,-1.916E-12,-2.006E-12
7.650E6,-1.508E-12,-1.580E-12,-1.916E-12,-2.006E-12
7.651E6,-1.508E-12,-1.580E-12,-1.916E-12,-2.006E-12
7.652E6,-1.509E-12,-1.580E-12,-1.916E-12,-2.007E-12
7.653E6,-1.509E-12,-1.580E-12,-1.917E-12,-2.007E-12
7.654E6,-1.509E-12,-1.580E-12,-1.917E-12,-2.007E-12
7.655E6,-1.509E-12,-1.581E-12,-1.917E-12,-2.007E-12
7.656E6,-1.509E-12,-1.581E-12,-1.917E-12,-2.008E-12
7.657E6,-1.509E-12,-1.581E-12,-1.918E-12,-2.008E-12
7.658E6,-1.510E-12,-1.581E-12,-1.918E-12,-2.008E-12
7.659E6,-1.510E-12,-1.582E-12,-1.918E-12,-2.008E-12
7.660E6,-1.510E-12,-1.582E-12,-1.918E-12,-2.009E-12
7.661E6,-1.510E-12,-1.582E-12,-1.919E-12,-2.009E-12
7.662E6,-1.510E-12,-1.582E-12,-1.919E-12,-2.009E-12
7.663E6,-1.511E-12,-1.582E-12,-1.919E-12,-2.009E-12
7.664E6,-1.511E-12,-1.583E-12,-1.919E-12,-2.010E-12
7.665E6,-1.511E-12,-1.583E-12,-1.920E-12,-2.010E-12
7.666E6,-1.511E-12,-1.583E-12,-1.920E-12,-2.010E-12
7.667E6,-1.511E-12,-1.583E-12,-1.920E-12,-2.010E-12
7.668E6,-1.512E-12,-1.583E-12,-1.920E-12,-2.011E-12
7.669E6,-1.512E-12,-1.584E-12,-1.921E-12,-2.011E-12
7.670E6,-1.512E-12,-1.584E-12,-1.921E-12,-2.011E-12
7.671E6,-1.512E-12,-1.584E-12,-1.921E-12,-2.011E-12
7.672E6,-1.512E-12,-1.584E-12,-1.921E-12,-2.012E-12
7.673E6,-1.513E-12,-1.584E-12,-1.922E-12,-2.012E-12
7.674E6,-1.513E-12,-1.585E-12,-1.922E-12,-2.012E-12
7.675E6,-1.513E-12,-1.585E-12,-1.922E-12,-2.013E-12
7.676E6,-1.513E-12,-1.585E-12,-1.922E-12,-2.013E-12
7.677E6,-1.513E-12,-1.585E-12,-1.923E-12,-2.013E-12
7.678E6,-1.514E-12,-1.585E-12,-1.923E-12,-2.013E-12
7.679E6,-1.514E-12,-1.586E-12,-1.923E-12,-2.014E-12
7.680E6,-1.514E-12,-1.586E-12,-1.923E-12,-2.014E-12
7.681E6,-1.514E-12,-1.586E-12,-1.924E-12,-2.014E-12
7.682E6,-1.514E-12,-1.586E-12,-1.924E-12,-2.014E-12
7.683E6,-1.515E-12,-1.586E-12,-1.924E-12,-2.015E-12
7.684E6,-1.515E-12,-1.587E-12,-1.924E-12,-2.015E-12
7.685E6,-1.515E-12,-1.587E-12,-1.925E-12,-2.015E-12
7.686E6,-1.515E-12,-1.587E-12,-1.925E-12,-2.015E-12
7.687E6,-1.515E-12,-1.587E-12,-1.925E-12,-2.016E-12
7.688E6,-1.516E-12,-1.588E-12,-1.925E-12,-2.016E-12
7.689E6,-1.516E-12,-1.588E-12,-1.926E-12,-2.016E-12
7.690E6,-1.516E-12,-1.588E-12,-1.926E-12,-2.016E-12
7.691E6,-1.516E-12,-1.588E-12,-1.926E-12,-2.017E-12
7.692E6,-1.516E-12,-1.588E-12,-1.926E-12,-2.017E-12
7.693E6,-1.517E-12,-1.589E-12,-1.927E-12,-2.017E-12
7.694E6,-1.517E-12,-1.589E-12,-1.927E-12,-2.018E-12
7.695E6,-1.517E-12,-1.589E-12,-1.927E-12,-2.018E-12
7.696E6,-1.517E-12,-1.589E-12,-1.927E-12,-2.018E-12
7.697E6,-1.517E-12,-1.589E-12,-1.928E-12,-2.018E-12
7.698E6,-1.518E-12,-1.590E-12,-1.928E-12,-2.019E-12
7.699E6,-1.518E-12,-1.590E-12,-1.928E-12,-2.019E-12
7.700E6,-1.518E-12,-1.590E-12,-1.928E-12,-2.019E-12
7.701E6,-1.518E-12,-1.590E-12,-1.929E-12,-2.019E-12
7.702E6,-1.518E-12,-1.590E-12,-1.929E-12,-2.020E-12
7.703E6,-1.519E-12,-1.591E-12,-1.929E-12,-2.020E-12
7.704E6,-1.519E-12,-1.591E-12,-1.929E-12,-2.020E-12
7.705E6,-1.519E-12,-1.591E-12,-1.930E-12,-2.020E-12
7.706E6,-1.519E-12,-1.591E-12,-1.930E-12,-2.021E-12
7.707E6,-1.519E-12,-1.591E-12,-1.930E-12,-2.021E-12
7.708E6,-1.520E-12,-1.592E-12,-1.930E-12,-2.021E-12
7.709E6,-1.520E-12,-1.592E-12,-1.931E-12,-2.021E-12
7.710E6,-1.520E-12,-1.592E-12,-1.931E-12,-2.022E-12
7.711E6,-1.520E-12,-1.592E-12,-1.931E-12,-2.022E-12
7.712E6,-1.520E-12,-1.592E-12,-1.931E-12,-2.022E-12
7.713E6,-1.521E-12,-1.593E-12,-1.932E-12,-2.022E-12
7.714E6,-1.521E-12,-1.593E-12,-1.932E-12,-2.023E-12
7.715E6,-1.521E-12,-1.593E-12,-1.932E-12,-2.023E-12
7.716E6,-1.521E-12,-1.593E-12,-1.932E-12,-2.023E-12
7.717E6,-1.521E-12,-1.593E-12,-1.933E-12,-2.024E-12
7.718E6,-1.522E-12,-1.594E-12,-1.933E-12,-2.024E-12
7.719E6,-1.522E-12,-1.594E-12,-1.933E-12,-2.024E-12
7.720E6,-1.522E-12,-1.594E-12,-1.933E-12,-2.024E-12
7.721E6,-1.522E-12,-1.594E-12,-1.934E-12,-2.025E-12
7.722E6,-1.522E-12,-1.595E-12,-1.934E-12,-2.025E-12
7.723E6,-1.523E-12,-1.595E-12,-1.934E-12,-2.025E-12
7.724E6,-1.523E-12,-1.595E-12,-1.934E-12,-2.025E-12
7.725E6,-1.523E-12,-1.595E-12,-1.935E-12,-2.026E-12
7.726E6,-1.523E-12,-1.595E-12,-1.935E-12,-2.026E-12
7.727E6,-1.523E-12,-1.596E-12,-1.935E-12,-2.026E-12
7.728E6,-1.523E-12,-1.596E-12,-1.935E-12,-2.026E-12
7.729E6,-1.524E-12,-1.596E-12,-1.936E-12,-2.027E-12
7.730E6,-1.524E-12,-1.596E-12,-1.936E-12,-2.027E-12
7.731E6,-1.524E-12,-1.596E-12,-1.936E-12,-2.027E-12
7.732E6,-1.524E-12,-1.597E-12,-1.936E-12,-2.027E-12
7.733E6,-1.524E-12,-1.597E-12,-1.937E-12,-2.028E-12
7.734E6,-1.525E-12,-1.597E-12,-1.937E-12,-2.028E-12
7.735E6,-1.525E-12,-1.597E-12,-1.937E-12,-2.028E-12
7.736E6,-1.525E-12,-1.597E-12,-1.937E-12,-2.029E-12
7.737E6,-1.525E-12,-1.598E-12,-1.938E-12,-2.029E-12
7.738E6,-1.525E-12,-1.598E-12,-1.938E-12,-2.029E-12
7.739E6,-1.526E-12,-1.598E-12,-1.938E-12,-2.029E-12
7.740E6,-1.526E-12,-1.598E-12,-1.938E-12,-2.030E-12
7.741E6,-1.526E-12,-1.598E-12,-1.939E-12,-2.030E-12
7.742E6,-1.526E-12,-1.599E-12,-1.939E-12,-2.030E-12
7.743E6,-1.526E-12,-1.599E-12,-1.939E-12,-2.030E-12
7.744E6,-1.527E-12,-1.599E-12,-1.939E-12,-2.031E-12
7.745E6,-1.527E-12,-1.599E-12,-1.940E-12,-2.031E-12
7.746E6,-1.527E-12,-1.599E-12,-1.940E-12,-2.031E-12
7.747E6,-1.527E-12,-1.600E-12,-1.940E-12,-2.031E-12
7.748E6,-1.527E-12,-1.600E-12,-1.940E-12,-2.032E-12
7.749E6,-1.528E-12,-1.600E-12,-1.941E-12,-2.032E-12
7.750E6,-1.528E-12,-1.600E-12,-1.941E-12,-2.032E-12
7.751E6,-1.528E-12,-1.601E-12,-1.941E-12,-2.032E-12
7.752E6,-1.528E-12,-1.601E-12,-1.941E-12,-2.033E-12
7.753E6,-1.528E-12,-1.601E-12,-1.942E-12,-2.033E-12
7.754E6,-1.529E-12,-1.601E-12,-1.942E-12,-2.033E-12
7.755E6,-1.529E-12,-1.601E-12,-1.942E-12,-2.034E-12
7.756E6,-1.529E-12,-1.602E-12,-1.942E-12,-2.034E-12
7.757E6,-1.529E-12,-1.602E-12,-1.943E-12,-2.034E-12
7.758E6,-1.529E-12,-1.602E-12,-1.943E-12,-2.034E-12
7.759E6,-1.530E-12,-1.602E-12,-1.943E-12,-2.035E-12
7.760E6,-1.530E-12,-1.602E-12,-1.943E-12,-2.035E-12
7.761E6,-1.530E-12,-1.603E-12,-1.944E-12,-2.035E-12
7.762E6,-1.530E-12,-1.603E-12,-1.944E-12,-2.035E-12
7.763E6,-1.530E-12,-1.603E-12,-1.944E-12,-2.036E-12
7.764E6,-1.531E-12,-1.603E-12,-1.944E-12,-2.036E-12
7.765E6,-1.531E-12,-1.603E-12,-1.945E-12,-2.036E-12
7.766E6,-1.531E-12,-1.604E-12,-1.945E-12,-2.036E-12
7.767E6,-1.531E-12,-1.604E-12,-1.945E-12,-2.037E-12
7.768E6,-1.531E-12,-1.604E-12,-1.945E-12,-2.037E-12
7.769E6,-1.532E-12,-1.604E-12,-1.946E-12,-2.037E-12
7.770E6,-1.532E-12,-1.604E-12,-1.946E-12,-2.037E-12
7.771E6,-1.532E-12,-1.605E-12,-1.946E-12,-2.038E-12
7.772E6,-1.532E-12,-1.605E-12,-1.946E-12,-2.038E-12
7.773E6,-1.532E-12,-1.605E-12,-1.947E-12,-2.038E-12
7.774E6,-1.533E-12,-1.605E-12,-1.947E-12,-2.038E-12
7.775E6,-1.533E-12,-1.605E-12,-1.947E-12,-2.039E-12
7.776E6,-1.533E-12,-1.606E-12,-1.947E-12,-2.039E-12
7.777E6,-1.533E-12,-1.606E-12,-1.948E-12,-2.039E-12
7.778E6,-1.533E-12,-1.606E-12,-1.948E-12,-2.040E-12
7.779E6,-1.534E-12,-1.606E-12,-1.948E-12,-2.040E-12
7.780E6,-1.534E-12,-1.607E-12,-1.948E-12,-2.040E-12
7.781E6,-1.534E-12,-1.607E-12,-1.949E-12,-2.040E-12
7.782E6,-1.534E-12,-1.607E-12,-1.949E-12,-2.041E-12
7.783E6,-1.534E-12,-1.607E-12,-1.949E-12,-2.041E-12
7.784E6,-1.535E-12,-1.607E-12,-1.949E-12,-2.041E-12
7.785E6,-1.535E-12,-1.608E-12,-1.950E-12,-2.041E-12
7.786E6,-1.535E-12,-1.608E-12,-1.950E-12,-2.042E-12
7.787E6,-1.535E-12,-1.608E-12,-1.950E-12,-2.042E-12
7.788E6,-1.535E-12,-1.608E-12,-1.950E-12,-2.042E-12
7.789E6,-1.536E-12,-1.608E-12,-1.951E-12,-2.042E-12
7.790E6,-1.536E-12,-1.609E-12,-1.951E-12,-2.043E-12
7.791E6,-1.536E-12,-1.609E-12,-1.951E-12,-2.043E-12
7.792E6,-1.536E-12,-1.609E-12,-1.951E-12,-2.043E-12
7.793E6,-1.536E-12,-1.609E-12,-1.952E-12,-2.043E-12
7.794E6,-1.536E-12,-1.609E-12,-1.952E-12,-2.044E-12
7.795E6,-1.537E-12,-1.610E-12,-1.952E-12,-2.044E-12
7.796E6,-1.537E-12,-1.610E-12,-1.952E-12,-2.044E-12
7.797E6,-1.537E-12,-1.610E-12,-1.953E-12,-2.045E-12
7.798E6,-1.537E-12,-1.610E-12,-1.953E-12,-2.045E-12
7.799E6,-1.537E-12,-1.610E-12,-1.953E-12,-2.045E-12
7.800E6,-1.538E-12,-1.611E-12,-1.953E-12,-2.045E-12
7.801E6,-1.538E-12,-1.611E-12,-1.954E-12,-2.046E-12
7.802E6,-1.538E-12,-1.611E-12,-1.954E-12,-2.046E-12
7.803E6,-1.538E-12,-1.611E-12,-1.954E-12,-2.046E-12
7.804E6,-1.538E-12,-1.611E-12,-1.954E-12,-2.046E-12
7.805E6,-1.539E-12,-1.612E-12,-1.955E-12,-2.047E-12
7.806E6,-1.539E-12,-1.612E-12,-1.955E-12,-2.047E-12
7.807E6,-1.539E-12,-1.612E-12,-1.955E-12,-2.047E-12
7.808E6,-1.539E-12,-1.612E-12,-1.955E-12,-2.047E-12
7.809E6,-1.539E-12,-1.612E-12,-1.956E-12,-2.048E-12
7.810E6,-1.540E-12,-1.613E-12,-1.956E-12,-2.048E-12
7.811E6,-1.540E-12,-1.613E-12,-1.956E-12,-2.048E-12
7.812E6,-1.540E-12,-1.613E-12,-1.956E-12,-2.048E-12
7.813E6,-1.540E-12,-1.613E-12,-1.957E-12,-2.049E-12
7.814E6,-1.540E-12,-1.614E-12,-1.957E-12,-2.049E-12
7.815E6,-1.541E-12,-1.614E-12,-1.957E-12,-2.049E-12
7.816E6,-1.541E-12,-1.614E-12,-1.957E-12,-2.050E-12
7.817E6,-1.541E-12,-1.614E-12,-1.958E-12,-2.050E-12
7.818E6,-1.541E-12,-1.614E-12,-1.958E-12,-2.050E-12
7.819E6,-1.541E-12,-1.615E-12,-1.958E-12,-2.050E-12
7.820E6,-1.542E-12,-1.615E-12,-1.958E-12,-2.051E-12
7.821E6,-1.542E-12,-1.615E-12,-1.959E-12,-2.051E-12
7.822E6,-1.542E-12,-1.615E-12,-1.959E-12,-2.051E-12
7.823E6,-1.542E-12,-1.615E-12,-1.959E-12,-2.051E-12
7.824E6,-1.542E-12,-1.616E-12,-1.959E-12,-2.052E-12
7.825E6,-1.543E-12,-1.616E-12,-1.960E-12,-2.052E-12
7.826E6,-1.543E-12,-1.616E-12,-1.960E-12,-2.052E-12
7.827E6,-1.543E-12,-1.616E-12,-1.960E-12,-2.052E-12
7.828E6,-1.543E-12,-1.616E-12,-1.960E-12,-2.053E-12
7.829E6,-1.543E-12,-1.617E-12,-1.961E-12,-2.053E-12
7.830E6,-1.544E-12,-1.617E-12,-1.961E-12,-2.053E-12
7.831E6,-1.544E-12,-1.617E-12,-1.961E-12,-2.053E-12
7.832E6,-1.544E-12,-1.617E-12,-1.961E-12,-2.054E-12
7.833E6,-1.544E-12,-1.617E-12,-1.962E-12,-2.054E-12
7.834E6,-1.544E-12,-1.618E-12,-1.962E-12,-2.054E-12
7.835E6,-1.545E-12,-1.618E-12,-1.962E-12,-2.054E-12
7.836E6,-1.545E-12,-1.618E-12,-1.962E-12,-2.055E-12
7.837E6,-1.545E-12,-1.618E-12,-1.963E-12,-2.055E-12
7.838E6,-1.545E-12,-1.618E-12,-1.963E-12,-2.055E-12
7.839E6,-1.545E-12,-1.619E-12,-1.963E-12,-2.056E-12
7.840E6,-1.546E-12,-1.619E-12,-1.963E-12,-2.056E-12
7.841E6,-1.546E-12,-1.619E-12,-1.964E-12,-2.056E-12
7.842E6,-1.546E-12,-1.619E-12,-1.964E-12,-2.056E-12
7.843E6,-1.546E-12,-1.620E-12,-1.964E-12,-2.057E-12
7.844E6,-1.546E-12,-1.620E-12,-1.964E-12,-2.057E-12
7.845E6,-1.547E-12,-1.620E-12,-1.965E-12,-2.057E-12
7.846E6,-1.547E-12,-1.620E-12,-1.965E-12,-2.057E-12
7.847E6,-1.547E-12,-1.620E-12,-1.965E-12,-2.058E-12
7.848E6,-1.547E-12,-1.621E-12,-1.965E-12,-2.058E-12
7.849E6,-1.547E-12,-1.621E-12,-1.966E-12,-2.058E-12
7.850E6,-1.548E-12,-1.621E-12,-1.966E-12,-2.058E-12
7.851E6,-1.548E-12,-1.621E-12,-1.966E-12,-2.059E-12
7.852E6,-1.548E-12,-1.621E-12,-1.966E-12,-2.059E-12
7.853E6,-1.548E-12,-1.622E-12,-1.967E-12,-2.059E-12
7.854E6,-1.548E-12,-1.622E-12,-1.967E-12,-2.059E-12
7.855E6,-1.549E-12,-1.622E-12,-1.967E-12,-2.060E-12
7.856E6,-1.549E-12,-1.622E-12,-1.967E-12,-2.060E-12
7.857E6,-1.549E-12,-1.622E-12,-1.968E-12,-2.060E-12
7.858E6,-1.549E-12,-1.623E-12,-1.968E-12,-2.061E-12
7.859E6,-1.549E-12,-1.623E-12,-1.968E-12,-2.061E-12
7.860E6,-1.550E-12,-1.623E-12,-1.968E-12,-2.061E-12
7.861E6,-1.550E-12,-1.623E-12,-1.969E-12,-2.061E-12
7.862E6,-1.550E-12,-1.623E-12,-1.969E-12,-2.062E-12
7.863E6,-1.550E-12,-1.624E-12,-1.969E-12,-2.062E-12
7.864E6,-1.550E-12,-1.624E-12,-1.969E-12,-2.062E-12
7.865E6,-1.550E-12,-1.624E-12,-1.970E-12,-2.062E-12
7.866E6,-1.551E-12,-1.624E-12,-1.970E-12,-2.063E-12
7.867E6,-1.551E-12,-1.624E-12,-1.970E-12,-2.063E-12
7.868E6,-1.551E-12,-1.625E-12,-1.970E-12,-2.063E-12
7.869E6,-1.551E-12,-1.625E-12,-1.971E-12,-2.063E-12
7.870E6,-1.551E-12,-1.625E-12,-1.971E-12,-2.064E-12
7.871E6,-1.552E-12,-1.625E-12,-1.971E-12,-2.064E-12
7.872E6,-1.552E-12,-1.626E-12,-1.971E-12,-2.064E-12
7.873E6,-1.552E-12,-1.626E-12,-1.972E-12,-2.064E-12
7.874E6,-1.552E-12,-1.626E-12,-1.972E-12,-2.065E-12
7.875E6,-1.552E-12,-1.626E-12,-1.972E-12,-2.065E-12
7.876E6,-1.553E-12,-1.626E-12,-1.972E-12,-2.065E-12
7.877E6,-1.553E-12,-1.627E-12,-1.973E-12,-2.066E-12
7.878E6,-1.553E-12,-1.627E-12,-1.973E-12,-2.066E-12
7.879E6,-1.553E-12,-1.627E-12,-1.973E-12,-2.066E-12
7.880E6,-1.553E-12,-1.627E-12,-1.973E-12,-2.066E-12
7.881E6,-1.554E-12,-1.627E-12,-1.974E-12,-2.067E-12
7.882E6,-1.554E-12,-1.628E-12,-1.974E-12,-2.067E-12
7.883E6,-1.554E-12,-1.628E-12,-1.974E-12,-2.067E-12
7.884E6,-1.554E-12,-1.628E-12,-1.974E-12,-2.067E-12
7.885E6,-1.554E-12,-1.628E-12,-1.975E-12,-2.068E-12
7.886E6,-1.555E-12,-1.628E-12,-1.975E-12,-2.068E-12
7.887E6,-1.555E-12,-1.629E-12,-1.975E-12,-2.068E-12
7.888E6,-1.555E-12,-1.629E-12,-1.975E-12,-2.068E-12
7.889E6,-1.555E-12,-1.629E-12,-1.976E-12,-2.069E-12
7.890E6,-1.555E-12,-1.629E-12,-1.976E-12,-2.069E-12
7.891E6,-1.556E-12,-1.629E-12,-1.976E-12,-2.069E-12
7.892E6,-1.556E-12,-1.630E-12,-1.976E-12,-2.069E-12
7.893E6,-1.556E-12,-1.630E-12,-1.977E-12,-2.070E-12
7.894E6,-1.556E-12,-1.630E-12,-1.977E-12,-2.070E-12
7.895E6,-1.556E-12,-1.630E-12,-1.977E-12,-2.070E-12
7.896E6,-1.557E-12,-1.630E-12,-1.977E-12,-2.070E-12
7.897E6,-1.557E-12,-1.631E-12,-1.978E-12,-2.071E-12
7.898E6,-1.557E-12,-1.631E-12,-1.978E-12,-2.071E-12
7.899E6,-1.557E-12,-1.631E-12,-1.978E-12,-2.071E-12
7.900E6,-1.557E-12,-1.631E-12,-1.978E-12,-2.072E-12
7.901E6,-1.558E-12,-1.631E-12,-1.979E-12,-2.072E-12
7.902E6,-1.558E-12,-1.632E-12,-1.979E-12,-2.072E-12
7.903E6,-1.558E-12,-1.632E-12,-1.979E-12,-2.072E-12
7.904E6,-1.558E-12,-1.632E-12,-1.979E-12,-2.073E-12
7.905E6,-1.558E-12,-1.632E-12,-1.980E-12,-2.073E-12
7.906E6,-1.559E-12,-1.633E-12,-1.980E-12,-2.073E-12
7.907E6,-1.559E-12,-1.633E-12,-1.980E-12,-2.073E-12
7.908E6,-1.559E-12,-1.633E-12,-1.980E-12,-2.074E-12
7.909E6,-1.559E-12,-1.633E-12,-1.981E-12,-2.074E-12
7.910E6,-1.559E-12,-1.633E-12,-1.981E-12,-2.074E-12
7.911E6,-1.560E-12,-1.634E-12,-1.981E-12,-2.074E-12
7.912E6,-1.560E-12,-1.634E-12,-1.981E-12,-2.075E-12
7.913E6,-1.560E-12,-1.634E-12,-1.982E-12,-2.075E-12
7.914E6,-1.560E-12,-1.634E-12,-1.982E-12,-2.075E-12
7.915E6,-1.560E-12,-1.634E-12,-1.982E-12,-2.075E-12
7.916E6,-1.561E-12,-1.635E-12,-1.982E-12,-2.076E-12
7.917E6,-1.561E-12,-1.635E-12,-1.983E-12,-2.076E-12
7.918E6,-1.561E-12,-1.635E-12,-1.983E-12,-2.076E-12
7.919E6,-1.561E-12,-1.635E-12,-1.983E-12,-2.077E-12
7.920E6,-1.561E-12,-1.635E-12,-1.983E-12,-2.077E-12
7.921E6,-1.562E-12,-1.636E-12,-1.984E-12,-2.077E-12
7.922E6,-1.562E-12,-1.636E-12,-1.984E-12,-2.077E-12
7.923E6,-1.562E-12,-1.636E-12,-1.984E-12,-2.078E-12
7.924E6,-1.562E-12,-1.636E-12,-1.984E-12,-2.078E-12
7.925E6,-1.562E-12,-1.636E-12,-1.985E-12,-2.078E-12
7.926E6,-1.563E-12,-1.637E-12,-1.985E-12,-2.078E-12
7.927E6,-1.563E-12,-1.637E-12,-1.985E-12,-2.079E-12
7.928E6,-1.563E-12,-1.637E-12,-1.985E-12,-2.079E-12
7.929E6,-1.563E-12,-1.637E-12,-1.986E-12,-2.079E-12
7.930E6,-1.563E-12,-1.637E-12,-1.986E-12,-2.079E-12
7.931E6,-1.564E-12,-1.638E-12,-1.986E-12,-2.080E-12
7.932E6,-1.564E-12,-1.638E-12,-1.986E-12,-2.080E-12
7.933E6,-1.564E-12,-1.638E-12,-1.987E-12,-2.080E-12
7.934E6,-1.564E-12,-1.638E-12,-1.987E-12,-2.080E-12
7.935E6,-1.564E-12,-1.639E-12,-1.987E-12,-2.081E-12
7.936E6,-1.564E-12,-1.639E-12,-1.987E-12,-2.081E-12
7.937E6,-1.565E-12,-1.639E-12,-1.988E-12,-2.081E-12
7.938E6,-1.565E-12,-1.639E-12,-1.988E-12,-2.081E-12
7.939E6,-1.565E-12,-1.639E-12,-1.988E-12,-2.082E-12
7.940E6,-1.565E-12,-1.640E-12,-1.988E-12,-2.082E-12
7.941E6,-1.565E-12,-1.640E-12,-1.989E-12,-2.082E-12
7.942E6,-1.566E-12,-1.640E-12,-1.989E-12,-2.083E-12
7.943E6,-1.566E-12,-1.640E-12,-1.989E-12,-2.083E-12
7.944E6,-1.566E-12,-1.640E-12,-1.989E-12,-2.083E-12
7.945E6,-1.566E-12,-1.641E-12,-1.990E-12,-2.083E-12
7.946E6,-1.566E-12,-1.641E-12,-1.990E-12,-2.084E-12
7.947E6,-1.567E-12,-1.641E-12,-1.990E-12,-2.084E-12
7.948E6,-1.567E-12,-1.641E-12,-1.990E-12,-2.084E-12
7.949E6,-1.567E-12,-1.641E-12,-1.991E-12,-2.084E-12
7.950E6,-1.567E-12,-1.642E-12,-1.991E-12,-2.085E-12
7.951E6,-1.567E-12,-1.642E-12,-1.991E-12,-2.085E-12
7.952E6,-1.568E-12,-1.642E-12,-1.991E-12,-2.085E-12
7.953E6,-1.568E-12,-1.642E-12,-1.992E-12,-2.085E-12
7.954E6,-1.568E-12,-1.642E-12,-1.992E-12,-2.086E-12
7.955E6,-1.568E-12,-1.643E-12,-1.992E-12,-2.086E-12
7.956E6,-1.568E-12,-1.643E-12,-1.992E-12,-2.086E-12
7.957E6,-1.569E-12,-1.643E-12,-1.993E-12,-2.086E-12
7.958E6,-1.569E-12,-1.643E-12,-1.993E-12,-2.087E-12
7.959E6,-1.569E-12,-1.643E-12,-1.993E-12,-2.087E-12
7.960E6,-1.569E-12,-1.644E-12,-1.993E-12,-2.087E-12
7.961E6,-1.569E-12,-1.644E-12,-1.994E-12,-2.088E-12
7.962E6,-1.570E-12,-1.644E-12,-1.994E-12,-2.088E-12
7.963E6,-1.570E-12,-1.644E-12,-1.994E-12,-2.088E-12
7.964E6,-1.570E-12,-1.644E-12,-1.994E-12,-2.088E-12
7.965E6,-1.570E-12,-1.645E-12,-1.995E-12,-2.089E-12
7.966E6,-1.570E-12,-1.645E-12,-1.995E-12,-2.089E-12
7.967E6,-1.571E-12,-1.645E-12,-1.995E-12,-2.089E-12
7.968E6,-1.571E-12,-1.645E-12,-1.995E-12,-2.089E-12
7.969E6,-1.571E-12,-1.646E-12,-1.996E-12,-2.090E-12
7.970E6,-1.571E-12,-1.646E-12,-1.996E-12,-2.090E-12
7.971E6,-1.571E-12,-1.646E-12,-1.996E-12,-2.090E-12
7.972E6,-1.572E-12,-1.646E-12,-1.996E-12,-2.090E-12
7.973E6,-1.572E-12,-1.646E-12,-1.997E-12,-2.091E-12
7.974E6,-1.572E-12,-1.647E-12,-1.997E-12,-2.091E-12
7.975E6,-1.572E-12,-1.647E-12,-1.997E-12,-2.091E-12
7.976E6,-1.572E-12,-1.647E-12,-1.997E-12,-2.091E-12
7.977E6,-1.573E-12,-1.647E-12,-1.998E-12,-2.092E-12
7.978E6,-1.573E-12,-1.647E-12,-1.998E-12,-2.092E-12
7.979E6,-1.573E-12,-1.648E-12,-1.998E-12,-2.092E-12
7.980E6,-1.573E-12,-1.648E-12,-1.998E-12,-2.093E-12
7.981E6,-1.573E-12,-1.648E-12,-1.999E-12,-2.093E-12
7.982E6,-1.574E-12,-1.648E-12,-1.999E-12,-2.093E-12
7.983E6,-1.574E-12,-1.648E-12,-1.999E-12,-2.093E-12
7.984E6,-1.574E-12,-1.649E-12,-1.999E-12,-2.094E-12
7.985E6,-1.574E-12,-1.649E-12,-2.000E-12,-2.094E-12
7.986E6,-1.574E-12,-1.649E-12,-2.000E-12,-2.094E-12
7.987E6,-1.575E-12,-1.649E-12,-2.000E-12,-2.094E-12
7.988E6,-1.575E-12,-1.649E-12,-2.000E-12,-2.095E-12
7.989E6,-1.575E-12,-1.650E-12,-2.001E-12,-2.095E-12
7.990E6,-1.575E-12,-1.650E-12,-2.001E-12,-2.095E-12
7.991E6,-1.575E-12,-1.650E-12,-2.001E-12,-2.095E-12
7.992E6,-1.576E-12,-1.650E-12,-2.001E-12,-2.096E-12
7.993E6,-1.576E-12,-1.650E-12,-2.002E-12,-2.096E-12
7.994E6,-1.576E-12,-1.651E-12,-2.002E-12,-2.096E-12
7.995E6,-1.576E-12,-1.651E-12,-2.002E-12,-2.096E-12
7.996E6,-1.576E-12,-1.651E-12,-2.002E-12,-2.097E-12
7.997E6,-1.577E-12,-1.651E-12,-2.003E-12,-2.097E-12
7.998E6,-1.577E-12,-1.652E-12,-2.003E-12,-2.097E-12
7.999E6,-1.577E-12,-1.652E-12,-2.003E-12,-2.097E-12
8.000E6,-1.577E-12,-1.652E-12,-2.003E-12,-2.098E-12
8.001E6,-1.577E-12,-1.652E-12,-2.004E-12,-2.098E-12
8.002E6,-1.578E-12,-1.652E-12,-2.004E-12,-2.098E-12
8.003E6,-1.578E-12,-1.653E-12,-2.004E-12,-2.099E-12
8.004E6,-1.578E-12,-1.653E-12,-2.004E-12,-2.099E-12
8.005E6,-1.578E-12,-1.653E-12,-2.005E-12,-2.099E-12
8.006E6,-1.578E-12,-1.653E-12,-2.005E-12,-2.099E-12
8.007E6,-1.578E-12,-1.653E-12,-2.005E-12,-2.100E-12
8.008E6,-1.579E-12,-1.654E-12,-2.005E-12,-2.100E-12
8.009E6,-1.579E-12,-1.654E-12,-2.006E-12,-2.100E-12
8.010E6,-1.579E-12,-1.654E-12,-2.006E-12,-2.100E-12
8.011E6,-1.579E-12,-1.654E-12,-2.006E-12,-2.101E-12
8.012E6,-1.579E-12,-1.654E-12,-2.006E-12,-2.101E-12
8.013E6,-1.580E-12,-1.655E-12,-2.007E-12,-2.101E-12
8.014E6,-1.580E-12,-1.655E-12,-2.007E-12,-2.101E-12
8.015E6,-1.580E-12,-1.655E-12,-2.007E-12,-2.102E-12
8.016E6,-1.580E-12,-1.655E-12,-2.007E-12,-2.102E-12
8.017E6,-1.580E-12,-1.655E-12,-2.008E-12,-2.102E-12
8.018E6,-1.581E-12,-1.656E-12,-2.008E-12,-2.102E-12
8.019E6,-1.581E-12,-1.656E-12,-2.008E-12,-2.103E-12
8.020E6,-1.581E-12,-1.656E-12,-2.008E-12,-2.103E-12
8.021E6,-1.581E-12,-1.656E-12,-2.009E-12,-2.103E-12
8.022E6,-1.581E-12,-1.656E-12,-2.009E-12,-2.104E-12
8.023E6,-1.582E-12,-1.657E-12,-2.009E-12,-2.104E-12
8.024E6,-1.582E-12,-1.657E-12,-2.009E-12,-2.104E-12
8.025E6,-1.582E-12,-1.657E-12,-2.010E-12,-2.104E-12
8.026E6,-1.582E-12,-1.657E-12,-2.010E-12,-2.105E-12
8.027E6,-1.582E-12,-1.658E-12,-2.010E-12,-2.105E-12
8.028E6,-1.583E-12,-1.658E-12,-2.010E-12,-2.105E-12
8.029E6,-1.583E-12,-1.658E-12,-2.011E-12,-2.105E-12
8.030E6,-1.583E-12,-1.658E-12,-2.011E-12,-2.106E-12
8.031E6,-1.583E-12,-1.658E-12,-2.011E-12,-2.106E-12
8.032E6,-1.583E-12,-1.659E-12,-2.011E-12,-2.106E-12
8.033E6,-1.584E-12,-1.659E-12,-2.012E-12,-2.106E-12
8.034E6,-1.584E-12,-1.659E-12,-2.012E-12,-2.107E-12
8.035E6,-1.584E-12,-1.659E-12,-2.012E-12,-2.107E-12
8.036E6,-1.584E-12,-1.659E-12,-2.012E-12,-2.107E-12
8.037E6,-1.584E-12,-1.660E-12,-2.013E-12,-2.107E-12
8.038E6,-1.585E-12,-1.660E-12,-2.013E-12,-2.108E-12
8.039E6,-1.585E-12,-1.660E-12,-2.013E-12,-2.108E-12
8.040E6,-1.585E-12,-1.660E-12,-2.013E-12,-2.108E-12
8.041E6,-1.585E-12,-1.660E-12,-2.014E-12,-2.109E-12
8.042E6,-1.585E-12,-1.661E-12,-2.014E-12,-2.109E-12
8.043E6,-1.586E-12,-1.661E-12,-2.014E-12,-2.109E-12
8.044E6,-1.586E-12,-1.661E-12,-2.014E-12,-2.109E-12
8.045E6,-1.586E-12,-1.661E-12,-2.015E-12,-2.110E-12
8.046E6,-1.586E-12,-1.661E-12,-2.015E-12,-2.110E-12
8.047E6,-1.586E-12,-1.662E-12,-2.015E-12,-2.110E-12
8.048E6,-1.587E-12,-1.662E-12,-2.015E-12,-2.110E-12
8.049E6,-1.587E-12,-1.662E-12,-2.016E-12,-2.111E-12
8.050E6,-1.587E-12,-1.662E-12,-2.016E-12,-2.111E-12
8.051E6,-1.587E-12,-1.662E-12,-2.016E-12,-2.111E-12
8.052E6,-1.587E-12,-1.663E-12,-2.016E-12,-2.111E-12
8.053E6,-1.588E-12,-1.663E-12,-2.017E-12,-2.112E-12
8.054E6,-1.588E-12,-1.663E-12,-2.017E-12,-2.112E-12
8.055E6,-1.588E-12,-1.663E-12,-2.017E-12,-2.112E-12
8.056E6,-1.588E-12,-1.663E-12,-2.017E-12,-2.112E-12
8.057E6,-1.588E-12,-1.664E-12,-2.018E-12,-2.113E-12
8.058E6,-1.589E-12,-1.664E-12,-2.018E-12,-2.113E-12
8.059E6,-1.589E-12,-1.664E-12,-2.018E-12,-2.113E-12
8.060E6,-1.589E-12,-1.664E-12,-2.018E-12,-2.113E-12
8.061E6,-1.589E-12,-1.665E-12,-2.019E-12,-2.114E-12
8.062E6,-1.589E-12,-1.665E-12,-2.019E-12,-2.114E-12
8.063E6,-1.590E-12,-1.665E-12,-2.019E-12,-2.114E-12
8.064E6,-1.590E-12,-1.665E-12,-2.019E-12,-2.115E-12
8.065E6,-1.590E-12,-1.665E-12,-2.020E-12,-2.115E-12
8.066E6,-1.590E-12,-1.666E-12,-2.020E-12,-2.115E-12
8.067E6,-1.590E-12,-1.666E-12,-2.020E-12,-2.115E-12
8.068E6,-1.591E-12,-1.666E-12,-2.020E-12,-2.116E-12
8.069E6,-1.591E-12,-1.666E-12,-2.021E-12,-2.116E-12
8.070E6,-1.591E-12,-1.666E-12,-2.021E-12,-2.116E-12
8.071E6,-1.591E-12,-1.667E-12,-2.021E-12,-2.116E-12
8.072E6,-1.591E-12,-1.667E-12,-2.021E-12,-2.117E-12
8.073E6,-1.592E-12,-1.667E-12,-2.022E-12,-2.117E-12
8.074E6,-1.592E-12,-1.667E-12,-2.022E-12,-2.117E-12
8.075E6,-1.592E-12,-1.667E-12,-2.022E-12,-2.117E-12
8.076E6,-1.592E-12,-1.668E-12,-2.022E-12,-2.118E-12
8.077E6,-1.592E-12,-1.668E-12,-2.023E-12,-2.118E-12
8.078E6,-1.592E-12,-1.668E-12,-2.023E-12,-2.118E-12
8.079E6,-1.593E-12,-1.668E-12,-2.023E-12,-2.118E-12
8.080E6,-1.593E-12,-1.668E-12,-2.023E-12,-2.119E-12
8.081E6,-1.593E-12,-1.669E-12,-2.024E-12,-2.119E-12
8.082E6,-1.593E-12,-1.669E-12,-2.024E-12,-2.119E-12
8.083E6,-1.593E-12,-1.669E-12,-2.024E-12,-2.120E-12
8.084E6,-1.594E-12,-1.669E-12,-2.024E-12,-2.120E-12
8.085E6,-1.594E-12,-1.669E-12,-2.025E-12,-2.120E-12
8.086E6,-1.594E-12,-1.670E-12,-2.025E-12,-2.120E-12
8.087E6,-1.594E-12,-1.670E-12,-2.025E-12,-2.121E-12
8.088E6,-1.594E-12,-1.670E-12,-2.025E-12,-2.121E-12
8.089E6,-1.595E-12,-1.670E-12,-2.026E-12,-2.121E-12
8.090E6,-1.595E-12,-1.671E-12,-2.026E-12,-2.121E-12
8.091E6,-1.595E-12,-1.671E-12,-2.026E-12,-2.122E-12
8.092E6,-1.595E-12,-1.671E-12,-2.026E-12,-2.122E-12
8.093E6,-1.595E-12,-1.671E-12,-2.027E-12,-2.122E-12
8.094E6,-1.596E-12,-1.671E-12,-2.027E-12,-2.122E-12
8.095E6,-1.596E-12,-1.672E-12,-2.027E-12,-2.123E-12
8.096E6,-1.596E-12,-1.672E-12,-2.027E-12,-2.123E-12
8.097E6,-1.596E-12,-1.672E-12,-2.028E-12,-2.123E-12
8.098E6,-1.596E-12,-1.672E-12,-2.028E-12,-2.123E-12
8.099E6,-1.597E-12,-1.672E-12,-2.028E-12,-2.124E-12
8.100E6,-1.597E-12,-1.673E-12,-2.028E-12,-2.124E-12
8.101E6,-1.597E-12,-1.673E-12,-2.029E-12,-2.124E-12
8.102E6,-1.597E-12,-1.673E-12,-2.029E-12,-2.125E-12
8.103E6,-1.597E-12,-1.673E-12,-2.029E-12,-2.125E-12
8.104E6,-1.598E-12,-1.673E-12,-2.029E-12,-2.125E-12
8.105E6,-1.598E-12,-1.674E-12,-2.030E-12,-2.125E-12
8.106E6,-1.598E-12,-1.674E-12,-2.030E-12,-2.126E-12
8.107E6,-1.598E-12,-1.674E-12,-2.030E-12,-2.126E-12
8.108E6,-1.598E-12,-1.674E-12,-2.030E-12,-2.126E-12
8.109E6,-1.599E-12,-1.674E-12,-2.031E-12,-2.126E-12
8.110E6,-1.599E-12,-1.675E-12,-2.031E-12,-2.127E-12
8.111E6,-1.599E-12,-1.675E-12,-2.031E-12,-2.127E-12
8.112E6,-1.599E-12,-1.675E-12,-2.031E-12,-2.127E-12
8.113E6,-1.599E-12,-1.675E-12,-2.032E-12,-2.127E-12
8.114E6,-1.600E-12,-1.675E-12,-2.032E-12,-2.128E-12
8.115E6,-1.600E-12,-1.676E-12,-2.032E-12,-2.128E-12
8.116E6,-1.600E-12,-1.676E-12,-2.032E-12,-2.128E-12
8.117E6,-1.600E-12,-1.676E-12,-2.033E-12,-2.128E-12
8.118E6,-1.600E-12,-1.676E-12,-2.033E-12,-2.129E-12
8.119E6,-1.601E-12,-1.677E-12,-2.033E-12,-2.129E-12
8.120E6,-1.601E-12,-1.677E-12,-2.033E-12,-2.129E-12
8.121E6,-1.601E-12,-1.677E-12,-2.034E-12,-2.129E-12
8.122E6,-1.601E-12,-1.677E-12,-2.034E-12,-2.130E-12
8.123E6,-1.601E-12,-1.677E-12,-2.034E-12,-2.130E-12
8.124E6,-1.602E-12,-1.678E-12,-2.034E-12,-2.130E-12
8.125E6,-1.602E-12,-1.678E-12,-2.035E-12,-2.131E-12
8.126E6,-1.602E-12,-1.678E-12,-2.035E-12,-2.131E-12
8.127E6,-1.602E-12,-1.678E-12,-2.035E-12,-2.131E-12
8.128E6,-1.602E-12,-1.678E-12,-2.036E-12,-2.131E-12
8.129E6,-1.603E-12,-1.679E-12,-2.036E-12,-2.132E-12
8.130E6,-1.603E-12,-1.679E-12,-2.036E-12,-2.132E-12
8.131E6,-1.603E-12,-1.679E-12,-2.036E-12,-2.132E-12
8.132E6,-1.603E-12,-1.679E-12,-2.037E-12,-2.132E-12
8.133E6,-1.603E-12,-1.679E-12,-2.037E-12,-2.133E-12
8.134E6,-1.604E-12,-1.680E-12,-2.037E-12,-2.133E-12
8.135E6,-1.604E-12,-1.680E-12,-2.037E-12,-2.133E-12
8.136E6,-1.604E-12,-1.680E-12,-2.038E-12,-2.133E-12
8.137E6,-1.604E-12,-1.680E-12,-2.038E-12,-2.134E-12
8.138E6,-1.604E-12,-1.680E-12,-2.038E-12,-2.134E-12
8.139E6,-1.605E-12,-1.681E-12,-2.038E-12,-2.134E-12
8.140E6,-1.605E-12,-1.681E-12,-2.039E-12,-2.134E-12
8.141E6,-1.605E-12,-1.681E-12,-2.039E-12,-2.135E-12
8.142E6,-1.605E-12,-1.681E-12,-2.039E-12,-2.135E-12
8.143E6,-1.605E-12,-1.681E-12,-2.039E-12,-2.135E-12
8.144E6,-1.605E-12,-1.682E-12,-2.040E-12,-2.136E-12
8.145E6,-1.606E-12,-1.682E-12,-2.040E-12,-2.136E-12
8.146E6,-1.606E-12,-1.682E-12,-2.040E-12,-2.136E-12
8.147E6,-1.606E-12,-1.682E-12,-2.040E-12,-2.136E-12
8.148E6,-1.606E-12,-1.682E-12,-2.041E-12,-2.137E-12
8.149E6,-1.606E-12,-1.683E-12,-2.041E-12,-2.137E-12
8.150E6,-1.607E-12,-1.683E-12,-2.041E-12,-2.137E-12
8.151E6,-1.607E-12,-1.683E-12,-2.041E-12,-2.137E-12
8.152E6,-1.607E-12,-1.683E-12,-2.042E-12,-2.138E-12
8.153E6,-1.607E-12,-1.684E-12,-2.042E-12,-2.138E-12
8.154E6,-1.607E-12,-1.684E-12,-2.042E-12,-2.138E-12
8.155E6,-1.608E-12,-1.684E-12,-2.042E-12,-2.138E-12
8.156E6,-1.608E-12,-1.684E-12,-2.043E-12,-2.139E-12
8.157E6,-1.608E-12,-1.684E-12,-2.043E-12,-2.139E-12
8.158E6,-1.608E-12,-1.685E-12,-2.043E-12,-2.139E-12
8.159E6,-1.608E-12,-1.685E-12,-2.043E-12,-2.139E-12
8.160E6,-1.609E-12,-1.685E-12,-2.044E-12,-2.140E-12
8.161E6,-1.609E-12,-1.685E-12,-2.044E-12,-2.140E-12
8.162E6,-1.609E-12,-1.685E-12,-2.044E-12,-2.140E-12
8.163E6,-1.609E-12,-1.686E-12,-2.044E-12,-2.140E-12
8.164E6,-1.609E-12,-1.686E-12,-2.045E-12,-2.141E-12
8.165E6,-1.610E-12,-1.686E-12,-2.045E-12,-2.141E-12
8.166E6,-1.610E-12,-1.686E-12,-2.045E-12,-2.141E-12
8.167E6,-1.610E-12,-1.686E-12,-2.045E-12,-2.142E-12
8.168E6,-1.610E-12,-1.687E-12,-2.046E-12,-2.142E-12
8.169E6,-1.610E-12,-1.687E-12,-2.046E-12,-2.142E-12
8.170E6,-1.611E-12,-1.687E-12,-2.046E-12,-2.142E-12
8.171E6,-1.611E-12,-1.687E-12,-2.046E-12,-2.143E-12
8.172E6,-1.611E-12,-1.687E-12,-2.047E-12,-2.143E-12
8.173E6,-1.611E-12,-1.688E-12,-2.047E-12,-2.143E-12
8.174E6,-1.611E-12,-1.688E-12,-2.047E-12,-2.143E-12
8.175E6,-1.612E-12,-1.688E-12,-2.047E-12,-2.144E-12
8.176E6,-1.612E-12,-1.688E-12,-2.048E-12,-2.144E-12
8.177E6,-1.612E-12,-1.688E-12,-2.048E-12,-2.144E-12
8.178E6,-1.612E-12,-1.689E-12,-2.048E-12,-2.144E-12
8.179E6,-1.612E-12,-1.689E-12,-2.048E-12,-2.145E-12
8.180E6,-1.613E-12,-1.689E-12,-2.049E-12,-2.145E-12
8.181E6,-1.613E-12,-1.689E-12,-2.049E-12,-2.145E-12
8.182E6,-1.613E-12,-1.690E-12,-2.049E-12,-2.145E-12
8.183E6,-1.613E-12,-1.690E-12,-2.049E-12,-2.146E-12
8.184E6,-1.613E-12,-1.690E-12,-2.050E-12,-2.146E-12
8.185E6,-1.614E-12,-1.690E-12,-2.050E-12,-2.146E-12
8.186E6,-1.614E-12,-1.690E-12,-2.050E-12,-2.147E-12
8.187E6,-1.614E-12,-1.691E-12,-2.050E-12,-2.147E-12
8.188E6,-1.614E-12,-1.691E-12,-2.051E-12,-2.147E-12
8.189E6,-1.614E-12,-1.691E-12,-2.051E-12,-2.147E-12
8.190E6,-1.615E-12,-1.691E-12,-2.051E-12,-2.148E-12
8.191E6,-1.615E-12,-1.691E-12,-2.051E-12,-2.148E-12
8.192E6,-1.615E-12,-1.692E-12,-2.052E-12,-2.148E-12
8.193E6,-1.615E-12,-1.692E-12,-2.052E-12,-2.148E-12
8.194E6,-1.615E-12,-1.692E-12,-2.052E-12,-2.149E-12
8.195E6,-1.616E-12,-1.692E-12,-2.052E-12,-2.149E-12
8.196E6,-1.616E-12,-1.692E-12,-2.053E-12,-2.149E-12
8.197E6,-1.616E-12,-1.693E-12,-2.053E-12,-2.149E-12
8.198E6,-1.616E-12,-1.693E-12,-2.053E-12,-2.150E-12
8.199E6,-1.616E-12,-1.693E-12,-2.053E-12,-2.150E-12
8.200E6,-1.617E-12,-1.693E-12,-2.054E-12,-2.150E-12
8.201E6,-1.617E-12,-1.693E-12,-2.054E-12,-2.150E-12
8.202E6,-1.617E-12,-1.694E-12,-2.054E-12,-2.151E-12
8.203E6,-1.617E-12,-1.694E-12,-2.054E-12,-2.151E-12
8.204E6,-1.617E-12,-1.694E-12,-2.055E-12,-2.151E-12
8.205E6,-1.618E-12,-1.694E-12,-2.055E-12,-2.152E-12
8.206E6,-1.618E-12,-1.694E-12,-2.055E-12,-2.152E-12
8.207E6,-1.618E-12,-1.695E-12,-2.055E-12,-2.152E-12
8.208E6,-1.618E-12,-1.695E-12,-2.056E-12,-2.152E-12
8.209E6,-1.618E-12,-1.695E-12,-2.056E-12,-2.153E-12
8.210E6,-1.619E-12,-1.695E-12,-2.056E-12,-2.153E-12
8.211E6,-1.619E-12,-1.696E-12,-2.056E-12,-2.153E-12
8.212E6,-1.619E-12,-1.696E-12,-2.057E-12,-2.153E-12
8.213E6,-1.619E-12,-1.696E-12,-2.057E-12,-2.154E-12
8.214E6,-1.619E-12,-1.696E-12,-2.057E-12,-2.154E-12
8.215E6,-1.619E-12,-1.696E-12,-2.057E-12,-2.154E-12
8.216E6,-1.620E-12,-1.697E-12,-2.058E-12,-2.154E-12
8.217E6,-1.620E-12,-1.697E-12,-2.058E-12,-2.155E-12
8.218E6,-1.620E-12,-1.697E-12,-2.058E-12,-2.155E-12
8.219E6,-1.620E-12,-1.697E-12,-2.058E-12,-2.155E-12
8.220E6,-1.620E-12,-1.697E-12,-2.059E-12,-2.155E-12
8.221E6,-1.621E-12,-1.698E-12,-2.059E-12,-2.156E-12
8.222E6,-1.621E-12,-1.698E-12,-2.059E-12,-2.156E-12
8.223E6,-1.621E-12,-1.698E-12,-2.059E-12,-2.156E-12
8.224E6,-1.621E-12,-1.698E-12,-2.060E-12,-2.156E-12
8.225E6,-1.621E-12,-1.698E-12,-2.060E-12,-2.157E-12
8.226E6,-1.622E-12,-1.699E-12,-2.060E-12,-2.157E-12
8.227E6,-1.622E-12,-1.699E-12,-2.060E-12,-2.157E-12
8.228E6,-1.622E-12,-1.699E-12,-2.061E-12,-2.158E-12
8.229E6,-1.622E-12,-1.699E-12,-2.061E-12,-2.158E-12
8.230E6,-1.622E-12,-1.699E-12,-2.061E-12,-2.158E-12
8.231E6,-1.623E-12,-1.700E-12,-2.061E-12,-2.158E-12
8.232E6,-1.623E-12,-1.700E-12,-2.062E-12,-2.159E-12
8.233E6,-1.623E-12,-1.700E-12,-2.062E-12,-2.159E-12
8.234E6,-1.623E-12,-1.700E-12,-2.062E-12,-2.159E-12
8.235E6,-1.623E-12,-1.700E-12,-2.062E-12,-2.159E-12
8.236E6,-1.624E-12,-1.701E-12,-2.063E-12,-2.160E-12
8.237E6,-1.624E-12,-1.701E-12,-2.063E-12,-2.160E-12
8.238E6,-1.624E-12,-1.701E-12,-2.063E-12,-2.160E-12
8.239E6,-1.624E-12,-1.701E-12,-2.063E-12,-2.160E-12
8.240E6,-1.624E-12,-1.701E-12,-2.064E-12,-2.161E-12
8.241E6,-1.625E-12,-1.702E-12,-2.064E-12,-2.161E-12
8.242E6,-1.625E-12,-1.702E-12,-2.064E-12,-2.161E-12
8.243E6,-1.625E-12,-1.702E-12,-2.064E-12,-2.161E-12
8.244E6,-1.625E-12,-1.702E-12,-2.065E-12,-2.162E-12
8.245E6,-1.625E-12,-1.703E-12,-2.065E-12,-2.162E-12
8.246E6,-1.626E-12,-1.703E-12,-2.065E-12,-2.162E-12
8.247E6,-1.626E-12,-1.703E-12,-2.065E-12,-2.163E-12
8.248E6,-1.626E-12,-1.703E-12,-2.066E-12,-2.163E-12
8.249E6,-1.626E-12,-1.703E-12,-2.066E-12,-2.163E-12
8.250E6,-1.626E-12,-1.704E-12,-2.066E-12,-2.163E-12
8.251E6,-1.627E-12,-1.704E-12,-2.066E-12,-2.164E-12
8.252E6,-1.627E-12,-1.704E-12,-2.067E-12,-2.164E-12
8.253E6,-1.627E-12,-1.704E-12,-2.067E-12,-2.164E-12
8.254E6,-1.627E-12,-1.704E-12,-2.067E-12,-2.164E-12
8.255E6,-1.627E-12,-1.705E-12,-2.067E-12,-2.165E-12
8.256E6,-1.628E-12,-1.705E-12,-2.068E-12,-2.165E-12
8.257E6,-1.628E-12,-1.705E-12,-2.068E-12,-2.165E-12
8.258E6,-1.628E-12,-1.705E-12,-2.068E-12,-2.165E-12
8.259E6,-1.628E-12,-1.705E-12,-2.068E-12,-2.166E-12
8.260E6,-1.628E-12,-1.706E-12,-2.069E-12,-2.166E-12
8.261E6,-1.629E-12,-1.706E-12,-2.069E-12,-2.166E-12
8.262E6,-1.629E-12,-1.706E-12,-2.069E-12,-2.166E-12
8.263E6,-1.629E-12,-1.706E-12,-2.069E-12,-2.167E-12
8.264E6,-1.629E-12,-1.706E-12,-2.070E-12,-2.167E-12
8.265E6,-1.629E-12,-1.707E-12,-2.070E-12,-2.167E-12
8.266E6,-1.630E-12,-1.707E-12,-2.070E-12,-2.168E-12
8.267E6,-1.630E-12,-1.707E-12,-2.070E-12,-2.168E-12
8.268E6,-1.630E-12,-1.707E-12,-2.071E-12,-2.168E-12
8.269E6,-1.630E-12,-1.707E-12,-2.071E-12,-2.168E-12
8.270E6,-1.630E-12,-1.708E-12,-2.071E-12,-2.169E-12
8.271E6,-1.631E-12,-1.708E-12,-2.071E-12,-2.169E-12
8.272E6,-1.631E-12,-1.708E-12,-2.072E-12,-2.169E-12
8.273E6,-1.631E-12,-1.708E-12,-2.072E-12,-2.169E-12
8.274E6,-1.631E-12,-1.709E-12,-2.072E-12,-2.170E-12
8.275E6,-1.631E-12,-1.709E-12,-2.072E-12,-2.170E-12
8.276E6,-1.632E-12,-1.709E-12,-2.073E-12,-2.170E-12
8.277E6,-1.632E-12,-1.709E-12,-2.073E-12,-2.170E-12
8.278E6,-1.632E-12,-1.709E-12,-2.073E-12,-2.171E-12
8.279E6,-1.632E-12,-1.710E-12,-2.073E-12,-2.171E-12
8.280E6,-1.632E-12,-1.710E-12,-2.074E-12,-2.171E-12
8.281E6,-1.633E-12,-1.710E-12,-2.074E-12,-2.171E-12
8.282E6,-1.633E-12,-1.710E-12,-2.074E-12,-2.172E-12
8.283E6,-1.633E-12,-1.710E-12,-2.074E-12,-2.172E-12
8.284E6,-1.633E-12,-1.711E-12,-2.075E-12,-2.172E-12
8.285E6,-1.633E-12,-1.711E-12,-2.075E-12,-2.172E-12
8.286E6,-1.633E-12,-1.711E-12,-2.075E-12,-2.173E-12
8.287E6,-1.634E-12,-1.711E-12,-2.075E-12,-2.173E-12
8.288E6,-1.634E-12,-1.711E-12,-2.076E-12,-2.173E-12
8.289E6,-1.634E-12,-1.712E-12,-2.076E-12,-2.174E-12
8.290E6,-1.634E-12,-1.712E-12,-2.076E-12,-2.174E-12
8.291E6,-1.634E-12,-1.712E-12,-2.076E-12,-2.174E-12
8.292E6,-1.635E-12,-1.712E-12,-2.077E-12,-2.174E-12
8.293E6,-1.635E-12,-1.712E-12,-2.077E-12,-2.175E-12
8.294E6,-1.635E-12,-1.713E-12,-2.077E-12,-2.175E-12
8.295E6,-1.635E-12,-1.713E-12,-2.077E-12,-2.175E-12
8.296E6,-1.635E-12,-1.713E-12,-2.078E-12,-2.175E-12
8.297E6,-1.636E-12,-1.713E-12,-2.078E-12,-2.176E-12
8.298E6,-1.636E-12,-1.713E-12,-2.078E-12,-2.176E-12
8.299E6,-1.636E-12,-1.714E-12,-2.078E-12,-2.176E-12
8.300E6,-1.636E-12,-1.714E-12,-2.079E-12,-2.176E-12
8.301E6,-1.636E-12,-1.714E-12,-2.079E-12,-2.177E-12
8.302E6,-1.637E-12,-1.714E-12,-2.079E-12,-2.177E-12
8.303E6,-1.637E-12,-1.714E-12,-2.079E-12,-2.177E-12
8.304E6,-1.637E-12,-1.715E-12,-2.080E-12,-2.177E-12
8.305E6,-1.637E-12,-1.715E-12,-2.080E-12,-2.178E-12
8.306E6,-1.637E-12,-1.715E-12,-2.080E-12,-2.178E-12
8.307E6,-1.638E-12,-1.715E-12,-2.080E-12,-2.178E-12
8.308E6,-1.638E-12,-1.716E-12,-2.081E-12,-2.179E-12
8.309E6,-1.638E-12,-1.716E-12,-2.081E-12,-2.179E-12
8.310E6,-1.638E-12,-1.716E-12,-2.081E-12,-2.179E-12
8.311E6,-1.638E-12,-1.716E-12,-2.081E-12,-2.179E-12
8.312E6,-1.639E-12,-1.716E-12,-2.082E-12,-2.180E-12
8.313E6,-1.639E-12,-1.717E-12,-2.082E-12,-2.180E-12
8.314E6,-1.639E-12,-1.717E-12,-2.082E-12,-2.180E-12
8.315E6,-1.639E-12,-1.717E-12,-2.082E-12,-2.180E-12
8.316E6,-1.639E-12,-1.717E-12,-2.083E-12,-2.181E-12
8.317E6,-1.640E-12,-1.717E-12,-2.083E-12,-2.181E-12
8.318E6,-1.640E-12,-1.718E-12,-2.083E-12,-2.181E-12
8.319E6,-1.640E-12,-1.718E-12,-2.083E-12,-2.181E-12
8.320E6,-1.640E-12,-1.718E-12,-2.084E-12,-2.182E-12
8.321E6,-1.640E-12,-1.718E-12,-2.084E-12,-2.182E-12
8.322E6,-1.641E-12,-1.718E-12,-2.084E-12,-2.182E-12
8.323E6,-1.641E-12,-1.719E-12,-2.084E-12,-2.182E-12
8.324E6,-1.641E-12,-1.719E-12,-2.085E-12,-2.183E-12
8.325E6,-1.641E-12,-1.719E-12,-2.085E-12,-2.183E-12
8.326E6,-1.641E-12,-1.719E-12,-2.085E-12,-2.183E-12
8.327E6,-1.642E-12,-1.719E-12,-2.085E-12,-2.183E-12
8.328E6,-1.642E-12,-1.720E-12,-2.086E-12,-2.184E-12
8.329E6,-1.642E-12,-1.720E-12,-2.086E-12,-2.184E-12
8.330E6,-1.642E-12,-1.720E-12,-2.086E-12,-2.184E-12
8.331E6,-1.642E-12,-1.720E-12,-2.086E-12,-2.185E-12
8.332E6,-1.643E-12,-1.720E-12,-2.087E-12,-2.185E-12
8.333E6,-1.643E-12,-1.721E-12,-2.087E-12,-2.185E-12
8.334E6,-1.643E-12,-1.721E-12,-2.087E-12,-2.185E-12
8.335E6,-1.643E-12,-1.721E-12,-2.087E-12,-2.186E-12
8.336E6,-1.643E-12,-1.721E-12,-2.088E-12,-2.186E-12
8.337E6,-1.644E-12,-1.722E-12,-2.088E-12,-2.186E-12
8.338E6,-1.644E-12,-1.722E-12,-2.088E-12,-2.186E-12
8.339E6,-1.644E-12,-1.722E-12,-2.088E-12,-2.187E-12
8.340E6,-1.644E-12,-1.722E-12,-2.089E-12,-2.187E-12
8.341E6,-1.644E-12,-1.722E-12,-2.089E-12,-2.187E-12
8.342E6,-1.645E-12,-1.723E-12,-2.089E-12,-2.187E-12
8.343E6,-1.645E-12,-1.723E-12,-2.089E-12,-2.188E-12
8.344E6,-1.645E-12,-1.723E-12,-2.090E-12,-2.188E-12
8.345E6,-1.645E-12,-1.723E-12,-2.090E-12,-2.188E-12
8.346E6,-1.645E-12,-1.723E-12,-2.090E-12,-2.188E-12
8.347E6,-1.646E-12,-1.724E-12,-2.090E-12,-2.189E-12
8.348E6,-1.646E-12,-1.724E-12,-2.091E-12,-2.189E-12
8.349E6,-1.646E-12,-1.724E-12,-2.091E-12,-2.189E-12
8.350E6,-1.646E-12,-1.724E-12,-2.091E-12,-2.190E-12
8.351E6,-1.646E-12,-1.724E-12,-2.091E-12,-2.190E-12
8.352E6,-1.647E-12,-1.725E-12,-2.092E-12,-2.190E-12
8.353E6,-1.647E-12,-1.725E-12,-2.092E-12,-2.190E-12
8.354E6,-1.647E-12,-1.725E-12,-2.092E-12,-2.191E-12
8.355E6,-1.647E-12,-1.725E-12,-2.092E-12,-2.191E-12
8.356E6,-1.647E-12,-1.725E-12,-2.093E-12,-2.191E-12
8.357E6,-1.647E-12,-1.726E-12,-2.093E-12,-2.191E-12
8.358E6,-1.648E-12,-1.726E-12,-2.093E-12,-2.192E-12
8.359E6,-1.648E-12,-1.726E-12,-2.093E-12,-2.192E-12
8.360E6,-1.648E-12,-1.726E-12,-2.094E-12,-2.192E-12
8.361E6,-1.648E-12,-1.726E-12,-2.094E-12,-2.192E-12
8.362E6,-1.648E-12,-1.727E-12,-2.094E-12,-2.193E-12
8.363E6,-1.649E-12,-1.727E-12,-2.094E-12,-2.193E-12
8.364E6,-1.649E-12,-1.727E-12,-2.095E-12,-2.193E-12
8.365E6,-1.649E-12,-1.727E-12,-2.095E-12,-2.193E-12
8.366E6,-1.649E-12,-1.728E-12,-2.095E-12,-2.194E-12
8.367E6,-1.649E-12,-1.728E-12,-2.095E-12,-2.194E-12
8.368E6,-1.650E-12,-1.728E-12,-2.096E-12,-2.194E-12
8.369E6,-1.650E-12,-1.728E-12,-2.096E-12,-2.195E-12
8.370E6,-1.650E-12,-1.728E-12,-2.096E-12,-2.195E-12
8.371E6,-1.650E-12,-1.729E-12,-2.096E-12,-2.195E-12
8.372E6,-1.650E-12,-1.729E-12,-2.097E-12,-2.195E-12
8.373E6,-1.651E-12,-1.729E-12,-2.097E-12,-2.196E-12
8.374E6,-1.651E-12,-1.729E-12,-2.097E-12,-2.196E-12
8.375E6,-1.651E-12,-1.729E-12,-2.097E-12,-2.196E-12
8.376E6,-1.651E-12,-1.730E-12,-2.098E-12,-2.196E-12
8.377E6,-1.651E-12,-1.730E-12,-2.098E-12,-2.197E-12
8.378E6,-1.652E-12,-1.730E-12,-2.098E-12,-2.197E-12
8.379E6,-1.652E-12,-1.730E-12,-2.098E-12,-2.197E-12
8.380E6,-1.652E-12,-1.730E-12,-2.099E-12,-2.197E-12
8.381E6,-1.652E-12,-1.731E-12,-2.099E-12,-2.198E-12
8.382E6,-1.652E-12,-1.731E-12,-2.099E-12,-2.198E-12
8.383E6,-1.653E-12,-1.731E-12,-2.099E-12,-2.198E-12
8.384E6,-1.653E-12,-1.731E-12,-2.100E-12,-2.198E-12
8.385E6,-1.653E-12,-1.731E-12,-2.100E-12,-2.199E-12
8.386E6,-1.653E-12,-1.732E-12,-2.100E-12,-2.199E-12
8.387E6,-1.653E-12,-1.732E-12,-2.100E-12,-2.199E-12
8.388E6,-1.654E-12,-1.732E-12,-2.101E-12,-2.199E-12
8.389E6,-1.654E-12,-1.732E-12,-2.101E-12,-2.200E-12
8.390E6,-1.654E-12,-1.732E-12,-2.101E-12,-2.200E-12
8.391E6,-1.654E-12,-1.733E-12,-2.101E-12,-2.200E-12
8.392E6,-1.654E-12,-1.733E-12,-2.102E-12,-2.201E-12
8.393E6,-1.655E-12,-1.733E-12,-2.102E-12,-2.201E-12
8.394E6,-1.655E-12,-1.733E-12,-2.102E-12,-2.201E-12
8.395E6,-1.655E-12,-1.733E-12,-2.102E-12,-2.201E-12
8.396E6,-1.655E-12,-1.734E-12,-2.103E-12,-2.202E-12
8.397E6,-1.655E-12,-1.734E-12,-2.103E-12,-2.202E-12
8.398E6,-1.656E-12,-1.734E-12,-2.103E-12,-2.202E-12
8.399E6,-1.656E-12,-1.734E-12,-2.103E-12,-2.202E-12
8.400E6,-1.656E-12,-1.735E-12,-2.104E-12,-2.203E-12
8.401E6,-1.656E-12,-1.735E-12,-2.104E-12,-2.203E-12
8.402E6,-1.656E-12,-1.735E-12,-2.104E-12,-2.203E-12
8.403E6,-1.657E-12,-1.735E-12,-2.104E-12,-2.203E-12
8.404E6,-1.657E-12,-1.735E-12,-2.105E-12,-2.204E-12
8.405E6,-1.657E-12,-1.736E-12,-2.105E-12,-2.204E-12
8.406E6,-1.657E-12,-1.736E-12,-2.105E-12,-2.204E-12
8.407E6,-1.657E-12,-1.736E-12,-2.105E-12,-2.204E-12
8.408E6,-1.658E-12,-1.736E-12,-2.106E-12,-2.205E-12
8.409E6,-1.658E-12,-1.736E-12,-2.106E-12,-2.205E-12
8.410E6,-1.658E-12,-1.737E-12,-2.106E-12,-2.205E-12
8.411E6,-1.658E-12,-1.737E-12,-2.106E-12,-2.206E-12
8.412E6,-1.658E-12,-1.737E-12,-2.107E-12,-2.206E-12
8.413E6,-1.659E-12,-1.737E-12,-2.107E-12,-2.206E-12
8.414E6,-1.659E-12,-1.737E-12,-2.107E-12,-2.206E-12
8.415E6,-1.659E-12,-1.738E-12,-2.107E-12,-2.207E-12
8.416E6,-1.659E-12,-1.738E-12,-2.108E-12,-2.207E-12
8.417E6,-1.659E-12,-1.738E-12,-2.108E-12,-2.207E-12
8.418E6,-1.660E-12,-1.738E-12,-2.108E-12,-2.207E-12
8.419E6,-1.660E-12,-1.738E-12,-2.108E-12,-2.208E-12
8.420E6,-1.660E-12,-1.739E-12,-2.109E-12,-2.208E-12
8.421E6,-1.660E-12,-1.739E-12,-2.109E-12,-2.208E-12
8.422E6,-1.660E-12,-1.739E-12,-2.109E-12,-2.208E-12
8.423E6,-1.660E-12,-1.739E-12,-2.109E-12,-2.209E-12
8.424E6,-1.661E-12,-1.739E-12,-2.110E-12,-2.209E-12
8.425E6,-1.661E-12,-1.740E-12,-2.110E-12,-2.209E-12
8.426E6,-1.661E-12,-1.740E-12,-2.110E-12,-2.209E-12
8.427E6,-1.661E-12,-1.740E-12,-2.110E-12,-2.210E-12
8.428E6,-1.661E-12,-1.740E-12,-2.111E-12,-2.210E-12
8.429E6,-1.662E-12,-1.741E-12,-2.111E-12,-2.210E-12
8.430E6,-1.662E-12,-1.741E-12,-2.111E-12,-2.211E-12
8.431E6,-1.662E-12,-1.741E-12,-2.111E-12,-2.211E-12
8.432E6,-1.662E-12,-1.741E-12,-2.112E-12,-2.211E-12
8.433E6,-1.662E-12,-1.741E-12,-2.112E-12,-2.211E-12
8.434E6,-1.663E-12,-1.742E-12,-2.112E-12,-2.212E-12
8.435E6,-1.663E-12,-1.742E-12,-2.112E-12,-2.212E-12
8.436E6,-1.663E-12,-1.742E-12,-2.113E-12,-2.212E-12
8.437E6,-1.663E-12,-1.742E-12,-2.113E-12,-2.212E-12
8.438E6,-1.663E-12,-1.742E-12,-2.113E-12,-2.213E-12
8.439E6,-1.664E-12,-1.743E-12,-2.113E-12,-2.213E-12
8.440E6,-1.664E-12,-1.743E-12,-2.114E-12,-2.213E-12
8.441E6,-1.664E-12,-1.743E-12,-2.114E-12,-2.213E-12
8.442E6,-1.664E-12,-1.743E-12,-2.114E-12,-2.214E-12
8.443E6,-1.664E-12,-1.743E-12,-2.114E-12,-2.214E-12
8.444E6,-1.665E-12,-1.744E-12,-2.115E-12,-2.214E-12
8.445E6,-1.665E-12,-1.744E-12,-2.115E-12,-2.214E-12
8.446E6,-1.665E-12,-1.744E-12,-2.115E-12,-2.215E-12
8.447E6,-1.665E-12,-1.744E-12,-2.115E-12,-2.215E-12
8.448E6,-1.665E-12,-1.744E-12,-2.116E-12,-2.215E-12
8.449E6,-1.666E-12,-1.745E-12,-2.116E-12,-2.215E-12
8.450E6,-1.666E-12,-1.745E-12,-2.116E-12,-2.216E-12
8.451E6,-1.666E-12,-1.745E-12,-2.116E-12,-2.216E-12
8.452E6,-1.666E-12,-1.745E-12,-2.117E-12,-2.216E-12
8.453E6,-1.666E-12,-1.745E-12,-2.117E-12,-2.217E-12
8.454E6,-1.667E-12,-1.746E-12,-2.117E-12,-2.217E-12
8.455E6,-1.667E-12,-1.746E-12,-2.117E-12,-2.217E-12
8.456E6,-1.667E-12,-1.746E-12,-2.118E-12,-2.217E-12
8.457E6,-1.667E-12,-1.746E-12,-2.118E-12,-2.218E-12
8.458E6,-1.667E-12,-1.747E-12,-2.118E-12,-2.218E-12
8.459E6,-1.668E-12,-1.747E-12,-2.118E-12,-2.218E-12
8.460E6,-1.668E-12,-1.747E-12,-2.119E-12,-2.218E-12
8.461E6,-1.668E-12,-1.747E-12,-2.119E-12,-2.219E-12
8.462E6,-1.668E-12,-1.747E-12,-2.119E-12,-2.219E-12
8.463E6,-1.668E-12,-1.748E-12,-2.119E-12,-2.219E-12
8.464E6,-1.669E-12,-1.748E-12,-2.120E-12,-2.219E-12
8.465E6,-1.669E-12,-1.748E-12,-2.120E-12,-2.220E-12
8.466E6,-1.669E-12,-1.748E-12,-2.120E-12,-2.220E-12
8.467E6,-1.669E-12,-1.748E-12,-2.120E-12,-2.220E-12
8.468E6,-1.669E-12,-1.749E-12,-2.121E-12,-2.220E-12
8.469E6,-1.670E-12,-1.749E-12,-2.121E-12,-2.221E-12
8.470E6,-1.670E-12,-1.749E-12,-2.121E-12,-2.221E-12
8.471E6,-1.670E-12,-1.749E-12,-2.121E-12,-2.221E-12
8.472E6,-1.670E-12,-1.749E-12,-2.122E-12,-2.222E-12
8.473E6,-1.670E-12,-1.750E-12,-2.122E-12,-2.222E-12
8.474E6,-1.671E-12,-1.750E-12,-2.122E-12,-2.222E-12
8.475E6,-1.671E-12,-1.750E-12,-2.122E-12,-2.222E-12
8.476E6,-1.671E-12,-1.750E-12,-2.123E-12,-2.223E-12
8.477E6,-1.671E-12,-1.750E-12,-2.123E-12,-2.223E-12
8.478E6,-1.671E-12,-1.751E-12,-2.123E-12,-2.223E-12
8.479E6,-1.672E-12,-1.751E-12,-2.123E-12,-2.223E-12
8.480E6,-1.672E-12,-1.751E-12,-2.124E-12,-2.224E-12
8.481E6,-1.672E-12,-1.751E-12,-2.124E-12,-2.224E-12
8.482E6,-1.672E-12,-1.751E-12,-2.124E-12,-2.224E-12
8.483E6,-1.672E-12,-1.752E-12,-2.124E-12,-2.224E-12
8.484E6,-1.673E-12,-1.752E-12,-2.125E-12,-2.225E-12
8.485E6,-1.673E-12,-1.752E-12,-2.125E-12,-2.225E-12
8.486E6,-1.673E-12,-1.752E-12,-2.125E-12,-2.225E-12
8.487E6,-1.673E-12,-1.752E-12,-2.125E-12,-2.225E-12
8.488E6,-1.673E-12,-1.753E-12,-2.126E-12,-2.226E-12
8.489E6,-1.674E-12,-1.753E-12,-2.126E-12,-2.226E-12
8.490E6,-1.674E-12,-1.753E-12,-2.126E-12,-2.226E-12
8.491E6,-1.674E-12,-1.753E-12,-2.126E-12,-2.227E-12
8.492E6,-1.674E-12,-1.754E-12,-2.127E-12,-2.227E-12
8.493E6,-1.674E-12,-1.754E-12,-2.127E-12,-2.227E-12
8.494E6,-1.674E-12,-1.754E-12,-2.127E-12,-2.227E-12
8.495E6,-1.675E-12,-1.754E-12,-2.127E-12,-2.228E-12
8.496E6,-1.675E-12,-1.754E-12,-2.128E-12,-2.228E-12
8.497E6,-1.675E-12,-1.755E-12,-2.128E-12,-2.228E-12
8.498E6,-1.675E-12,-1.755E-12,-2.128E-12,-2.228E-12
8.499E6,-1.675E-12,-1.755E-12,-2.128E-12,-2.229E-12
8.500E6,-1.676E-12,-1.755E-12,-2.129E-12,-2.229E-12
8.501E6,-1.676E-12,-1.755E-12,-2.129E-12,-2.229E-12
8.502E6,-1.676E-12,-1.756E-12,-2.129E-12,-2.229E-12
8.503E6,-1.676E-12,-1.756E-12,-2.129E-12,-2.230E-12
8.504E6,-1.676E-12,-1.756E-12,-2.130E-12,-2.230E-12
8.505E6,-1.677E-12,-1.756E-12,-2.130E-12,-2.230E-12
8.506E6,-1.677E-12,-1.756E-12,-2.130E-12,-2.230E-12
8.507E6,-1.677E-12,-1.757E-12,-2.130E-12,-2.231E-12
8.508E6,-1.677E-12,-1.757E-12,-2.131E-12,-2.231E-12
8.509E6,-1.677E-12,-1.757E-12,-2.131E-12,-2.231E-12
8.510E6,-1.678E-12,-1.757E-12,-2.131E-12,-2.231E-12
8.511E6,-1.678E-12,-1.757E-12,-2.131E-12,-2.232E-12
8.512E6,-1.678E-12,-1.758E-12,-2.132E-12,-2.232E-12
8.513E6,-1.678E-12,-1.758E-12,-2.132E-12,-2.232E-12
8.514E6,-1.678E-12,-1.758E-12,-2.132E-12,-2.233E-12
8.515E6,-1.679E-12,-1.758E-12,-2.132E-12,-2.233E-12
8.516E6,-1.679E-12,-1.758E-12,-2.133E-12,-2.233E-12
8.517E6,-1.679E-12,-1.759E-12,-2.133E-12,-2.233E-12
8.518E6,-1.679E-12,-1.759E-12,-2.133E-12,-2.234E-12
8.519E6,-1.679E-12,-1.759E-12,-2.133E-12,-2.234E-12
8.520E6,-1.680E-12,-1.759E-12,-2.134E-12,-2.234E-12
8.521E6,-1.680E-12,-1.760E-12,-2.134E-12,-2.234E-12
8.522E6,-1.680E-12,-1.760E-12,-2.134E-12,-2.235E-12
8.523E6,-1.680E-12,-1.760E-12,-2.134E-12,-2.235E-12
8.524E6,-1.680E-12,-1.760E-12,-2.135E-12,-2.235E-12
8.525E6,-1.681E-12,-1.760E-12,-2.135E-12,-2.235E-12
8.526E6,-1.681E-12,-1.761E-12,-2.135E-12,-2.236E-12
8.527E6,-1.681E-12,-1.761E-12,-2.135E-12,-2.236E-12
8.528E6,-1.681E-12,-1.761E-12,-2.136E-12,-2.236E-12
8.529E6,-1.681E-12,-1.761E-12,-2.136E-12,-2.236E-12
8.530E6,-1.682E-12,-1.761E-12,-2.136E-12,-2.237E-12
8.531E6,-1.682E-12,-1.762E-12,-2.136E-12,-2.237E-12
8.532E6,-1.682E-12,-1.762E-12,-2.137E-12,-2.237E-12
8.533E6,-1.682E-12,-1.762E-12,-2.137E-12,-2.238E-12
8.534E6,-1.682E-12,-1.762E-12,-2.137E-12,-2.238E-12
8.535E6,-1.683E-12,-1.762E-12,-2.137E-12,-2.238E-12
8.536E6,-1.683E-12,-1.763E-12,-2.138E-12,-2.238E-12
8.537E6,-1.683E-12,-1.763E-12,-2.138E-12,-2.239E-12
8.538E6,-1.683E-12,-1.763E-12,-2.138E-12,-2.239E-12
8.539E6,-1.683E-12,-1.763E-12,-2.138E-12,-2.239E-12
8.540E6,-1.684E-12,-1.763E-12,-2.139E-12,-2.239E-12
8.541E6,-1.684E-12,-1.764E-12,-2.139E-12,-2.240E-12
8.542E6,-1.684E-12,-1.764E-12,-2.139E-12,-2.240E-12
8.543E6,-1.684E-12,-1.764E-12,-2.139E-12,-2.240E-12
8.544E6,-1.684E-12,-1.764E-12,-2.140E-12,-2.240E-12
8.545E6,-1.685E-12,-1.764E-12,-2.140E-12,-2.241E-12
8.546E6,-1.685E-12,-1.765E-12,-2.140E-12,-2.241E-12
8.547E6,-1.685E-12,-1.765E-12,-2.140E-12,-2.241E-12
8.548E6,-1.685E-12,-1.765E-12,-2.141E-12,-2.241E-12
8.549E6,-1.685E-12,-1.765E-12,-2.141E-12,-2.242E-12
8.550E6,-1.686E-12,-1.766E-12,-2.141E-12,-2.242E-12
8.551E6,-1.686E-12,-1.766E-12,-2.141E-12,-2.242E-12
8.552E6,-1.686E-12,-1.766E-12,-2.142E-12,-2.242E-12
8.553E6,-1.686E-12,-1.766E-12,-2.142E-12,-2.243E-12
8.554E6,-1.686E-12,-1.766E-12,-2.142E-12,-2.243E-12
8.555E6,-1.687E-12,-1.767E-12,-2.142E-12,-2.243E-12
8.556E6,-1.687E-12,-1.767E-12,-2.143E-12,-2.244E-12
8.557E6,-1.687E-12,-1.767E-12,-2.143E-12,-2.244E-12
8.558E6,-1.687E-12,-1.767E-12,-2.143E-12,-2.244E-12
8.559E6,-1.687E-12,-1.767E-12,-2.143E-12,-2.244E-12
8.560E6,-1.688E-12,-1.768E-12,-2.144E-12,-2.245E-12
8.561E6,-1.688E-12,-1.768E-12,-2.144E-12,-2.245E-12
8.562E6,-1.688E-12,-1.768E-12,-2.144E-12,-2.245E-12
8.563E6,-1.688E-12,-1.768E-12,-2.144E-12,-2.245E-12
8.564E6,-1.688E-12,-1.768E-12,-2.145E-12,-2.246E-12
8.565E6,-1.688E-12,-1.769E-12,-2.145E-12,-2.246E-12
8.566E6,-1.689E-12,-1.769E-12,-2.145E-12,-2.246E-12
8.567E6,-1.689E-12,-1.769E-12,-2.145E-12,-2.246E-12
8.568E6,-1.689E-12,-1.769E-12,-2.146E-12,-2.247E-12
8.569E6,-1.689E-12,-1.769E-12,-2.146E-12,-2.247E-12
8.570E6,-1.689E-12,-1.770E-12,-2.146E-12,-2.247E-12
8.571E6,-1.690E-12,-1.770E-12,-2.146E-12,-2.247E-12
8.572E6,-1.690E-12,-1.770E-12,-2.147E-12,-2.248E-12
8.573E6,-1.690E-12,-1.770E-12,-2.147E-12,-2.248E-12
8.574E6,-1.690E-12,-1.770E-12,-2.147E-12,-2.248E-12
8.575E6,-1.690E-12,-1.771E-12,-2.147E-12,-2.249E-12
8.576E6,-1.691E-12,-1.771E-12,-2.148E-12,-2.249E-12
8.577E6,-1.691E-12,-1.771E-12,-2.148E-12,-2.249E-12
8.578E6,-1.691E-12,-1.771E-12,-2.148E-12,-2.249E-12
8.579E6,-1.691E-12,-1.771E-12,-2.148E-12,-2.250E-12
8.580E6,-1.691E-12,-1.772E-12,-2.149E-12,-2.250E-12
8.581E6,-1.692E-12,-1.772E-12,-2.149E-12,-2.250E-12
8.582E6,-1.692E-12,-1.772E-12,-2.149E-12,-2.250E-12
8.583E6,-1.692E-12,-1.772E-12,-2.149E-12,-2.251E-12
8.584E6,-1.692E-12,-1.773E-12,-2.150E-12,-2.251E-12
8.585E6,-1.692E-12,-1.773E-12,-2.150E-12,-2.251E-12
8.586E6,-1.693E-12,-1.773E-12,-2.150E-12,-2.251E-12
8.587E6,-1.693E-12,-1.773E-12,-2.150E-12,-2.252E-12
8.588E6,-1.693E-12,-1.773E-12,-2.151E-12,-2.252E-12
8.589E6,-1.693E-12,-1.774E-12,-2.151E-12,-2.252E-12
8.590E6,-1.693E-12,-1.774E-12,-2.151E-12,-2.252E-12
8.591E6,-1.694E-12,-1.774E-12,-2.151E-12,-2.253E-12
8.592E6,-1.694E-12,-1.774E-12,-2.152E-12,-2.253E-12
8.593E6,-1.694E-12,-1.774E-12,-2.152E-12,-2.253E-12
8.594E6,-1.694E-12,-1.775E-12,-2.152E-12,-2.254E-12
8.595E6,-1.694E-12,-1.775E-12,-2.152E-12,-2.254E-12
8.596E6,-1.695E-12,-1.775E-12,-2.153E-12,-2.254E-12
8.597E6,-1.695E-12,-1.775E-12,-2.153E-12,-2.254E-12
8.598E6,-1.695E-12,-1.775E-12,-2.153E-12,-2.255E-12
8.599E6,-1.695E-12,-1.776E-12,-2.153E-12,-2.255E-12
8.600E6,-1.695E-12,-1.776E-12,-2.154E-12,-2.255E-12
8.601E6,-1.696E-12,-1.776E-12,-2.154E-12,-2.255E-12
8.602E6,-1.696E-12,-1.776E-12,-2.154E-12,-2.256E-12
8.603E6,-1.696E-12,-1.776E-12,-2.154E-12,-2.256E-12
8.604E6,-1.696E-12,-1.777E-12,-2.155E-12,-2.256E-12
8.605E6,-1.696E-12,-1.777E-12,-2.155E-12,-2.256E-12
8.606E6,-1.697E-12,-1.777E-12,-2.155E-12,-2.257E-12
8.607E6,-1.697E-12,-1.777E-12,-2.155E-12,-2.257E-12
8.608E6,-1.697E-12,-1.777E-12,-2.156E-12,-2.257E-12
8.609E6,-1.697E-12,-1.778E-12,-2.156E-12,-2.257E-12
8.610E6,-1.697E-12,-1.778E-12,-2.156E-12,-2.258E-12
8.611E6,-1.698E-12,-1.778E-12,-2.156E-12,-2.258E-12
8.612E6,-1.698E-12,-1.778E-12,-2.157E-12,-2.258E-12
8.613E6,-1.698E-12,-1.779E-12,-2.157E-12,-2.258E-12
8.614E6,-1.698E-12,-1.779E-12,-2.157E-12,-2.259E-12
8.615E6,-1.698E-12,-1.779E-12,-2.157E-12,-2.259E-12
8.616E6,-1.699E-12,-1.779E-12,-2.158E-12,-2.259E-12
8.617E6,-1.699E-12,-1.779E-12,-2.158E-12,-2.260E-12
8.618E6,-1.699E-12,-1.780E-12,-2.158E-12,-2.260E-12
8.619E6,-1.699E-12,-1.780E-12,-2.158E-12,-2.260E-12
8.620E6,-1.699E-12,-1.780E-12,-2.159E-12,-2.260E-12
8.621E6,-1.700E-12,-1.780E-12,-2.159E-12,-2.261E-12
8.622E6,-1.700E-12,-1.780E-12,-2.159E-12,-2.261E-12
8.623E6,-1.700E-12,-1.781E-12,-2.159E-12,-2.261E-12
8.624E6,-1.700E-12,-1.781E-12,-2.160E-12,-2.261E-12
8.625E6,-1.700E-12,-1.781E-12,-2.160E-12,-2.262E-12
8.626E6,-1.701E-12,-1.781E-12,-2.160E-12,-2.262E-12
8.627E6,-1.701E-12,-1.781E-12,-2.160E-12,-2.262E-12
8.628E6,-1.701E-12,-1.782E-12,-2.161E-12,-2.262E-12
8.629E6,-1.701E-12,-1.782E-12,-2.161E-12,-2.263E-12
8.630E6,-1.701E-12,-1.782E-12,-2.161E-12,-2.263E-12
8.631E6,-1.702E-12,-1.782E-12,-2.161E-12,-2.263E-12
8.632E6,-1.702E-12,-1.782E-12,-2.162E-12,-2.263E-12
8.633E6,-1.702E-12,-1.783E-12,-2.162E-12,-2.264E-12
8.634E6,-1.702E-12,-1.783E-12,-2.162E-12,-2.264E-12
8.635E6,-1.702E-12,-1.783E-12,-2.162E-12,-2.264E-12
8.636E6,-1.702E-12,-1.783E-12,-2.163E-12,-2.265E-12
8.637E6,-1.703E-12,-1.783E-12,-2.163E-12,-2.265E-12
8.638E6,-1.703E-12,-1.784E-12,-2.163E-12,-2.265E-12
8.639E6,-1.703E-12,-1.784E-12,-2.163E-12,-2.265E-12
8.640E6,-1.703E-12,-1.784E-12,-2.164E-12,-2.266E-12
8.641E6,-1.703E-12,-1.784E-12,-2.164E-12,-2.266E-12
8.642E6,-1.704E-12,-1.784E-12,-2.164E-12,-2.266E-12
8.643E6,-1.704E-12,-1.785E-12,-2.164E-12,-2.266E-12
8.644E6,-1.704E-12,-1.785E-12,-2.165E-12,-2.267E-12
8.645E6,-1.704E-12,-1.785E-12,-2.165E-12,-2.267E-12
8.646E6,-1.704E-12,-1.785E-12,-2.165E-12,-2.267E-12
8.647E6,-1.705E-12,-1.786E-12,-2.165E-12,-2.267E-12
8.648E6,-1.705E-12,-1.786E-12,-2.166E-12,-2.268E-12
8.649E6,-1.705E-12,-1.786E-12,-2.166E-12,-2.268E-12
8.650E6,-1.705E-12,-1.786E-12,-2.166E-12,-2.268E-12
8.651E6,-1.705E-12,-1.786E-12,-2.166E-12,-2.268E-12
8.652E6,-1.706E-12,-1.787E-12,-2.167E-12,-2.269E-12
8.653E6,-1.706E-12,-1.787E-12,-2.167E-12,-2.269E-12
8.654E6,-1.706E-12,-1.787E-12,-2.167E-12,-2.269E-12
8.655E6,-1.706E-12,-1.787E-12,-2.167E-12,-2.270E-12
8.656E6,-1.706E-12,-1.787E-12,-2.168E-12,-2.270E-12
8.657E6,-1.707E-12,-1.788E-12,-2.168E-12,-2.270E-12
8.658E6,-1.707E-12,-1.788E-12,-2.168E-12,-2.270E-12
8.659E6,-1.707E-12,-1.788E-12,-2.168E-12,-2.271E-12
8.660E6,-1.707E-12,-1.788E-12,-2.169E-12,-2.271E-12
8.661E6,-1.707E-12,-1.788E-12,-2.169E-12,-2.271E-12
8.662E6,-1.708E-12,-1.789E-12,-2.169E-12,-2.271E-12
8.663E6,-1.708E-12,-1.789E-12,-2.169E-12,-2.272E-12
8.664E6,-1.708E-12,-1.789E-12,-2.170E-12,-2.272E-12
8.665E6,-1.708E-12,-1.789E-12,-2.170E-12,-2.272E-12
8.666E6,-1.708E-12,-1.789E-12,-2.170E-12,-2.272E-12
8.667E6,-1.709E-12,-1.790E-12,-2.170E-12,-2.273E-12
8.668E6,-1.709E-12,-1.790E-12,-2.171E-12,-2.273E-12
8.669E6,-1.709E-12,-1.790E-12,-2.171E-12,-2.273E-12
8.670E6,-1.709E-12,-1.790E-12,-2.171E-12,-2.273E-12
8.671E6,-1.709E-12,-1.790E-12,-2.171E-12,-2.274E-12
8.672E6,-1.710E-12,-1.791E-12,-2.172E-12,-2.274E-12
8.673E6,-1.710E-12,-1.791E-12,-2.172E-12,-2.274E-12
8.674E6,-1.710E-12,-1.791E-12,-2.172E-12,-2.274E-12
8.675E6,-1.710E-12,-1.791E-12,-2.172E-12,-2.275E-12
8.676E6,-1.710E-12,-1.792E-12,-2.173E-12,-2.275E-12
8.677E6,-1.711E-12,-1.792E-12,-2.173E-12,-2.275E-12
8.678E6,-1.711E-12,-1.792E-12,-2.173E-12,-2.276E-12
8.679E6,-1.711E-12,-1.792E-12,-2.173E-12,-2.276E-12
8.680E6,-1.711E-12,-1.792E-12,-2.174E-12,-2.276E-12
8.681E6,-1.711E-12,-1.793E-12,-2.174E-12,-2.276E-12
8.682E6,-1.712E-12,-1.793E-12,-2.174E-12,-2.277E-12
8.683E6,-1.712E-12,-1.793E-12,-2.174E-12,-2.277E-12
8.684E6,-1.712E-12,-1.793E-12,-2.175E-12,-2.277E-12
8.685E6,-1.712E-12,-1.793E-12,-2.175E-12,-2.277E-12
8.686E6,-1.712E-12,-1.794E-12,-2.175E-12,-2.278E-12
8.687E6,-1.713E-12,-1.794E-12,-2.175E-12,-2.278E-12
8.688E6,-1.713E-12,-1.794E-12,-2.176E-12,-2.278E-12
8.689E6,-1.713E-12,-1.794E-12,-2.176E-12,-2.278E-12
8.690E6,-1.713E-12,-1.794E-12,-2.176E-12,-2.279E-12
8.691E6,-1.713E-12,-1.795E-12,-2.176E-12,-2.279E-12
8.692E6,-1.714E-12,-1.795E-12,-2.177E-12,-2.279E-12
8.693E6,-1.714E-12,-1.795E-12,-2.177E-12,-2.279E-12
8.694E6,-1.714E-12,-1.795E-12,-2.177E-12,-2.280E-12
8.695E6,-1.714E-12,-1.795E-12,-2.177E-12,-2.280E-12
8.696E6,-1.714E-12,-1.796E-12,-2.178E-12,-2.280E-12
8.697E6,-1.715E-12,-1.796E-12,-2.178E-12,-2.281E-12
8.698E6,-1.715E-12,-1.796E-12,-2.178E-12,-2.281E-12
8.699E6,-1.715E-12,-1.796E-12,-2.178E-12,-2.281E-12
8.700E6,-1.715E-12,-1.796E-12,-2.179E-12,-2.281E-12
8.701E6,-1.715E-12,-1.797E-12,-2.179E-12,-2.282E-12
8.702E6,-1.715E-12,-1.797E-12,-2.179E-12,-2.282E-12
8.703E6,-1.716E-12,-1.797E-12,-2.179E-12,-2.282E-12
8.704E6,-1.716E-12,-1.797E-12,-2.180E-12,-2.282E-12
8.705E6,-1.716E-12,-1.798E-12,-2.180E-12,-2.283E-12
8.706E6,-1.716E-12,-1.798E-12,-2.180E-12,-2.283E-12
8.707E6,-1.716E-12,-1.798E-12,-2.180E-12,-2.283E-12
8.708E6,-1.717E-12,-1.798E-12,-2.181E-12,-2.283E-12
8.709E6,-1.717E-12,-1.798E-12,-2.181E-12,-2.284E-12
8.710E6,-1.717E-12,-1.799E-12,-2.181E-12,-2.284E-12
8.711E6,-1.717E-12,-1.799E-12,-2.182E-12,-2.284E-12
8.712E6,-1.717E-12,-1.799E-12,-2.182E-12,-2.284E-12
8.713E6,-1.718E-12,-1.799E-12,-2.182E-12,-2.285E-12
8.714E6,-1.718E-12,-1.799E-12,-2.182E-12,-2.285E-12
8.715E6,-1.718E-12,-1.800E-12,-2.183E-12,-2.285E-12
8.716E6,-1.718E-12,-1.800E-12,-2.183E-12,-2.286E-12
8.717E6,-1.718E-12,-1.800E-12,-2.183E-12,-2.286E-12
8.718E6,-1.719E-12,-1.800E-12,-2.183E-12,-2.286E-12
8.719E6,-1.719E-12,-1.800E-12,-2.184E-12,-2.286E-12
8.720E6,-1.719E-12,-1.801E-12,-2.184E-12,-2.287E-12
8.721E6,-1.719E-12,-1.801E-12,-2.184E-12,-2.287E-12
8.722E6,-1.719E-12,-1.801E-12,-2.184E-12,-2.287E-12
8.723E6,-1.720E-12,-1.801E-12,-2.185E-12,-2.287E-12
8.724E6,-1.720E-12,-1.801E-12,-2.185E-12,-2.288E-12
8.725E6,-1.720E-12,-1.802E-12,-2.185E-12,-2.288E-12
8.726E6,-1.720E-12,-1.802E-12,-2.185E-12,-2.288E-12
8.727E6,-1.720E-12,-1.802E-12,-2.186E-12,-2.288E-12
8.728E6,-1.721E-12,-1.802E-12,-2.186E-12,-2.289E-12
8.729E6,-1.721E-12,-1.802E-12,-2.186E-12,-2.289E-12
8.730E6,-1.721E-12,-1.803E-12,-2.186E-12,-2.289E-12
8.731E6,-1.721E-12,-1.803E-12,-2.187E-12,-2.289E-12
8.732E6,-1.721E-12,-1.803E-12,-2.187E-12,-2.290E-12
8.733E6,-1.722E-12,-1.803E-12,-2.187E-12,-2.290E-12
8.734E6,-1.722E-12,-1.803E-12,-2.187E-12,-2.290E-12
8.735E6,-1.722E-12,-1.804E-12,-2.188E-12,-2.290E-12
8.736E6,-1.722E-12,-1.804E-12,-2.188E-12,-2.291E-12
8.737E6,-1.722E-12,-1.804E-12,-2.188E-12,-2.291E-12
8.738E6,-1.723E-12,-1.804E-12,-2.188E-12,-2.291E-12
8.739E6,-1.723E-12,-1.805E-12,-2.189E-12,-2.292E-12
8.740E6,-1.723E-12,-1.805E-12,-2.189E-12,-2.292E-12
8.741E6,-1.723E-12,-1.805E-12,-2.189E-12,-2.292E-12
8.742E6,-1.723E-12,-1.805E-12,-2.189E-12,-2.292E-12
8.743E6,-1.724E-12,-1.805E-12,-2.190E-12,-2.293E-12
8.744E6,-1.724E-12,-1.806E-12,-2.190E-12,-2.293E-12
8.745E6,-1.724E-12,-1.806E-12,-2.190E-12,-2.293E-12
8.746E6,-1.724E-12,-1.806E-12,-2.190E-12,-2.293E-12
8.747E6,-1.724E-12,-1.806E-12,-2.191E-12,-2.294E-12
8.748E6,-1.725E-12,-1.806E-12,-2.191E-12,-2.294E-12
8.749E6,-1.725E-12,-1.807E-12,-2.191E-12,-2.294E-12
8.750E6,-1.725E-12,-1.807E-12,-2.191E-12,-2.294E-12
8.751E6,-1.725E-12,-1.807E-12,-2.192E-12,-2.295E-12
8.752E6,-1.725E-12,-1.807E-12,-2.192E-12,-2.295E-12
8.753E6,-1.726E-12,-1.807E-12,-2.192E-12,-2.295E-12
8.754E6,-1.726E-12,-1.808E-12,-2.192E-12,-2.295E-12
8.755E6,-1.726E-12,-1.808E-12,-2.193E-12,-2.296E-12
8.756E6,-1.726E-12,-1.808E-12,-2.193E-12,-2.296E-12
8.757E6,-1.726E-12,-1.808E-12,-2.193E-12,-2.296E-12
8.758E6,-1.727E-12,-1.808E-12,-2.193E-12,-2.297E-12
8.759E6,-1.727E-12,-1.809E-12,-2.194E-12,-2.297E-12
8.760E6,-1.727E-12,-1.809E-12,-2.194E-12,-2.297E-12
8.761E6,-1.727E-12,-1.809E-12,-2.194E-12,-2.297E-12
8.762E6,-1.727E-12,-1.809E-12,-2.194E-12,-2.298E-12
8.763E6,-1.728E-12,-1.809E-12,-2.195E-12,-2.298E-12
8.764E6,-1.728E-12,-1.810E-12,-2.195E-12,-2.298E-12
8.765E6,-1.728E-12,-1.810E-12,-2.195E-12,-2.298E-12
8.766E6,-1.728E-12,-1.810E-12,-2.195E-12,-2.299E-12
8.767E6,-1.728E-12,-1.810E-12,-2.196E-12,-2.299E-12
8.768E6,-1.729E-12,-1.811E-12,-2.196E-12,-2.299E-12
8.769E6,-1.729E-12,-1.811E-12,-2.196E-12,-2.299E-12
8.770E6,-1.729E-12,-1.811E-12,-2.196E-12,-2.300E-12
8.771E6,-1.729E-12,-1.811E-12,-2.197E-12,-2.300E-12
8.772E6,-1.729E-12,-1.811E-12,-2.197E-12,-2.300E-12
8.773E6,-1.729E-12,-1.812E-12,-2.197E-12,-2.300E-12
8.774E6,-1.730E-12,-1.812E-12,-2.197E-12,-2.301E-12
8.775E6,-1.730E-12,-1.812E-12,-2.198E-12,-2.301E-12
8.776E6,-1.730E-12,-1.812E-12,-2.198E-12,-2.301E-12
8.777E6,-1.730E-12,-1.812E-12,-2.198E-12,-2.301E-12
8.778E6,-1.730E-12,-1.813E-12,-2.198E-12,-2.302E-12
8.779E6,-1.731E-12,-1.813E-12,-2.199E-12,-2.302E-12
8.780E6,-1.731E-12,-1.813E-12,-2.199E-12,-2.302E-12
8.781E6,-1.731E-12,-1.813E-12,-2.199E-12,-2.303E-12
8.782E6,-1.731E-12,-1.813E-12,-2.199E-12,-2.303E-12
8.783E6,-1.731E-12,-1.814E-12,-2.200E-12,-2.303E-12
8.784E6,-1.732E-12,-1.814E-12,-2.200E-12,-2.303E-12
8.785E6,-1.732E-12,-1.814E-12,-2.200E-12,-2.304E-12
8.786E6,-1.732E-12,-1.814E-12,-2.200E-12,-2.304E-12
8.787E6,-1.732E-12,-1.814E-12,-2.201E-12,-2.304E-12
8.788E6,-1.732E-12,-1.815E-12,-2.201E-12,-2.304E-12
8.789E6,-1.733E-12,-1.815E-12,-2.201E-12,-2.305E-12
8.790E6,-1.733E-12,-1.815E-12,-2.201E-12,-2.305E-12
8.791E6,-1.733E-12,-1.815E-12,-2.202E-12,-2.305E-12
8.792E6,-1.733E-12,-1.815E-12,-2.202E-12,-2.305E-12
8.793E6,-1.733E-12,-1.816E-12,-2.202E-12,-2.306E-12
8.794E6,-1.734E-12,-1.816E-12,-2.202E-12,-2.306E-12
8.795E6,-1.734E-12,-1.816E-12,-2.203E-12,-2.306E-12
8.796E6,-1.734E-12,-1.816E-12,-2.203E-12,-2.306E-12
8.797E6,-1.734E-12,-1.817E-12,-2.203E-12,-2.307E-12
8.798E6,-1.734E-12,-1.817E-12,-2.203E-12,-2.307E-12
8.799E6,-1.735E-12,-1.817E-12,-2.204E-12,-2.307E-12
8.800E6,-1.735E-12,-1.817E-12,-2.204E-12,-2.308E-12
8.801E6,-1.735E-12,-1.817E-12,-2.204E-12,-2.308E-12
8.802E6,-1.735E-12,-1.818E-12,-2.204E-12,-2.308E-12
8.803E6,-1.735E-12,-1.818E-12,-2.205E-12,-2.308E-12
8.804E6,-1.736E-12,-1.818E-12,-2.205E-12,-2.309E-12
8.805E6,-1.736E-12,-1.818E-12,-2.205E-12,-2.309E-12
8.806E6,-1.736E-12,-1.818E-12,-2.205E-12,-2.309E-12
8.807E6,-1.736E-12,-1.819E-12,-2.206E-12,-2.309E-12
8.808E6,-1.736E-12,-1.819E-12,-2.206E-12,-2.310E-12
8.809E6,-1.737E-12,-1.819E-12,-2.206E-12,-2.310E-12
8.810E6,-1.737E-12,-1.819E-12,-2.206E-12,-2.310E-12
8.811E6,-1.737E-12,-1.819E-12,-2.207E-12,-2.310E-12
8.812E6,-1.737E-12,-1.820E-12,-2.207E-12,-2.311E-12
8.813E6,-1.737E-12,-1.820E-12,-2.207E-12,-2.311E-12
8.814E6,-1.738E-12,-1.820E-12,-2.207E-12,-2.311E-12
8.815E6,-1.738E-12,-1.820E-12,-2.208E-12,-2.311E-12
8.816E6,-1.738E-12,-1.820E-12,-2.208E-12,-2.312E-12
8.817E6,-1.738E-12,-1.821E-12,-2.208E-12,-2.312E-12
8.818E6,-1.738E-12,-1.821E-12,-2.208E-12,-2.312E-12
8.819E6,-1.739E-12,-1.821E-12,-2.209E-12,-2.313E-12
8.820E6,-1.739E-12,-1.821E-12,-2.209E-12,-2.313E-12
8.821E6,-1.739E-12,-1.821E-12,-2.209E-12,-2.313E-12
8.822E6,-1.739E-12,-1.822E-12,-2.209E-12,-2.313E-12
8.823E6,-1.739E-12,-1.822E-12,-2.210E-12,-2.314E-12
8.824E6,-1.740E-12,-1.822E-12,-2.210E-12,-2.314E-12
8.825E6,-1.740E-12,-1.822E-12,-2.210E-12,-2.314E-12
8.826E6,-1.740E-12,-1.822E-12,-2.210E-12,-2.314E-12
8.827E6,-1.740E-12,-1.823E-12,-2.211E-12,-2.315E-12
8.828E6,-1.740E-12,-1.823E-12,-2.211E-12,-2.315E-12
8.829E6,-1.741E-12,-1.823E-12,-2.211E-12,-2.315E-12
8.830E6,-1.741E-12,-1.823E-12,-2.211E-12,-2.315E-12
8.831E6,-1.741E-12,-1.824E-12,-2.212E-12,-2.316E-12
8.832E6,-1.741E-12,-1.824E-12,-2.212E-12,-2.316E-12
8.833E6,-1.741E-12,-1.824E-12,-2.212E-12,-2.316E-12
8.834E6,-1.742E-12,-1.824E-12,-2.212E-12,-2.316E-12
8.835E6,-1.742E-12,-1.824E-12,-2.213E-12,-2.317E-12
8.836E6,-1.742E-12,-1.825E-12,-2.213E-12,-2.317E-12
8.837E6,-1.742E-12,-1.825E-12,-2.213E-12,-2.317E-12
8.838E6,-1.742E-12,-1.825E-12,-2.213E-12,-2.317E-12
8.839E6,-1.743E-12,-1.825E-12,-2.214E-12,-2.318E-12
8.840E6,-1.743E-12,-1.825E-12,-2.214E-12,-2.318E-12
8.841E6,-1.743E-12,-1.826E-12,-2.214E-12,-2.318E-12
8.842E6,-1.743E-12,-1.826E-12,-2.214E-12,-2.319E-12
8.843E6,-1.743E-12,-1.826E-12,-2.215E-12,-2.319E-12
8.844E6,-1.743E-12,-1.826E-12,-2.215E-12,-2.319E-12
8.845E6,-1.744E-12,-1.826E-12,-2.215E-12,-2.319E-12
8.846E6,-1.744E-12,-1.827E-12,-2.215E-12,-2.320E-12
8.847E6,-1.744E-12,-1.827E-12,-2.216E-12,-2.320E-12
8.848E6,-1.744E-12,-1.827E-12,-2.216E-12,-2.320E-12
8.849E6,-1.744E-12,-1.827E-12,-2.216E-12,-2.320E-12
8.850E6,-1.745E-12,-1.827E-12,-2.216E-12,-2.321E-12
8.851E6,-1.745E-12,-1.828E-12,-2.217E-12,-2.321E-12
8.852E6,-1.745E-12,-1.828E-12,-2.217E-12,-2.321E-12
8.853E6,-1.745E-12,-1.828E-12,-2.217E-12,-2.321E-12
8.854E6,-1.745E-12,-1.828E-12,-2.217E-12,-2.322E-12
8.855E6,-1.746E-12,-1.828E-12,-2.218E-12,-2.322E-12
8.856E6,-1.746E-12,-1.829E-12,-2.218E-12,-2.322E-12
8.857E6,-1.746E-12,-1.829E-12,-2.218E-12,-2.322E-12
8.858E6,-1.746E-12,-1.829E-12,-2.218E-12,-2.323E-12
8.859E6,-1.746E-12,-1.829E-12,-2.219E-12,-2.323E-12
8.860E6,-1.747E-12,-1.830E-12,-2.219E-12,-2.323E-12
8.861E6,-1.747E-12,-1.830E-12,-2.219E-12,-2.324E-12
8.862E6,-1.747E-12,-1.830E-12,-2.219E-12,-2.324E-12
8.863E6,-1.747E-12,-1.830E-12,-2.220E-12,-2.324E-12
8.864E6,-1.747E-12,-1.830E-12,-2.220E-12,-2.324E-12
8.865E6,-1.748E-12,-1.831E-12,-2.220E-12,-2.325E-12
8.866E6,-1.748E-12,-1.831E-12,-2.220E-12,-2.325E-12
8.867E6,-1.748E-12,-1.831E-12,-2.221E-12,-2.325E-12
8.868E6,-1.748E-12,-1.831E-12,-2.221E-12,-2.325E-12
8.869E6,-1.748E-12,-1.831E-12,-2.221E-12,-2.326E-12
8.870E6,-1.749E-12,-1.832E-12,-2.221E-12,-2.326E-12
8.871E6,-1.749E-12,-1.832E-12,-2.222E-12,-2.326E-12
8.872E6,-1.749E-12,-1.832E-12,-2.222E-12,-2.326E-12
8.873E6,-1.749E-12,-1.832E-12,-2.222E-12,-2.327E-12
8.874E6,-1.749E-12,-1.832E-12,-2.222E-12,-2.327E-12
8.875E6,-1.750E-12,-1.833E-12,-2.223E-12,-2.327E-12
8.876E6,-1.750E-12,-1.833E-12,-2.223E-12,-2.327E-12
8.877E6,-1.750E-12,-1.833E-12,-2.223E-12,-2.328E-12
8.878E6,-1.750E-12,-1.833E-12,-2.223E-12,-2.328E-12
8.879E6,-1.750E-12,-1.833E-12,-2.224E-12,-2.328E-12
8.880E6,-1.751E-12,-1.834E-12,-2.224E-12,-2.329E-12
8.881E6,-1.751E-12,-1.834E-12,-2.224E-12,-2.329E-12
8.882E6,-1.751E-12,-1.834E-12,-2.224E-12,-2.329E-12
8.883E6,-1.751E-12,-1.834E-12,-2.225E-12,-2.329E-12
8.884E6,-1.751E-12,-1.834E-12,-2.225E-12,-2.330E-12
8.885E6,-1.752E-12,-1.835E-12,-2.225E-12,-2.330E-12
8.886E6,-1.752E-12,-1.835E-12,-2.225E-12,-2.330E-12
8.887E6,-1.752E-12,-1.835E-12,-2.226E-12,-2.330E-12
8.888E6,-1.752E-12,-1.835E-12,-2.226E-12,-2.331E-12
8.889E6,-1.752E-12,-1.836E-12,-2.226E-12,-2.331E-12
8.890E6,-1.753E-12,-1.836E-12,-2.226E-12,-2.331E-12
8.891E6,-1.753E-12,-1.836E-12,-2.227E-12,-2.331E-12
8.892E6,-1.753E-12,-1.836E-12,-2.227E-12,-2.332E-12
8.893E6,-1.753E-12,-1.836E-12,-2.227E-12,-2.332E-12
8.894E6,-1.753E-12,-1.837E-12,-2.227E-12,-2.332E-12
8.895E6,-1.754E-12,-1.837E-12,-2.228E-12,-2.332E-12
8.896E6,-1.754E-12,-1.837E-12,-2.228E-12,-2.333E-12
8.897E6,-1.754E-12,-1.837E-12,-2.228E-12,-2.333E-12
8.898E6,-1.754E-12,-1.837E-12,-2.228E-12,-2.333E-12
8.899E6,-1.754E-12,-1.838E-12,-2.229E-12,-2.333E-12
8.900E6,-1.755E-12,-1.838E-12,-2.229E-12,-2.334E-12
8.901E6,-1.755E-12,-1.838E-12,-2.229E-12,-2.334E-12
8.902E6,-1.755E-12,-1.838E-12,-2.229E-12,-2.334E-12
8.903E6,-1.755E-12,-1.838E-12,-2.230E-12,-2.335E-12
8.904E6,-1.755E-12,-1.839E-12,-2.230E-12,-2.335E-12
8.905E6,-1.756E-12,-1.839E-12,-2.230E-12,-2.335E-12
8.906E6,-1.756E-12,-1.839E-12,-2.230E-12,-2.335E-12
8.907E6,-1.756E-12,-1.839E-12,-2.231E-12,-2.336E-12
8.908E6,-1.756E-12,-1.839E-12,-2.231E-12,-2.336E-12
8.909E6,-1.756E-12,-1.840E-12,-2.231E-12,-2.336E-12
8.910E6,-1.757E-12,-1.840E-12,-2.231E-12,-2.336E-12
8.911E6,-1.757E-12,-1.840E-12,-2.232E-12,-2.337E-12
8.912E6,-1.757E-12,-1.840E-12,-2.232E-12,-2.337E-12
8.913E6,-1.757E-12,-1.840E-12,-2.232E-12,-2.337E-12
8.914E6,-1.757E-12,-1.841E-12,-2.232E-12,-2.337E-12
8.915E6,-1.757E-12,-1.841E-12,-2.233E-12,-2.338E-12
8.916E6,-1.758E-12,-1.841E-12,-2.233E-12,-2.338E-12
8.917E6,-1.758E-12,-1.841E-12,-2.233E-12,-2.338E-12
8.918E6,-1.758E-12,-1.841E-12,-2.233E-12,-2.338E-12
8.919E6,-1.758E-12,-1.842E-12,-2.234E-12,-2.339E-12
8.920E6,-1.758E-12,-1.842E-12,-2.234E-12,-2.339E-12
8.921E6,-1.759E-12,-1.842E-12,-2.234E-12,-2.339E-12
8.922E6,-1.759E-12,-1.842E-12,-2.234E-12,-2.340E-12
8.923E6,-1.759E-12,-1.843E-12,-2.235E-12,-2.340E-12
8.924E6,-1.759E-12,-1.843E-12,-2.235E-12,-2.340E-12
8.925E6,-1.759E-12,-1.843E-12,-2.235E-12,-2.340E-12
8.926E6,-1.760E-12,-1.843E-12,-2.235E-12,-2.341E-12
8.927E6,-1.760E-12,-1.843E-12,-2.236E-12,-2.341E-12
8.928E6,-1.760E-12,-1.844E-12,-2.236E-12,-2.341E-12
8.929E6,-1.760E-12,-1.844E-12,-2.236E-12,-2.341E-12
8.930E6,-1.760E-12,-1.844E-12,-2.236E-12,-2.342E-12
8.931E6,-1.761E-12,-1.844E-12,-2.237E-12,-2.342E-12
8.932E6,-1.761E-12,-1.844E-12,-2.237E-12,-2.342E-12
8.933E6,-1.761E-12,-1.845E-12,-2.237E-12,-2.342E-12
8.934E6,-1.761E-12,-1.845E-12,-2.237E-12,-2.343E-12
8.935E6,-1.761E-12,-1.845E-12,-2.238E-12,-2.343E-12
8.936E6,-1.762E-12,-1.845E-12,-2.238E-12,-2.343E-12
8.937E6,-1.762E-12,-1.845E-12,-2.238E-12,-2.343E-12
8.938E6,-1.762E-12,-1.846E-12,-2.238E-12,-2.344E-12
8.939E6,-1.762E-12,-1.846E-12,-2.239E-12,-2.344E-12
8.940E6,-1.762E-12,-1.846E-12,-2.239E-12,-2.344E-12
8.941E6,-1.763E-12,-1.846E-12,-2.239E-12,-2.344E-12
8.942E6,-1.763E-12,-1.846E-12,-2.239E-12,-2.345E-12
8.943E6,-1.763E-12,-1.847E-12,-2.240E-12,-2.345E-12
8.944E6,-1.763E-12,-1.847E-12,-2.240E-12,-2.345E-12
8.945E6,-1.763E-12,-1.847E-12,-2.240E-12,-2.346E-12
8.946E6,-1.764E-12,-1.847E-12,-2.240E-12,-2.346E-12
8.947E6,-1.764E-12,-1.847E-12,-2.241E-12,-2.346E-12
8.948E6,-1.764E-12,-1.848E-12,-2.241E-12,-2.346E-12
8.949E6,-1.764E-12,-1.848E-12,-2.241E-12,-2.347E-12
8.950E6,-1.764E-12,-1.848E-12,-2.241E-12,-2.347E-12
8.951E6,-1.765E-12,-1.848E-12,-2.242E-12,-2.347E-12
8.952E6,-1.765E-12,-1.849E-12,-2.242E-12,-2.347E-12
8.953E6,-1.765E-12,-1.849E-12,-2.242E-12,-2.348E-12
8.954E6,-1.765E-12,-1.849E-12,-2.242E-12,-2.348E-12
8.955E6,-1.765E-12,-1.849E-12,-2.243E-12,-2.348E-12
8.956E6,-1.766E-12,-1.849E-12,-2.243E-12,-2.348E-12
8.957E6,-1.766E-12,-1.850E-12,-2.243E-12,-2.349E-12
8.958E6,-1.766E-12,-1.850E-12,-2.243E-12,-2.349E-12
8.959E6,-1.766E-12,-1.850E-12,-2.244E-12,-2.349E-12
8.960E6,-1.766E-12,-1.850E-12,-2.244E-12,-2.349E-12
8.961E6,-1.767E-12,-1.850E-12,-2.244E-12,-2.350E-12
8.962E6,-1.767E-12,-1.851E-12,-2.244E-12,-2.350E-12
8.963E6,-1.767E-12,-1.851E-12,-2.245E-12,-2.350E-12
8.964E6,-1.767E-12,-1.851E-12,-2.245E-12,-2.351E-12
8.965E6,-1.767E-12,-1.851E-12,-2.245E-12,-2.351E-12
8.966E6,-1.768E-12,-1.851E-12,-2.245E-12,-2.351E-12
8.967E6,-1.768E-12,-1.852E-12,-2.246E-12,-2.351E-12
8.968E6,-1.768E-12,-1.852E-12,-2.246E-12,-2.352E-12
8.969E6,-1.768E-12,-1.852E-12,-2.246E-12,-2.352E-12
8.970E6,-1.768E-12,-1.852E-12,-2.246E-12,-2.352E-12
8.971E6,-1.769E-12,-1.852E-12,-2.247E-12,-2.352E-12
8.972E6,-1.769E-12,-1.853E-12,-2.247E-12,-2.353E-12
8.973E6,-1.769E-12,-1.853E-12,-2.247E-12,-2.353E-12
8.974E6,-1.769E-12,-1.853E-12,-2.247E-12,-2.353E-12
8.975E6,-1.769E-12,-1.853E-12,-2.248E-12,-2.353E-12
8.976E6,-1.770E-12,-1.853E-12,-2.248E-12,-2.354E-12
8.977E6,-1.770E-12,-1.854E-12,-2.248E-12,-2.354E-12
8.978E6,-1.770E-12,-1.854E-12,-2.248E-12,-2.354E-12
8.979E6,-1.770E-12,-1.854E-12,-2.249E-12,-2.354E-12
8.980E6,-1.770E-12,-1.854E-12,-2.249E-12,-2.355E-12
8.981E6,-1.771E-12,-1.854E-12,-2.249E-12,-2.355E-12
8.982E6,-1.771E-12,-1.855E-12,-2.249E-12,-2.355E-12
8.983E6,-1.771E-12,-1.855E-12,-2.250E-12,-2.356E-12
8.984E6,-1.771E-12,-1.855E-12,-2.250E-12,-2.356E-12
8.985E6,-1.771E-12,-1.855E-12,-2.250E-12,-2.356E-12
8.986E6,-1.771E-12,-1.856E-12,-2.250E-12,-2.356E-12
8.987E6,-1.772E-12,-1.856E-12,-2.251E-12,-2.357E-12
8.988E6,-1.772E-12,-1.856E-12,-2.251E-12,-2.357E-12
8.989E6,-1.772E-12,-1.856E-12,-2.251E-12,-2.357E-12
8.990E6,-1.772E-12,-1.856E-12,-2.251E-12,-2.357E-12
8.991E6,-1.772E-12,-1.857E-12,-2.252E-12,-2.358E-12
8.992E6,-1.773E-12,-1.857E-12,-2.252E-12,-2.358E-12
8.993E6,-1.773E-12,-1.857E-12,-2.252E-12,-2.358E-12
8.994E6,-1.773E-12,-1.857E-12,-2.252E-12,-2.358E-12
8.995E6,-1.773E-12,-1.857E-12,-2.253E-12,-2.359E-12
8.996E6,-1.773E-12,-1.858E-12,-2.253E-12,-2.359E-12
8.997E6,-1.774E-12,-1.858E-12,-2.253E-12,-2.359E-12
8.998E6,-1.774E-12,-1.858E-12,-2.253E-12,-2.359E-12
8.999E6,-1.774E-12,-1.858E-12,-2.254E-12,-2.360E-12
9.000E6,-1.774E-12,-1.858E-12,-2.254E-12,-2.360E-12
9.001E6,-1.774E-12,-1.859E-12,-2.254E-12,-2.360E-12
9.002E6,-1.775E-12,-1.859E-12,-2.254E-12,-2.360E-12
9.003E6,-1.775E-12,-1.859E-12,-2.255E-12,-2.361E-12
9.004E6,-1.775E-12,-1.859E-12,-2.255E-12,-2.361E-12
9.005E6,-1.775E-12,-1.859E-12,-2.255E-12,-2.361E-12
9.006E6,-1.775E-12,-1.860E-12,-2.255E-12,-2.362E-12
9.007E6,-1.776E-12,-1.860E-12,-2.256E-12,-2.362E-12
9.008E6,-1.776E-12,-1.860E-12,-2.256E-12,-2.362E-12
9.009E6,-1.776E-12,-1.860E-12,-2.256E-12,-2.362E-12
9.010E6,-1.776E-12,-1.860E-12,-2.256E-12,-2.363E-12
9.011E6,-1.776E-12,-1.861E-12,-2.257E-12,-2.363E-12
9.012E6,-1.777E-12,-1.861E-12,-2.257E-12,-2.363E-12
9.013E6,-1.777E-12,-1.861E-12,-2.257E-12,-2.363E-12
9.014E6,-1.777E-12,-1.861E-12,-2.257E-12,-2.364E-12
9.015E6,-1.777E-12,-1.862E-12,-2.258E-12,-2.364E-12
9.016E6,-1.777E-12,-1.862E-12,-2.258E-12,-2.364E-12
9.017E6,-1.778E-12,-1.862E-12,-2.258E-12,-2.364E-12
9.018E6,-1.778E-12,-1.862E-12,-2.258E-12,-2.365E-12
9.019E6,-1.778E-12,-1.862E-12,-2.259E-12,-2.365E-12
9.020E6,-1.778E-12,-1.863E-12,-2.259E-12,-2.365E-12
9.021E6,-1.778E-12,-1.863E-12,-2.259E-12,-2.365E-12
9.022E6,-1.779E-12,-1.863E-12,-2.259E-12,-2.366E-12
9.023E6,-1.779E-12,-1.863E-12,-2.260E-12,-2.366E-12
9.024E6,-1.779E-12,-1.863E-12,-2.260E-12,-2.366E-12
9.025E6,-1.779E-12,-1.864E-12,-2.260E-12,-2.367E-12
9.026E6,-1.779E-12,-1.864E-12,-2.260E-12,-2.367E-12
9.027E6,-1.780E-12,-1.864E-12,-2.261E-12,-2.367E-12
9.028E6,-1.780E-12,-1.864E-12,-2.261E-12,-2.367E-12
9.029E6,-1.780E-12,-1.864E-12,-2.261E-12,-2.368E-12
9.030E6,-1.780E-12,-1.865E-12,-2.261E-12,-2.368E-12
9.031E6,-1.780E-12,-1.865E-12,-2.262E-12,-2.368E-12
9.032E6,-1.781E-12,-1.865E-12,-2.262E-12,-2.368E-12
9.033E6,-1.781E-12,-1.865E-12,-2.262E-12,-2.369E-12
9.034E6,-1.781E-12,-1.865E-12,-2.262E-12,-2.369E-12
9.035E6,-1.781E-12,-1.866E-12,-2.263E-12,-2.369E-12
9.036E6,-1.781E-12,-1.866E-12,-2.263E-12,-2.369E-12
9.037E6,-1.782E-12,-1.866E-12,-2.263E-12,-2.370E-12
9.038E6,-1.782E-12,-1.866E-12,-2.263E-12,-2.370E-12
9.039E6,-1.782E-12,-1.866E-12,-2.264E-12,-2.370E-12
9.040E6,-1.782E-12,-1.867E-12,-2.264E-12,-2.370E-12
9.041E6,-1.782E-12,-1.867E-12,-2.264E-12,-2.371E-12
9.042E6,-1.783E-12,-1.867E-12,-2.264E-12,-2.371E-12
9.043E6,-1.783E-12,-1.867E-12,-2.265E-12,-2.371E-12
9.044E6,-1.783E-12,-1.868E-12,-2.265E-12,-2.372E-12
9.045E6,-1.783E-12,-1.868E-12,-2.265E-12,-2.372E-12
9.046E6,-1.783E-12,-1.868E-12,-2.265E-12,-2.372E-12
9.047E6,-1.784E-12,-1.868E-12,-2.266E-12,-2.372E-12
9.048E6,-1.784E-12,-1.868E-12,-2.266E-12,-2.373E-12
9.049E6,-1.784E-12,-1.869E-12,-2.266E-12,-2.373E-12
9.050E6,-1.784E-12,-1.869E-12,-2.266E-12,-2.373E-12
9.051E6,-1.784E-12,-1.869E-12,-2.267E-12,-2.373E-12
9.052E6,-1.784E-12,-1.869E-12,-2.267E-12,-2.374E-12
9.053E6,-1.785E-12,-1.869E-12,-2.267E-12,-2.374E-12
9.054E6,-1.785E-12,-1.870E-12,-2.267E-12,-2.374E-12
9.055E6,-1.785E-12,-1.870E-12,-2.268E-12,-2.374E-12
9.056E6,-1.785E-12,-1.870E-12,-2.268E-12,-2.375E-12
9.057E6,-1.785E-12,-1.870E-12,-2.268E-12,-2.375E-12
9.058E6,-1.786E-12,-1.870E-12,-2.268E-12,-2.375E-12
9.059E6,-1.786E-12,-1.871E-12,-2.269E-12,-2.375E-12
9.060E6,-1.786E-12,-1.871E-12,-2.269E-12,-2.376E-12
9.061E6,-1.786E-12,-1.871E-12,-2.269E-12,-2.376E-12
9.062E6,-1.786E-12,-1.871E-12,-2.269E-12,-2.376E-12
9.063E6,-1.787E-12,-1.871E-12,-2.270E-12,-2.376E-12
9.064E6,-1.787E-12,-1.872E-12,-2.270E-12,-2.377E-12
9.065E6,-1.787E-12,-1.872E-12,-2.270E-12,-2.377E-12
9.066E6,-1.787E-12,-1.872E-12,-2.270E-12,-2.377E-12
9.067E6,-1.787E-12,-1.872E-12,-2.271E-12,-2.378E-12
9.068E6,-1.788E-12,-1.872E-12,-2.271E-12,-2.378E-12
9.069E6,-1.788E-12,-1.873E-12,-2.271E-12,-2.378E-12
9.070E6,-1.788E-12,-1.873E-12,-2.271E-12,-2.378E-12
9.071E6,-1.788E-12,-1.873E-12,-2.272E-12,-2.379E-12
9.072E6,-1.788E-12,-1.873E-12,-2.272E-12,-2.379E-12
9.073E6,-1.789E-12,-1.873E-12,-2.272E-12,-2.379E-12
9.074E6,-1.789E-12,-1.874E-12,-2.272E-12,-2.379E-12
9.075E6,-1.789E-12,-1.874E-12,-2.273E-12,-2.380E-12
9.076E6,-1.789E-12,-1.874E-12,-2.273E-12,-2.380E-12
9.077E6,-1.789E-12,-1.874E-12,-2.273E-12,-2.380E-12
9.078E6,-1.790E-12,-1.875E-12,-2.273E-12,-2.380E-12
9.079E6,-1.790E-12,-1.875E-12,-2.274E-12,-2.381E-12
9.080E6,-1.790E-12,-1.875E-12,-2.274E-12,-2.381E-12
9.081E6,-1.790E-12,-1.875E-12,-2.274E-12,-2.381E-12
9.082E6,-1.790E-12,-1.875E-12,-2.274E-12,-2.381E-12
9.083E6,-1.791E-12,-1.876E-12,-2.275E-12,-2.382E-12
9.084E6,-1.791E-12,-1.876E-12,-2.275E-12,-2.382E-12
9.085E6,-1.791E-12,-1.876E-12,-2.275E-12,-2.382E-12
9.086E6,-1.791E-12,-1.876E-12,-2.275E-12,-2.383E-12
9.087E6,-1.791E-12,-1.876E-12,-2.276E-12,-2.383E-12
9.088E6,-1.792E-12,-1.877E-12,-2.276E-12,-2.383E-12
9.089E6,-1.792E-12,-1.877E-12,-2.276E-12,-2.383E-12
9.090E6,-1.792E-12,-1.877E-12,-2.276E-12,-2.384E-12
9.091E6,-1.792E-12,-1.877E-12,-2.277E-12,-2.384E-12
9.092E6,-1.792E-12,-1.877E-12,-2.277E-12,-2.384E-12
9.093E6,-1.793E-12,-1.878E-12,-2.277E-12,-2.384E-12
9.094E6,-1.793E-12,-1.878E-12,-2.277E-12,-2.385E-12
9.095E6,-1.793E-12,-1.878E-12,-2.278E-12,-2.385E-12
9.096E6,-1.793E-12,-1.878E-12,-2.278E-12,-2.385E-12
9.097E6,-1.793E-12,-1.878E-12,-2.278E-12,-2.385E-12
9.098E6,-1.794E-12,-1.879E-12,-2.278E-12,-2.386E-12
9.099E6,-1.794E-12,-1.879E-12,-2.279E-12,-2.386E-12
9.100E6,-1.794E-12,-1.879E-12,-2.279E-12,-2.386E-12
9.101E6,-1.794E-12,-1.879E-12,-2.279E-12,-2.386E-12
9.102E6,-1.794E-12,-1.879E-12,-2.279E-12,-2.387E-12
9.103E6,-1.795E-12,-1.880E-12,-2.280E-12,-2.387E-12
9.104E6,-1.795E-12,-1.880E-12,-2.280E-12,-2.387E-12
9.105E6,-1.795E-12,-1.880E-12,-2.280E-12,-2.388E-12
9.106E6,-1.795E-12,-1.880E-12,-2.280E-12,-2.388E-12
9.107E6,-1.795E-12,-1.881E-12,-2.281E-12,-2.388E-12
9.108E6,-1.796E-12,-1.881E-12,-2.281E-12,-2.388E-12
9.109E6,-1.796E-12,-1.881E-12,-2.281E-12,-2.389E-12
9.110E6,-1.796E-12,-1.881E-12,-2.281E-12,-2.389E-12
9.111E6,-1.796E-12,-1.881E-12,-2.282E-12,-2.389E-12
9.112E6,-1.796E-12,-1.882E-12,-2.282E-12,-2.389E-12
9.113E6,-1.797E-12,-1.882E-12,-2.282E-12,-2.390E-12
9.114E6,-1.797E-12,-1.882E-12,-2.282E-12,-2.390E-12
9.115E6,-1.797E-12,-1.882E-12,-2.283E-12,-2.390E-12
9.116E6,-1.797E-12,-1.882E-12,-2.283E-12,-2.390E-12
9.117E6,-1.797E-12,-1.883E-12,-2.283E-12,-2.391E-12
9.118E6,-1.798E-12,-1.883E-12,-2.283E-12,-2.391E-12
9.119E6,-1.798E-12,-1.883E-12,-2.284E-12,-2.391E-12
9.120E6,-1.798E-12,-1.883E-12,-2.284E-12,-2.391E-12
9.121E6,-1.798E-12,-1.883E-12,-2.284E-12,-2.392E-12
9.122E6,-1.798E-12,-1.884E-12,-2.284E-12,-2.392E-12
9.123E6,-1.798E-12,-1.884E-12,-2.285E-12,-2.392E-12
9.124E6,-1.799E-12,-1.884E-12,-2.285E-12,-2.392E-12
9.125E6,-1.799E-12,-1.884E-12,-2.285E-12,-2.393E-12
9.126E6,-1.799E-12,-1.884E-12,-2.285E-12,-2.393E-12
9.127E6,-1.799E-12,-1.885E-12,-2.286E-12,-2.393E-12
9.128E6,-1.799E-12,-1.885E-12,-2.286E-12,-2.394E-12
9.129E6,-1.800E-12,-1.885E-12,-2.286E-12,-2.394E-12
9.130E6,-1.800E-12,-1.885E-12,-2.286E-12,-2.394E-12
9.131E6,-1.800E-12,-1.885E-12,-2.287E-12,-2.394E-12
9.132E6,-1.800E-12,-1.886E-12,-2.287E-12,-2.395E-12
9.133E6,-1.800E-12,-1.886E-12,-2.287E-12,-2.395E-12
9.134E6,-1.801E-12,-1.886E-12,-2.287E-12,-2.395E-12
9.135E6,-1.801E-12,-1.886E-12,-2.288E-12,-2.395E-12
9.136E6,-1.801E-12,-1.887E-12,-2.288E-12,-2.396E-12
9.137E6,-1.801E-12,-1.887E-12,-2.288E-12,-2.396E-12
9.138E6,-1.801E-12,-1.887E-12,-2.288E-12,-2.396E-12
9.139E6,-1.802E-12,-1.887E-12,-2.289E-12,-2.396E-12
9.140E6,-1.802E-12,-1.887E-12,-2.289E-12,-2.397E-12
9.141E6,-1.802E-12,-1.888E-12,-2.289E-12,-2.397E-12
9.142E6,-1.802E-12,-1.888E-12,-2.289E-12,-2.397E-12
9.143E6,-1.802E-12,-1.888E-12,-2.290E-12,-2.397E-12
9.144E6,-1.803E-12,-1.888E-12,-2.290E-12,-2.398E-12
9.145E6,-1.803E-12,-1.888E-12,-2.290E-12,-2.398E-12
9.146E6,-1.803E-12,-1.889E-12,-2.290E-12,-2.398E-12
9.147E6,-1.803E-12,-1.889E-12,-2.291E-12,-2.399E-12
9.148E6,-1.803E-12,-1.889E-12,-2.291E-12,-2.399E-12
9.149E6,-1.804E-12,-1.889E-12,-2.291E-12,-2.399E-12
9.150E6,-1.804E-12,-1.889E-12,-2.291E-12,-2.399E-12
9.151E6,-1.804E-12,-1.890E-12,-2.292E-12,-2.400E-12
9.152E6,-1.804E-12,-1.890E-12,-2.292E-12,-2.400E-12
9.153E6,-1.804E-12,-1.890E-12,-2.292E-12,-2.400E-12
9.154E6,-1.805E-12,-1.890E-12,-2.292E-12,-2.400E-12
9.155E6,-1.805E-12,-1.890E-12,-2.293E-12,-2.401E-12
9.156E6,-1.805E-12,-1.891E-12,-2.293E-12,-2.401E-12
9.157E6,-1.805E-12,-1.891E-12,-2.293E-12,-2.401E-12
9.158E6,-1.805E-12,-1.891E-12,-2.293E-12,-2.401E-12
9.159E6,-1.806E-12,-1.891E-12,-2.294E-12,-2.402E-12
9.160E6,-1.806E-12,-1.891E-12,-2.294E-12,-2.402E-12
9.161E6,-1.806E-12,-1.892E-12,-2.294E-12,-2.402E-12
9.162E6,-1.806E-12,-1.892E-12,-2.294E-12,-2.402E-12
9.163E6,-1.806E-12,-1.892E-12,-2.295E-12,-2.403E-12
9.164E6,-1.807E-12,-1.892E-12,-2.295E-12,-2.403E-12
9.165E6,-1.807E-12,-1.892E-12,-2.295E-12,-2.403E-12
9.166E6,-1.807E-12,-1.893E-12,-2.295E-12,-2.403E-12
9.167E6,-1.807E-12,-1.893E-12,-2.296E-12,-2.404E-12
9.168E6,-1.807E-12,-1.893E-12,-2.296E-12,-2.404E-12
9.169E6,-1.808E-12,-1.893E-12,-2.296E-12,-2.404E-12
9.170E6,-1.808E-12,-1.894E-12,-2.296E-12,-2.405E-12
9.171E6,-1.808E-12,-1.894E-12,-2.297E-12,-2.405E-12
9.172E6,-1.808E-12,-1.894E-12,-2.297E-12,-2.405E-12
9.173E6,-1.808E-12,-1.894E-12,-2.297E-12,-2.405E-12
9.174E6,-1.809E-12,-1.894E-12,-2.297E-12,-2.406E-12
9.175E6,-1.809E-12,-1.895E-12,-2.298E-12,-2.406E-12
9.176E6,-1.809E-12,-1.895E-12,-2.298E-12,-2.406E-12
9.177E6,-1.809E-12,-1.895E-12,-2.298E-12,-2.406E-12
9.178E6,-1.809E-12,-1.895E-12,-2.298E-12,-2.407E-12
9.179E6,-1.810E-12,-1.895E-12,-2.299E-12,-2.407E-12
9.180E6,-1.810E-12,-1.896E-12,-2.299E-12,-2.407E-12
9.181E6,-1.810E-12,-1.896E-12,-2.299E-12,-2.407E-12
9.182E6,-1.810E-12,-1.896E-12,-2.299E-12,-2.408E-12
9.183E6,-1.810E-12,-1.896E-12,-2.300E-12,-2.408E-12
9.184E6,-1.811E-12,-1.896E-12,-2.300E-12,-2.408E-12
9.185E6,-1.811E-12,-1.897E-12,-2.300E-12,-2.408E-12
9.186E6,-1.811E-12,-1.897E-12,-2.300E-12,-2.409E-12
9.187E6,-1.811E-12,-1.897E-12,-2.301E-12,-2.409E-12
9.188E6,-1.811E-12,-1.897E-12,-2.301E-12,-2.409E-12
9.189E6,-1.812E-12,-1.897E-12,-2.301E-12,-2.410E-12
9.190E6,-1.812E-12,-1.898E-12,-2.301E-12,-2.410E-12
9.191E6,-1.812E-12,-1.898E-12,-2.302E-12,-2.410E-12
9.192E6,-1.812E-12,-1.898E-12,-2.302E-12,-2.410E-12
9.193E6,-1.812E-12,-1.898E-12,-2.302E-12,-2.411E-12
9.194E6,-1.812E-12,-1.898E-12,-2.302E-12,-2.411E-12
9.195E6,-1.813E-12,-1.899E-12,-2.303E-12,-2.411E-12
9.196E6,-1.813E-12,-1.899E-12,-2.303E-12,-2.411E-12
9.197E6,-1.813E-12,-1.899E-12,-2.303E-12,-2.412E-12
9.198E6,-1.813E-12,-1.899E-12,-2.303E-12,-2.412E-12
9.199E6,-1.813E-12,-1.900E-12,-2.304E-12,-2.412E-12
9.200E6,-1.814E-12,-1.900E-12,-2.304E-12,-2.412E-12
9.201E6,-1.814E-12,-1.900E-12,-2.304E-12,-2.413E-12
9.202E6,-1.814E-12,-1.900E-12,-2.304E-12,-2.413E-12
9.203E6,-1.814E-12,-1.900E-12,-2.305E-12,-2.413E-12
9.204E6,-1.814E-12,-1.901E-12,-2.305E-12,-2.413E-12
9.205E6,-1.815E-12,-1.901E-12,-2.305E-12,-2.414E-12
9.206E6,-1.815E-12,-1.901E-12,-2.305E-12,-2.414E-12
9.207E6,-1.815E-12,-1.901E-12,-2.306E-12,-2.414E-12
9.208E6,-1.815E-12,-1.901E-12,-2.306E-12,-2.415E-12
9.209E6,-1.815E-12,-1.902E-12,-2.306E-12,-2.415E-12
9.210E6,-1.816E-12,-1.902E-12,-2.306E-12,-2.415E-12
9.211E6,-1.816E-12,-1.902E-12,-2.307E-12,-2.415E-12
9.212E6,-1.816E-12,-1.902E-12,-2.307E-12,-2.416E-12
9.213E6,-1.816E-12,-1.902E-12,-2.307E-12,-2.416E-12
9.214E6,-1.816E-12,-1.903E-12,-2.307E-12,-2.416E-12
9.215E6,-1.817E-12,-1.903E-12,-2.308E-12,-2.416E-12
9.216E6,-1.817E-12,-1.903E-12,-2.308E-12,-2.417E-12
9.217E6,-1.817E-12,-1.903E-12,-2.308E-12,-2.417E-12
9.218E6,-1.817E-12,-1.903E-12,-2.308E-12,-2.417E-12
9.219E6,-1.817E-12,-1.904E-12,-2.309E-12,-2.417E-12
9.220E6,-1.818E-12,-1.904E-12,-2.309E-12,-2.418E-12
9.221E6,-1.818E-12,-1.904E-12,-2.309E-12,-2.418E-12
9.222E6,-1.818E-12,-1.904E-12,-2.309E-12,-2.418E-12
9.223E6,-1.818E-12,-1.904E-12,-2.310E-12,-2.418E-12
9.224E6,-1.818E-12,-1.905E-12,-2.310E-12,-2.419E-12
9.225E6,-1.819E-12,-1.905E-12,-2.310E-12,-2.419E-12
9.226E6,-1.819E-12,-1.905E-12,-2.310E-12,-2.419E-12
9.227E6,-1.819E-12,-1.905E-12,-2.311E-12,-2.419E-12
9.228E6,-1.819E-12,-1.906E-12,-2.311E-12,-2.420E-12
9.229E6,-1.819E-12,-1.906E-12,-2.311E-12,-2.420E-12
9.230E6,-1.820E-12,-1.906E-12,-2.311E-12,-2.420E-12
9.231E6,-1.820E-12,-1.906E-12,-2.312E-12,-2.421E-12
9.232E6,-1.820E-12,-1.906E-12,-2.312E-12,-2.421E-12
9.233E6,-1.820E-12,-1.907E-12,-2.312E-12,-2.421E-12
9.234E6,-1.820E-12,-1.907E-12,-2.312E-12,-2.421E-12
9.235E6,-1.821E-12,-1.907E-12,-2.313E-12,-2.422E-12
9.236E6,-1.821E-12,-1.907E-12,-2.313E-12,-2.422E-12
9.237E6,-1.821E-12,-1.907E-12,-2.313E-12,-2.422E-12
9.238E6,-1.821E-12,-1.908E-12,-2.313E-12,-2.422E-12
9.239E6,-1.821E-12,-1.908E-12,-2.314E-12,-2.423E-12
9.240E6,-1.822E-12,-1.908E-12,-2.314E-12,-2.423E-12
9.241E6,-1.822E-12,-1.908E-12,-2.314E-12,-2.423E-12
9.242E6,-1.822E-12,-1.908E-12,-2.314E-12,-2.423E-12
9.243E6,-1.822E-12,-1.909E-12,-2.315E-12,-2.424E-12
9.244E6,-1.822E-12,-1.909E-12,-2.315E-12,-2.424E-12
9.245E6,-1.823E-12,-1.909E-12,-2.315E-12,-2.424E-12
9.246E6,-1.823E-12,-1.909E-12,-2.315E-12,-2.424E-12
9.247E6,-1.823E-12,-1.909E-12,-2.316E-12,-2.425E-12
9.248E6,-1.823E-12,-1.910E-12,-2.316E-12,-2.425E-12
9.249E6,-1.823E-12,-1.910E-12,-2.316E-12,-2.425E-12
9.250E6,-1.824E-12,-1.910E-12,-2.316E-12,-2.426E-12
9.251E6,-1.824E-12,-1.910E-12,-2.317E-12,-2.426E-12
9.252E6,-1.824E-12,-1.910E-12,-2.317E-12,-2.426E-12
9.253E6,-1.824E-12,-1.911E-12,-2.317E-12,-2.426E-12
9.254E6,-1.824E-12,-1.911E-12,-2.317E-12,-2.427E-12
9.255E6,-1.825E-12,-1.911E-12,-2.318E-12,-2.427E-12
9.256E6,-1.825E-12,-1.911E-12,-2.318E-12,-2.427E-12
9.257E6,-1.825E-12,-1.911E-12,-2.318E-12,-2.427E-12
9.258E6,-1.825E-12,-1.912E-12,-2.318E-12,-2.428E-12
9.259E6,-1.825E-12,-1.912E-12,-2.319E-12,-2.428E-12
9.260E6,-1.826E-12,-1.912E-12,-2.319E-12,-2.428E-12
9.261E6,-1.826E-12,-1.912E-12,-2.319E-12,-2.428E-12
9.262E6,-1.826E-12,-1.913E-12,-2.319E-12,-2.429E-12
9.263E6,-1.826E-12,-1.913E-12,-2.320E-12,-2.429E-12
9.264E6,-1.826E-12,-1.913E-12,-2.320E-12,-2.429E-12
9.265E6,-1.826E-12,-1.913E-12,-2.320E-12,-2.429E-12
9.266E6,-1.827E-12,-1.913E-12,-2.320E-12,-2.430E-12
9.267E6,-1.827E-12,-1.914E-12,-2.321E-12,-2.430E-12
9.268E6,-1.827E-12,-1.914E-12,-2.321E-12,-2.430E-12
9.269E6,-1.827E-12,-1.914E-12,-2.321E-12,-2.431E-12
9.270E6,-1.827E-12,-1.914E-12,-2.321E-12,-2.431E-12
9.271E6,-1.828E-12,-1.914E-12,-2.322E-12,-2.431E-12
9.272E6,-1.828E-12,-1.915E-12,-2.322E-12,-2.431E-12
9.273E6,-1.828E-12,-1.915E-12,-2.322E-12,-2.432E-12
9.274E6,-1.828E-12,-1.915E-12,-2.322E-12,-2.432E-12
9.275E6,-1.828E-12,-1.915E-12,-2.323E-12,-2.432E-12
9.276E6,-1.829E-12,-1.915E-12,-2.323E-12,-2.432E-12
9.277E6,-1.829E-12,-1.916E-12,-2.323E-12,-2.433E-12
9.278E6,-1.829E-12,-1.916E-12,-2.323E-12,-2.433E-12
9.279E6,-1.829E-12,-1.916E-12,-2.324E-12,-2.433E-12
9.280E6,-1.829E-12,-1.916E-12,-2.324E-12,-2.433E-12
9.281E6,-1.830E-12,-1.916E-12,-2.324E-12,-2.434E-12
9.282E6,-1.830E-12,-1.917E-12,-2.324E-12,-2.434E-12
9.283E6,-1.830E-12,-1.917E-12,-2.325E-12,-2.434E-12
9.284E6,-1.830E-12,-1.917E-12,-2.325E-12,-2.434E-12
9.285E6,-1.830E-12,-1.917E-12,-2.325E-12,-2.435E-12
9.286E6,-1.831E-12,-1.917E-12,-2.325E-12,-2.435E-12
9.287E6,-1.831E-12,-1.918E-12,-2.326E-12,-2.435E-12
9.288E6,-1.831E-12,-1.918E-12,-2.326E-12,-2.435E-12
9.289E6,-1.831E-12,-1.918E-12,-2.326E-12,-2.436E-12
9.290E6,-1.831E-12,-1.918E-12,-2.326E-12,-2.436E-12
9.291E6,-1.832E-12,-1.919E-12,-2.327E-12,-2.436E-12
9.292E6,-1.832E-12,-1.919E-12,-2.327E-12,-2.437E-12
9.293E6,-1.832E-12,-1.919E-12,-2.327E-12,-2.437E-12
9.294E6,-1.832E-12,-1.919E-12,-2.328E-12,-2.437E-12
9.295E6,-1.832E-12,-1.919E-12,-2.328E-12,-2.437E-12
9.296E6,-1.833E-12,-1.920E-12,-2.328E-12,-2.438E-12
9.297E6,-1.833E-12,-1.920E-12,-2.328E-12,-2.438E-12
9.298E6,-1.833E-12,-1.920E-12,-2.329E-12,-2.438E-12
9.299E6,-1.833E-12,-1.920E-12,-2.329E-12,-2.438E-12
9.300E6,-1.833E-12,-1.920E-12,-2.329E-12,-2.439E-12
9.301E6,-1.834E-12,-1.921E-12,-2.329E-12,-2.439E-12
9.302E6,-1.834E-12,-1.921E-12,-2.330E-12,-2.439E-12
9.303E6,-1.834E-12,-1.921E-12,-2.330E-12,-2.439E-12
9.304E6,-1.834E-12,-1.921E-12,-2.330E-12,-2.440E-12
9.305E6,-1.834E-12,-1.921E-12,-2.330E-12,-2.440E-12
9.306E6,-1.835E-12,-1.922E-12,-2.331E-12,-2.440E-12
9.307E6,-1.835E-12,-1.922E-12,-2.331E-12,-2.440E-12
9.308E6,-1.835E-12,-1.922E-12,-2.331E-12,-2.441E-12
9.309E6,-1.835E-12,-1.922E-12,-2.331E-12,-2.441E-12
9.310E6,-1.835E-12,-1.922E-12,-2.332E-12,-2.441E-12
9.311E6,-1.836E-12,-1.923E-12,-2.332E-12,-2.442E-12
9.312E6,-1.836E-12,-1.923E-12,-2.332E-12,-2.442E-12
9.313E6,-1.836E-12,-1.923E-12,-2.332E-12,-2.442E-12
9.314E6,-1.836E-12,-1.923E-12,-2.333E-12,-2.442E-12
9.315E6,-1.836E-12,-1.923E-12,-2.333E-12,-2.443E-12
9.316E6,-1.837E-12,-1.924E-12,-2.333E-12,-2.443E-12
9.317E6,-1.837E-12,-1.924E-12,-2.333E-12,-2.443E-12
9.318E6,-1.837E-12,-1.924E-12,-2.334E-12,-2.443E-12
9.319E6,-1.837E-12,-1.924E-12,-2.334E-12,-2.444E-12
9.320E6,-1.837E-12,-1.924E-12,-2.334E-12,-2.444E-12
9.321E6,-1.838E-12,-1.925E-12,-2.334E-12,-2.444E-12
9.322E6,-1.838E-12,-1.925E-12,-2.335E-12,-2.444E-12
9.323E6,-1.838E-12,-1.925E-12,-2.335E-12,-2.445E-12
9.324E6,-1.838E-12,-1.925E-12,-2.335E-12,-2.445E-12
9.325E6,-1.838E-12,-1.926E-12,-2.335E-12,-2.445E-12
9.326E6,-1.839E-12,-1.926E-12,-2.336E-12,-2.445E-12
9.327E6,-1.839E-12,-1.926E-12,-2.336E-12,-2.446E-12
9.328E6,-1.839E-12,-1.926E-12,-2.336E-12,-2.446E-12
9.329E6,-1.839E-12,-1.926E-12,-2.336E-12,-2.446E-12
9.330E6,-1.839E-12,-1.927E-12,-2.337E-12,-2.447E-12
9.331E6,-1.839E-12,-1.927E-12,-2.337E-12,-2.447E-12
9.332E6,-1.840E-12,-1.927E-12,-2.337E-12,-2.447E-12
9.333E6,-1.840E-12,-1.927E-12,-2.337E-12,-2.447E-12
9.334E6,-1.840E-12,-1.927E-12,-2.338E-12,-2.448E-12
9.335E6,-1.840E-12,-1.928E-12,-2.338E-12,-2.448E-12
9.336E6,-1.840E-12,-1.928E-12,-2.338E-12,-2.448E-12
9.337E6,-1.841E-12,-1.928E-12,-2.338E-12,-2.448E-12
9.338E6,-1.841E-12,-1.928E-12,-2.339E-12,-2.449E-12
9.339E6,-1.841E-12,-1.928E-12,-2.339E-12,-2.449E-12
9.340E6,-1.841E-12,-1.929E-12,-2.339E-12,-2.449E-12
9.341E6,-1.841E-12,-1.929E-12,-2.339E-12,-2.449E-12
9.342E6,-1.842E-12,-1.929E-12,-2.340E-12,-2.450E-12
9.343E6,-1.842E-12,-1.929E-12,-2.340E-12,-2.450E-12
9.344E6,-1.842E-12,-1.929E-12,-2.340E-12,-2.450E-12
9.345E6,-1.842E-12,-1.930E-12,-2.340E-12,-2.450E-12
9.346E6,-1.842E-12,-1.930E-12,-2.341E-12,-2.451E-12
9.347E6,-1.843E-12,-1.930E-12,-2.341E-12,-2.451E-12
9.348E6,-1.843E-12,-1.930E-12,-2.341E-12,-2.451E-12
9.349E6,-1.843E-12,-1.930E-12,-2.341E-12,-2.451E-12
9.350E6,-1.843E-12,-1.931E-12,-2.342E-12,-2.452E-12
9.351E6,-1.843E-12,-1.931E-12,-2.342E-12,-2.452E-12
9.352E6,-1.844E-12,-1.931E-12,-2.342E-12,-2.452E-12
9.353E6,-1.844E-12,-1.931E-12,-2.342E-12,-2.453E-12
9.354E6,-1.844E-12,-1.932E-12,-2.343E-12,-2.453E-12
9.355E6,-1.844E-12,-1.932E-12,-2.343E-12,-2.453E-12
9.356E6,-1.844E-12,-1.932E-12,-2.343E-12,-2.453E-12
9.357E6,-1.845E-12,-1.932E-12,-2.343E-12,-2.454E-12
9.358E6,-1.845E-12,-1.932E-12,-2.344E-12,-2.454E-12
9.359E6,-1.845E-12,-1.933E-12,-2.344E-12,-2.454E-12
9.360E6,-1.845E-12,-1.933E-12,-2.344E-12,-2.454E-12
9.361E6,-1.845E-12,-1.933E-12,-2.344E-12,-2.455E-12
9.362E6,-1.846E-12,-1.933E-12,-2.345E-12,-2.455E-12
9.363E6,-1.846E-12,-1.933E-12,-2.345E-12,-2.455E-12
9.364E6,-1.846E-12,-1.934E-12,-2.345E-12,-2.455E-12
9.365E6,-1.846E-12,-1.934E-12,-2.345E-12,-2.456E-12
9.366E6,-1.846E-12,-1.934E-12,-2.346E-12,-2.456E-12
9.367E6,-1.847E-12,-1.934E-12,-2.346E-12,-2.456E-12
9.368E6,-1.847E-12,-1.934E-12,-2.346E-12,-2.456E-12
9.369E6,-1.847E-12,-1.935E-12,-2.346E-12,-2.457E-12
9.370E6,-1.847E-12,-1.935E-12,-2.347E-12,-2.457E-12
9.371E6,-1.847E-12,-1.935E-12,-2.347E-12,-2.457E-12
9.372E6,-1.848E-12,-1.935E-12,-2.347E-12,-2.458E-12
9.373E6,-1.848E-12,-1.935E-12,-2.347E-12,-2.458E-12
9.374E6,-1.848E-12,-1.936E-12,-2.348E-12,-2.458E-12
9.375E6,-1.848E-12,-1.936E-12,-2.348E-12,-2.458E-12
9.376E6,-1.848E-12,-1.936E-12,-2.348E-12,-2.459E-12
9.377E6,-1.849E-12,-1.936E-12,-2.348E-12,-2.459E-12
9.378E6,-1.849E-12,-1.936E-12,-2.349E-12,-2.459E-12
9.379E6,-1.849E-12,-1.937E-12,-2.349E-12,-2.459E-12
9.380E6,-1.849E-12,-1.937E-12,-2.349E-12,-2.460E-12
9.381E6,-1.849E-12,-1.937E-12,-2.349E-12,-2.460E-12
9.382E6,-1.850E-12,-1.937E-12,-2.350E-12,-2.460E-12
9.383E6,-1.850E-12,-1.938E-12,-2.350E-12,-2.460E-12
9.384E6,-1.850E-12,-1.938E-12,-2.350E-12,-2.461E-12
9.385E6,-1.850E-12,-1.938E-12,-2.350E-12,-2.461E-12
9.386E6,-1.850E-12,-1.938E-12,-2.351E-12,-2.461E-12
9.387E6,-1.851E-12,-1.938E-12,-2.351E-12,-2.461E-12
9.388E6,-1.851E-12,-1.939E-12,-2.351E-12,-2.462E-12
9.389E6,-1.851E-12,-1.939E-12,-2.351E-12,-2.462E-12
9.390E6,-1.851E-12,-1.939E-12,-2.352E-12,-2.462E-12
9.391E6,-1.851E-12,-1.939E-12,-2.352E-12,-2.462E-12
9.392E6,-1.852E-12,-1.939E-12,-2.352E-12,-2.463E-12
9.393E6,-1.852E-12,-1.940E-12,-2.352E-12,-2.463E-12
9.394E6,-1.852E-12,-1.940E-12,-2.353E-12,-2.463E-12
9.395E6,-1.852E-12,-1.940E-12,-2.353E-12,-2.464E-12
9.396E6,-1.852E-12,-1.940E-12,-2.353E-12,-2.464E-12
9.397E6,-1.853E-12,-1.940E-12,-2.353E-12,-2.464E-12
9.398E6,-1.853E-12,-1.941E-12,-2.354E-12,-2.464E-12
9.399E6,-1.853E-12,-1.941E-12,-2.354E-12,-2.465E-12
9.400E6,-1.853E-12,-1.941E-12,-2.354E-12,-2.465E-12
9.401E6,-1.853E-12,-1.941E-12,-2.354E-12,-2.465E-12
9.402E6,-1.853E-12,-1.941E-12,-2.355E-12,-2.465E-12
9.403E6,-1.854E-12,-1.942E-12,-2.355E-12,-2.466E-12
9.404E6,-1.854E-12,-1.942E-12,-2.355E-12,-2.466E-12
9.405E6,-1.854E-12,-1.942E-12,-2.355E-12,-2.466E-12
9.406E6,-1.854E-12,-1.942E-12,-2.356E-12,-2.466E-12
9.407E6,-1.854E-12,-1.942E-12,-2.356E-12,-2.467E-12
9.408E6,-1.855E-12,-1.943E-12,-2.356E-12,-2.467E-12
9.409E6,-1.855E-12,-1.943E-12,-2.356E-12,-2.467E-12
9.410E6,-1.855E-12,-1.943E-12,-2.357E-12,-2.467E-12
9.411E6,-1.855E-12,-1.943E-12,-2.357E-12,-2.468E-12
9.412E6,-1.855E-12,-1.943E-12,-2.357E-12,-2.468E-12
9.413E6,-1.856E-12,-1.944E-12,-2.357E-12,-2.468E-12
9.414E6,-1.856E-12,-1.944E-12,-2.358E-12,-2.469E-12
9.415E6,-1.856E-12,-1.944E-12,-2.358E-12,-2.469E-12
9.416E6,-1.856E-12,-1.944E-12,-2.358E-12,-2.469E-12
9.417E6,-1.856E-12,-1.945E-12,-2.358E-12,-2.469E-12
9.418E6,-1.857E-12,-1.945E-12,-2.359E-12,-2.470E-12
9.419E6,-1.857E-12,-1.945E-12,-2.359E-12,-2.470E-12
9.420E6,-1.857E-12,-1.945E-12,-2.359E-12,-2.470E-12
9.421E6,-1.857E-12,-1.945E-12,-2.359E-12,-2.470E-12
9.422E6,-1.857E-12,-1.946E-12,-2.360E-12,-2.471E-12
9.423E6,-1.858E-12,-1.946E-12,-2.360E-12,-2.471E-12
9.424E6,-1.858E-12,-1.946E-12,-2.360E-12,-2.471E-12
9.425E6,-1.858E-12,-1.946E-12,-2.360E-12,-2.471E-12
9.426E6,-1.858E-12,-1.946E-12,-2.361E-12,-2.472E-12
9.427E6,-1.858E-12,-1.947E-12,-2.361E-12,-2.472E-12
9.428E6,-1.859E-12,-1.947E-12,-2.361E-12,-2.472E-12
9.429E6,-1.859E-12,-1.947E-12,-2.361E-12,-2.472E-12
9.430E6,-1.859E-12,-1.947E-12,-2.362E-12,-2.473E-12
9.431E6,-1.859E-12,-1.947E-12,-2.362E-12,-2.473E-12
9.432E6,-1.859E-12,-1.948E-12,-2.362E-12,-2.473E-12
9.433E6,-1.860E-12,-1.948E-12,-2.362E-12,-2.474E-12
9.434E6,-1.860E-12,-1.948E-12,-2.363E-12,-2.474E-12
9.435E6,-1.860E-12,-1.948E-12,-2.363E-12,-2.474E-12
9.436E6,-1.860E-12,-1.948E-12,-2.363E-12,-2.474E-12
9.437E6,-1.860E-12,-1.949E-12,-2.363E-12,-2.475E-12
9.438E6,-1.861E-12,-1.949E-12,-2.364E-12,-2.475E-12
9.439E6,-1.861E-12,-1.949E-12,-2.364E-12,-2.475E-12
9.440E6,-1.861E-12,-1.949E-12,-2.364E-12,-2.475E-12
9.441E6,-1.861E-12,-1.949E-12,-2.364E-12,-2.476E-12
9.442E6,-1.861E-12,-1.950E-12,-2.365E-12,-2.476E-12
9.443E6,-1.862E-12,-1.950E-12,-2.365E-12,-2.476E-12
9.444E6,-1.862E-12,-1.950E-12,-2.365E-12,-2.476E-12
9.445E6,-1.862E-12,-1.950E-12,-2.365E-12,-2.477E-12
9.446E6,-1.862E-12,-1.951E-12,-2.366E-12,-2.477E-12
9.447E6,-1.862E-12,-1.951E-12,-2.366E-12,-2.477E-12
9.448E6,-1.863E-12,-1.951E-12,-2.366E-12,-2.477E-12
9.449E6,-1.863E-12,-1.951E-12,-2.366E-12,-2.478E-12
9.450E6,-1.863E-12,-1.951E-12,-2.367E-12,-2.478E-12
9.451E6,-1.863E-12,-1.952E-12,-2.367E-12,-2.478E-12
9.452E6,-1.863E-12,-1.952E-12,-2.367E-12,-2.478E-12
9.453E6,-1.864E-12,-1.952E-12,-2.367E-12,-2.479E-12
9.454E6,-1.864E-12,-1.952E-12,-2.368E-12,-2.479E-12
9.455E6,-1.864E-12,-1.952E-12,-2.368E-12,-2.479E-12
9.456E6,-1.864E-12,-1.953E-12,-2.368E-12,-2.480E-12
9.457E6,-1.864E-12,-1.953E-12,-2.368E-12,-2.480E-12
9.458E6,-1.865E-12,-1.953E-12,-2.369E-12,-2.480E-12
9.459E6,-1.865E-12,-1.953E-12,-2.369E-12,-2.480E-12
9.460E6,-1.865E-12,-1.953E-12,-2.369E-12,-2.481E-12
9.461E6,-1.865E-12,-1.954E-12,-2.369E-12,-2.481E-12
9.462E6,-1.865E-12,-1.954E-12,-2.370E-12,-2.481E-12
9.463E6,-1.866E-12,-1.954E-12,-2.370E-12,-2.481E-12
9.464E6,-1.866E-12,-1.954E-12,-2.370E-12,-2.482E-12
9.465E6,-1.866E-12,-1.954E-12,-2.370E-12,-2.482E-12
9.466E6,-1.866E-12,-1.955E-12,-2.371E-12,-2.482E-12
9.467E6,-1.866E-12,-1.955E-12,-2.371E-12,-2.482E-12
9.468E6,-1.867E-12,-1.955E-12,-2.371E-12,-2.483E-12
9.469E6,-1.867E-12,-1.955E-12,-2.371E-12,-2.483E-12
9.470E6,-1.867E-12,-1.955E-12,-2.372E-12,-2.483E-12
9.471E6,-1.867E-12,-1.956E-12,-2.372E-12,-2.483E-12
9.472E6,-1.867E-12,-1.956E-12,-2.372E-12,-2.484E-12
9.473E6,-1.867E-12,-1.956E-12,-2.372E-12,-2.484E-12
9.474E6,-1.868E-12,-1.956E-12,-2.373E-12,-2.484E-12
9.475E6,-1.868E-12,-1.957E-12,-2.373E-12,-2.485E-12
9.476E6,-1.868E-12,-1.957E-12,-2.373E-12,-2.485E-12
9.477E6,-1.868E-12,-1.957E-12,-2.373E-12,-2.485E-12
9.478E6,-1.868E-12,-1.957E-12,-2.374E-12,-2.485E-12
9.479E6,-1.869E-12,-1.957E-12,-2.374E-12,-2.486E-12
9.480E6,-1.869E-12,-1.958E-12,-2.374E-12,-2.486E-12
9.481E6,-1.869E-12,-1.958E-12,-2.374E-12,-2.486E-12
9.482E6,-1.869E-12,-1.958E-12,-2.375E-12,-2.486E-12
9.483E6,-1.869E-12,-1.958E-12,-2.375E-12,-2.487E-12
9.484E6,-1.870E-12,-1.958E-12,-2.375E-12,-2.487E-12
9.485E6,-1.870E-12,-1.959E-12,-2.375E-12,-2.487E-12
9.486E6,-1.870E-12,-1.959E-12,-2.376E-12,-2.487E-12
9.487E6,-1.870E-12,-1.959E-12,-2.376E-12,-2.488E-12
9.488E6,-1.870E-12,-1.959E-12,-2.376E-12,-2.488E-12
9.489E6,-1.871E-12,-1.959E-12,-2.376E-12,-2.488E-12
9.490E6,-1.871E-12,-1.960E-12,-2.377E-12,-2.488E-12
9.491E6,-1.871E-12,-1.960E-12,-2.377E-12,-2.489E-12
9.492E6,-1.871E-12,-1.960E-12,-2.377E-12,-2.489E-12
9.493E6,-1.871E-12,-1.960E-12,-2.377E-12,-2.489E-12
9.494E6,-1.872E-12,-1.960E-12,-2.378E-12,-2.490E-12
9.495E6,-1.872E-12,-1.961E-12,-2.378E-12,-2.490E-12
9.496E6,-1.872E-12,-1.961E-12,-2.378E-12,-2.490E-12
9.497E6,-1.872E-12,-1.961E-12,-2.378E-12,-2.490E-12
9.498E6,-1.872E-12,-1.961E-12,-2.379E-12,-2.491E-12
9.499E6,-1.873E-12,-1.961E-12,-2.379E-12,-2.491E-12
9.500E6,-1.873E-12,-1.962E-12,-2.379E-12,-2.491E-12
9.501E6,-1.873E-12,-1.962E-12,-2.379E-12,-2.491E-12
9.502E6,-1.873E-12,-1.962E-12,-2.380E-12,-2.492E-12
9.503E6,-1.873E-12,-1.962E-12,-2.380E-12,-2.492E-12
9.504E6,-1.874E-12,-1.962E-12,-2.380E-12,-2.492E-12
9.505E6,-1.874E-12,-1.963E-12,-2.380E-12,-2.492E-12
9.506E6,-1.874E-12,-1.963E-12,-2.381E-12,-2.493E-12
9.507E6,-1.874E-12,-1.963E-12,-2.381E-12,-2.493E-12
9.508E6,-1.874E-12,-1.963E-12,-2.381E-12,-2.493E-12
9.509E6,-1.875E-12,-1.964E-12,-2.381E-12,-2.493E-12
9.510E6,-1.875E-12,-1.964E-12,-2.382E-12,-2.494E-12
9.511E6,-1.875E-12,-1.964E-12,-2.382E-12,-2.494E-12
9.512E6,-1.875E-12,-1.964E-12,-2.382E-12,-2.494E-12
9.513E6,-1.875E-12,-1.964E-12,-2.382E-12,-2.494E-12
9.514E6,-1.876E-12,-1.965E-12,-2.383E-12,-2.495E-12
9.515E6,-1.876E-12,-1.965E-12,-2.383E-12,-2.495E-12
9.516E6,-1.876E-12,-1.965E-12,-2.383E-12,-2.495E-12
9.517E6,-1.876E-12,-1.965E-12,-2.383E-12,-2.496E-12
9.518E6,-1.876E-12,-1.965E-12,-2.384E-12,-2.496E-12
9.519E6,-1.877E-12,-1.966E-12,-2.384E-12,-2.496E-12
9.520E6,-1.877E-12,-1.966E-12,-2.384E-12,-2.496E-12
9.521E6,-1.877E-12,-1.966E-12,-2.384E-12,-2.497E-12
9.522E6,-1.877E-12,-1.966E-12,-2.385E-12,-2.497E-12
9.523E6,-1.877E-12,-1.966E-12,-2.385E-12,-2.497E-12
9.524E6,-1.878E-12,-1.967E-12,-2.385E-12,-2.497E-12
9.525E6,-1.878E-12,-1.967E-12,-2.385E-12,-2.498E-12
9.526E6,-1.878E-12,-1.967E-12,-2.386E-12,-2.498E-12
9.527E6,-1.878E-12,-1.967E-12,-2.386E-12,-2.498E-12
9.528E6,-1.878E-12,-1.967E-12,-2.386E-12,-2.498E-12
9.529E6,-1.879E-12,-1.968E-12,-2.386E-12,-2.499E-12
9.530E6,-1.879E-12,-1.968E-12,-2.387E-12,-2.499E-12
9.531E6,-1.879E-12,-1.968E-12,-2.387E-12,-2.499E-12
9.532E6,-1.879E-12,-1.968E-12,-2.387E-12,-2.499E-12
9.533E6,-1.879E-12,-1.968E-12,-2.387E-12,-2.500E-12
9.534E6,-1.880E-12,-1.969E-12,-2.388E-12,-2.500E-12
9.535E6,-1.880E-12,-1.969E-12,-2.388E-12,-2.500E-12
9.536E6,-1.880E-12,-1.969E-12,-2.388E-12,-2.501E-12
9.537E6,-1.880E-12,-1.969E-12,-2.388E-12,-2.501E-12
9.538E6,-1.880E-12,-1.970E-12,-2.389E-12,-2.501E-12
9.539E6,-1.881E-12,-1.970E-12,-2.389E-12,-2.501E-12
9.540E6,-1.881E-12,-1.970E-12,-2.389E-12,-2.502E-12
9.541E6,-1.881E-12,-1.970E-12,-2.389E-12,-2.502E-12
9.542E6,-1.881E-12,-1.970E-12,-2.390E-12,-2.502E-12
9.543E6,-1.881E-12,-1.971E-12,-2.390E-12,-2.502E-12
9.544E6,-1.881E-12,-1.971E-12,-2.390E-12,-2.503E-12
9.545E6,-1.882E-12,-1.971E-12,-2.390E-12,-2.503E-12
9.546E6,-1.882E-12,-1.971E-12,-2.391E-12,-2.503E-12
9.547E6,-1.882E-12,-1.971E-12,-2.391E-12,-2.503E-12
9.548E6,-1.882E-12,-1.972E-12,-2.391E-12,-2.504E-12
9.549E6,-1.882E-12,-1.972E-12,-2.391E-12,-2.504E-12
9.550E6,-1.883E-12,-1.972E-12,-2.392E-12,-2.504E-12
9.551E6,-1.883E-12,-1.972E-12,-2.392E-12,-2.504E-12
9.552E6,-1.883E-12,-1.972E-12,-2.392E-12,-2.505E-12
9.553E6,-1.883E-12,-1.973E-12,-2.392E-12,-2.505E-12
9.554E6,-1.883E-12,-1.973E-12,-2.393E-12,-2.505E-12
9.555E6,-1.884E-12,-1.973E-12,-2.393E-12,-2.505E-12
9.556E6,-1.884E-12,-1.973E-12,-2.393E-12,-2.506E-12
9.557E6,-1.884E-12,-1.973E-12,-2.393E-12,-2.506E-12
9.558E6,-1.884E-12,-1.974E-12,-2.394E-12,-2.506E-12
9.559E6,-1.884E-12,-1.974E-12,-2.394E-12,-2.507E-12
9.560E6,-1.885E-12,-1.974E-12,-2.394E-12,-2.507E-12
9.561E6,-1.885E-12,-1.974E-12,-2.394E-12,-2.507E-12
9.562E6,-1.885E-12,-1.974E-12,-2.395E-12,-2.507E-12
9.563E6,-1.885E-12,-1.975E-12,-2.395E-12,-2.508E-12
9.564E6,-1.885E-12,-1.975E-12,-2.395E-12,-2.508E-12
9.565E6,-1.886E-12,-1.975E-12,-2.395E-12,-2.508E-12
9.566E6,-1.886E-12,-1.975E-12,-2.396E-12,-2.508E-12
9.567E6,-1.886E-12,-1.976E-12,-2.396E-12,-2.509E-12
9.568E6,-1.886E-12,-1.976E-12,-2.396E-12,-2.509E-12
9.569E6,-1.886E-12,-1.976E-12,-2.396E-12,-2.509E-12
9.570E6,-1.887E-12,-1.976E-12,-2.397E-12,-2.509E-12
9.571E6,-1.887E-12,-1.976E-12,-2.397E-12,-2.510E-12
9.572E6,-1.887E-12,-1.977E-12,-2.397E-12,-2.510E-12
9.573E6,-1.887E-12,-1.977E-12,-2.397E-12,-2.510E-12
9.574E6,-1.887E-12,-1.977E-12,-2.398E-12,-2.510E-12
9.575E6,-1.888E-12,-1.977E-12,-2.398E-12,-2.511E-12
9.576E6,-1.888E-12,-1.977E-12,-2.398E-12,-2.511E-12
9.577E6,-1.888E-12,-1.978E-12,-2.398E-12,-2.511E-12
9.578E6,-1.888E-12,-1.978E-12,-2.399E-12,-2.512E-12
9.579E6,-1.888E-12,-1.978E-12,-2.399E-12,-2.512E-12
9.580E6,-1.889E-12,-1.978E-12,-2.399E-12,-2.512E-12
9.581E6,-1.889E-12,-1.978E-12,-2.399E-12,-2.512E-12
9.582E6,-1.889E-12,-1.979E-12,-2.400E-12,-2.513E-12
9.583E6,-1.889E-12,-1.979E-12,-2.400E-12,-2.513E-12
9.584E6,-1.889E-12,-1.979E-12,-2.400E-12,-2.513E-12
9.585E6,-1.890E-12,-1.979E-12,-2.400E-12,-2.513E-12
9.586E6,-1.890E-12,-1.979E-12,-2.401E-12,-2.514E-12
9.587E6,-1.890E-12,-1.980E-12,-2.401E-12,-2.514E-12
9.588E6,-1.890E-12,-1.980E-12,-2.401E-12,-2.514E-12
9.589E6,-1.890E-12,-1.980E-12,-2.401E-12,-2.514E-12
9.590E6,-1.891E-12,-1.980E-12,-2.402E-12,-2.515E-12
9.591E6,-1.891E-12,-1.980E-12,-2.402E-12,-2.515E-12
9.592E6,-1.891E-12,-1.981E-12,-2.402E-12,-2.515E-12
9.593E6,-1.891E-12,-1.981E-12,-2.402E-12,-2.515E-12
9.594E6,-1.891E-12,-1.981E-12,-2.403E-12,-2.516E-12
9.595E6,-1.892E-12,-1.981E-12,-2.403E-12,-2.516E-12
9.596E6,-1.892E-12,-1.981E-12,-2.403E-12,-2.516E-12
9.597E6,-1.892E-12,-1.982E-12,-2.403E-12,-2.517E-12
9.598E6,-1.892E-12,-1.982E-12,-2.404E-12,-2.517E-12
9.599E6,-1.892E-12,-1.982E-12,-2.404E-12,-2.517E-12
9.600E6,-1.893E-12,-1.982E-12,-2.404E-12,-2.517E-12
9.601E6,-1.893E-12,-1.983E-12,-2.404E-12,-2.518E-12
9.602E6,-1.893E-12,-1.983E-12,-2.405E-12,-2.518E-12
9.603E6,-1.893E-12,-1.983E-12,-2.405E-12,-2.518E-12
9.604E6,-1.893E-12,-1.983E-12,-2.405E-12,-2.518E-12
9.605E6,-1.894E-12,-1.983E-12,-2.405E-12,-2.519E-12
9.606E6,-1.894E-12,-1.984E-12,-2.406E-12,-2.519E-12
9.607E6,-1.894E-12,-1.984E-12,-2.406E-12,-2.519E-12
9.608E6,-1.894E-12,-1.984E-12,-2.406E-12,-2.519E-12
9.609E6,-1.894E-12,-1.984E-12,-2.406E-12,-2.520E-12
9.610E6,-1.894E-12,-1.984E-12,-2.407E-12,-2.520E-12
9.611E6,-1.895E-12,-1.985E-12,-2.407E-12,-2.520E-12
9.612E6,-1.895E-12,-1.985E-12,-2.407E-12,-2.520E-12
9.613E6,-1.895E-12,-1.985E-12,-2.407E-12,-2.521E-12
9.614E6,-1.895E-12,-1.985E-12,-2.408E-12,-2.521E-12
9.615E6,-1.895E-12,-1.985E-12,-2.408E-12,-2.521E-12
9.616E6,-1.896E-12,-1.986E-12,-2.408E-12,-2.521E-12
9.617E6,-1.896E-12,-1.986E-12,-2.408E-12,-2.522E-12
9.618E6,-1.896E-12,-1.986E-12,-2.409E-12,-2.522E-12
9.619E6,-1.896E-12,-1.986E-12,-2.409E-12,-2.522E-12
9.620E6,-1.896E-12,-1.986E-12,-2.409E-12,-2.523E-12
9.621E6,-1.897E-12,-1.987E-12,-2.409E-12,-2.523E-12
9.622E6,-1.897E-12,-1.987E-12,-2.410E-12,-2.523E-12
9.623E6,-1.897E-12,-1.987E-12,-2.410E-12,-2.523E-12
9.624E6,-1.897E-12,-1.987E-12,-2.410E-12,-2.524E-12
9.625E6,-1.897E-12,-1.987E-12,-2.410E-12,-2.524E-12
9.626E6,-1.898E-12,-1.988E-12,-2.411E-12,-2.524E-12
9.627E6,-1.898E-12,-1.988E-12,-2.411E-12,-2.524E-12
9.628E6,-1.898E-12,-1.988E-12,-2.411E-12,-2.525E-12
9.629E6,-1.898E-12,-1.988E-12,-2.411E-12,-2.525E-12
9.630E6,-1.898E-12,-1.989E-12,-2.412E-12,-2.525E-12
9.631E6,-1.899E-12,-1.989E-12,-2.412E-12,-2.525E-12
9.632E6,-1.899E-12,-1.989E-12,-2.412E-12,-2.526E-12
9.633E6,-1.899E-12,-1.989E-12,-2.412E-12,-2.526E-12
9.634E6,-1.899E-12,-1.989E-12,-2.413E-12,-2.526E-12
9.635E6,-1.899E-12,-1.990E-12,-2.413E-12,-2.526E-12
9.636E6,-1.900E-12,-1.990E-12,-2.413E-12,-2.527E-12
9.637E6,-1.900E-12,-1.990E-12,-2.413E-12,-2.527E-12
9.638E6,-1.900E-12,-1.990E-12,-2.414E-12,-2.527E-12
9.639E6,-1.900E-12,-1.990E-12,-2.414E-12,-2.528E-12
9.640E6,-1.900E-12,-1.991E-12,-2.414E-12,-2.528E-12
9.641E6,-1.901E-12,-1.991E-12,-2.414E-12,-2.528E-12
9.642E6,-1.901E-12,-1.991E-12,-2.415E-12,-2.528E-12
9.643E6,-1.901E-12,-1.991E-12,-2.415E-12,-2.529E-12
9.644E6,-1.901E-12,-1.991E-12,-2.415E-12,-2.529E-12
9.645E6,-1.901E-12,-1.992E-12,-2.415E-12,-2.529E-12
9.646E6,-1.902E-12,-1.992E-12,-2.416E-12,-2.529E-12
9.647E6,-1.902E-12,-1.992E-12,-2.416E-12,-2.530E-12
9.648E6,-1.902E-12,-1.992E-12,-2.416E-12,-2.530E-12
9.649E6,-1.902E-12,-1.992E-12,-2.416E-12,-2.530E-12
9.650E6,-1.902E-12,-1.993E-12,-2.417E-12,-2.530E-12
9.651E6,-1.903E-12,-1.993E-12,-2.417E-12,-2.531E-12
9.652E6,-1.903E-12,-1.993E-12,-2.417E-12,-2.531E-12
9.653E6,-1.903E-12,-1.993E-12,-2.417E-12,-2.531E-12
9.654E6,-1.903E-12,-1.993E-12,-2.418E-12,-2.531E-12
9.655E6,-1.903E-12,-1.994E-12,-2.418E-12,-2.532E-12
9.656E6,-1.904E-12,-1.994E-12,-2.418E-12,-2.532E-12
9.657E6,-1.904E-12,-1.994E-12,-2.418E-12,-2.532E-12
9.658E6,-1.904E-12,-1.994E-12,-2.419E-12,-2.533E-12
9.659E6,-1.904E-12,-1.994E-12,-2.419E-12,-2.533E-12
9.660E6,-1.904E-12,-1.995E-12,-2.419E-12,-2.533E-12
9.661E6,-1.905E-12,-1.995E-12,-2.419E-12,-2.533E-12
9.662E6,-1.905E-12,-1.995E-12,-2.420E-12,-2.534E-12
9.663E6,-1.905E-12,-1.995E-12,-2.420E-12,-2.534E-12
9.664E6,-1.905E-12,-1.996E-12,-2.420E-12,-2.534E-12
9.665E6,-1.905E-12,-1.996E-12,-2.420E-12,-2.534E-12
9.666E6,-1.906E-12,-1.996E-12,-2.421E-12,-2.535E-12
9.667E6,-1.906E-12,-1.996E-12,-2.421E-12,-2.535E-12
9.668E6,-1.906E-12,-1.996E-12,-2.421E-12,-2.535E-12
9.669E6,-1.906E-12,-1.997E-12,-2.421E-12,-2.535E-12
9.670E6,-1.906E-12,-1.997E-12,-2.422E-12,-2.536E-12
9.671E6,-1.907E-12,-1.997E-12,-2.422E-12,-2.536E-12
9.672E6,-1.907E-12,-1.997E-12,-2.422E-12,-2.536E-12
9.673E6,-1.907E-12,-1.997E-12,-2.422E-12,-2.536E-12
9.674E6,-1.907E-12,-1.998E-12,-2.423E-12,-2.537E-12
9.675E6,-1.907E-12,-1.998E-12,-2.423E-12,-2.537E-12
9.676E6,-1.908E-12,-1.998E-12,-2.423E-12,-2.537E-12
9.677E6,-1.908E-12,-1.998E-12,-2.423E-12,-2.537E-12
9.678E6,-1.908E-12,-1.998E-12,-2.424E-12,-2.538E-12
9.679E6,-1.908E-12,-1.999E-12,-2.424E-12,-2.538E-12
9.680E6,-1.908E-12,-1.999E-12,-2.424E-12,-2.538E-12
9.681E6,-1.908E-12,-1.999E-12,-2.424E-12,-2.539E-12
9.682E6,-1.909E-12,-1.999E-12,-2.425E-12,-2.539E-12
9.683E6,-1.909E-12,-1.999E-12,-2.425E-12,-2.539E-12
9.684E6,-1.909E-12,-2.000E-12,-2.425E-12,-2.539E-12
9.685E6,-1.909E-12,-2.000E-12,-2.425E-12,-2.540E-12
9.686E6,-1.909E-12,-2.000E-12,-2.426E-12,-2.540E-12
9.687E6,-1.910E-12,-2.000E-12,-2.426E-12,-2.540E-12
9.688E6,-1.910E-12,-2.000E-12,-2.426E-12,-2.540E-12
9.689E6,-1.910E-12,-2.001E-12,-2.426E-12,-2.541E-12
9.690E6,-1.910E-12,-2.001E-12,-2.427E-12,-2.541E-12
9.691E6,-1.910E-12,-2.001E-12,-2.427E-12,-2.541E-12
9.692E6,-1.911E-12,-2.001E-12,-2.427E-12,-2.541E-12
9.693E6,-1.911E-12,-2.002E-12,-2.427E-12,-2.542E-12
9.694E6,-1.911E-12,-2.002E-12,-2.428E-12,-2.542E-12
9.695E6,-1.911E-12,-2.002E-12,-2.428E-12,-2.542E-12
9.696E6,-1.911E-12,-2.002E-12,-2.428E-12,-2.542E-12
9.697E6,-1.912E-12,-2.002E-12,-2.428E-12,-2.543E-12
9.698E6,-1.912E-12,-2.003E-12,-2.429E-12,-2.543E-12
9.699E6,-1.912E-12,-2.003E-12,-2.429E-12,-2.543E-12
9.700E6,-1.912E-12,-2.003E-12,-2.429E-12,-2.544E-12
9.701E6,-1.912E-12,-2.003E-12,-2.429E-12,-2.544E-12
9.702E6,-1.913E-12,-2.003E-12,-2.430E-12,-2.544E-12
9.703E6,-1.913E-12,-2.004E-12,-2.430E-12,-2.544E-12
9.704E6,-1.913E-12,-2.004E-12,-2.430E-12,-2.545E-12
9.705E6,-1.913E-12,-2.004E-12,-2.430E-12,-2.545E-12
9.706E6,-1.913E-12,-2.004E-12,-2.431E-12,-2.545E-12
9.707E6,-1.914E-12,-2.004E-12,-2.431E-12,-2.545E-12
9.708E6,-1.914E-12,-2.005E-12,-2.431E-12,-2.546E-12
9.709E6,-1.914E-12,-2.005E-12,-2.431E-12,-2.546E-12
9.710E6,-1.914E-12,-2.005E-12,-2.432E-12,-2.546E-12
9.711E6,-1.914E-12,-2.005E-12,-2.432E-12,-2.546E-12
9.712E6,-1.915E-12,-2.005E-12,-2.432E-12,-2.547E-12
9.713E6,-1.915E-12,-2.006E-12,-2.432E-12,-2.547E-12
9.714E6,-1.915E-12,-2.006E-12,-2.433E-12,-2.547E-12
9.715E6,-1.915E-12,-2.006E-12,-2.433E-12,-2.547E-12
9.716E6,-1.915E-12,-2.006E-12,-2.433E-12,-2.548E-12
9.717E6,-1.916E-12,-2.006E-12,-2.433E-12,-2.548E-12
9.718E6,-1.916E-12,-2.007E-12,-2.434E-12,-2.548E-12
9.719E6,-1.916E-12,-2.007E-12,-2.434E-12,-2.549E-12
9.720E6,-1.916E-12,-2.007E-12,-2.434E-12,-2.549E-12
9.721E6,-1.916E-12,-2.007E-12,-2.434E-12,-2.549E-12
9.722E6,-1.917E-12,-2.008E-12,-2.435E-12,-2.549E-12
9.723E6,-1.917E-12,-2.008E-12,-2.435E-12,-2.550E-12
9.724E6,-1.917E-12,-2.008E-12,-2.435E-12,-2.550E-12
9.725E6,-1.917E-12,-2.008E-12,-2.435E-12,-2.550E-12
9.726E6,-1.917E-12,-2.008E-12,-2.436E-12,-2.550E-12
9.727E6,-1.918E-12,-2.009E-12,-2.436E-12,-2.551E-12
9.728E6,-1.918E-12,-2.009E-12,-2.436E-12,-2.551E-12
9.729E6,-1.918E-12,-2.009E-12,-2.436E-12,-2.551E-12
9.730E6,-1.918E-12,-2.009E-12,-2.437E-12,-2.551E-12
9.731E6,-1.918E-12,-2.009E-12,-2.437E-12,-2.552E-12
9.732E6,-1.919E-12,-2.010E-12,-2.437E-12,-2.552E-12
9.733E6,-1.919E-12,-2.010E-12,-2.437E-12,-2.552E-12
9.734E6,-1.919E-12,-2.010E-12,-2.438E-12,-2.552E-12
9.735E6,-1.919E-12,-2.010E-12,-2.438E-12,-2.553E-12
9.736E6,-1.919E-12,-2.010E-12,-2.438E-12,-2.553E-12
9.737E6,-1.920E-12,-2.011E-12,-2.438E-12,-2.553E-12
9.738E6,-1.920E-12,-2.011E-12,-2.439E-12,-2.553E-12
9.739E6,-1.920E-12,-2.011E-12,-2.439E-12,-2.554E-12
9.740E6,-1.920E-12,-2.011E-12,-2.439E-12,-2.554E-12
9.741E6,-1.920E-12,-2.011E-12,-2.439E-12,-2.554E-12
9.742E6,-1.921E-12,-2.012E-12,-2.440E-12,-2.555E-12
9.743E6,-1.921E-12,-2.012E-12,-2.440E-12,-2.555E-12
9.744E6,-1.921E-12,-2.012E-12,-2.440E-12,-2.555E-12
9.745E6,-1.921E-12,-2.012E-12,-2.440E-12,-2.555E-12
9.746E6,-1.921E-12,-2.012E-12,-2.441E-12,-2.556E-12
9.747E6,-1.922E-12,-2.013E-12,-2.441E-12,-2.556E-12
9.748E6,-1.922E-12,-2.013E-12,-2.441E-12,-2.556E-12
9.749E6,-1.922E-12,-2.013E-12,-2.441E-12,-2.556E-12
9.750E6,-1.922E-12,-2.013E-12,-2.442E-12,-2.557E-12
9.751E6,-1.922E-12,-2.013E-12,-2.442E-12,-2.557E-12
9.752E6,-1.922E-12,-2.014E-12,-2.442E-12,-2.557E-12
9.753E6,-1.923E-12,-2.014E-12,-2.442E-12,-2.557E-12
9.754E6,-1.923E-12,-2.014E-12,-2.443E-12,-2.558E-12
9.755E6,-1.923E-12,-2.014E-12,-2.443E-12,-2.558E-12
9.756E6,-1.923E-12,-2.015E-12,-2.443E-12,-2.558E-12
9.757E6,-1.923E-12,-2.015E-12,-2.443E-12,-2.558E-12
9.758E6,-1.924E-12,-2.015E-12,-2.444E-12,-2.559E-12
9.759E6,-1.924E-12,-2.015E-12,-2.444E-12,-2.559E-12
9.760E6,-1.924E-12,-2.015E-12,-2.444E-12,-2.559E-12
9.761E6,-1.924E-12,-2.016E-12,-2.444E-12,-2.560E-12
9.762E6,-1.924E-12,-2.016E-12,-2.445E-12,-2.560E-12
9.763E6,-1.925E-12,-2.016E-12,-2.445E-12,-2.560E-12
9.764E6,-1.925E-12,-2.016E-12,-2.445E-12,-2.560E-12
9.765E6,-1.925E-12,-2.016E-12,-2.445E-12,-2.561E-12
9.766E6,-1.925E-12,-2.017E-12,-2.446E-12,-2.561E-12
9.767E6,-1.925E-12,-2.017E-12,-2.446E-12,-2.561E-12
9.768E6,-1.926E-12,-2.017E-12,-2.446E-12,-2.561E-12
9.769E6,-1.926E-12,-2.017E-12,-2.446E-12,-2.562E-12
9.770E6,-1.926E-12,-2.017E-12,-2.447E-12,-2.562E-12
9.771E6,-1.926E-12,-2.018E-12,-2.447E-12,-2.562E-12
9.772E6,-1.926E-12,-2.018E-12,-2.447E-12,-2.562E-12
9.773E6,-1.927E-12,-2.018E-12,-2.447E-12,-2.563E-12
9.774E6,-1.927E-12,-2.018E-12,-2.448E-12,-2.563E-12
9.775E6,-1.927E-12,-2.018E-12,-2.448E-12,-2.563E-12
9.776E6,-1.927E-12,-2.019E-12,-2.448E-12,-2.563E-12
9.777E6,-1.927E-12,-2.019E-12,-2.448E-12,-2.564E-12
9.778E6,-1.928E-12,-2.019E-12,-2.449E-12,-2.564E-12
9.779E6,-1.928E-12,-2.019E-12,-2.449E-12,-2.564E-12
9.780E6,-1.928E-12,-2.019E-12,-2.449E-12,-2.564E-12
9.781E6,-1.928E-12,-2.020E-12,-2.449E-12,-2.565E-12
9.782E6,-1.928E-12,-2.020E-12,-2.450E-12,-2.565E-12
9.783E6,-1.929E-12,-2.020E-12,-2.450E-12,-2.565E-12
9.784E6,-1.929E-12,-2.020E-12,-2.450E-12,-2.566E-12
9.785E6,-1.929E-12,-2.021E-12,-2.450E-12,-2.566E-12
9.786E6,-1.929E-12,-2.021E-12,-2.451E-12,-2.566E-12
9.787E6,-1.929E-12,-2.021E-12,-2.451E-12,-2.566E-12
9.788E6,-1.930E-12,-2.021E-12,-2.451E-12,-2.567E-12
9.789E6,-1.930E-12,-2.021E-12,-2.451E-12,-2.567E-12
9.790E6,-1.930E-12,-2.022E-12,-2.452E-12,-2.567E-12
9.791E6,-1.930E-12,-2.022E-12,-2.452E-12,-2.567E-12
9.792E6,-1.930E-12,-2.022E-12,-2.452E-12,-2.568E-12
9.793E6,-1.931E-12,-2.022E-12,-2.452E-12,-2.568E-12
9.794E6,-1.931E-12,-2.022E-12,-2.453E-12,-2.568E-12
9.795E6,-1.931E-12,-2.023E-12,-2.453E-12,-2.568E-12
9.796E6,-1.931E-12,-2.023E-12,-2.453E-12,-2.569E-12
9.797E6,-1.931E-12,-2.023E-12,-2.453E-12,-2.569E-12
9.798E6,-1.932E-12,-2.023E-12,-2.454E-12,-2.569E-12
9.799E6,-1.932E-12,-2.023E-12,-2.454E-12,-2.569E-12
9.800E6,-1.932E-12,-2.024E-12,-2.454E-12,-2.570E-12
9.801E6,-1.932E-12,-2.024E-12,-2.454E-12,-2.570E-12
9.802E6,-1.932E-12,-2.024E-12,-2.455E-12,-2.570E-12
9.803E6,-1.933E-12,-2.024E-12,-2.455E-12,-2.571E-12
9.804E6,-1.933E-12,-2.024E-12,-2.455E-12,-2.571E-12
9.805E6,-1.933E-12,-2.025E-12,-2.455E-12,-2.571E-12
9.806E6,-1.933E-12,-2.025E-12,-2.456E-12,-2.571E-12
9.807E6,-1.933E-12,-2.025E-12,-2.456E-12,-2.572E-12
9.808E6,-1.934E-12,-2.025E-12,-2.456E-12,-2.572E-12
9.809E6,-1.934E-12,-2.025E-12,-2.456E-12,-2.572E-12
9.810E6,-1.934E-12,-2.026E-12,-2.457E-12,-2.572E-12
9.811E6,-1.934E-12,-2.026E-12,-2.457E-12,-2.573E-12
9.812E6,-1.934E-12,-2.026E-12,-2.457E-12,-2.573E-12
9.813E6,-1.935E-12,-2.026E-12,-2.457E-12,-2.573E-12
9.814E6,-1.935E-12,-2.027E-12,-2.458E-12,-2.573E-12
9.815E6,-1.935E-12,-2.027E-12,-2.458E-12,-2.574E-12
9.816E6,-1.935E-12,-2.027E-12,-2.458E-12,-2.574E-12
9.817E6,-1.935E-12,-2.027E-12,-2.458E-12,-2.574E-12
9.818E6,-1.936E-12,-2.027E-12,-2.459E-12,-2.574E-12
9.819E6,-1.936E-12,-2.028E-12,-2.459E-12,-2.575E-12
9.820E6,-1.936E-12,-2.028E-12,-2.459E-12,-2.575E-12
9.821E6,-1.936E-12,-2.028E-12,-2.459E-12,-2.575E-12
9.822E6,-1.936E-12,-2.028E-12,-2.460E-12,-2.576E-12
9.823E6,-1.936E-12,-2.028E-12,-2.460E-12,-2.576E-12
9.824E6,-1.937E-12,-2.029E-12,-2.460E-12,-2.576E-12
9.825E6,-1.937E-12,-2.029E-12,-2.460E-12,-2.576E-12
9.826E6,-1.937E-12,-2.029E-12,-2.461E-12,-2.577E-12
9.827E6,-1.937E-12,-2.029E-12,-2.461E-12,-2.577E-12
9.828E6,-1.937E-12,-2.029E-12,-2.461E-12,-2.577E-12
9.829E6,-1.938E-12,-2.030E-12,-2.461E-12,-2.577E-12
9.830E6,-1.938E-12,-2.030E-12,-2.462E-12,-2.578E-12
9.831E6,-1.938E-12,-2.030E-12,-2.462E-12,-2.578E-12
9.832E6,-1.938E-12,-2.030E-12,-2.462E-12,-2.578E-12
9.833E6,-1.938E-12,-2.030E-12,-2.462E-12,-2.578E-12
9.834E6,-1.939E-12,-2.031E-12,-2.463E-12,-2.579E-12
9.835E6,-1.939E-12,-2.031E-12,-2.463E-12,-2.579E-12
9.836E6,-1.939E-12,-2.031E-12,-2.463E-12,-2.579E-12
9.837E6,-1.939E-12,-2.031E-12,-2.463E-12,-2.579E-12
9.838E6,-1.939E-12,-2.031E-12,-2.464E-12,-2.580E-12
9.839E6,-1.940E-12,-2.032E-12,-2.464E-12,-2.580E-12
9.840E6,-1.940E-12,-2.032E-12,-2.464E-12,-2.580E-12
9.841E6,-1.940E-12,-2.032E-12,-2.464E-12,-2.580E-12
9.842E6,-1.940E-12,-2.032E-12,-2.465E-12,-2.581E-12
9.843E6,-1.940E-12,-2.032E-12,-2.465E-12,-2.581E-12
9.844E6,-1.941E-12,-2.033E-12,-2.465E-12,-2.581E-12
9.845E6,-1.941E-12,-2.033E-12,-2.465E-12,-2.582E-12
9.846E6,-1.941E-12,-2.033E-12,-2.466E-12,-2.582E-12
9.847E6,-1.941E-12,-2.033E-12,-2.466E-12,-2.582E-12
9.848E6,-1.941E-12,-2.034E-12,-2.466E-12,-2.582E-12
9.849E6,-1.942E-12,-2.034E-12,-2.466E-12,-2.583E-12
9.850E6,-1.942E-12,-2.034E-12,-2.467E-12,-2.583E-12
9.851E6,-1.942E-12,-2.034E-12,-2.467E-12,-2.583E-12
9.852E6,-1.942E-12,-2.034E-12,-2.467E-12,-2.583E-12
9.853E6,-1.942E-12,-2.035E-12,-2.467E-12,-2.584E-12
9.854E6,-1.943E-12,-2.035E-12,-2.468E-12,-2.584E-12
9.855E6,-1.943E-12,-2.035E-12,-2.468E-12,-2.584E-12
9.856E6,-1.943E-12,-2.035E-12,-2.468E-12,-2.584E-12
9.857E6,-1.943E-12,-2.035E-12,-2.468E-12,-2.585E-12
9.858E6,-1.943E-12,-2.036E-12,-2.469E-12,-2.585E-12
9.859E6,-1.944E-12,-2.036E-12,-2.469E-12,-2.585E-12
9.860E6,-1.944E-12,-2.036E-12,-2.469E-12,-2.585E-12
9.861E6,-1.944E-12,-2.036E-12,-2.469E-12,-2.586E-12
9.862E6,-1.944E-12,-2.036E-12,-2.470E-12,-2.586E-12
9.863E6,-1.944E-12,-2.037E-12,-2.470E-12,-2.586E-12
9.864E6,-1.945E-12,-2.037E-12,-2.470E-12,-2.587E-12
9.865E6,-1.945E-12,-2.037E-12,-2.470E-12,-2.587E-12
9.866E6,-1.945E-12,-2.037E-12,-2.471E-12,-2.587E-12
9.867E6,-1.945E-12,-2.037E-12,-2.471E-12,-2.587E-12
9.868E6,-1.945E-12,-2.038E-12,-2.471E-12,-2.588E-12
9.869E6,-1.946E-12,-2.038E-12,-2.471E-12,-2.588E-12
9.870E6,-1.946E-12,-2.038E-12,-2.472E-12,-2.588E-12
9.871E6,-1.946E-12,-2.038E-12,-2.472E-12,-2.588E-12
9.872E6,-1.946E-12,-2.038E-12,-2.472E-12,-2.589E-12
9.873E6,-1.946E-12,-2.039E-12,-2.472E-12,-2.589E-12
9.874E6,-1.947E-12,-2.039E-12,-2.473E-12,-2.589E-12
9.875E6,-1.947E-12,-2.039E-12,-2.473E-12,-2.589E-12
9.876E6,-1.947E-12,-2.039E-12,-2.473E-12,-2.590E-12
9.877E6,-1.947E-12,-2.040E-12,-2.473E-12,-2.590E-12
9.878E6,-1.947E-12,-2.040E-12,-2.474E-12,-2.590E-12
9.879E6,-1.948E-12,-2.040E-12,-2.474E-12,-2.590E-12
9.880E6,-1.948E-12,-2.040E-12,-2.474E-12,-2.591E-12
9.881E6,-1.948E-12,-2.040E-12,-2.475E-12,-2.591E-12
9.882E6,-1.948E-12,-2.041E-12,-2.475E-12,-2.591E-12
9.883E6,-1.948E-12,-2.041E-12,-2.475E-12,-2.592E-12
9.884E6,-1.949E-12,-2.041E-12,-2.475E-12,-2.592E-12
9.885E6,-1.949E-12,-2.041E-12,-2.476E-12,-2.592E-12
9.886E6,-1.949E-12,-2.041E-12,-2.476E-12,-2.592E-12
9.887E6,-1.949E-12,-2.042E-12,-2.476E-12,-2.593E-12
9.888E6,-1.949E-12,-2.042E-12,-2.476E-12,-2.593E-12
9.889E6,-1.949E-12,-2.042E-12,-2.477E-12,-2.593E-12
9.890E6,-1.950E-12,-2.042E-12,-2.477E-12,-2.593E-12
9.891E6,-1.950E-12,-2.042E-12,-2.477E-12,-2.594E-12
9.892E6,-1.950E-12,-2.043E-12,-2.477E-12,-2.594E-12
9.893E6,-1.950E-12,-2.043E-12,-2.478E-12,-2.594E-12
9.894E6,-1.950E-12,-2.043E-12,-2.478E-12,-2.594E-12
9.895E6,-1.951E-12,-2.043E-12,-2.478E-12,-2.595E-12
9.896E6,-1.951E-12,-2.043E-12,-2.478E-12,-2.595E-12
9.897E6,-1.951E-12,-2.044E-12,-2.479E-12,-2.595E-12
9.898E6,-1.951E-12,-2.044E-12,-2.479E-12,-2.595E-12
9.899E6,-1.951E-12,-2.044E-12,-2.479E-12,-2.596E-12
9.900E6,-1.952E-12,-2.044E-12,-2.479E-12,-2.596E-12
9.901E6,-1.952E-12,-2.044E-12,-2.480E-12,-2.596E-12
9.902E6,-1.952E-12,-2.045E-12,-2.480E-12,-2.596E-12
9.903E6,-1.952E-12,-2.045E-12,-2.480E-12,-2.597E-12
9.904E6,-1.952E-12,-2.045E-12,-2.480E-12,-2.597E-12
9.905E6,-1.953E-12,-2.045E-12,-2.481E-12,-2.597E-12
9.906E6,-1.953E-12,-2.046E-12,-2.481E-12,-2.598E-12
9.907E6,-1.953E-12,-2.046E-12,-2.481E-12,-2.598E-12
9.908E6,-1.953E-12,-2.046E-12,-2.481E-12,-2.598E-12
9.909E6,-1.953E-12,-2.046E-12,-2.482E-12,-2.598E-12
9.910E6,-1.954E-12,-2.046E-12,-2.482E-12,-2.599E-12
9.911E6,-1.954E-12,-2.047E-12,-2.482E-12,-2.599E-12
9.912E6,-1.954E-12,-2.047E-12,-2.482E-12,-2.599E-12
9.913E6,-1.954E-12,-2.047E-12,-2.483E-12,-2.599E-12
9.914E6,-1.954E-12,-2.047E-12,-2.483E-12,-2.600E-12
9.915E6,-1.955E-12,-2.047E-12,-2.483E-12,-2.600E-12
9.916E6,-1.955E-12,-2.048E-12,-2.483E-12,-2.600E-12
9.917E6,-1.955E-12,-2.048E-12,-2.484E-12,-2.600E-12
9.918E6,-1.955E-12,-2.048E-12,-2.484E-12,-2.601E-12
9.919E6,-1.955E-12,-2.048E-12,-2.484E-12,-2.601E-12
9.920E6,-1.956E-12,-2.048E-12,-2.484E-12,-2.601E-12
9.921E6,-1.956E-12,-2.049E-12,-2.485E-12,-2.601E-12
9.922E6,-1.956E-12,-2.049E-12,-2.485E-12,-2.602E-12
9.923E6,-1.956E-12,-2.049E-12,-2.485E-12,-2.602E-12
9.924E6,-1.956E-12,-2.049E-12,-2.485E-12,-2.602E-12
9.925E6,-1.957E-12,-2.049E-12,-2.486E-12,-2.603E-12
9.926E6,-1.957E-12,-2.050E-12,-2.486E-12,-2.603E-12
9.927E6,-1.957E-12,-2.050E-12,-2.486E-12,-2.603E-12
9.928E6,-1.957E-12,-2.050E-12,-2.486E-12,-2.603E-12
9.929E6,-1.957E-12,-2.050E-12,-2.487E-12,-2.604E-12
9.930E6,-1.958E-12,-2.050E-12,-2.487E-12,-2.604E-12
9.931E6,-1.958E-12,-2.051E-12,-2.487E-12,-2.604E-12
9.932E6,-1.958E-12,-2.051E-12,-2.487E-12,-2.604E-12
9.933E6,-1.958E-12,-2.051E-12,-2.488E-12,-2.605E-12
9.934E6,-1.958E-12,-2.051E-12,-2.488E-12,-2.605E-12
9.935E6,-1.959E-12,-2.051E-12,-2.488E-12,-2.605E-12
9.936E6,-1.959E-12,-2.052E-12,-2.488E-12,-2.605E-12
9.937E6,-1.959E-12,-2.052E-12,-2.489E-12,-2.606E-12
9.938E6,-1.959E-12,-2.052E-12,-2.489E-12,-2.606E-12
9.939E6,-1.959E-12,-2.052E-12,-2.489E-12,-2.606E-12
9.940E6,-1.960E-12,-2.053E-12,-2.489E-12,-2.606E-12
9.941E6,-1.960E-12,-2.053E-12,-2.490E-12,-2.607E-12
9.942E6,-1.960E-12,-2.053E-12,-2.490E-12,-2.607E-12
9.943E6,-1.960E-12,-2.053E-12,-2.490E-12,-2.607E-12
9.944E6,-1.960E-12,-2.053E-12,-2.490E-12,-2.608E-12
9.945E6,-1.961E-12,-2.054E-12,-2.491E-12,-2.608E-12
9.946E6,-1.961E-12,-2.054E-12,-2.491E-12,-2.608E-12
9.947E6,-1.961E-12,-2.054E-12,-2.491E-12,-2.608E-12
9.948E6,-1.961E-12,-2.054E-12,-2.491E-12,-2.609E-12
9.949E6,-1.961E-12,-2.054E-12,-2.492E-12,-2.609E-12
9.950E6,-1.962E-12,-2.055E-12,-2.492E-12,-2.609E-12
9.951E6,-1.962E-12,-2.055E-12,-2.492E-12,-2.609E-12
9.952E6,-1.962E-12,-2.055E-12,-2.492E-12,-2.610E-12
9.953E6,-1.962E-12,-2.055E-12,-2.493E-12,-2.610E-12
9.954E6,-1.962E-12,-2.055E-12,-2.493E-12,-2.610E-12
9.955E6,-1.963E-12,-2.056E-12,-2.493E-12,-2.610E-12
9.956E6,-1.963E-12,-2.056E-12,-2.493E-12,-2.611E-12
9.957E6,-1.963E-12,-2.056E-12,-2.494E-12,-2.611E-12
9.958E6,-1.963E-12,-2.056E-12,-2.494E-12,-2.611E-12
9.959E6,-1.963E-12,-2.056E-12,-2.494E-12,-2.611E-12
9.960E6,-1.963E-12,-2.057E-12,-2.494E-12,-2.612E-12
9.961E6,-1.964E-12,-2.057E-12,-2.495E-12,-2.612E-12
9.962E6,-1.964E-12,-2.057E-12,-2.495E-12,-2.612E-12
9.963E6,-1.964E-12,-2.057E-12,-2.495E-12,-2.612E-12
9.964E6,-1.964E-12,-2.057E-12,-2.495E-12,-2.613E-12
9.965E6,-1.964E-12,-2.058E-12,-2.496E-12,-2.613E-12
9.966E6,-1.965E-12,-2.058E-12,-2.496E-12,-2.613E-12
9.967E6,-1.965E-12,-2.058E-12,-2.496E-12,-2.614E-12
9.968E6,-1.965E-12,-2.058E-12,-2.496E-12,-2.614E-12
9.969E6,-1.965E-12,-2.059E-12,-2.497E-12,-2.614E-12
9.970E6,-1.965E-12,-2.059E-12,-2.497E-12,-2.614E-12
9.971E6,-1.966E-12,-2.059E-12,-2.497E-12,-2.615E-12
9.972E6,-1.966E-12,-2.059E-12,-2.497E-12,-2.615E-12
9.973E6,-1.966E-12,-2.059E-12,-2.498E-12,-2.615E-12
9.974E6,-1.966E-12,-2.060E-12,-2.498E-12,-2.615E-12
9.975E6,-1.966E-12,-2.060E-12,-2.498E-12,-2.616E-12
9.976E6,-1.967E-12,-2.060E-12,-2.498E-12,-2.616E-12
9.977E6,-1.967E-12,-2.060E-12,-2.499E-12,-2.616E-12
9.978E6,-1.967E-12,-2.060E-12,-2.499E-12,-2.616E-12
9.979E6,-1.967E-12,-2.061E-12,-2.499E-12,-2.617E-12
9.980E6,-1.967E-12,-2.061E-12,-2.499E-12,-2.617E-12
9.981E6,-1.968E-12,-2.061E-12,-2.500E-12,-2.617E-12
9.982E6,-1.968E-12,-2.061E-12,-2.500E-12,-2.617E-12
9.983E6,-1.968E-12,-2.061E-12,-2.500E-12,-2.618E-12
9.984E6,-1.968E-12,-2.062E-12,-2.500E-12,-2.618E-12
9.985E6,-1.968E-12,-2.062E-12,-2.501E-12,-2.618E-12
9.986E6,-1.969E-12,-2.062E-12,-2.501E-12,-2.619E-12
9.987E6,-1.969E-12,-2.062E-12,-2.501E-12,-2.619E-12
9.988E6,-1.969E-12,-2.062E-12,-2.501E-12,-2.619E-12
9.989E6,-1.969E-12,-2.063E-12,-2.502E-12,-2.619E-12
9.990E6,-1.969E-12,-2.063E-12,-2.502E-12,-2.620E-12
9.991E6,-1.970E-12,-2.063E-12,-2.502E-12,-2.620E-12
9.992E6,-1.970E-12,-2.063E-12,-2.502E-12,-2.620E-12
9.993E6,-1.970E-12,-2.063E-12,-2.503E-12,-2.620E-12
9.994E6,-1.970E-12,-2.064E-12,-2.503E-12,-2.621E-12
9.995E6,-1.970E-12,-2.064E-12,-2.503E-12,-2.621E-12
9.996E6,-1.971E-12,-2.064E-12,-2.503E-12,-2.621E-12
9.997E6,-1.971E-12,-2.064E-12,-2.504E-12,-2.621E-12
9.998E6,-1.971E-12,-2.064E-12,-2.504E-12,-2.622E-12
9.999E6,-1.971E-12,-2.065E-12,-2.504E-12,-2.622E-12
10.00E6,-1.971E-12,-2.065E-12,-2.504E-12,-2.622E-12
